,cluster,team,season,count,player_count_active,player_count_inactive,player_count_prop_active,player_count_prop_inactive,cap_hit_prop_active,cap_hit_prop_inactive,cap_hit_per_player_prop_active,cap_hit_per_player_prop_inactive,ratio_player_count_prop,ratio_cap_hit_prop,ratio_cap_hit_per_player_prop,pct,div_win_pct,conf_win_pct,w,l,pf,pa,net_pts
0,-1,buffalo-bills,2011,1,50.0,39.0,0.5617977528089888,0.4382022471910112,0.6488308704125249,0.3511691295874752,1.1549189493342942,0.8013859623919305,1.2820483563511869,1.847625454860629,1.4411501603259966,0.375,0.167,0.333,6.0,10.0,372.0,434.0,-62.0
1,-1,carolina-panthers,2024,1,52.0,164.0,0.2407407407407407,0.7592592592592593,0.5648873008392838,0.4351126991607162,2.3464549419477945,0.573075262309236,0.317072753123691,1.298252162432224,4.094489854618391,0.294,0.333,0.333,5.0,12.0,341.0,534.0,-193.0
2,-1,chicago-bears,2012,1,58.0,31.0,0.651685393258427,0.348314606741573,0.8600453995280403,0.1399546004719597,1.3197248372068204,0.401805143290465,1.870962370462872,6.1451302886614485,3.2844814825362025,0.625,0.5,0.583,10.0,6.0,375.0,277.0,98.0
3,-1,chicago-bears,2022,1,53.0,105.0,0.3354430379746835,0.6645569620253164,0.3847981287259814,0.6152018712740185,1.1471340441265108,0.9257323396313802,0.5047611452165625,0.6254816853001778,1.2391625050290298,0.176,0.0,0.083,3.0,14.0,326.0,463.0,-137.0
4,-1,dallas-cowboys,2024,1,53.0,98.0,0.3509933774834437,0.6490066225165563,0.4055521960637089,0.594447803936291,1.1554411623701897,0.9159348815753056,0.5408154932332706,0.6822323358685288,1.261486950792846,0.412,0.5,0.417,7.0,10.0,350.0,468.0,-118.0
5,-1,denver-broncos,2012,1,56.0,37.0,0.6021505376344086,0.3978494623655914,0.8711530119411854,0.1288469880588145,1.4467362519737546,0.3238586456613446,1.5135097092864067,6.761091306629757,4.4671704899182965,0.813,1.0,0.833,13.0,3.0,481.0,289.0,192.0
6,-1,detroit-lions,2011,1,61.0,7.0,0.8970588235294118,0.1029411764705882,0.98662078586477,0.01337921413523,1.0998395645705632,0.1299695087422349,8.714201062046827,73.73729417879795,8.46222404770169,0.625,0.5,0.5,10.0,6.0,474.0,387.0,87.0
7,-1,detroit-lions,2021,1,56.0,112.0,0.3333333333333333,0.6666666666666666,0.3892308988624162,0.6107691011375839,1.1676926965872485,0.916153651706376,0.499999250001125,0.6372789010749839,1.2745584977518507,0.206,0.333,0.25,3.0,13.0,325.0,467.0,-142.0
8,-1,indianapolis-colts,2012,1,54.0,41.0,0.5684210526315789,0.431578947368421,0.6208173519856401,0.3791826480143599,1.092178674789552,0.8785939405210778,1.3170701189838707,1.6372471630478365,1.2430969317235103,0.688,0.667,0.667,11.0,5.0,357.0,387.0,-30.0
9,-1,kansas-city-chiefs,2011,1,51.0,7.0,0.8793103448275862,0.1206896551724138,0.9856074026603838,0.0143925973396161,1.120886850084358,0.1192529493853908,7.285653918867529,68.47540468202853,9.399159154570288,0.438,0.5,0.333,7.0,9.0,212.0,338.0,-126.0
10,-1,las-vegas-raiders,2012,1,60.0,27.0,0.6896551724137931,0.3103448275862069,0.6997890671324719,0.300210932867528,1.0146941473420843,0.9673463392398128,2.222215061751468,2.3309835170384847,1.0489449923328251,0.25,0.333,0.333,4.0,12.0,290.0,443.0,-153.0
11,-1,las-vegas-raiders,2013,1,54.0,62.0,0.4655172413793103,0.5344827586206896,0.4662032959882176,0.5337967040117825,1.0014737469376525,0.9987164139575284,0.8709661123859833,0.8733707404217818,1.0027598727543978,0.25,0.167,0.333,4.0,12.0,322.0,453.0,-131.0
12,-1,los-angeles-rams,2013,1,53.0,43.0,0.5520833333333334,0.4479166666666667,0.5607755144313712,0.4392244855686288,1.0157443280266345,0.9805942003392644,1.2325553877833204,1.2767371950317994,1.0358446866507294,0.438,0.167,0.333,7.0,9.0,348.0,364.0,-16.0
13,-1,miami-dolphins,2011,1,62.0,30.0,0.6739130434782609,0.3260869565217391,0.8579931482306912,0.1420068517693088,1.2731511231810255,0.4354876787592137,2.0666603289083247,6.041871189098033,2.923499933014251,0.375,0.5,0.417,6.0,10.0,329.0,313.0,16.0
14,-1,miami-dolphins,2019,1,54.0,95.0,0.3624161073825503,0.6375838926174496,0.3463408981971826,0.6536591018028174,0.9556443302107446,1.0252126965117871,0.5684201611094315,0.529848612821805,0.9321415949301624,0.313,0.333,0.333,5.0,11.0,306.0,494.0,-188.0
15,-1,minnesota-vikings,2012,1,56.0,35.0,0.6153846153846154,0.3846153846153846,0.8707764533959925,0.1292235466040074,1.415011736768488,0.3359812211704194,1.599995840010816,6.73847559368406,4.2115673021006526,0.625,0.667,0.583,10.0,6.0,379.0,348.0,31.0
16,-1,new-england-patriots,2011,1,64.0,40.0,0.6153846153846154,0.3846153846153846,0.9337372120933956,0.0662627879066043,1.517322969651768,0.1722832485571713,1.599995840010816,14.091213943420405,8.807090505132598,0.813,0.833,0.833,13.0,3.0,513.0,342.0,171.0
17,-1,new-york-giants,2012,1,55.0,29.0,0.6547619047619048,0.3452380952380952,0.919144078246066,0.0808559217539339,1.403783683139446,0.2342033595631189,1.896546230693677,11.36753735250065,5.993840959058328,0.563,0.5,0.667,9.0,7.0,429.0,344.0,85.0
18,-1,new-york-jets,2011,1,70.0,9.0,0.8860759493670886,0.1139240506329113,0.9217188221009528,0.0782811778990472,1.0402255277996466,0.6871347837805257,7.777709506772107,11.774312453207449,1.5138573079056807,0.5,0.5,0.5,8.0,8.0,377.0,363.0,14.0
19,-1,san-francisco-49ers,2012,1,57.0,43.0,0.57,0.43,0.942940663732622,0.0570593362673779,1.6542818661975829,0.1326961308543673,1.3255783126085754,16.525326091912852,12.466598603500527,0.719,0.583,0.625,11.0,4.0,397.0,273.0,124.0
20,-1,seattle-seahawks,2011,1,64.0,24.0,0.7272727272727273,0.2727272727272727,0.8090227191338897,0.1909772808661103,1.1124062388090985,0.7002500298424046,2.666656888924741,4.236202752820219,1.5885820818563472,0.438,0.5,0.5,7.0,9.0,321.0,315.0,6.0
21,-1,seattle-seahawks,2012,1,56.0,24.0,0.7,0.3,0.7339553860717932,0.2660446139282068,1.048507694388276,0.8868153797606894,2.3333255555814816,2.7587577003613126,1.1823278395818757,0.688,0.5,0.667,11.0,5.0,412.0,245.0,167.0
22,-1,tampa-bay-buccaneers,2012,1,58.0,31.0,0.651685393258427,0.348314606741573,0.6908383706406572,0.3091616293593428,1.0600795687416982,0.8875930649348874,1.870962370462872,2.2345468211091224,1.1943292667459011,0.438,0.5,0.333,7.0,9.0,389.0,394.0,-5.0
23,-1,tennessee-titans,2022,1,51.0,130.0,0.281767955801105,0.7182320441988951,0.376289566968004,0.6237104330319959,1.3354590513962497,0.8683968336830098,0.392307146095435,0.603307149812501,1.5378424491599212,0.412,0.5,0.417,7.0,10.0,298.0,359.0,-61.0
24,-1,washington-commanders,2011,1,66.0,27.0,0.7096774193548387,0.2903225806451613,0.8074815316414361,0.1925184683585638,1.137814885494751,0.663119168790609,2.44443602472036,4.194285069069052,1.7158502169672878,0.313,0.333,0.417,5.0,11.0,288.0,367.0,-79.0
25,-1,washington-commanders,2019,1,53.0,85.0,0.3840579710144927,0.6159420289855072,0.4350841868068411,0.564915813193159,1.1328607128178128,0.91715743789007,0.6235283994480103,0.7701739028575789,1.235185400925894,0.188,0.0,0.167,3.0,13.0,266.0,435.0,-169.0
26,0,arizona-cardinals,2011,1,58.0,23.0,0.7160493827160493,0.2839506172839506,0.9371868394023,0.0628131605977002,1.3088298964066605,0.221211565583205,2.5217302495586864,14.919993047501023,5.916616413520903,0.5,0.667,0.583,8.0,8.0,312.0,348.0,-36.0
27,0,atlanta-falcons,2011,1,53.0,18.0,0.7464788732394366,0.2535211267605634,0.9259617263674468,0.0740382736325532,1.240439293812995,0.2920398571061823,2.944432830292725,12.506358867901213,4.247485458385664,0.625,0.5,0.583,10.0,6.0,402.0,350.0,52.0
28,0,baltimore-ravens,2011,1,53.0,23.0,0.6973684210526315,0.3026315789473684,0.8882865549251246,0.1117134450748753,1.2737693995152732,0.3691400793778488,2.3043402117453877,7.951402831833976,3.4506303163605825,0.75,1.0,0.75,12.0,4.0,378.0,266.0,112.0
29,0,carolina-panthers,2011,1,65.0,17.0,0.7926829268292683,0.2073170731707317,0.958689899615114,0.0413101003848861,1.2094241810529127,0.1992604842094508,3.823510968947091,23.20659315978557,6.069533135573978,0.375,0.333,0.25,6.0,10.0,406.0,429.0,-23.0
30,0,chicago-bears,2011,1,58.0,13.0,0.8169014084507042,0.1830985915492957,0.9348530837212514,0.0651469162787485,1.1443891197277387,0.3558023889070115,4.461514094807636,14.349700452755735,3.216352500866209,0.5,0.5,0.583,8.0,8.0,353.0,341.0,12.0
31,0,cincinnati-bengals,2011,1,56.0,25.0,0.691358024691358,0.3086419753086419,0.9246336167948862,0.0753663832051137,1.3374164814354603,0.2441870815845685,2.239992742423514,12.268352402238492,5.476993278119019,0.563,0.333,0.5,9.0,7.0,344.0,323.0,21.0
32,0,cleveland-browns,2011,1,47.0,14.0,0.7704918032786885,0.2295081967213114,0.9236919045850752,0.0763080954149248,1.1988341740359487,0.3324852728793155,3.3571282296555705,12.104610853563011,3.605665171238804,0.25,0.0,0.25,4.0,12.0,218.0,307.0,-89.0
33,0,dallas-cowboys,2011,1,56.0,20.0,0.7368421052631579,0.2631578947368421,0.8682961482813737,0.1317038517186263,1.1784019155247214,0.50047463653078,2.799989360040432,6.592742309420749,2.354563997746668,0.5,0.333,0.5,8.0,8.0,369.0,347.0,22.0
34,0,denver-broncos,2011,1,58.0,19.0,0.7532467532467533,0.2467532467532467,0.8805424902979434,0.1194575097020565,1.1689960647058903,0.484117276160966,3.0526192078063685,7.371115649225149,2.414691041982491,0.5,0.5,0.5,8.0,8.0,309.0,390.0,-81.0
35,0,green-bay-packers,2011,1,59.0,16.0,0.7866666666666666,0.2133333333333333,0.971603395619928,0.0283966043800721,1.2350890622287218,0.133109083031588,3.687482714924773,34.21427323995491,9.27870401775368,0.938,1.0,1.0,15.0,1.0,560.0,359.0,201.0
36,0,houston-texans,2011,1,56.0,18.0,0.7567567567567568,0.2432432432432432,0.9301468747842218,0.0698531252157782,1.2291226559648645,0.2871739592204217,3.111098321040236,13.315561134163708,4.280048160541216,0.625,0.667,0.667,10.0,6.0,381.0,278.0,103.0
37,0,indianapolis-colts,2011,1,59.0,16.0,0.7866666666666666,0.2133333333333333,0.9469591969828824,0.0530408030171176,1.203761691079935,0.2486287641427391,3.687482714924773,17.853073295364393,4.841583207989738,0.125,0.333,0.167,2.0,14.0,243.0,430.0,-187.0
38,0,jacksonville-jaguars,2011,1,67.0,16.0,0.8072289156626506,0.1927710843373494,0.9251377088070424,0.0748622911929576,1.146066116880366,0.388348135563468,4.187478277456436,12.357694860389325,2.951123131039039,0.313,0.5,0.333,5.0,11.0,243.0,329.0,-86.0
39,0,las-vegas-raiders,2011,1,52.0,10.0,0.8387096774193549,0.1612903225806451,0.9578965212973454,0.0421034787026546,1.142107390777604,0.2610415679564586,5.199967760199887,22.75046624047031,4.375176813952065,0.5,0.5,0.5,8.0,8.0,359.0,433.0,-74.0
40,0,los-angeles-chargers,2011,1,59.0,24.0,0.7108433734939759,0.2891566265060241,0.9054144480039787,0.0945855519960212,1.2737186302428851,0.3271083673195734,2.458324831626624,9.572338021604432,3.89386167898552,0.5,0.5,0.583,8.0,8.0,406.0,377.0,29.0
41,0,los-angeles-rams,2011,1,58.0,18.0,0.7631578947368421,0.2368421052631578,0.9705415368232664,0.0294584631767336,1.271744082733935,0.1243801778573199,3.2222086173413937,32.94498379012471,10.224570185311942,0.125,0.0,0.083,2.0,14.0,193.0,407.0,-214.0
42,0,minnesota-vikings,2011,1,57.0,19.0,0.75,0.25,0.898897605777042,0.101102394222958,1.198530141036056,0.404409576891832,2.999988000048,8.890874660397161,2.963646871571877,0.188,0.0,0.25,3.0,13.0,340.0,449.0,-109.0
43,0,new-orleans-saints,2011,1,46.0,9.0,0.8363636363636363,0.1636363636363636,0.9245982873743184,0.0754017126256814,1.1054979522953807,0.460788243823609,5.111079876734086,12.262135607299207,2.3991400995431382,0.813,0.833,0.75,13.0,3.0,547.0,339.0,208.0
44,0,new-orleans-saints,2012,1,56.0,21.0,0.7272727272727273,0.2727272727272727,0.8239127296222316,0.1760872703777684,1.1328800032305684,0.6456533247184842,2.666656888924741,4.678975651556247,1.754623116207767,0.438,0.5,0.417,7.0,9.0,461.0,454.0,7.0
45,0,new-york-giants,2011,1,66.0,11.0,0.8571428571428571,0.1428571428571428,0.9638325135241584,0.0361674864758415,1.1244712657781848,0.2531724053308907,5.999958000293998,26.64840604176077,4.441506264485133,0.563,0.5,0.417,9.0,7.0,394.0,400.0,-6.0
46,0,philadelphia-eagles,2011,1,63.0,23.0,0.7325581395348837,0.2674418604651162,0.9429332684361476,0.0570667315638522,1.287178747389027,0.2133799528039694,2.739120192854932,16.52305501894907,6.032303870025096,0.5,0.833,0.5,8.0,8.0,396.0,328.0,68.0
47,0,pittsburgh-steelers,2011,1,69.0,23.0,0.75,0.25,0.9028746962184844,0.0971253037815155,1.2038329282913125,0.3885012151260621,2.999988000048,9.295882382691,3.098651388385752,0.75,0.667,0.75,12.0,4.0,325.0,227.0,98.0
48,0,san-francisco-49ers,2011,1,65.0,21.0,0.7558139534883721,0.2441860465116279,0.945360305213452,0.054639694786548,1.2507844038208749,0.2237625596020539,3.095225419553044,17.301396128040984,5.5897591459721925,0.813,0.833,0.833,13.0,3.0,380.0,229.0,151.0
49,0,tampa-bay-buccaneers,2011,1,54.0,13.0,0.8059701492537313,0.1940298507462686,0.9341173780571398,0.0658826219428602,1.1589974875894142,0.3395488977055103,4.153824745672464,14.17829424841404,3.413334815946864,0.25,0.333,0.25,4.0,12.0,287.0,494.0,-207.0
50,0,tennessee-titans,2011,1,59.0,9.0,0.8676470588235294,0.1323529411764706,0.9690521984832212,0.0309478015167789,1.1168737202857462,0.2338278336823297,6.555506025065588,31.311461219519217,4.776458500422087,0.563,0.5,0.583,9.0,7.0,325.0,317.0,8.0
51,1,arizona-cardinals,2012,1,53.0,30.0,0.6385542168674698,0.3614457831325301,0.7535743962476174,0.2464256037523826,1.1801259412934386,0.6817775037149252,1.7666617789024115,3.058007474732044,1.730952112545469,0.313,0.167,0.25,5.0,11.0,250.0,357.0,-107.0
52,1,arizona-cardinals,2013,1,52.0,53.0,0.4952380952380952,0.5047619047619047,0.7694502726430741,0.2305497273569259,1.5536976659138997,0.4567494598580609,0.981130131723324,3.3374445679013345,3.4016335011391656,0.625,0.333,0.5,10.0,6.0,379.0,324.0,55.0
53,1,arizona-cardinals,2014,1,54.0,86.0,0.3857142857142857,0.6142857142857143,0.7003629654201645,0.2996370345798355,1.8157558362745003,0.4877812190834531,0.6279059545717018,2.337363367111394,3.722472376476373,0.688,0.5,0.667,11.0,5.0,310.0,299.0,11.0
54,1,arizona-cardinals,2015,1,52.0,77.0,0.4031007751937984,0.5968992248062015,0.8340337784836407,0.1659662215163592,2.069045335084416,0.2780473061767577,0.6753235439384784,5.025292168317891,7.441316091920754,0.813,0.667,0.833,13.0,3.0,489.0,313.0,176.0
55,1,arizona-cardinals,2016,1,53.0,87.0,0.3785714285714285,0.6214285714285714,0.7140589608225523,0.2859410391774477,1.8861934814180623,0.4601350055729043,0.6091944219859875,2.4972157395136545,4.0992086221759765,0.469,0.75,0.542,7.0,8.0,418.0,362.0,56.0
56,1,arizona-cardinals,2017,1,53.0,82.0,0.3925925925925926,0.6074074074074074,0.6169118901237418,0.3830881098762582,1.5713793427680216,0.6306938394304251,0.6463403993176353,1.610361334267661,2.4915049950101387,0.5,0.5,0.417,8.0,8.0,295.0,361.0,-66.0
57,1,arizona-cardinals,2018,1,53.0,94.0,0.3605442176870748,0.6394557823129252,0.6241286235554809,0.375871376444519,1.7310737294840697,0.587798854652599,0.5638289055016051,1.660480159407527,2.945005371781127,0.188,0.333,0.25,3.0,13.0,225.0,425.0,-200.0
58,1,arizona-cardinals,2019,1,53.0,90.0,0.3706293706293706,0.6293706293706294,0.616333361068302,0.3836666389316979,1.6629371817503242,0.6096036596359201,0.5888879532113632,1.6064251933899076,2.7278944730237065,0.344,0.167,0.292,5.0,10.0,361.0,442.0,-81.0
59,1,arizona-cardinals,2020,1,53.0,106.0,0.3333333333333333,0.6666666666666666,0.6945136885399334,0.3054863114600665,2.0835410656198,0.4582294671900999,0.499999250001125,2.273461654497296,4.546928270388075,0.5,0.333,0.5,8.0,8.0,410.0,367.0,43.0
60,1,arizona-cardinals,2021,1,56.0,101.0,0.3566878980891719,0.643312101910828,0.8056200196073173,0.1943799803926826,2.2586132692562293,0.3021550190262492,0.5544545836696075,4.1445413948413465,7.4749901608281935,0.647,0.667,0.583,11.0,6.0,449.0,366.0,83.0
61,1,arizona-cardinals,2022,1,52.0,129.0,0.287292817679558,0.712707182320442,0.4792064777585684,0.5207935222414316,1.6680071629673243,0.7307257947728614,0.4031002096035818,0.9201450040144936,2.282668673024104,0.235,0.167,0.25,4.0,13.0,340.0,449.0,-109.0
62,1,arizona-cardinals,2023,1,53.0,130.0,0.2896174863387978,0.7103825136612022,0.4920273890728904,0.5079726109271095,1.6988870226479047,0.7150691369204696,0.4076917337877901,0.9686081687883048,2.3758327119691414,0.235,0.0,0.25,4.0,13.0,330.0,455.0,-125.0
63,1,arizona-cardinals,2024,1,53.0,108.0,0.3291925465838509,0.6708074534161491,0.6406621030531325,0.3593378969468675,1.9461622375764969,0.5356796426707933,0.4907400091746159,1.7828910493590735,3.633064334513439,0.471,0.5,0.333,8.0,9.0,400.0,379.0,21.0
64,1,atlanta-falcons,2012,1,53.0,40.0,0.5698924731182796,0.4301075268817204,0.808455052821718,0.1915449471782819,1.4186098096682975,0.4453420021895055,1.324996919382163,4.220684722027797,3.185431909098778,0.813,0.5,0.75,13.0,3.0,419.0,299.0,120.0
65,1,atlanta-falcons,2013,1,53.0,63.0,0.4568965517241379,0.5431034482758621,0.7345959195830108,0.2654040804169891,1.6077948428609297,0.4886805290217577,0.8412682922679062,2.767829155451193,3.2900667354450905,0.25,0.167,0.25,4.0,12.0,353.0,443.0,-90.0
66,1,atlanta-falcons,2014,1,54.0,73.0,0.4251968503937008,0.5748031496062992,0.7785353368945578,0.2214646631054422,1.8309997738075712,0.3852878385533035,0.7397247404788762,3.515377173949935,4.75227826656665,0.375,0.833,0.5,6.0,10.0,381.0,417.0,-36.0
67,1,atlanta-falcons,2015,1,53.0,92.0,0.3655172413793103,0.6344827586206897,0.7319691302005823,0.2680308697994176,2.002557054322348,0.4224399578360387,0.5760860485600321,2.7309033464876897,4.740442462256695,0.5,0.167,0.417,8.0,8.0,339.0,345.0,-6.0
68,1,atlanta-falcons,2016,1,52.0,90.0,0.3661971830985915,0.6338028169014085,0.7321181439170201,0.2678818560829798,1.999245700696478,0.4226580395975904,0.5777768661742778,2.732978715480912,4.730161935256231,0.688,0.833,0.75,11.0,5.0,540.0,406.0,134.0
69,1,atlanta-falcons,2017,1,53.0,51.0,0.5096153846153846,0.4903846153846153,0.8862396296706297,0.1137603703293702,1.7390362544480282,0.2319819316520491,1.0392135670939024,7.790338909462184,7.496397437792563,0.625,0.667,0.75,10.0,6.0,353.0,315.0,38.0
70,1,atlanta-falcons,2018,1,53.0,57.0,0.4818181818181818,0.5181818181818182,0.813902105110029,0.186097894889971,1.689230784190626,0.3591362883841545,0.9298227670086952,4.373492414295313,4.703579491260525,0.438,0.667,0.583,7.0,9.0,414.0,423.0,-9.0
71,1,atlanta-falcons,2019,1,52.0,89.0,0.3687943262411347,0.6312056737588653,0.7182647922595655,0.2817352077404345,1.9476026097807453,0.4463445426000141,0.5842687372821128,2.549423086298187,4.363441378703451,0.438,0.667,0.5,7.0,9.0,381.0,399.0,-18.0
72,1,atlanta-falcons,2020,1,54.0,83.0,0.3941605839416058,0.6058394160583942,0.833568684711677,0.166431315288323,2.114794626027773,0.2747119300542199,0.6506013357544217,5.008454537615632,7.698198354225182,0.25,0.167,0.167,4.0,12.0,396.0,414.0,-18.0
73,1,atlanta-falcons,2021,1,55.0,92.0,0.3741496598639456,0.6258503401360545,0.7606287869079055,0.2393712130920945,2.03295330319022,0.3824735687449771,0.5978251317359308,3.177598506871247,5.315263992220445,0.412,0.333,0.333,7.0,10.0,313.0,459.0,-146.0
74,1,atlanta-falcons,2022,1,53.0,112.0,0.3212121212121212,0.6787878787878788,0.4684763200525099,0.5315236799474902,1.458464015257814,0.7830482784940703,0.4732135885692668,0.8813820650788804,1.862544357441558,0.412,0.333,0.5,7.0,10.0,365.0,386.0,-21.0
75,1,atlanta-falcons,2023,1,54.0,99.0,0.3529411764705882,0.6470588235294118,0.7361475593069925,0.2638524406930075,2.085751418036479,0.4077719537982843,0.5454537024806416,2.789986582602489,5.114982243447787,0.412,0.5,0.333,7.0,10.0,321.0,373.0,-52.0
76,1,atlanta-falcons,2024,1,53.0,94.0,0.3605442176870748,0.6394557823129252,0.8684608917214311,0.1315391082785689,2.4087500204349124,0.2057047757122301,0.5638289055016051,6.602251610453666,11.709685895278932,0.471,0.667,0.583,8.0,9.0,389.0,423.0,-34.0
77,1,baltimore-ravens,2012,1,56.0,47.0,0.5436893203883495,0.4563106796116505,0.7798366480993113,0.2201633519006886,1.434342406325519,0.4824856435270411,1.1914867505715891,3.542065921966689,2.9728126686373875,0.625,0.667,0.667,10.0,6.0,398.0,344.0,54.0
78,1,baltimore-ravens,2013,1,53.0,57.0,0.4818181818181818,0.5181818181818182,0.8377455368135689,0.1622544631864311,1.7387171518772184,0.3131226482545161,0.9298227670086952,5.163126839377984,5.552813278618733,0.5,0.5,0.5,8.0,8.0,320.0,352.0,-32.0
79,1,baltimore-ravens,2014,1,52.0,93.0,0.3586206896551724,0.6413793103448275,0.7699403350443843,0.2300596649556156,2.1469490111814564,0.3586951765437018,0.5591389131705118,3.346683950482907,5.985424856960756,0.625,0.5,0.5,10.0,6.0,409.0,302.0,107.0
80,1,baltimore-ravens,2015,1,52.0,117.0,0.3076923076923077,0.6923076923076923,0.4639739748139477,0.5360260251860522,1.5079154181453305,0.774259814157631,0.4444438024700631,0.8655794447171852,1.9475548685566504,0.313,0.5,0.333,5.0,11.0,328.0,401.0,-73.0
81,1,baltimore-ravens,2016,1,53.0,81.0,0.3955223880597014,0.6044776119402985,0.7674019372209793,0.2325980627790207,1.9402237658039851,0.3847918569430713,0.6543199051991692,3.2992477615872624,5.042255153117447,0.5,0.667,0.583,8.0,8.0,343.0,321.0,22.0
82,1,baltimore-ravens,2017,1,53.0,76.0,0.4108527131782946,0.5891472868217055,0.7063327228232735,0.2936672771767264,1.7191871932868357,0.4984615625762857,0.6973672373635049,2.4052060699706086,3.448979567093823,0.563,0.5,0.583,9.0,7.0,395.0,303.0,92.0
83,1,baltimore-ravens,2018,1,53.0,62.0,0.4608695652173913,0.5391304347826087,0.8805458729269169,0.1194541270730831,1.9106184035206688,0.22156813892588,0.8548371240924311,7.371352695378199,8.623125101189359,0.625,0.5,0.667,10.0,6.0,389.0,287.0,102.0
84,1,baltimore-ravens,2019,1,53.0,76.0,0.4108527131782946,0.5891472868217055,0.7342149002712629,0.265785099728737,1.7870513610376022,0.4511352350658826,0.6973672373635049,2.7624277605962364,3.961223289405309,0.875,0.833,0.833,14.0,2.0,531.0,282.0,249.0
85,1,baltimore-ravens,2020,1,53.0,110.0,0.3251533742331288,0.6748466257668712,0.7105121390474107,0.2894878609525892,2.185159974806188,0.4289683757752004,0.4818174678522976,2.4543678009212737,5.093976629117953,0.688,0.667,0.583,11.0,5.0,468.0,303.0,165.0
86,1,baltimore-ravens,2021,1,56.0,109.0,0.3393939393939394,0.6606060606060606,0.6193156636352242,0.3806843363647759,1.824769366068071,0.5762652798182388,0.5137606901787717,1.6268440217560436,3.1665385082806248,0.471,0.167,0.417,8.0,9.0,387.0,392.0,-5.0
87,1,baltimore-ravens,2022,1,53.0,107.0,0.33125,0.66875,0.7828145849876393,0.2171854150123606,2.363213841472119,0.3247632374016607,0.4953263621288042,3.604344152662989,7.276705897113149,0.588,0.5,0.5,10.0,7.0,350.0,315.0,35.0
88,1,baltimore-ravens,2023,1,53.0,101.0,0.3441558441558441,0.6558441558441559,0.7890928238653818,0.2109071761346181,2.2928357523635623,0.3215812388587246,0.5247516751311091,3.741404616584048,7.129858167853716,0.765,0.5,0.667,13.0,4.0,483.0,280.0,203.0
89,1,baltimore-ravens,2024,1,54.0,100.0,0.3506493506493506,0.6493506493506493,0.8712149909629828,0.1287850090370172,2.4845760853388765,0.1983289139170065,0.5399991684012807,6.76482637731687,12.527490363246852,0.706,0.667,0.667,12.0,5.0,518.0,361.0,157.0
90,1,buffalo-bills,2012,1,54.0,62.0,0.4655172413793103,0.5344827586206896,0.6002473866200598,0.3997526133799401,1.2894203119986472,0.7479242443882752,0.8709661123859833,1.501543367037844,1.723996243840196,0.375,0.333,0.417,6.0,10.0,344.0,435.0,-91.0
91,1,buffalo-bills,2013,1,55.0,69.0,0.4435483870967742,0.5564516129032258,0.8102898986709257,0.1897101013290743,1.8268354079126323,0.3409282980406553,0.7971000168057669,4.271178086017174,5.358399581413462,0.375,0.5,0.417,6.0,10.0,339.0,388.0,-49.0
92,1,buffalo-bills,2014,1,53.0,69.0,0.4344262295081967,0.5655737704918032,0.7466805638248522,0.2533194361751478,1.7187741280496598,0.4478981335270729,0.7681145839133444,2.9475733387281524,3.837413380362724,0.563,0.667,0.417,9.0,7.0,343.0,289.0,54.0
93,1,buffalo-bills,2015,1,53.0,98.0,0.3509933774834437,0.6490066225165563,0.6632058371904122,0.3367941628095878,1.8895109701085329,0.518937944737222,0.5408154932332706,1.9691667530432009,3.64110458324791,0.5,0.667,0.583,8.0,8.0,379.0,359.0,20.0
94,1,buffalo-bills,2016,1,53.0,104.0,0.3375796178343949,0.6624203821656051,0.7384617836611276,0.2615382163388724,2.187518868581076,0.3948221150500285,0.5096146152933211,2.82352220060304,5.540503544996074,0.438,0.167,0.333,7.0,9.0,399.0,378.0,21.0
95,1,buffalo-bills,2017,1,52.0,85.0,0.3795620437956204,0.6204379562043796,0.6790221516696964,0.3209778483303037,1.7889622072836229,0.5173407673088424,0.6117637198631809,2.115473200810253,3.4579891289072147,0.563,0.5,0.583,9.0,7.0,302.0,359.0,-57.0
96,1,buffalo-bills,2018,1,53.0,79.0,0.4015151515151515,0.5984848484848485,0.5791222768077716,0.4208777231922283,1.4423422743136955,0.7032387273591664,0.6708849549770372,1.3759837333075842,2.05099657798065,0.375,0.333,0.333,6.0,10.0,269.0,374.0,-105.0
97,1,buffalo-bills,2019,1,53.0,63.0,0.4568965517241379,0.5431034482758621,0.8742339198823887,0.1257660801176112,1.9134176359690016,0.2315692903752843,0.8412682922679062,6.95121425308473,8.262794129886458,0.625,0.5,0.583,10.0,6.0,314.0,259.0,55.0
98,1,buffalo-bills,2020,1,52.0,91.0,0.3636363636363636,0.6363636363636364,0.917228199147817,0.082771800852183,2.522377547656496,0.1300699727677162,0.5714276734707988,11.08127536708365,19.39231708646491,0.813,1.0,0.833,13.0,3.0,501.0,375.0,126.0
99,1,buffalo-bills,2021,1,55.0,99.0,0.3571428571428571,0.6428571428571429,0.8744402475116931,0.1255597524883068,2.4484326930327405,0.1953151705373662,0.555554691359369,6.96428008101598,12.535739802272682,0.647,0.833,0.583,11.0,6.0,483.0,289.0,194.0
100,1,buffalo-bills,2022,1,53.0,95.0,0.3581081081081081,0.6418918918918919,0.7898934479440999,0.2101065520559001,2.205740194258996,0.3273238916239286,0.5578938677021851,3.759471947652529,6.73868761802944,0.813,0.667,0.818,13.0,3.0,455.0,286.0,169.0
101,1,buffalo-bills,2023,1,53.0,88.0,0.375886524822695,0.624113475177305,0.7960900031979009,0.203909996802099,2.117899819828378,0.3267194266942723,0.6022717622691082,3.904105299286664,6.482299993474839,0.647,0.667,0.583,11.0,6.0,451.0,311.0,140.0
102,1,buffalo-bills,2024,1,53.0,112.0,0.3212121212121212,0.6787878787878788,0.6838374935458847,0.3161625064541152,2.128928045944736,0.4657751211154375,0.4732135885692668,2.1629235493221928,4.570711012076774,0.765,0.833,0.75,13.0,4.0,525.0,368.0,157.0
103,1,carolina-panthers,2012,1,53.0,41.0,0.5638297872340425,0.4361702127659574,0.708177393512977,0.2918226064870229,1.2560127356645254,0.6690567075556136,1.292679963123987,2.4267310038349104,1.877286101752475,0.438,0.5,0.417,7.0,9.0,357.0,363.0,-6.0
104,1,carolina-panthers,2013,1,53.0,65.0,0.4491525423728814,0.5508474576271186,0.655376268036181,0.344623731963819,1.4591396156277237,0.6256246211035484,0.8153831351506162,1.9017099100855788,2.3322887784773423,0.75,0.833,0.75,12.0,4.0,366.0,241.0,125.0
105,1,carolina-panthers,2014,1,53.0,77.0,0.4076923076923077,0.5923076923076923,0.6598221043279925,0.3401778956720075,1.6184315766535664,0.5743263173683244,0.6883105262289816,1.9396326836341355,2.817960294957801,0.469,0.667,0.5,7.0,8.0,339.0,374.0,-35.0
106,1,carolina-panthers,2015,1,53.0,75.0,0.4140625,0.5859375,0.8331880573224428,0.1668119426775571,2.012227761080617,0.2846923821696975,0.7066654606242805,4.994744675974949,7.068052463127458,0.938,0.833,0.917,15.0,1.0,500.0,308.0,192.0
107,1,carolina-panthers,2016,1,53.0,80.0,0.3984962406015037,0.6015037593984962,0.7110406092282013,0.2889593907717987,1.784309453346241,0.4803949871581153,0.6624988985955811,2.46068538088922,3.714247206563284,0.375,0.167,0.417,6.0,10.0,369.0,402.0,-33.0
108,1,carolina-panthers,2017,1,51.0,70.0,0.4214876033057851,0.5785123966942148,0.8228235665374972,0.1771764334625028,1.952189246098768,0.3062621206994692,0.7285701691858504,4.644065276584089,6.374222406015442,0.688,0.5,0.583,11.0,5.0,363.0,327.0,36.0
109,1,carolina-panthers,2018,1,53.0,64.0,0.452991452991453,0.5470085470085471,0.7487750104479256,0.2512249895520744,1.6529561551397602,0.4592706840248861,0.8281234860867519,2.980483873435868,3.599081355623469,0.438,0.333,0.417,7.0,9.0,376.0,382.0,-6.0
110,1,carolina-panthers,2019,1,53.0,72.0,0.424,0.576,0.6390034126784552,0.3609965873215448,1.5070835204680548,0.6267301863221263,0.7361098331426508,1.7701043860697254,2.404672933721614,0.313,0.167,0.167,5.0,11.0,340.0,470.0,-130.0
111,1,carolina-panthers,2020,1,53.0,108.0,0.3291925465838509,0.6708074534161491,0.5846581957495444,0.4153418042504557,1.776037160673144,0.6191669489289201,0.4907400091746159,1.4076521604958152,2.868425543902033,0.313,0.167,0.333,5.0,11.0,350.0,402.0,-52.0
112,1,carolina-panthers,2021,1,56.0,106.0,0.345679012345679,0.654320987654321,0.5322569687615851,0.4677430312384149,1.5397433739174426,0.7148525571756909,0.5283010793889164,1.1379235932789211,2.153928393391231,0.294,0.333,0.25,5.0,12.0,304.0,404.0,-100.0
113,1,carolina-panthers,2022,1,53.0,95.0,0.3581081081081081,0.6418918918918919,0.6336214205524258,0.3663785794475743,1.7693579290897927,0.5707792606130632,0.5578938677021851,1.7294124893854557,3.0998933410720304,0.412,0.667,0.5,7.0,10.0,347.0,374.0,-27.0
114,1,carolina-panthers,2023,1,53.0,122.0,0.3028571428571429,0.6971428571428572,0.5862179256982786,0.4137820743017215,1.93562522636224,0.5935398606786988,0.4344256063567122,1.416727657813334,3.2611490709315314,0.118,0.167,0.083,2.0,15.0,236.0,416.0,-180.0
115,1,chicago-bears,2013,1,55.0,49.0,0.5288461538461539,0.4711538461538461,0.8012903295816968,0.1987096704183032,1.5151671686635722,0.4217511372143578,1.122446597256202,4.032447416612863,3.5925536232516597,0.5,0.333,0.333,8.0,8.0,445.0,478.0,-33.0
116,1,chicago-bears,2014,1,54.0,81.0,0.4,0.6,0.6211553044615005,0.3788446955384995,1.5528882611537511,0.6314078258974992,0.6666655555574075,1.6395997414688237,2.459402208935612,0.313,0.167,0.333,5.0,11.0,319.0,442.0,-123.0
117,1,chicago-bears,2015,1,53.0,91.0,0.3680555555555556,0.6319444444444444,0.6358208005148483,0.3641791994851516,1.7275131183799657,0.5762835684160641,0.5824166607912181,1.7458961289321062,2.997673741512962,0.375,0.167,0.25,6.0,10.0,335.0,397.0,-62.0
118,1,chicago-bears,2016,1,53.0,106.0,0.3333333333333333,0.6666666666666666,0.4953465549736393,0.5046534450263607,1.4860396649209178,0.7569801675395411,0.499999250001125,0.9815559138645154,1.9631131244005409,0.188,0.333,0.25,3.0,13.0,279.0,399.0,-120.0
119,1,chicago-bears,2017,1,53.0,87.0,0.3785714285714285,0.6214285714285714,0.6595971516035902,0.3404028483964097,1.7423320985755213,0.5477746985689351,0.6091944219859875,1.9376900546537623,3.1807400421876446,0.313,0.0,0.083,5.0,11.0,264.0,320.0,-56.0
120,1,chicago-bears,2018,1,53.0,44.0,0.5463917525773195,0.4536082474226804,0.846690154452267,0.1533098455477329,1.5496027355069797,0.3379785231393205,1.204542799076102,5.522702268240065,4.584901242280909,0.75,0.833,0.833,12.0,4.0,421.0,283.0,138.0
121,1,chicago-bears,2019,1,53.0,73.0,0.4206349206349206,0.5793650793650794,0.7707692658860911,0.2292307341139089,1.8323948585216503,0.3956585273746922,0.726026144119258,3.362402107480823,4.631241589656858,0.5,0.667,0.583,8.0,8.0,280.0,298.0,-18.0
122,1,chicago-bears,2020,1,53.0,97.0,0.3533333333333333,0.6466666666666666,0.8002360512700615,0.1997639487299384,2.264819013028476,0.3089133227782554,0.5463909076429263,4.005888201898211,7.331544205071405,0.5,0.333,0.5,8.0,8.0,372.0,370.0,2.0
123,1,chicago-bears,2021,1,53.0,90.0,0.3706293706293706,0.6293706293706294,0.6814333974197235,0.3185666025802765,1.8385844496418955,0.5061669352108837,0.5888879532113632,2.139054291460814,3.632360569967534,0.353,0.333,0.333,6.0,11.0,311.0,407.0,-96.0
124,1,chicago-bears,2023,1,52.0,91.0,0.3636363636363636,0.6363636363636364,0.7519918374079572,0.2480081625920428,2.0679775528718825,0.3897271126446387,0.5714276734707988,3.032113126582059,5.306205751591501,0.412,0.333,0.5,7.0,10.0,360.0,379.0,-19.0
125,1,chicago-bears,2024,1,53.0,87.0,0.3785714285714285,0.6214285714285714,0.8046041367195755,0.1953958632804245,2.1253694177498224,0.3144301248190739,0.6091944219859875,4.117794539848089,6.759411680293343,0.294,0.167,0.25,5.0,12.0,310.0,370.0,-60.0
126,1,cincinnati-bengals,2012,1,54.0,34.0,0.6136363636363636,0.3863636363636363,0.7730801765342692,0.2269198234657308,1.2598343617595495,0.5873218960289505,1.5882311834016432,3.4068278297563035,2.145045545265869,0.625,0.5,0.583,10.0,6.0,391.0,320.0,71.0
127,1,cincinnati-bengals,2013,1,52.0,57.0,0.4770642201834862,0.5229357798165137,0.7314206381088857,0.2685793618911143,1.533170183728241,0.5135991306338853,0.9122789572209417,2.723284133504192,2.9851436794535124,0.688,0.5,0.667,11.0,5.0,430.0,305.0,125.0
128,1,cincinnati-bengals,2014,1,55.0,67.0,0.4508196721311475,0.5491803278688525,0.8797272547349632,0.1202727452650368,1.9513950014121,0.2190041033184253,0.8208940276258003,7.314374827161025,8.91027182400788,0.656,0.5,0.583,10.0,5.0,365.0,344.0,21.0
129,1,cincinnati-bengals,2015,1,53.0,55.0,0.4907407407407407,0.5092592592592593,0.931814942656774,0.0681850573432261,1.898792713338332,0.1338906580557894,0.9636344714086742,13.665769498393567,14.181560979304257,0.75,0.833,0.75,12.0,4.0,419.0,279.0,140.0
130,1,cincinnati-bengals,2016,1,53.0,53.0,0.5,0.5,0.7757273278797242,0.2242726721202758,1.5514546557594482,0.4485453442405516,0.999998000004,3.4588425852487448,3.4588502964755325,0.406,0.5,0.417,6.0,9.0,325.0,315.0,10.0
131,1,cincinnati-bengals,2017,1,52.0,56.0,0.4814814814814814,0.5185185185185185,0.7921939006799013,0.2078060993200987,1.6453257937197947,0.4007689058316189,0.9285696377585556,3.812159946757323,4.10541253167614,0.438,0.5,0.5,7.0,9.0,290.0,349.0,-59.0
132,1,cincinnati-bengals,2018,1,53.0,59.0,0.4732142857142857,0.5267857142857143,0.6221814604171488,0.3778185395828511,1.3147985578626542,0.7172148548013445,0.8983033794918897,1.6467688809956642,1.833197842826312,0.375,0.167,0.333,6.0,10.0,368.0,455.0,-87.0
133,1,cincinnati-bengals,2019,1,52.0,76.0,0.40625,0.59375,0.7156266446741402,0.2843733553258599,1.7615425099671145,0.4789445984435534,0.6842093739631596,2.516495004811933,3.6779594920418135,0.125,0.167,0.167,2.0,14.0,279.0,420.0,-141.0
134,1,cincinnati-bengals,2020,1,54.0,91.0,0.3724137931034483,0.6275862068965518,0.5842145255597786,0.4157854744402214,1.568724189003109,0.6625153164157375,0.5934056478701215,1.4050830449603104,2.367827252149839,0.281,0.167,0.333,4.0,11.0,311.0,424.0,-113.0
135,1,cincinnati-bengals,2021,1,61.0,82.0,0.4265734265734265,0.5734265734265734,0.8068513345371152,0.1931486654628847,1.8914711612919255,0.3368324287950307,0.7439011417333747,4.177337468348648,5.615449654324306,0.588,0.667,0.667,10.0,7.0,460.0,376.0,84.0
136,1,cincinnati-bengals,2022,1,54.0,71.0,0.432,0.568,0.8330004536440017,0.1669995463559983,1.9282417908425968,0.2940132858380252,0.7605620412640118,4.988010349788188,6.558326869548374,0.75,0.5,0.727,12.0,4.0,418.0,322.0,96.0
137,1,cincinnati-bengals,2023,1,53.0,69.0,0.4344262295081967,0.5655737704918032,0.7916825731711755,0.2083174268288244,1.8223636589978005,0.3683293633785012,0.7681145839133444,3.800348270783084,4.947633538224257,0.529,0.167,0.333,9.0,8.0,366.0,384.0,-18.0
138,1,cincinnati-bengals,2024,1,52.0,92.0,0.3611111111111111,0.6388888888888888,0.716260427689569,0.2837395723104309,1.9834904151403447,0.4441141131815441,0.5652165066176418,2.5243496968277515,4.466162839924656,0.529,0.5,0.5,9.0,8.0,472.0,434.0,38.0
139,1,cleveland-browns,2012,1,61.0,30.0,0.6703296703296703,0.3296703296703296,0.8154020421333555,0.1845979578666444,1.216419439903858,0.559947138862155,2.0333271655742644,4.417154092074601,2.1723787534604337,0.313,0.333,0.417,5.0,11.0,302.0,368.0,-66.0
140,1,cleveland-browns,2013,1,52.0,59.0,0.4684684684684684,0.5315315315315315,0.7348411497683979,0.2651588502316022,1.56860322354408,0.4988581758594549,0.8813542740622978,2.771313791007785,3.1443808181770465,0.25,0.333,0.25,4.0,12.0,308.0,406.0,-98.0
141,1,cleveland-browns,2014,1,55.0,80.0,0.4074074074074074,0.5925925925925926,0.7171951131841403,0.2828048868158597,1.7603880050883445,0.4772332465017633,0.6874988398457077,2.535997822602327,3.688729419551077,0.438,0.333,0.333,7.0,9.0,299.0,337.0,-38.0
142,1,cleveland-browns,2015,1,53.0,72.0,0.424,0.576,0.730822801343611,0.269177198656389,1.723638682414177,0.4673215254451198,0.7361098331426508,2.71501483029285,3.6883278433292497,0.188,0.167,0.167,3.0,13.0,278.0,432.0,-154.0
143,1,cleveland-browns,2016,1,55.0,83.0,0.3985507246376811,0.6014492753623188,0.6279716212007296,0.3720283787992704,1.5756378859218303,0.6185532081240881,0.662649500655047,1.6879624486311164,2.5472915149996718,0.063,0.0,0.083,1.0,15.0,264.0,452.0,-188.0
144,1,cleveland-browns,2017,1,53.0,86.0,0.381294964028777,0.6187050359712231,0.4975393014857039,0.5024606985142961,1.304867224651186,0.8121167103893855,0.6162780736900901,0.9902034383055526,1.6067464210644318,0.0,0.0,0.0,0.0,16.0,234.0,410.0,-176.0
145,1,cleveland-browns,2018,1,53.0,79.0,0.4015151515151515,0.5984848484848485,0.7829271857890251,0.2170728142109749,1.9499318589462509,0.3627039427322619,0.6708849549770372,3.606732523841383,5.376082951220307,0.469,0.583,0.458,7.0,8.0,359.0,392.0,-33.0
146,1,cleveland-browns,2019,1,53.0,84.0,0.3868613138686131,0.6131386861313869,0.7339552510772555,0.2660447489227445,1.897205082973283,0.4339063166954286,0.6309513519007713,2.7587557931263333,4.372374030062699,0.375,0.5,0.5,6.0,10.0,335.0,393.0,-58.0
147,1,cleveland-browns,2020,1,52.0,112.0,0.3170731707317073,0.6829268292682927,0.7213871557104976,0.2786128442895023,2.2751441064715694,0.4079688077096284,0.4642850344397709,2.589200682220651,5.576746277486539,0.688,0.5,0.583,11.0,5.0,408.0,419.0,-11.0
148,1,cleveland-browns,2021,1,56.0,102.0,0.3544303797468354,0.6455696202531646,0.6241196536148454,0.3758803463851546,1.760909022699028,0.5822460267534747,0.549018757402317,1.6604166703588648,3.024333215607132,0.471,0.5,0.417,8.0,9.0,349.0,371.0,-22.0
149,1,cleveland-browns,2022,1,53.0,100.0,0.3464052287581699,0.6535947712418301,0.708791426109859,0.291208573890141,2.0461337395246875,0.4455491180519156,0.5299991891012407,2.4339564686745194,4.592376158424161,0.412,0.5,0.333,7.0,10.0,361.0,381.0,-20.0
150,1,cleveland-browns,2023,1,53.0,101.0,0.3441558441558441,0.6558441558441559,0.6137600296355683,0.3862399703644316,1.783378199318444,0.5889203508526978,0.5247516751311091,1.5890598790088597,3.0282111469320907,0.647,0.5,0.667,11.0,6.0,396.0,362.0,34.0
151,1,cleveland-browns,2024,1,52.0,134.0,0.2795698924731182,0.7204301075268817,0.523752035912541,0.4762479640874589,1.873420743841012,0.6610606068676668,0.3880591628432515,1.09974419979286,2.833957870761717,0.176,0.333,0.25,3.0,14.0,258.0,435.0,-177.0
152,1,dallas-cowboys,2012,1,58.0,53.0,0.5225225225225225,0.4774774774774775,0.7356555569074384,0.2643444430925615,1.4078925313228563,0.5536270411938553,1.094337330727477,2.78293262142539,2.5430296635388028,0.5,0.5,0.417,8.0,8.0,376.0,400.0,-24.0
153,1,dallas-cowboys,2013,1,54.0,86.0,0.3857142857142857,0.6142857142857143,0.6197359157218126,0.3802640842781873,1.606722744463959,0.6190345558017003,0.6279059545717018,1.629747093131584,2.595525781040356,0.5,0.833,0.583,8.0,8.0,439.0,432.0,7.0
154,1,dallas-cowboys,2014,1,51.0,92.0,0.3566433566433566,0.6433566433566433,0.6734128007002153,0.3265871992997847,1.8881966764731528,0.507630103259448,0.5543469644389575,2.061963053607061,3.719623688046758,0.75,0.667,0.667,12.0,4.0,467.0,352.0,115.0
155,1,dallas-cowboys,2015,1,52.0,114.0,0.3132530120481928,0.6867469879518072,0.5814161088319049,0.4185838911680951,1.856059116655696,0.6095168941570508,0.4561396866737895,1.3890040493564304,3.04512654090752,0.25,0.5,0.25,4.0,12.0,275.0,374.0,-99.0
156,1,dallas-cowboys,2016,1,51.0,75.0,0.4047619047619047,0.5952380952380952,0.9124397183253457,0.0875602816746544,2.254262833509677,0.1471012732134194,0.6799988576019192,10.420584313916702,15.32445953597971,0.813,0.5,0.75,13.0,3.0,421.0,306.0,115.0
157,1,dallas-cowboys,2017,1,54.0,60.0,0.4736842105263157,0.5263157894736842,0.7162854063148466,0.2837145936851533,1.5121580799980094,0.5390577280017913,0.8999982900032489,2.524659984356473,2.80518244385607,0.563,0.833,0.583,9.0,7.0,354.0,332.0,22.0
158,1,dallas-cowboys,2018,1,52.0,62.0,0.4561403508771929,0.543859649122807,0.6963802024287892,0.3036197975712109,1.5266796745554223,0.558268660050291,0.8387081352785899,2.293585314311221,2.7346635215997472,0.625,0.833,0.75,10.0,6.0,339.0,324.0,15.0
159,1,dallas-cowboys,2019,1,52.0,65.0,0.4444444444444444,0.5555555555555556,0.8162078959811196,0.1837921040188803,1.8364677659575197,0.3308257872339847,0.7999985600025918,4.440905986860495,5.55114590723464,0.5,0.833,0.583,8.0,8.0,434.0,321.0,113.0
160,1,dallas-cowboys,2020,1,52.0,100.0,0.3421052631578947,0.6578947368421053,0.5679033598583072,0.4320966401416928,1.660025205739667,0.6567868930153731,0.5199992096012014,1.314294055556705,2.527490569471888,0.375,0.333,0.417,6.0,10.0,395.0,473.0,-78.0
161,1,dallas-cowboys,2021,1,58.0,83.0,0.4113475177304964,0.5886524822695035,0.8164134511836388,0.1835865488163611,1.9847292520153976,0.3118759443747822,0.6987939936150229,4.4469979388432295,6.363821654063504,0.706,1.0,0.833,12.0,5.0,530.0,358.0,172.0
162,1,dallas-cowboys,2022,1,53.0,108.0,0.3291925465838509,0.6708074534161491,0.7508296973260291,0.2491703026739709,2.2808222881035976,0.37144832157879,0.4907400091746159,3.0133072680061197,6.140332356536021,0.706,0.667,0.667,12.0,5.0,467.0,342.0,125.0
163,1,dallas-cowboys,2023,1,53.0,92.0,0.3655172413793103,0.6344827586206897,0.835205408861842,0.1647945911381579,2.2849959299050395,0.2597306055981838,0.5760860485600321,5.068129572481339,8.797527450086413,0.706,0.833,0.75,12.0,5.0,509.0,315.0,194.0
164,1,denver-broncos,2013,1,53.0,49.0,0.5196078431372549,0.4803921568627451,0.7247286813848866,0.2752713186151135,1.39476085851431,0.5730137652804403,1.0816304015040623,2.632769924091802,2.434074901772727,0.813,0.833,0.75,13.0,3.0,606.0,399.0,207.0
165,1,denver-broncos,2014,1,52.0,71.0,0.4227642276422764,0.5772357723577236,0.8913884129768742,0.1086115870231258,2.1084764383876062,0.1881581014625983,0.7323930974035073,8.207045218314148,11.205816896434971,0.75,1.0,0.833,12.0,4.0,482.0,354.0,128.0
166,1,denver-broncos,2015,1,53.0,65.0,0.4491525423728814,0.5508474576271186,0.9281182967487576,0.0718817032512424,2.066376585214215,0.1304929382099478,0.8153831351506162,12.911566409861132,15.83503888042434,0.75,0.667,0.667,12.0,4.0,355.0,296.0,59.0
167,1,denver-broncos,2016,1,53.0,72.0,0.424,0.576,0.7658426359909967,0.2341573640090033,1.8062326320542372,0.4065232014045197,0.7361098331426508,3.2706183237663478,4.443112183269284,0.563,0.333,0.5,9.0,7.0,333.0,297.0,36.0
168,1,denver-broncos,2017,1,53.0,73.0,0.4206349206349206,0.5793650793650794,0.7783480611752982,0.2216519388247018,1.8504123718507088,0.3825773190672936,0.726026144119258,3.5115621083231767,4.83668906372405,0.313,0.333,0.333,5.0,11.0,289.0,382.0,-93.0
169,1,denver-broncos,2018,1,53.0,85.0,0.3840579710144927,0.6159420289855072,0.6317082729150594,0.3682917270849405,1.6448253143826077,0.5979324510320212,0.6235283994480103,1.7152341777560176,2.750850134816294,0.375,0.333,0.333,6.0,10.0,329.0,349.0,-20.0
170,1,denver-broncos,2019,1,52.0,86.0,0.3768115942028985,0.6231884057971014,0.5778269977402407,0.4221730022597593,1.5334639555414078,0.6774403989749626,0.6046501925380632,1.368693938156594,2.2636112258000383,0.438,0.5,0.5,7.0,9.0,282.0,316.0,-34.0
171,1,denver-broncos,2020,1,53.0,93.0,0.363013698630137,0.636986301369863,0.5229059059672452,0.4770940940327548,1.4404577787022224,0.7489864271912064,0.5698915784497801,1.0960202955500211,1.923206887603058,0.313,0.167,0.333,5.0,11.0,323.0,446.0,-123.0
172,1,denver-broncos,2021,1,55.0,98.0,0.3594771241830065,0.6405228758169934,0.5695401908698413,0.4304598091301587,1.584357258237922,0.6720443958868804,0.5612236135998686,1.3230941790513364,2.357515233248623,0.412,0.167,0.25,7.0,10.0,335.0,322.0,13.0
173,1,denver-broncos,2022,1,53.0,122.0,0.3028571428571429,0.6971428571428572,0.514968644716025,0.485031355283975,1.7003681665151769,0.6957416981532428,0.4344256063567122,1.0617201906345464,2.443961210126358,0.294,0.167,0.25,5.0,12.0,287.0,359.0,-72.0
174,1,denver-broncos,2023,1,53.0,94.0,0.3605442176870748,0.6394557823129252,0.747961619855277,0.2520383801447231,2.0745350588438813,0.394145126396535,0.5638289055016051,2.9676379120825938,5.26336533561863,0.471,0.5,0.417,8.0,9.0,357.0,413.0,-56.0
175,1,denver-broncos,2024,1,52.0,96.0,0.3513513513513513,0.6486486486486487,0.5970335198540277,0.4029664801459722,1.69924924881531,0.6212399902250405,0.5416658315985096,1.4815923102225432,2.735249726840735,0.588,0.5,0.5,10.0,7.0,425.0,311.0,114.0
176,1,detroit-lions,2012,1,58.0,38.0,0.6041666666666666,0.3958333333333333,0.8491381455112552,0.1508618544887448,1.4054700339496635,0.3811246850241975,1.5263119335277469,5.628543543000544,3.687681227415652,0.25,0.0,0.25,4.0,12.0,372.0,437.0,-65.0
177,1,detroit-lions,2013,1,52.0,65.0,0.4444444444444444,0.5555555555555556,0.7667825366876275,0.2332174633123724,1.725260707547162,0.4197914339622705,0.7999985600025918,3.2878294702619666,4.109794669863494,0.438,0.667,0.5,7.0,9.0,395.0,376.0,19.0
178,1,detroit-lions,2014,1,54.0,68.0,0.4426229508196721,0.5573770491803278,0.8481910107740981,0.1518089892259019,1.9162833947118512,0.2723631865523535,0.7941162223208953,5.587188399782714,7.0357392393199465,0.688,0.833,0.75,11.0,5.0,321.0,282.0,39.0
179,1,detroit-lions,2015,1,53.0,76.0,0.4108527131782946,0.5891472868217055,0.7475582825732195,0.2524417174267804,1.8195286500367045,0.4284865993165089,0.6973672373635049,2.9612986668551637,4.246397452199501,0.438,0.5,0.5,7.0,9.0,358.0,400.0,-42.0
180,1,detroit-lions,2016,1,53.0,83.0,0.3897058823529412,0.6102941176470589,0.775540630808039,0.2244593691919609,1.9900665243376092,0.3677888459048998,0.6385531705634795,3.45513390002842,5.410879464171464,0.563,0.5,0.583,9.0,7.0,346.0,358.0,-12.0
181,1,detroit-lions,2017,1,52.0,96.0,0.3513513513513513,0.6486486486486487,0.8082300745812888,0.1917699254187111,2.300347135346745,0.2956453016871797,0.5416658315985096,4.214560016418576,7.7807404395699775,0.563,0.833,0.667,9.0,7.0,410.0,376.0,34.0
182,1,detroit-lions,2018,1,53.0,86.0,0.381294964028777,0.6187050359712231,0.6243750946101133,0.3756249053898867,1.637512040581241,0.6071146726650494,0.6162780736900901,1.6622258626226367,2.6971994206525274,0.375,0.333,0.333,6.0,10.0,324.0,360.0,-36.0
183,1,detroit-lions,2019,1,53.0,86.0,0.381294964028777,0.6187050359712231,0.529427204310921,0.4705727956890789,1.3884977622493966,0.760576960474209,0.6162780736900901,1.1250673309074952,1.8255824312654143,0.219,0.0,0.208,3.0,12.0,341.0,423.0,-82.0
184,1,detroit-lions,2020,1,52.0,100.0,0.3421052631578947,0.6578947368421053,0.6772657129805291,0.3227342870194709,1.9796997764046236,0.4905561162695958,0.5199992096012014,2.098517702341204,4.035615243866197,0.313,0.167,0.333,5.0,11.0,377.0,519.0,-142.0
185,1,detroit-lions,2022,1,53.0,107.0,0.33125,0.66875,0.7323987778879567,0.2676012221120432,2.211015178529681,0.4001513601675413,0.4953263621288042,2.736893483572444,5.525433306463425,0.529,0.833,0.583,9.0,8.0,453.0,427.0,26.0
186,1,detroit-lions,2023,1,52.0,106.0,0.3291139240506329,0.6708860759493671,0.7758477026898212,0.2241522973101788,2.3573834043267645,0.3341138016510212,0.4905653065158638,3.4612370730206963,7.055609008274415,0.706,0.667,0.667,12.0,5.0,461.0,395.0,66.0
187,1,detroit-lions,2024,1,52.0,130.0,0.2857142857142857,0.7142857142857143,0.6469164081879486,0.3530835918120514,2.26420742865782,0.494317028536872,0.3999994400007839,1.832185326660488,4.5804670231422255,0.882,1.0,0.917,15.0,2.0,564.0,342.0,222.0
188,1,green-bay-packers,2012,1,56.0,39.0,0.5894736842105263,0.4105263157894737,0.8650710987065159,0.1349289012934841,1.4675313281628397,0.3286729646892561,1.4358939382070737,6.411263110797895,4.465006315758271,0.688,0.833,0.667,11.0,5.0,433.0,336.0,97.0
189,1,green-bay-packers,2013,1,52.0,54.0,0.490566037735849,0.5094339622641509,0.8344905426667587,0.1655094573332413,1.701076875436085,0.3248889347652515,0.9629610727060424,5.041920348190342,5.235855880439,0.531,0.583,0.542,8.0,7.0,417.0,428.0,-11.0
190,1,green-bay-packers,2014,1,54.0,61.0,0.4695652173913043,0.5304347826086957,0.922211552219196,0.077788447780804,1.963969046392732,0.146650352373647,0.8852442327362824,11.855226878815404,13.392096387824742,0.75,0.833,0.75,12.0,4.0,486.0,348.0,138.0
191,1,green-bay-packers,2015,1,52.0,63.0,0.4521739130434782,0.5478260869565217,0.8822881891166888,0.1177118108833112,1.951214264392677,0.2148707658981078,0.8253953187228309,7.495260562516866,9.080831333223848,0.625,0.5,0.583,10.0,6.0,368.0,323.0,45.0
192,1,green-bay-packers,2016,1,51.0,74.0,0.408,0.592,0.8717435797753053,0.1282564202246947,2.136626421017905,0.2166493584876599,0.6891880250202279,6.796827647461599,9.862095017671544,0.625,0.833,0.667,10.0,6.0,432.0,388.0,44.0
193,1,green-bay-packers,2017,1,53.0,73.0,0.4206349206349206,0.5793650793650794,0.6861112077035765,0.3138887922964236,1.6311323051066158,0.5417806551965668,0.726026144119258,2.1858347246145664,3.010682051452657,0.438,0.333,0.417,7.0,9.0,320.0,384.0,-64.0
194,1,green-bay-packers,2018,1,53.0,81.0,0.3955223880597014,0.6044776119402985,0.7064857936872201,0.2935142063127799,1.786209365171462,0.4855667116779322,0.6543199051991692,2.4069819160727386,3.6785999608561712,0.406,0.25,0.292,6.0,9.0,376.0,400.0,-24.0
195,1,green-bay-packers,2019,1,53.0,58.0,0.4774774774774775,0.5225225225225225,0.8545864057026419,0.1454135942973581,1.789794170433835,0.2782915339139095,0.9137913546406832,5.87689571209819,6.431340953571943,0.813,1.0,0.833,13.0,3.0,376.0,313.0,63.0
196,1,green-bay-packers,2020,1,52.0,100.0,0.3421052631578947,0.6578947368421053,0.8292563726569661,0.170743627343034,2.4239801662280542,0.2595303135614116,0.5199992096012014,4.856705511388952,9.339837004502655,0.813,0.833,0.833,13.0,3.0,509.0,369.0,140.0
197,1,green-bay-packers,2021,1,58.0,87.0,0.4,0.6,0.8961764322901945,0.1038235677098054,2.240441080725486,0.1730392795163424,0.6666655555574075,8.631641354819308,12.94751191449556,0.765,0.667,0.75,13.0,4.0,450.0,371.0,79.0
198,1,green-bay-packers,2022,1,53.0,88.0,0.375886524822695,0.624113475177305,0.7672183506848981,0.2327816493151019,2.041090329180577,0.3729796881071519,0.6022717622691082,3.2958571136733097,5.472375364898791,0.471,0.5,0.5,8.0,9.0,370.0,371.0,-1.0
199,1,green-bay-packers,2023,1,53.0,89.0,0.3732394366197183,0.6267605633802817,0.5535073800762038,0.4464926199237962,1.4829820371853009,0.7123814834739219,0.5955046678464849,1.2396758998945423,2.081721647553098,0.529,0.667,0.583,9.0,8.0,383.0,350.0,33.0
200,1,green-bay-packers,2024,1,52.0,86.0,0.3768115942028985,0.6231884057971014,0.6142702664046468,0.3857297335953532,1.630178783920024,0.6189616655367296,0.6046501925380632,1.592484634758299,2.6337271610823647,0.647,0.167,0.5,11.0,6.0,460.0,338.0,122.0
201,1,houston-texans,2012,1,58.0,33.0,0.6373626373626373,0.3626373626373626,0.7967076015750512,0.2032923984249488,1.250006754195339,0.5605941895960711,1.7575709109408215,3.919003803112559,2.2297850166998643,0.75,0.833,0.833,12.0,4.0,416.0,331.0,85.0
202,1,houston-texans,2013,1,53.0,60.0,0.4690265486725664,0.5309734513274337,0.6253793594768525,0.3746206405231474,1.3333559928468743,0.7055355396519276,0.8833316697253553,1.669362609708104,1.889846829910011,0.125,0.167,0.167,2.0,14.0,276.0,428.0,-152.0
203,1,houston-texans,2014,1,53.0,86.0,0.381294964028777,0.6187050359712231,0.7414777497570268,0.2585222502429731,1.9446303248344663,0.4178441021368984,0.6162780736900901,2.8681279113586458,4.653950267430318,0.563,0.667,0.667,9.0,7.0,372.0,307.0,65.0
204,1,houston-texans,2015,1,52.0,90.0,0.3661971830985915,0.6338028169014085,0.7207884762858701,0.2792115237141299,1.9683069929344912,0.4405337374156273,0.5777768661742778,2.5815048218390277,4.467994974656154,0.563,0.833,0.583,9.0,7.0,339.0,313.0,26.0
205,1,houston-texans,2016,1,53.0,74.0,0.4173228346456692,0.5826771653543307,0.7577633531834416,0.2422366468165585,1.8157725632886244,0.4157304614284179,0.7162149870364412,3.128181614797802,4.367657326317773,0.563,0.833,0.583,9.0,7.0,279.0,328.0,-49.0
206,1,houston-texans,2017,1,53.0,100.0,0.3464052287581699,0.6535947712418301,0.6242657719337547,0.3757342280662453,1.8021257189785749,0.5748733689413554,0.5299991891012407,1.6614512702111903,3.134816607491531,0.25,0.167,0.25,4.0,12.0,338.0,436.0,-98.0
207,1,houston-texans,2018,1,53.0,87.0,0.3785714285714285,0.6214285714285714,0.816649789229364,0.1833502107706359,2.15718812249266,0.2950463161826324,0.6091944219859875,4.454019069723821,7.311329417947913,0.688,0.667,0.75,11.0,5.0,402.0,316.0,86.0
208,1,houston-texans,2019,1,53.0,93.0,0.363013698630137,0.636986301369863,0.7360772906475644,0.2639227093524355,2.027684611972536,0.4143302748973719,0.5698915784497801,2.788977513439801,4.893872934102753,0.625,0.667,0.667,10.0,6.0,378.0,385.0,-7.0
209,1,houston-texans,2020,1,55.0,100.0,0.3548387096774194,0.6451612903225806,0.6704281836381158,0.3295718163618841,1.8893885175255996,0.5108363153609203,0.5499991475013214,2.034233863820732,3.6986110072845695,0.25,0.333,0.25,4.0,12.0,384.0,464.0,-80.0
210,1,houston-texans,2021,1,56.0,112.0,0.3333333333333333,0.6666666666666666,0.6194920818478699,0.3805079181521301,1.8584762455436097,0.5707618772281952,0.499999250001125,1.6280619252140438,3.2561267028594383,0.235,0.5,0.333,4.0,13.0,280.0,452.0,-172.0
211,1,houston-texans,2022,1,52.0,105.0,0.3312101910828025,0.6687898089171974,0.5350714592320903,0.4649285407679097,1.6155042134507342,0.6951788657196365,0.4952373547403362,1.1508656953660752,2.3238650788287663,0.206,0.583,0.292,3.0,13.0,289.0,420.0,-131.0
212,1,houston-texans,2023,1,53.0,128.0,0.292817679558011,0.7071823204419889,0.6264767811114199,0.3735232188885801,2.1394773090786225,0.5281851767096329,0.414061914490574,1.6772052505069126,4.050612082290042,0.588,0.667,0.583,10.0,7.0,377.0,353.0,24.0
213,1,houston-texans,2024,1,53.0,113.0,0.3192771084337349,0.6807228915662651,0.7134152710796356,0.2865847289203643,2.2344704716833874,0.4210005752281458,0.4690258596611264,2.4893607709191885,5.307510952833137,0.588,0.833,0.667,10.0,7.0,372.0,372.0,0.0
214,1,indianapolis-colts,2013,1,53.0,66.0,0.4453781512605042,0.5546218487394958,0.7650719009029453,0.2349280990970546,1.7178029473103869,0.4235824817052955,0.8030288551449429,3.2566076481946427,4.055405891643181,0.688,1.0,0.75,11.0,5.0,391.0,336.0,55.0
215,1,indianapolis-colts,2014,1,52.0,86.0,0.3768115942028985,0.6231884057971014,0.7726678448666833,0.2273321551333167,2.050541588300044,0.3647888070743919,0.6046501925380632,3.398834826418354,5.621159222472122,0.688,1.0,0.75,11.0,5.0,458.0,369.0,89.0
216,1,indianapolis-colts,2015,1,52.0,113.0,0.3151515151515151,0.6848484848484848,0.75462477114277,0.2453752288572299,2.394482446895328,0.3582912633756013,0.4601763192115692,3.0753784694516675,6.68304256512837,0.5,0.667,0.5,8.0,8.0,333.0,408.0,-75.0
217,1,indianapolis-colts,2016,1,53.0,90.0,0.3706293706293706,0.6293706293706294,0.7477304175474271,0.2522695824525728,2.0174613152694736,0.4008283365635325,0.5888879532113632,2.964001629829357,5.033217709476963,0.5,0.5,0.417,8.0,8.0,411.0,392.0,19.0
218,1,indianapolis-colts,2017,1,53.0,111.0,0.3231707317073171,0.676829268292683,0.5775997265839429,0.4224002734160571,1.7872897199955968,0.6240868904525528,0.4774767720163008,1.3674194727510167,2.863842973622764,0.25,0.333,0.25,4.0,12.0,263.0,404.0,-141.0
219,1,indianapolis-colts,2018,1,52.0,115.0,0.311377245508982,0.688622754491018,0.8061845139259066,0.1938154860740934,2.5890925735697383,0.28145379282064,0.4521732564092711,4.159524972595537,9.198964237285754,0.625,0.667,0.583,10.0,6.0,433.0,344.0,89.0
220,1,indianapolis-colts,2019,1,53.0,79.0,0.4015151515151515,0.5984848484848485,0.7261774024810086,0.2738225975189914,1.8085927759904363,0.4575263654747704,0.6708849549770372,2.6519898542734017,3.952971805552401,0.438,0.5,0.417,7.0,9.0,361.0,373.0,-12.0
221,1,indianapolis-colts,2020,1,53.0,82.0,0.3925925925925926,0.6074074074074074,0.8118552086738635,0.1881447913261364,2.0679330786975765,0.3097505710857124,0.6463403993176353,4.315032523191412,6.676101985372502,0.688,0.667,0.583,11.0,5.0,451.0,362.0,89.0
222,1,indianapolis-colts,2021,1,57.0,76.0,0.4285714285714285,0.5714285714285714,0.9112661060954684,0.0887338939045316,2.126287580889426,0.1552843143329303,0.7499986875022968,10.269535083637834,13.69277957818139,0.529,0.5,0.583,9.0,8.0,451.0,365.0,86.0
223,1,indianapolis-colts,2022,1,53.0,96.0,0.3557046979865771,0.6442953020134228,0.7150085119024392,0.2849914880975608,2.010118269310631,0.4423305388180892,0.552082476455323,2.508867923766721,4.544370213079699,0.265,0.25,0.375,4.0,12.0,289.0,427.0,-138.0
224,1,indianapolis-colts,2023,1,52.0,114.0,0.3132530120481928,0.6867469879518072,0.6729165717469148,0.3270834282530853,2.148156748268997,0.4762793779825627,0.4561396866737895,2.057317663640771,4.5102776590717415,0.529,0.5,0.583,9.0,8.0,396.0,415.0,-19.0
225,1,indianapolis-colts,2024,1,53.0,103.0,0.3397435897435897,0.6602564102564102,0.7964183533051417,0.2035816466948583,2.3441747757660774,0.3083372513048339,0.5145623274589992,3.9120149297344606,7.602607739539085,0.471,0.5,0.583,8.0,9.0,377.0,427.0,-50.0
226,1,jacksonville-jaguars,2012,1,57.0,46.0,0.5533980582524272,0.4466019417475728,0.7262546002451025,0.2737453997548976,1.3123548039516764,0.6129516559729228,1.239127660214152,2.653019732480004,2.1410377965792677,0.125,0.333,0.167,2.0,14.0,255.0,444.0,-189.0
227,1,jacksonville-jaguars,2013,1,53.0,79.0,0.4015151515151515,0.5984848484848485,0.5558305006968066,0.4441694993031933,1.3843325677731788,0.7421566317471079,0.6708849549770372,1.2513899540126674,1.865281051566271,0.25,0.5,0.333,4.0,12.0,247.0,449.0,-202.0
228,1,jacksonville-jaguars,2014,1,53.0,93.0,0.363013698630137,0.636986301369863,0.6795711066417367,0.3204288933582633,1.8720260673527087,0.5030389078527574,0.5698915784497801,2.1208105758158093,3.721426547137213,0.188,0.167,0.167,3.0,13.0,249.0,412.0,-163.0
229,1,jacksonville-jaguars,2015,1,53.0,72.0,0.424,0.576,0.7900243504750049,0.2099756495249951,1.8632649775353889,0.3645410582031166,0.7361098331426508,3.762439072450111,5.111248306216589,0.313,0.333,0.417,5.0,11.0,376.0,448.0,-72.0
230,1,jacksonville-jaguars,2016,1,52.0,70.0,0.4262295081967213,0.5737704918032787,0.7289673985210224,0.2710326014789775,1.7102696657608605,0.4723711054347894,0.7428558481655217,2.689583116422427,3.62059835050307,0.188,0.333,0.167,3.0,13.0,318.0,400.0,-82.0
231,1,jacksonville-jaguars,2017,1,53.0,67.0,0.4416666666666666,0.5583333333333333,0.886508292845387,0.1134917071546129,2.0071885875744613,0.2032687292321426,0.7910433593253265,7.811147650550643,9.874508098951454,0.625,0.667,0.75,10.0,6.0,417.0,268.0,149.0
232,1,jacksonville-jaguars,2018,1,53.0,86.0,0.381294964028777,0.6187050359712231,0.7088100490352557,0.2911899509647443,1.8589546569037836,0.4706442230709239,0.6162780736900901,2.4341760850977616,3.9498003289489416,0.313,0.167,0.333,5.0,11.0,245.0,316.0,-71.0
233,1,jacksonville-jaguars,2019,1,53.0,99.0,0.3486842105263157,0.6513157894736842,0.6441876725741752,0.3558123274258248,1.8474816270051817,0.5462977148356098,0.5353527133978542,1.8104652718734005,3.38181580302842,0.375,0.333,0.5,6.0,10.0,300.0,397.0,-97.0
234,1,jacksonville-jaguars,2020,1,54.0,123.0,0.3050847457627119,0.6949152542372882,0.4768584163465829,0.523141583653417,1.563035920247133,0.7528134984280879,0.439023758478006,0.9115266683442128,2.0762563998313337,0.063,0.167,0.083,1.0,15.0,306.0,492.0,-186.0
235,1,jacksonville-jaguars,2021,1,58.0,97.0,0.3741935483870968,0.6258064516129033,0.7031813836097799,0.2968186163902201,1.879191628612343,0.4742977890771558,0.5979371888632549,2.369052935791575,3.962041801263482,0.176,0.167,0.25,3.0,14.0,253.0,457.0,-204.0
236,1,jacksonville-jaguars,2022,1,51.0,86.0,0.3722627737226277,0.6277372262773723,0.6918925821977624,0.3081074178022375,1.858613407080264,0.4908222818477504,0.5930223111156206,2.2456140183805706,3.7867262532521657,0.529,0.667,0.667,9.0,8.0,404.0,350.0,54.0
237,1,jacksonville-jaguars,2023,1,53.0,74.0,0.4173228346456692,0.5826771653543307,0.8909487801863475,0.1090512198136524,2.1349150015786065,0.1871554718423495,0.7162149870364412,8.169927963949686,11.407112885612328,0.529,0.667,0.5,9.0,8.0,377.0,371.0,6.0
238,1,jacksonville-jaguars,2024,1,53.0,101.0,0.3441558441558441,0.6558441558441559,0.5667718874476751,0.4332281125523249,1.6468466163573954,0.6605656369609706,0.5247516751311091,1.308249771370619,2.4930817334855786,0.235,0.5,0.333,4.0,13.0,320.0,435.0,-115.0
239,1,kansas-city-chiefs,2012,1,59.0,31.0,0.6555555555555556,0.3444444444444444,0.7841740262273066,0.2158259737726934,1.1961976671264,0.6265915367594326,1.903220280973378,3.633345788618572,1.9090518909031555,0.125,0.0,0.0,2.0,14.0,211.0,425.0,-214.0
240,1,kansas-city-chiefs,2013,1,52.0,72.0,0.4193548387096774,0.5806451612903226,0.8402388171176918,0.1597611828823082,2.00364641004988,0.2751442594084197,0.7222209783972038,5.259309818874153,7.282140402338209,0.688,0.333,0.583,11.0,5.0,430.0,305.0,125.0
241,1,kansas-city-chiefs,2014,1,53.0,85.0,0.3840579710144927,0.6159420289855072,0.7272307804923607,0.2727692195076393,1.8935442963763356,0.4428488504947556,0.6235283994480103,2.6660930280623747,4.275815593616779,0.563,0.5,0.583,9.0,7.0,353.0,281.0,72.0
242,1,kansas-city-chiefs,2015,1,52.0,77.0,0.4031007751937984,0.5968992248062015,0.7383726387636698,0.2616273612363302,1.831732123086796,0.4383107740193064,0.6753235439384784,2.822219407997186,4.179062100682044,0.688,0.833,0.833,11.0,5.0,405.0,287.0,118.0
243,1,kansas-city-chiefs,2016,1,53.0,82.0,0.3925925925925926,0.6074074074074074,0.7606933992029966,0.2393066007970033,1.937615262120841,0.3939803793609202,0.6463403993176353,3.17872644525097,4.918037662754163,0.75,1.0,0.75,12.0,4.0,389.0,311.0,78.0
244,1,kansas-city-chiefs,2017,1,51.0,74.0,0.408,0.592,0.8072420006577944,0.1927579993422055,1.9785343153377315,0.3256047286185904,0.6891880250202279,4.187830417321765,6.076472682872715,0.625,0.833,0.667,10.0,6.0,415.0,339.0,76.0
245,1,kansas-city-chiefs,2018,1,52.0,58.0,0.4727272727272727,0.5272727272727272,0.8138027391822388,0.1861972608177612,1.721505794423967,0.3531327360336851,0.8965500237844377,4.370624814690057,4.874940054607962,0.75,0.833,0.833,12.0,4.0,565.0,421.0,144.0
246,1,kansas-city-chiefs,2019,1,53.0,63.0,0.4568965517241379,0.5431034482758621,0.8118548191745113,0.1881451808254886,1.7768897929102512,0.3464260472342331,0.8412682922679062,4.315021520035698,5.129188979603043,0.75,1.0,0.75,12.0,4.0,451.0,308.0,143.0
247,1,kansas-city-chiefs,2020,1,51.0,85.0,0.375,0.625,0.8430486304488262,0.1569513695511738,2.24812968119687,0.2511221912818781,0.5999990400015359,5.371366057483782,8.9522981518398,0.875,0.667,0.833,14.0,2.0,473.0,362.0,111.0
248,1,kansas-city-chiefs,2021,1,54.0,83.0,0.3941605839416058,0.6058394160583942,0.8663195660861713,0.1336804339138286,2.197884825070472,0.220653246339693,0.6506013357544217,6.480477809989703,9.960763781028122,0.706,0.833,0.583,12.0,5.0,480.0,364.0,116.0
249,1,kansas-city-chiefs,2022,1,53.0,82.0,0.3925925925925926,0.6074074074074074,0.8839722403515443,0.1160277596484557,2.251627404669028,0.19102131161636,0.6463403993176353,7.618561493114345,11.787248230934862,0.824,1.0,0.75,14.0,3.0,496.0,369.0,127.0
250,1,kansas-city-chiefs,2023,1,53.0,70.0,0.4308943089430894,0.5691056910569106,0.8952663729125381,0.1047336270874619,2.077693657891362,0.1840319447393974,0.7571415267370316,8.547950165181929,11.28979194911819,0.647,0.667,0.75,11.0,6.0,371.0,294.0,77.0
251,1,kansas-city-chiefs,2024,1,53.0,89.0,0.3732394366197183,0.6267605633802817,0.883776876671277,0.1162231233287229,2.367855028062667,0.1854346462098725,0.5955046678464849,7.604074363905015,12.769147013852844,0.882,0.833,0.833,15.0,2.0,385.0,326.0,59.0
252,1,las-vegas-raiders,2014,1,55.0,73.0,0.4296875,0.5703125,0.6276812231992592,0.3723187768007407,1.4607853921728218,0.6528329237054084,0.7534233364631908,1.6858659203998818,2.237606440366297,0.188,0.167,0.167,3.0,13.0,253.0,452.0,-199.0
253,1,las-vegas-raiders,2015,1,54.0,89.0,0.3776223776223776,0.6223776223776224,0.6883435531082613,0.3116564468917386,1.8228357054533588,0.5007513697249284,0.6067405981583647,2.2086542772307745,3.6401938675890295,0.438,0.5,0.583,7.0,9.0,359.0,399.0,-40.0
254,1,las-vegas-raiders,2016,1,53.0,51.0,0.5096153846153846,0.4903846153846153,0.868630648440428,0.1313693515595719,1.7044827818453685,0.2678904423959898,1.0392135670939024,6.612075237132436,6.362587645953425,0.75,0.5,0.75,12.0,4.0,416.0,385.0,31.0
255,1,las-vegas-raiders,2017,1,53.0,48.0,0.5247524752475248,0.4752475247524752,0.8779824009816151,0.1220175990183849,1.6731362735687385,0.256745364601185,1.104164343320861,7.195480099302947,6.516689247645986,0.375,0.333,0.417,6.0,10.0,301.0,373.0,-72.0
256,1,las-vegas-raiders,2018,1,53.0,95.0,0.3581081081081081,0.6418918918918919,0.6443360669332595,0.3556639330667404,1.799278073700423,0.5540869694092377,0.5578938677021851,1.8116378845039245,3.2472787229414,0.25,0.167,0.25,4.0,12.0,290.0,467.0,-177.0
257,1,las-vegas-raiders,2019,1,51.0,92.0,0.3566433566433566,0.6433566433566433,0.6888425917481962,0.3111574082518039,1.9314606003920007,0.4836468410870429,0.5543469644389575,2.2138003456771536,3.993526769500027,0.438,0.5,0.417,7.0,9.0,313.0,419.0,-106.0
258,1,las-vegas-raiders,2020,1,53.0,87.0,0.3785714285714285,0.6214285714285714,0.7747879825065794,0.2252120174934205,2.0466097651117194,0.3624101430928607,0.6091944219859875,3.4402451116273256,5.647204298537025,0.5,0.667,0.5,8.0,8.0,434.0,478.0,-44.0
259,1,las-vegas-raiders,2021,1,54.0,97.0,0.3576158940397351,0.6423841059602649,0.6817978198753406,0.3182021801246594,1.906508718540304,0.4953456618435419,0.5567001643121153,2.1426492959883032,3.8488373202007886,0.588,0.5,0.667,10.0,7.0,374.0,439.0,-65.0
260,1,las-vegas-raiders,2022,1,53.0,117.0,0.3117647058823529,0.6882352941176471,0.612068709357617,0.3879312906423829,1.9632392564300924,0.5636608496513256,0.4529907947996998,1.5777720084710745,3.4830089310541923,0.353,0.5,0.417,6.0,11.0,395.0,418.0,-23.0
261,1,las-vegas-raiders,2023,1,52.0,109.0,0.3229813664596273,0.6770186335403726,0.6975473846094626,0.3024526153905373,2.1597140177331444,0.4467419364942799,0.4770635155300367,2.306295408996081,4.834355154400516,0.471,0.667,0.5,8.0,9.0,332.0,331.0,1.0
262,1,las-vegas-raiders,2024,1,54.0,101.0,0.3483870967741935,0.6516129032258065,0.4937462516867079,0.5062537483132922,1.417234611322958,0.7769240691936661,0.5346526448400005,0.9752920902603692,1.8241586834028136,0.235,0.0,0.25,4.0,13.0,309.0,434.0,-125.0
263,1,los-angeles-chargers,2012,1,55.0,31.0,0.6395348837209303,0.3604651162790697,0.749617083613538,0.250382916386462,1.1721285307411686,0.6946106712656688,1.774188626444456,2.9938707502942035,1.6874587330290676,0.438,0.667,0.583,7.0,9.0,350.0,350.0,0.0
264,1,los-angeles-chargers,2013,1,53.0,59.0,0.4732142857142857,0.5267857142857143,0.7809118855653091,0.2190881144346909,1.650228890251219,0.4158960816387352,0.8983033794918897,3.5643573053835778,3.9678780234497375,0.563,0.667,0.5,9.0,7.0,396.0,348.0,48.0
265,1,los-angeles-chargers,2014,1,54.0,89.0,0.3776223776223776,0.6223776223776224,0.7064059481486903,0.2935940518513097,1.870667603430791,0.4717297687049133,0.6067405981583647,2.4060553599058863,3.965540786255071,0.563,0.333,0.5,9.0,7.0,348.0,348.0,0.0
266,1,los-angeles-chargers,2015,1,53.0,113.0,0.3192771084337349,0.6807228915662651,0.6490493975928855,0.3509506024071145,2.032871698121113,0.5155557522086816,0.4690258596611264,1.8493985869879817,3.943060951897433,0.25,0.0,0.25,4.0,12.0,320.0,398.0,-78.0
267,1,los-angeles-chargers,2016,1,53.0,91.0,0.3680555555555556,0.6319444444444444,0.653757921598011,0.3462420784019889,1.7762479379266711,0.5478995526361143,0.5824166607912181,1.888147265254489,3.2419166751714488,0.313,0.167,0.333,5.0,11.0,410.0,423.0,-13.0
268,1,los-angeles-chargers,2017,1,53.0,68.0,0.4380165289256198,0.5619834710743802,0.8058570187188152,0.1941429812811848,1.839786778584465,0.3454603049268141,0.7794103778138864,4.150821536680383,5.325594364249343,0.563,0.5,0.5,9.0,7.0,355.0,272.0,83.0
269,1,los-angeles-chargers,2018,1,53.0,62.0,0.4608695652173913,0.5391304347826087,0.8149124601612834,0.1850875398387166,1.76820628148203,0.3433075335718131,0.8548371240924311,4.402825052655264,5.150487414587256,0.75,0.667,0.75,12.0,4.0,428.0,329.0,99.0
270,1,los-angeles-chargers,2019,1,53.0,70.0,0.4308943089430894,0.5691056910569106,0.8440917146076523,0.1559082853923476,1.9589298282404008,0.2739531300465537,0.7571415267370316,5.413992582183191,7.150576003024721,0.313,0.0,0.25,5.0,11.0,337.0,345.0,-8.0
271,1,los-angeles-chargers,2020,1,55.0,76.0,0.4198473282442748,0.5801526717557252,0.6852399886481767,0.3147600113518233,1.6321170638711118,0.5425468616722218,0.7236829631254188,2.177016733124712,3.0082453165342105,0.438,0.5,0.5,7.0,9.0,384.0,426.0,-42.0
272,1,los-angeles-chargers,2021,1,53.0,70.0,0.4308943089430894,0.5691056910569106,0.8729191861542198,0.1270808138457801,2.0258313188107366,0.2232991443290136,0.7571415267370316,6.86895441399309,9.072234704093372,0.529,0.5,0.5,9.0,8.0,474.0,459.0,15.0
273,1,los-angeles-chargers,2022,1,53.0,88.0,0.375886524822695,0.624113475177305,0.8264581525702739,0.1735418474297261,2.1986905568378985,0.2780613691771748,0.6022717622691082,4.762271478258055,7.907184864115663,0.588,0.333,0.583,10.0,7.0,391.0,384.0,7.0
274,1,los-angeles-chargers,2023,1,53.0,91.0,0.3680555555555556,0.6319444444444444,0.6065673243758186,0.3934326756241814,1.6480319756626016,0.622574783405298,0.5824166607912181,1.5417270100570353,2.647118663447482,0.294,0.167,0.25,5.0,12.0,346.0,398.0,-52.0
275,1,los-angeles-chargers,2024,1,53.0,121.0,0.3045977011494253,0.6954022988505747,0.7060535520806609,0.2939464479193391,2.317987133245943,0.4226998507269836,0.4380158990515171,2.4019720432286458,5.483753177357805,0.647,0.667,0.667,11.0,6.0,402.0,301.0,101.0
276,1,los-angeles-rams,2012,1,55.0,38.0,0.5913978494623656,0.4086021505376344,0.8078715582215008,0.1921284417784992,1.3660373620836286,0.4702090811947481,1.4473648788175335,4.204829570851895,2.905163918673733,0.469,0.75,0.542,7.0,8.0,299.0,348.0,-49.0
277,1,los-angeles-rams,2014,1,53.0,68.0,0.4380165289256198,0.5619834710743802,0.6981511485586905,0.3018488514413095,1.593892244822671,0.5371133974176243,0.7794103778138864,2.3129087035328104,2.967509812594665,0.375,0.333,0.333,6.0,10.0,324.0,354.0,-30.0
278,1,los-angeles-rams,2015,1,53.0,83.0,0.3897058823529412,0.6102941176470589,0.6682060638343772,0.3317939361656228,1.7146419751221753,0.5436623532352375,0.6385531705634795,2.013912784675012,3.1538671218478607,0.438,0.667,0.5,7.0,9.0,280.0,330.0,-50.0
279,1,los-angeles-rams,2016,1,53.0,74.0,0.4173228346456692,0.5826771653543307,0.7326407771336781,0.2673592228663219,1.7555731829429646,0.4588462338381471,0.7162149870364412,2.7402759067117963,3.82605157768527,0.25,0.333,0.25,4.0,12.0,224.0,394.0,-170.0
280,1,los-angeles-rams,2017,1,53.0,63.0,0.4568965517241379,0.5431034482758621,0.8736447947193234,0.1263552052806765,1.912128229951727,0.2326540287707695,0.8412682922679062,6.914142386428001,8.218727272109428,0.688,0.667,0.583,11.0,5.0,478.0,329.0,149.0
281,1,los-angeles-rams,2018,1,53.0,63.0,0.4568965517241379,0.5431034482758621,0.8817511665157818,0.1182488334842181,1.929870477657183,0.2177280108598303,0.8412682922679062,7.456679984530057,8.863634983854292,0.813,1.0,0.75,13.0,3.0,527.0,384.0,143.0
282,1,los-angeles-rams,2019,1,53.0,49.0,0.5196078431372549,0.4803921568627451,0.8969822552118604,0.1030177447881396,1.7262677364454673,0.2144451013957193,1.0816304015040623,8.706981016479325,8.049890975914595,0.563,0.5,0.583,9.0,7.0,394.0,364.0,30.0
283,1,los-angeles-rams,2020,1,53.0,76.0,0.4108527131782946,0.5891472868217055,0.7817479061402801,0.2182520938597199,1.9027449036244557,0.3704542119461036,0.6973672373635049,3.581841119937301,5.136234670930423,0.625,0.5,0.75,10.0,6.0,372.0,296.0,76.0
284,1,los-angeles-rams,2021,1,54.0,108.0,0.3333333333333333,0.6666666666666666,0.6611960580979585,0.3388039419020416,1.9835881742938757,0.5082059128530625,0.499999250001125,1.9515537594759451,3.9031113590290514,0.706,0.5,0.667,12.0,5.0,460.0,372.0,88.0
285,1,los-angeles-rams,2022,1,54.0,104.0,0.3417721518987341,0.6582278481012658,0.5667912047764121,0.4332087952235879,1.658389080642095,0.6581441312050662,0.5192299804006067,1.3083526989131913,2.5197923710315657,0.294,0.167,0.25,5.0,12.0,307.0,384.0,-77.0
286,1,los-angeles-rams,2023,1,52.0,97.0,0.348993288590604,0.6510067114093959,0.6072553259208199,0.3927446740791801,1.7400200685038876,0.6032882106989468,0.5360816507611756,1.5461795406011098,2.884222090575712,0.588,0.833,0.667,10.0,7.0,404.0,377.0,27.0
287,1,los-angeles-rams,2024,1,53.0,93.0,0.363013698630137,0.636986301369863,0.8226347736979731,0.1773652263020269,2.2661259803755485,0.2784443337644724,0.5698915784497801,4.638057598954352,8.138495085331144,0.588,0.667,0.5,10.0,7.0,367.0,386.0,-19.0
288,1,miami-dolphins,2012,1,63.0,48.0,0.5675675675675675,0.4324324324324324,0.7316335413898349,0.268366458610165,1.2890686205439947,0.6205974355360065,1.3124969648507687,2.726237917141131,2.077138044072952,0.438,0.333,0.417,7.0,9.0,288.0,317.0,-29.0
289,1,miami-dolphins,2013,1,53.0,69.0,0.4344262295081967,0.5655737704918032,0.7220362590257949,0.2779637409742051,1.662045728323528,0.4914721217225076,0.7681145839133444,2.5975821843274693,3.381763223385269,0.5,0.333,0.583,8.0,8.0,317.0,335.0,-18.0
290,1,miami-dolphins,2014,1,51.0,104.0,0.3290322580645161,0.6709677419354839,0.7352926620892438,0.2647073379107561,2.2347129926241727,0.3945157440016077,0.4903838845240182,2.7777465110945645,5.664431298802025,0.5,0.5,0.5,8.0,8.0,388.0,373.0,15.0
291,1,miami-dolphins,2015,1,52.0,112.0,0.3170731707317073,0.6829268292682927,0.6251194514570427,0.3748805485429572,1.971530577672212,0.5489322317950446,0.4642850344397709,1.667511921796842,3.591567176986513,0.375,0.167,0.333,6.0,10.0,310.0,389.0,-79.0
292,1,miami-dolphins,2016,1,50.0,74.0,0.4032258064516129,0.5967741935483871,0.6508629152474678,0.3491370847525322,1.61414002981372,0.5850405203961351,0.6756745434642785,1.8641991340154056,2.7590179047818286,0.625,0.667,0.583,10.0,6.0,363.0,380.0,-17.0
293,1,miami-dolphins,2017,1,53.0,59.0,0.4732142857142857,0.5267857142857143,0.5959627033764683,0.4040372966235317,1.2593928826068763,0.7669860546073823,0.8983033794918897,1.475015384325721,1.6420001811524116,0.375,0.333,0.417,6.0,10.0,281.0,393.0,-112.0
294,1,miami-dolphins,2018,1,53.0,68.0,0.4380165289256198,0.5619834710743802,0.7253985576726827,0.2746014423273173,1.6560985939319737,0.4886290370824322,0.7794103778138864,2.641631849756205,3.3892689115478767,0.438,0.667,0.5,7.0,9.0,319.0,433.0,-114.0
295,1,miami-dolphins,2020,1,53.0,77.0,0.4076923076923077,0.5923076923076923,0.7718901723794906,0.2281098276205093,1.893315517157241,0.3851204881904703,0.6883105262289816,3.383838375544477,4.916151332020353,0.625,0.5,0.583,10.0,6.0,404.0,338.0,66.0
296,1,miami-dolphins,2021,1,55.0,87.0,0.3873239436619718,0.6126760563380281,0.7657899428983659,0.234210057101634,1.977130398028508,0.3822738863038165,0.6321828762072595,3.2696575147861497,5.172012258365217,0.529,0.667,0.5,9.0,8.0,341.0,373.0,-32.0
297,1,miami-dolphins,2022,1,53.0,89.0,0.3732394366197183,0.6267605633802817,0.7182005550245,0.2817994449755001,1.9242354493109244,0.4496125976013597,0.5955046678464849,2.548613984931574,4.279753680886241,0.529,0.5,0.583,9.0,8.0,397.0,399.0,-2.0
298,1,miami-dolphins,2023,1,53.0,93.0,0.363013698630137,0.636986301369863,0.7716087115826744,0.2283912884173256,2.125563620586235,0.3585497646121456,0.5698915784497801,3.3784359223756564,5.928208305135025,0.647,0.667,0.583,11.0,6.0,496.0,391.0,105.0
299,1,miami-dolphins,2024,1,53.0,109.0,0.3271604938271605,0.6728395061728395,0.5805018835294469,0.4194981164705531,1.774364247769253,0.6234742648461431,0.4862378094447235,1.3837976308829616,2.8459256490425777,0.471,0.5,0.5,8.0,9.0,345.0,364.0,-19.0
300,1,minnesota-vikings,2013,1,54.0,59.0,0.4778761061946903,0.5221238938053098,0.9083233569157012,0.0916766430842987,1.9007507283606344,0.1755840791275551,0.9152524843469368,9.907795688862626,10.825240605893509,0.344,0.417,0.375,5.0,10.0,391.0,480.0,-89.0
301,1,minnesota-vikings,2014,1,54.0,87.0,0.3829787234042553,0.6170212765957447,0.6771413140191547,0.3228586859808453,1.7680912088277927,0.5232537324517148,0.6206886492287409,2.097323832679836,3.3790257386557885,0.438,0.167,0.5,7.0,9.0,325.0,343.0,-18.0
302,1,minnesota-vikings,2015,1,53.0,72.0,0.424,0.576,0.8036917470286976,0.1963082529713024,1.89549940336957,0.3408129391862889,0.7361098331426508,4.094008483370805,5.561683914382064,0.688,0.833,0.667,11.0,5.0,365.0,302.0,63.0
303,1,minnesota-vikings,2016,1,53.0,67.0,0.4416666666666666,0.5583333333333333,0.7577975877464982,0.2422024122535018,1.7157681231996185,0.4337953652301525,0.7910433593253265,3.12876511811217,3.955238588247069,0.5,0.333,0.417,8.0,8.0,327.0,307.0,20.0
304,1,minnesota-vikings,2017,1,53.0,58.0,0.4774774774774775,0.5225225225225225,0.7667853779517159,0.2332146220482841,1.6059089991064237,0.4463245352993025,0.9137913546406832,3.2878817088546635,3.5980665951131683,0.813,0.833,0.833,13.0,3.0,382.0,252.0,130.0
305,1,minnesota-vikings,2018,1,53.0,64.0,0.452991452991453,0.5470085470085471,0.9106468389233092,0.0893531610766908,2.010295851962777,0.1633487475933253,0.8281234860867519,10.191431802954538,12.306697020234145,0.531,0.583,0.542,8.0,7.0,360.0,341.0,19.0
306,1,minnesota-vikings,2019,1,51.0,73.0,0.4112903225806452,0.5887096774193549,0.9274904732933262,0.0725095267066737,2.255074876242597,0.1231668672825691,0.6986289502741119,12.791114827303568,18.308954486230174,0.625,0.333,0.583,10.0,6.0,407.0,303.0,104.0
307,1,minnesota-vikings,2020,1,52.0,101.0,0.3398692810457516,0.6601307189542484,0.57787074643569,0.4221292535643099,1.7002735423973188,0.6394631266865289,0.5148507052261594,1.3689394246357984,2.658903715533691,0.438,0.667,0.417,7.0,9.0,430.0,475.0,-45.0
308,1,minnesota-vikings,2021,1,56.0,93.0,0.3758389261744966,0.6241610738255033,0.6263618078983123,0.3736381921016877,1.6665698103008664,0.5986246303564673,0.6021495729001467,1.676381442682932,2.783993410553544,0.471,0.667,0.5,8.0,9.0,425.0,426.0,-1.0
309,1,minnesota-vikings,2022,1,54.0,83.0,0.3941605839416058,0.6058394160583942,0.7795386998688,0.2204613001312,1.9777185533708448,0.3638939532286073,0.6506013357544217,3.5359274551925037,5.434861175797609,0.765,0.667,0.667,13.0,4.0,424.0,427.0,-3.0
310,1,minnesota-vikings,2023,1,52.0,105.0,0.3312101910828025,0.6687898089171974,0.5736422809183153,0.4263577190816847,1.7319584250802982,0.6375063037697573,0.4952373547403362,1.345445173852333,2.716766403833726,0.412,0.333,0.5,7.0,10.0,344.0,362.0,-18.0
311,1,minnesota-vikings,2024,1,52.0,107.0,0.3270440251572327,0.6729559748427673,0.6510547394843448,0.3489452605156553,1.9907250688079,0.5185261347849457,0.4859805862531475,1.865773653863632,3.839191693668133,0.824,0.667,0.75,14.0,3.0,432.0,332.0,100.0
312,1,new-england-patriots,2012,1,63.0,65.0,0.4921875,0.5078125,0.7942748863358133,0.2057251136641866,1.6137648484283194,0.4051202238310136,0.9692288605954744,3.860836488810234,3.9834122566273193,0.75,1.0,0.917,12.0,4.0,557.0,331.0,226.0
313,1,new-england-patriots,2013,1,53.0,79.0,0.4015151515151515,0.5984848484848485,0.6835394511246374,0.3164605488753625,1.7024001424236257,0.5287695247031374,0.6708849549770372,2.159944718572579,3.219544325734472,0.75,0.667,0.75,12.0,4.0,444.0,338.0,106.0
314,1,new-england-patriots,2014,1,54.0,92.0,0.3698630136986301,0.6301369863013698,0.8186650158653281,0.1813349841346719,2.213427635487739,0.2877707356919792,0.5869555902661284,4.514630782036809,7.691608872446439,0.75,0.667,0.75,12.0,4.0,468.0,313.0,155.0
315,1,new-england-patriots,2015,1,52.0,118.0,0.3058823529411765,0.6941176470588235,0.6822632616611253,0.3177367383388747,2.230476047738294,0.4577563179458365,0.4406773312275737,2.147252842007315,4.872616909211732,0.75,0.667,0.75,12.0,4.0,465.0,315.0,150.0
316,1,new-england-patriots,2016,1,53.0,79.0,0.4015151515151515,0.5984848484848485,0.7964545874583633,0.2035454125416367,1.983622746122716,0.3401011956391905,0.6708849549770372,3.912889338177077,5.832431461945376,0.875,0.833,0.917,14.0,2.0,441.0,250.0,191.0
317,1,new-england-patriots,2017,1,52.0,81.0,0.3909774436090225,0.6090225563909775,0.7908236811877379,0.2091763188122621,2.0226836461147912,0.3434623506423563,0.6419742545361005,3.7806378133066474,5.889081447356473,0.813,0.833,0.833,13.0,3.0,458.0,296.0,162.0
318,1,new-england-patriots,2018,1,52.0,79.0,0.3969465648854962,0.6030534351145038,0.8861151766083964,0.1138848233916036,2.232328617994229,0.1888469856240515,0.6582267566113276,7.780732932504105,11.82077007926486,0.688,0.833,0.667,11.0,5.0,436.0,325.0,111.0
319,1,new-england-patriots,2019,1,53.0,86.0,0.381294964028777,0.6187050359712231,0.8032982316648577,0.1967017683351422,2.106763286819155,0.3179249511463346,0.6162780736900901,4.083817622211589,6.626584835943312,0.75,0.833,0.667,12.0,4.0,420.0,225.0,195.0
320,1,new-england-patriots,2020,1,53.0,118.0,0.3099415204678362,0.6900584795321637,0.5571766863028881,0.442823313697112,1.797683270901771,0.6417185308661538,0.4491518914832759,1.2582341779091926,2.8013535266339296,0.438,0.5,0.5,7.0,9.0,326.0,353.0,-27.0
321,1,new-england-patriots,2021,1,59.0,90.0,0.3959731543624161,0.6040268456375839,0.7357737632282094,0.2642262367717906,1.8581405206949697,0.4374412142110755,0.6555544702487103,2.784624977415508,4.247739382094422,0.588,0.5,0.667,10.0,7.0,462.0,303.0,159.0
322,1,new-england-patriots,2022,1,53.0,87.0,0.3785714285714285,0.6214285714285714,0.7746235930969089,0.2253764069030911,2.046175528935231,0.3626746777750892,0.6091944219859875,3.437006414001317,5.641887929976248,0.471,0.5,0.5,8.0,9.0,364.0,347.0,17.0
323,1,new-england-patriots,2023,1,53.0,92.0,0.3655172413793103,0.6344827586206897,0.5530591144914996,0.4469408855085003,1.5130862566276877,0.7044176999862234,0.5760860485600321,1.2374295907895636,2.1479927444533766,0.235,0.333,0.333,4.0,13.0,236.0,366.0,-130.0
324,1,new-england-patriots,2024,1,53.0,112.0,0.3212121212121212,0.6787878787878788,0.5662357283980046,0.4337642716019954,1.7628093431258631,0.639027721556511,0.4732135885692668,1.3053966406917854,2.7585760759424227,0.235,0.333,0.25,4.0,13.0,289.0,417.0,-128.0
325,1,new-orleans-saints,2013,1,55.0,45.0,0.55,0.45,0.7847748189945007,0.2152251810054992,1.4268633072627288,0.4782781800122205,1.2222195061788752,3.646279534061189,2.983327242524484,0.688,0.833,0.75,11.0,5.0,414.0,304.0,110.0
326,1,new-orleans-saints,2014,1,54.0,83.0,0.3941605839416058,0.6058394160583942,0.7690943526084562,0.2309056473915438,1.951220857543676,0.3811334179836326,0.6506013357544217,3.3307588209200323,5.119508408257869,0.438,0.5,0.5,7.0,9.0,401.0,424.0,-23.0
327,1,new-orleans-saints,2015,1,53.0,111.0,0.3231707317073171,0.676829268292683,0.6532945477470583,0.3467054522529417,2.021515204349388,0.5122494970223642,0.4774767720163008,1.8842872507906008,3.9463411282178433,0.438,0.5,0.417,7.0,9.0,408.0,476.0,-68.0
328,1,new-orleans-saints,2016,1,53.0,84.0,0.3868613138686131,0.6131386861313869,0.5900596705339762,0.4099403294660238,1.5252485823236743,0.668593156391015,0.6309513519007713,1.4393759011870522,2.281277166041608,0.438,0.333,0.5,7.0,9.0,469.0,454.0,15.0
329,1,new-orleans-saints,2017,1,51.0,102.0,0.3333333333333333,0.6666666666666666,0.6045242177313446,0.3954757822686555,1.8135726531940333,0.5932136734029831,0.499999250001125,1.5285959753780916,3.0571945275568657,0.688,0.667,0.667,11.0,5.0,448.0,326.0,122.0
330,1,new-orleans-saints,2018,1,51.0,88.0,0.3669064748201439,0.6330935251798561,0.7892309719005944,0.2107690280994056,2.151041276356522,0.3329192602933793,0.5795445391285121,3.744512343701776,6.461130585627201,0.813,0.667,0.75,13.0,3.0,504.0,353.0,151.0
331,1,new-orleans-saints,2019,1,52.0,76.0,0.40625,0.59375,0.8153906364724878,0.1846093635275122,2.0071154128553546,0.3109210333094943,0.6842093739631596,4.416819407600436,6.455365647430511,0.813,0.833,0.75,13.0,3.0,458.0,341.0,117.0
332,1,new-orleans-saints,2020,1,53.0,84.0,0.3868613138686131,0.6131386861313869,0.8314295513075929,0.1685704486924071,2.1491669533800044,0.2749303746530925,0.6309513519007713,4.932208613955174,7.817103290200387,0.75,1.0,0.833,12.0,4.0,482.0,337.0,145.0
333,1,new-orleans-saints,2021,1,54.0,110.0,0.3292682926829268,0.6707317073170732,0.5810824622563528,0.4189175377436472,1.7647689594452194,0.6245679653632558,0.4909083590093556,1.3871013333192244,2.8255790109885006,0.529,0.667,0.583,9.0,8.0,364.0,335.0,29.0
334,1,new-orleans-saints,2022,1,54.0,113.0,0.3233532934131736,0.6766467065868264,0.63510443441274,0.36489556558726,1.964119269387548,0.539270437637809,0.4778753999540549,1.7405053768884091,3.642171886556895,0.412,0.333,0.417,7.0,10.0,330.0,345.0,-15.0
335,1,new-orleans-saints,2023,1,54.0,109.0,0.3312883435582822,0.6687116564417178,0.6259012528088284,0.3740987471911716,1.8892945223673892,0.5594320714877153,0.495412103191075,1.6730865431164854,3.377159161046982,0.529,0.667,0.5,9.0,8.0,402.0,327.0,75.0
336,1,new-orleans-saints,2024,1,52.0,108.0,0.325,0.675,0.5638308950074555,0.4361691049925444,1.7348642923306323,0.6461764518408065,0.4814807681766397,1.2926857860125311,2.6848109406919334,0.294,0.333,0.333,5.0,12.0,338.0,398.0,-60.0
337,1,new-york-giants,2013,1,55.0,64.0,0.4621848739495798,0.5378151260504201,0.7320876038068719,0.2679123961931281,1.5839713609639592,0.4981496116715976,0.8593734021025805,2.73255318401152,3.179703735881753,0.438,0.5,0.5,7.0,9.0,294.0,383.0,-89.0
338,1,new-york-giants,2014,1,54.0,73.0,0.4251968503937008,0.5748031496062992,0.6438273355984958,0.3561726644015041,1.5141865115001665,0.6196428545067264,0.7397247404788762,1.8076219550941537,2.443640004637098,0.375,0.333,0.333,6.0,10.0,380.0,400.0,-20.0
339,1,new-york-giants,2015,1,53.0,101.0,0.3441558441558441,0.6558441558441559,0.613257231516652,0.386742768483348,1.7819172387464983,0.5896869935290653,0.5247516751311091,1.5856938921643078,3.021796709955684,0.375,0.333,0.333,6.0,10.0,420.0,442.0,-22.0
340,1,new-york-giants,2016,1,53.0,71.0,0.4274193548387097,0.5725806451612904,0.8217855133996387,0.1782144866003613,1.922667993614249,0.3112478357527437,0.746477569532132,4.611190245449593,6.177269672236198,0.688,0.667,0.667,11.0,5.0,310.0,284.0,26.0
341,1,new-york-giants,2017,1,54.0,87.0,0.3829787234042553,0.6170212765957447,0.624716817330504,0.3752831826694959,1.631205023029649,0.6082175719126315,0.6206886492287409,1.6646500070605896,2.6819388594137936,0.188,0.167,0.083,3.0,13.0,246.0,388.0,-142.0
342,1,new-york-giants,2018,1,53.0,72.0,0.424,0.576,0.6874378607064741,0.312562139293526,1.621315709213382,0.5426426029401492,0.7361098331426508,2.1993567835934287,2.987809494903794,0.313,0.167,0.333,5.0,11.0,369.0,412.0,-43.0
343,1,new-york-giants,2019,1,53.0,97.0,0.3533333333333333,0.6466666666666666,0.6428061478589161,0.3571938521410839,1.8192626826195737,0.5523616270222946,0.5463909076429263,1.7995952181444717,3.2936020534679367,0.25,0.333,0.25,4.0,12.0,341.0,451.0,-110.0
344,1,new-york-giants,2020,1,53.0,117.0,0.3117647058823529,0.6882352941176471,0.7765277183888685,0.2234722816111315,2.4907492853982576,0.3247033151614732,0.4529907947996998,3.474812347992962,7.670822865903785,0.375,0.667,0.417,6.0,10.0,280.0,357.0,-77.0
345,1,new-york-giants,2021,1,49.0,120.0,0.2899408284023668,0.7100591715976331,0.6678490197823812,0.3321509802176188,2.3033976396576,0.4677792971398131,0.4083327582646988,2.0106730038003118,4.924101450491717,0.235,0.167,0.25,4.0,13.0,258.0,416.0,-158.0
346,1,new-york-giants,2022,1,53.0,122.0,0.3028571428571429,0.6971428571428572,0.6542329080735368,0.3457670919264632,2.160202998356018,0.4959773859600906,0.4344256063567122,1.892114753644408,4.355437776132932,0.559,0.25,0.375,9.0,7.0,365.0,371.0,-6.0
347,1,new-york-giants,2023,1,53.0,101.0,0.3441558441558441,0.6558441558441559,0.5814921990607768,0.4185078009392233,1.689618842553955,0.6381208053924791,0.5247516751311091,1.3894384007117266,2.6477998844041206,0.353,0.5,0.417,6.0,11.0,266.0,407.0,-141.0
348,1,new-york-giants,2024,1,52.0,132.0,0.2826086956521739,0.717391304347826,0.4497213194391307,0.5502786805608693,1.5913215918615398,0.7670551304787875,0.3939388448125193,0.8172595415130629,2.074582978521083,0.176,0.0,0.083,3.0,14.0,273.0,415.0,-142.0
349,1,new-york-jets,2012,1,65.0,52.0,0.5555555555555556,0.4444444444444444,0.7738321316458073,0.2261678683541926,1.3928978369624532,0.5088777037969336,1.2499971875063285,3.421479433827048,2.737190270627408,0.375,0.333,0.333,6.0,10.0,281.0,375.0,-94.0
350,1,new-york-jets,2013,1,54.0,65.0,0.453781512605042,0.5462184873949579,0.6557652780197712,0.3442347219802288,1.4451123719324588,0.6302143371638035,0.8307677098252697,1.9049890413680983,2.2930453873686827,0.5,0.5,0.417,8.0,8.0,290.0,387.0,-97.0
351,1,new-york-jets,2014,1,53.0,66.0,0.4453781512605042,0.5546218487394958,0.7858933974905626,0.2141066025094373,1.7645531000259804,0.3860406924033794,0.8030288551449429,3.6705534426593855,4.5708873801697525,0.25,0.167,0.333,4.0,12.0,283.0,401.0,-118.0
352,1,new-york-jets,2015,1,53.0,81.0,0.3955223880597014,0.6044776119402985,0.8854283447996179,0.1145716552003821,2.2386301547763923,0.1895382937882865,0.6543199051991692,7.72809483424335,11.810902689533703,0.625,0.5,0.583,10.0,6.0,387.0,314.0,73.0
353,1,new-york-jets,2016,1,54.0,102.0,0.3461538461538461,0.6538461538461539,0.6159762518620009,0.384023748137999,1.7794869498235584,0.5873304383287045,0.5294109550185393,1.604001447429243,3.029783242809582,0.313,0.333,0.333,5.0,11.0,275.0,409.0,-134.0
354,1,new-york-jets,2017,1,53.0,85.0,0.3840579710144927,0.6159420289855072,0.6791949293841534,0.3208050706158465,1.768469816132324,0.5208364675880803,0.6235283994480103,2.1171511127589118,3.395435094794237,0.313,0.333,0.417,5.0,11.0,298.0,382.0,-84.0
355,1,new-york-jets,2018,1,52.0,71.0,0.4227642276422764,0.5772357723577236,0.6167961775751695,0.3832038224248306,1.4589601892643431,0.6638601430740022,0.7323930974035073,1.6095731094202506,2.197688785502105,0.25,0.167,0.25,4.0,12.0,333.0,441.0,-108.0
356,1,new-york-jets,2019,1,53.0,85.0,0.3840579710144927,0.6159420289855072,0.5129801648002333,0.4870198351997666,1.3356842026874,0.7906910265596211,0.6235283994480103,1.0533022978161062,1.6892597342850333,0.438,0.333,0.333,7.0,9.0,276.0,359.0,-83.0
357,1,new-york-jets,2020,1,53.0,96.0,0.3557046979865771,0.6442953020134228,0.4741352446202247,0.5258647553797753,1.3329462537436505,0.8161859224123594,0.552082476455323,0.9016279150518344,1.6331384602487056,0.125,0.0,0.083,2.0,14.0,243.0,457.0,-214.0
358,1,new-york-jets,2021,1,55.0,101.0,0.3525641025641026,0.6474358974358975,0.428581826747049,0.571418173252951,1.21561390859163,0.8825864854203994,0.5445536143528332,0.7500305324149984,1.3773296456980708,0.235,0.0,0.333,4.0,13.0,310.0,504.0,-194.0
359,1,new-york-jets,2022,1,54.0,93.0,0.3673469387755102,0.6326530612244898,0.7571247017683486,0.2428752982316514,2.0610616881471717,0.3838996649468039,0.5806442434978086,3.1173264220546355,5.3687369581211,0.412,0.333,0.417,7.0,10.0,296.0,316.0,-20.0
360,1,new-york-jets,2023,1,54.0,119.0,0.3121387283236994,0.6878612716763006,0.6469560211523399,0.3530439788476601,2.0726554010991625,0.5132488095852538,0.4537808529068272,1.8325031084254657,4.038297457477931,0.412,0.333,0.333,7.0,10.0,268.0,355.0,-87.0
361,1,new-york-jets,2024,1,53.0,136.0,0.2804232804232804,0.7195767195767195,0.606612256315357,0.393387743684643,2.1632021970491038,0.5466932614440996,0.3897053407771367,1.542017320154038,3.956877453469108,0.294,0.333,0.417,5.0,12.0,338.0,404.0,-66.0
362,1,philadelphia-eagles,2012,1,59.0,44.0,0.5728155339805825,0.4271844660194174,0.7578943439747722,0.2421056560252278,1.3231036852440938,0.5667473311499651,1.340905951970158,3.1304151501551387,2.334552415107143,0.25,0.167,0.167,4.0,12.0,280.0,444.0,-164.0
363,1,philadelphia-eagles,2013,1,53.0,58.0,0.4774774774774775,0.5225225225225225,0.8507950500931575,0.1492049499068424,1.7818537841573678,0.2855474041320606,0.9137913546406832,5.702152297709012,6.240111162846126,0.625,0.667,0.75,10.0,6.0,442.0,382.0,60.0
364,1,philadelphia-eagles,2014,1,53.0,67.0,0.4416666666666666,0.5583333333333333,0.8656470849083914,0.1343529150916085,1.959955663943528,0.2406320867312392,0.7910433593253265,6.44303580076661,8.144996561227604,0.625,0.667,0.5,10.0,6.0,474.0,400.0,74.0
365,1,philadelphia-eagles,2015,1,53.0,86.0,0.381294964028777,0.6187050359712231,0.8241460067678874,0.1758539932321126,2.161439527183705,0.284229128596089,0.6162780736900901,4.686508990279791,7.604540510394879,0.438,0.5,0.333,7.0,9.0,377.0,430.0,-53.0
366,1,philadelphia-eagles,2016,1,52.0,90.0,0.3661971830985915,0.6338028169014085,0.783249582282313,0.2167504177176869,2.138873859309393,0.3419839923990173,0.5777768661742778,3.61358458703359,6.254291582520156,0.438,0.333,0.417,7.0,9.0,367.0,331.0,36.0
367,1,philadelphia-eagles,2017,1,53.0,82.0,0.3925925925925926,0.6074074074074074,0.756960464315134,0.243039535684866,1.9281068430668509,0.4001260648470356,0.6463403993176353,3.1145440911002287,4.818736377665295,0.813,0.833,0.833,13.0,3.0,457.0,295.0,162.0
368,1,philadelphia-eagles,2018,1,53.0,89.0,0.3732394366197183,0.6267605633802817,0.7934353343781892,0.2065646656218107,2.125807877013262,0.3295750844752487,0.5955046678464849,3.841080423456454,6.4501278373944375,0.563,0.667,0.5,9.0,7.0,367.0,348.0,19.0
369,1,philadelphia-eagles,2019,1,52.0,86.0,0.3768115942028985,0.6231884057971014,0.6959067123726052,0.3040932876273948,1.84682935206576,0.4879636475881451,0.6046501925380632,2.2884570368033224,3.7847605583602273,0.563,0.833,0.583,9.0,7.0,385.0,354.0,31.0
370,1,philadelphia-eagles,2020,1,52.0,100.0,0.3421052631578947,0.6578947368421053,0.6987044228595709,0.3012955771404291,2.042366774512592,0.4579692772534522,0.5199992096012014,2.318992235128901,4.4596055158014,0.281,0.333,0.333,4.0,11.0,334.0,418.0,-84.0
371,1,philadelphia-eagles,2021,1,62.0,84.0,0.4246575342465753,0.5753424657534246,0.537108616758053,0.462891383241947,1.2648041620431572,0.8045493089681459,0.7380939552176492,1.160331507285386,1.5720634843398384,0.529,0.5,0.583,9.0,8.0,444.0,385.0,59.0
372,1,philadelphia-eagles,2022,1,53.0,93.0,0.363013698630137,0.636986301369863,0.6640295299452852,0.3359704700547148,1.829213422113427,0.5274375121289071,0.5698915784497801,1.976446184067785,3.468107428731642,0.824,0.667,0.75,14.0,3.0,477.0,344.0,133.0
373,1,philadelphia-eagles,2023,1,53.0,108.0,0.3291925465838509,0.6708074534161491,0.6892618269010555,0.3107381730989444,2.093795360963584,0.463230054341945,0.4907400091746159,2.2181362588668003,4.5199805611866415,0.647,0.667,0.583,11.0,6.0,433.0,428.0,5.0
374,1,philadelphia-eagles,2024,1,53.0,114.0,0.3173652694610778,0.6826347305389222,0.6718146315837702,0.3281853684162298,2.116849876877162,0.4807627765395647,0.4649115996470426,2.0470522125151955,4.403097696157138,0.824,0.833,0.75,14.0,3.0,463.0,303.0,160.0
375,1,pittsburgh-steelers,2012,1,56.0,59.0,0.4869565217391304,0.5130434782608696,0.7437292722548867,0.2562707277451133,1.5273011840948567,0.4995107405201359,0.9491506923333962,2.9021120620632668,3.05758816099997,0.5,0.5,0.417,8.0,8.0,336.0,314.0,22.0
376,1,pittsburgh-steelers,2013,1,54.0,65.0,0.453781512605042,0.5462184873949579,0.7676586767423238,0.2323413232576762,1.691692269117343,0.425363345656361,0.8307677098252697,3.3039984535704328,3.977042943049134,0.5,0.667,0.5,8.0,8.0,379.0,370.0,9.0
377,1,pittsburgh-steelers,2014,1,53.0,63.0,0.4568965517241379,0.5431034482758621,0.8639532086540354,0.1360467913459646,1.890916456676757,0.2504988539068556,0.8412682922679062,6.350365559827672,7.548573091702736,0.688,0.667,0.75,11.0,5.0,436.0,368.0,68.0
378,1,pittsburgh-steelers,2015,1,53.0,78.0,0.4045801526717557,0.5954198473282443,0.6865303632443455,0.3134696367556545,1.6968958034907409,0.526468236089625,0.6794860382990895,2.1900946460241677,3.223162318266712,0.625,0.5,0.583,10.0,6.0,423.0,319.0,104.0
379,1,pittsburgh-steelers,2016,1,53.0,74.0,0.4173228346456692,0.5826771653543307,0.7928098824849216,0.2071901175150784,1.8997519825582083,0.355583039519121,0.7162149870364412,3.826466558959626,5.342624447169688,0.688,0.833,0.75,11.0,5.0,399.0,327.0,72.0
380,1,pittsburgh-steelers,2017,1,53.0,48.0,0.5247524752475248,0.4752475247524752,0.8924853083314273,0.1075146916685728,1.7007738894617763,0.2262288303859553,1.104164343320861,8.30097722928293,7.517902862589792,0.813,1.0,0.833,13.0,3.0,406.0,308.0,98.0
381,1,pittsburgh-steelers,2018,1,53.0,42.0,0.5578947368421052,0.4421052631578947,0.8060494448975749,0.1939505551024251,1.4448056087786718,0.4386976841602473,1.2619019076028282,4.155931848403602,3.293389428656037,0.594,0.75,0.542,9.0,6.0,428.0,360.0,68.0
382,1,pittsburgh-steelers,2019,1,53.0,79.0,0.4015151515151515,0.5984848484848485,0.6286401086865517,0.3713598913134482,1.5656697046532986,0.6205000715617109,0.6708849549770372,1.692801055229982,2.523234489688689,0.5,0.5,0.5,8.0,8.0,289.0,303.0,-14.0
383,1,pittsburgh-steelers,2020,1,54.0,80.0,0.4029850746268656,0.5970149253731343,0.7543618043612513,0.2456381956387486,1.8719348478594016,0.4114439776949039,0.6749988693768938,3.0710156105162465,4.549660220296784,0.75,0.667,0.75,12.0,4.0,416.0,312.0,104.0
384,1,pittsburgh-steelers,2021,1,53.0,93.0,0.363013698630137,0.636986301369863,0.7058504280070967,0.2941495719929033,1.9444181601704928,0.4617831990426224,0.5698915784497801,2.399622829984251,4.210664124501636,0.559,0.667,0.583,9.0,7.0,343.0,398.0,-55.0
385,1,pittsburgh-steelers,2022,1,53.0,91.0,0.3680555555555556,0.6319444444444444,0.7528918450190724,0.2471081549809276,2.04559293741031,0.3910282892005887,0.5824166607912181,3.0467986711264587,5.23130362329705,0.529,0.5,0.417,9.0,8.0,308.0,346.0,-38.0
386,1,pittsburgh-steelers,2023,1,54.0,96.0,0.36,0.64,0.8592205524564811,0.1407794475435189,2.3867237568235584,0.2199678867867483,0.5624991210951232,6.103266237954483,10.850278835740069,0.588,0.833,0.583,10.0,7.0,304.0,324.0,-20.0
387,1,pittsburgh-steelers,2024,1,51.0,97.0,0.3445945945945945,0.6554054054054054,0.7369033952368447,0.2630966047631554,2.1384647548049607,0.4014257474736803,0.5257723936668632,2.8008745875897154,5.327160604675875,0.588,0.5,0.583,10.0,7.0,380.0,347.0,33.0
388,1,san-francisco-49ers,2013,1,51.0,64.0,0.4434782608695652,0.5565217391304348,0.8889605342121196,0.1110394657878804,2.00451885165478,0.1995240400875976,0.7968735681178072,8.005734917487583,10.046452569435568,0.75,0.833,0.75,12.0,4.0,406.0,272.0,134.0
389,1,san-francisco-49ers,2014,1,54.0,79.0,0.4060150375939849,0.5939849624060151,0.7461680511584471,0.2538319488415529,1.8377842741495083,0.4273373315940069,0.6835431530222866,2.9396028158039424,4.300536924208093,0.5,0.333,0.583,8.0,8.0,306.0,340.0,-34.0
390,1,san-francisco-49ers,2015,1,52.0,76.0,0.40625,0.59375,0.544840367985016,0.4551596320149839,1.3411455211938856,0.7665846433936572,0.6842093739631596,1.1970287622921656,1.7495051371646682,0.313,0.167,0.333,5.0,11.0,238.0,387.0,-149.0
391,1,san-francisco-49ers,2016,1,53.0,86.0,0.381294964028777,0.6187050359712231,0.6337316683863277,0.3662683316136723,1.6620509793528215,0.5919918383058191,0.6162780736900901,1.730234048246128,2.8075525104481387,0.125,0.333,0.167,2.0,14.0,309.0,480.0,-171.0
392,1,san-francisco-49ers,2017,1,53.0,94.0,0.3605442176870748,0.6394557823129252,0.5406333696101067,0.4593666303898933,1.4994925534468997,0.7183712198650459,0.5638289055016051,1.1769078486249418,2.0873476339725325,0.375,0.167,0.25,6.0,10.0,331.0,383.0,-52.0
393,1,san-francisco-49ers,2018,1,54.0,84.0,0.391304347826087,0.6086956521739131,0.4972803046802513,0.5027196953197487,1.2708274452939756,0.8258966423110157,0.6428560867364289,0.9891781048798136,1.5387226941803145,0.25,0.167,0.167,4.0,12.0,342.0,435.0,-93.0
394,1,san-francisco-49ers,2019,1,53.0,74.0,0.4173228346456692,0.5826771653543307,0.7548258309739028,0.2451741690260972,1.808733594975201,0.4207718846799237,0.7162149870364412,3.0787205489539464,4.298598271965838,0.813,0.833,0.833,13.0,3.0,479.0,310.0,169.0
395,1,san-francisco-49ers,2020,1,55.0,119.0,0.3160919540229885,0.6839080459770115,0.4989146328523865,0.5010853671476134,1.5783844748420957,0.7326794444007122,0.4621841981508363,0.9956659481526322,2.1542604103936718,0.375,0.5,0.333,6.0,10.0,376.0,390.0,-14.0
396,1,san-francisco-49ers,2021,1,55.0,99.0,0.3571428571428571,0.6428571428571429,0.7082096815755146,0.2917903184244855,1.9829871084114403,0.453896050882533,0.555554691359369,2.427110187511616,4.368803684791137,0.588,0.333,0.583,10.0,7.0,427.0,365.0,62.0
397,1,san-francisco-49ers,2022,1,52.0,87.0,0.3741007194244604,0.6258992805755396,0.7865789720275153,0.2134210279724847,2.10258609830432,0.3409830217031652,0.5977001944789996,3.685556638647087,6.166230569403841,0.765,1.0,0.833,13.0,4.0,450.0,277.0,173.0
398,1,san-francisco-49ers,2023,1,52.0,91.0,0.3636363636363636,0.6363636363636364,0.7744231337986693,0.2255768662013307,2.1296636179463406,0.3544779326020911,0.5714276734707988,3.433063477546544,6.007870770523128,0.706,0.833,0.833,12.0,5.0,491.0,298.0,193.0
399,1,san-francisco-49ers,2024,1,53.0,119.0,0.3081395348837209,0.6918604651162791,0.5624712131046623,0.4375287868953377,1.825378276490602,0.6323945491260344,0.4453775075215857,1.28556096053687,2.886450227256121,0.353,0.167,0.333,6.0,11.0,389.0,436.0,-47.0
400,1,seattle-seahawks,2013,1,54.0,57.0,0.4864864864864865,0.5135135135135135,0.7590431426370695,0.2409568573629305,1.5602553487539763,0.469231774864654,0.947366576180878,3.1501074542416747,3.3251201372368286,0.813,0.667,0.833,13.0,3.0,417.0,231.0,186.0
401,1,seattle-seahawks,2014,1,54.0,85.0,0.3884892086330935,0.6115107913669064,0.7419495945703087,0.2580504054296912,1.9098332156532023,0.4219883100556127,0.6352930787560241,2.875200750543715,4.525785772633697,0.75,0.833,0.833,12.0,4.0,394.0,254.0,140.0
402,1,seattle-seahawks,2015,1,53.0,104.0,0.3375796178343949,0.6624203821656051,0.7792983238803507,0.2207016761196493,2.308487487721038,0.3331746456806244,0.5096146152933211,3.530987197716943,6.928740193495143,0.625,0.5,0.583,10.0,6.0,423.0,277.0,146.0
403,1,seattle-seahawks,2016,1,51.0,92.0,0.3566433566433566,0.6433566433566433,0.7999990419247412,0.2000009580752587,2.2431345685340784,0.3108710543995869,0.5543469644389575,3.999956048548833,7.215619856427529,0.656,0.583,0.542,10.0,5.0,354.0,292.0,62.0
404,1,seattle-seahawks,2017,1,53.0,80.0,0.3984962406015037,0.6015037593984962,0.7565696257033067,0.2434303742966933,1.898561513557354,0.4047029972682526,0.6624988985955811,3.1079380293076038,4.6912348935830215,0.563,0.667,0.583,9.0,7.0,366.0,332.0,34.0
405,1,seattle-seahawks,2018,1,53.0,85.0,0.3840579710144927,0.6159420289855072,0.7124947082562058,0.2875052917437942,1.8551749007425733,0.4667732971840425,0.6235283994480103,2.4781882300201343,3.974458130909261,0.625,0.5,0.667,10.0,6.0,428.0,347.0,81.0
406,1,seattle-seahawks,2019,1,51.0,86.0,0.3722627737226277,0.6277372262773723,0.7085913662571132,0.2914086337428868,1.9034709250436173,0.4642207304973894,0.5930223111156206,2.4315989734310204,4.100348604974066,0.688,0.5,0.667,11.0,5.0,405.0,398.0,7.0
407,1,seattle-seahawks,2020,1,52.0,112.0,0.3170731707317073,0.6829268292682927,0.8286230521487944,0.1713769478512055,2.613349626007736,0.2509448164964081,0.4642850344397709,4.835062285074301,10.41399957366949,0.75,0.667,0.75,12.0,4.0,459.0,371.0,88.0
408,1,seattle-seahawks,2021,1,57.0,95.0,0.375,0.625,0.7988042717814168,0.2011957282185832,2.1301447247504446,0.3219131651497331,0.5999990400015359,3.970264719780053,6.617120199602407,0.412,0.5,0.333,7.0,10.0,395.0,366.0,29.0
409,1,seattle-seahawks,2022,1,53.0,117.0,0.3117647058823529,0.6882352941176471,0.5602947129381104,0.4397052870618895,1.7971717207448823,0.6388880239360788,0.4529907947996998,1.274247672649829,2.812963837870989,0.529,0.667,0.5,9.0,8.0,407.0,401.0,6.0
410,1,seattle-seahawks,2023,1,54.0,109.0,0.3312883435582822,0.6687116564417178,0.7721291805991403,0.2278708194008597,2.330686230327035,0.3407609501132123,0.495412103191075,3.388436457958202,6.83963168291737,0.529,0.333,0.583,9.0,8.0,364.0,402.0,-38.0
411,1,seattle-seahawks,2024,1,52.0,130.0,0.2857142857142857,0.7142857142857143,0.6747971816457634,0.3252028183542366,2.361790135760172,0.4552839456959312,0.3999994400007839,2.0749977200781924,5.187498857775826,0.588,0.667,0.5,10.0,7.0,375.0,368.0,7.0
412,1,tampa-bay-buccaneers,2013,1,51.0,57.0,0.4722222222222222,0.5277777777777778,0.7203214693216932,0.2796785306783069,1.5253866409165266,0.5299172160220551,0.8947351468176165,2.575524449625245,2.8785321862818174,0.25,0.167,0.167,4.0,12.0,288.0,389.0,-101.0
413,1,tampa-bay-buccaneers,2014,1,53.0,94.0,0.3605442176870748,0.6394557823129252,0.6859979367093589,0.3140020632906411,1.9026735225712408,0.4910457798268536,0.5638289055016051,2.1846854916647724,3.874729660669267,0.125,0.0,0.083,2.0,14.0,277.0,410.0,-133.0
414,1,tampa-bay-buccaneers,2015,1,53.0,113.0,0.3192771084337349,0.6807228915662651,0.6486091855938193,0.3513908144061807,2.0314929209164907,0.5162024353223539,0.4690258596611264,1.845828955036725,3.935450215762092,0.375,0.5,0.417,6.0,10.0,342.0,417.0,-75.0
415,1,tampa-bay-buccaneers,2016,1,54.0,87.0,0.3829787234042553,0.6170212765957447,0.774673110175214,0.225326889824786,2.0227575654575034,0.3651849593712049,0.6206886492287409,3.437981471257715,5.538979562468357,0.563,0.667,0.583,9.0,7.0,354.0,369.0,-15.0
416,1,tampa-bay-buccaneers,2017,1,53.0,72.0,0.424,0.576,0.8136689485312741,0.1863310514687258,1.919030538988854,0.3234914087998713,0.7361098331426508,4.366768583921489,5.932227424155919,0.313,0.167,0.25,5.0,11.0,335.0,382.0,-47.0
417,1,tampa-bay-buccaneers,2018,1,53.0,71.0,0.4274193548387097,0.5725806451612904,0.830794486129991,0.169205513870009,1.9437455901909224,0.2955138552095932,0.746477569532132,4.909943873486096,6.577488596342561,0.313,0.333,0.333,5.0,11.0,396.0,464.0,-68.0
418,1,tampa-bay-buccaneers,2019,1,53.0,65.0,0.4491525423728814,0.5508474576271186,0.8119145877696601,0.1880854122303399,1.807658893524904,0.3414473637412325,0.8153831351506162,4.316710485047421,5.294091539108509,0.438,0.333,0.417,7.0,9.0,458.0,449.0,9.0
419,1,tampa-bay-buccaneers,2020,1,54.0,81.0,0.4,0.6,0.9272758708529903,0.0727241291470095,2.318189677132476,0.1212068819116826,0.6666655555574075,12.750419032994175,19.125733744127388,0.688,0.667,0.667,11.0,5.0,492.0,355.0,137.0
420,1,tampa-bay-buccaneers,2021,1,57.0,84.0,0.4042553191489361,0.5957446808510638,0.8231834273957892,0.1768165726042107,2.0362958467159,0.2967992468713538,0.6785702895427282,4.655552133601599,6.860829356380286,0.765,0.667,0.667,13.0,4.0,511.0,353.0,158.0
421,1,tampa-bay-buccaneers,2022,1,53.0,89.0,0.3732394366197183,0.6267605633802817,0.782481198965477,0.217518801034523,2.0964590613792025,0.3470524690663177,0.5955046678464849,3.5972872135961893,6.040737950320256,0.471,0.667,0.667,8.0,9.0,313.0,358.0,-45.0
422,1,tampa-bay-buccaneers,2023,1,53.0,88.0,0.375886524822695,0.624113475177305,0.5741975106584827,0.4258024893415173,1.5275820566574727,0.6822517158767494,0.6022717622691082,1.3485035351552637,2.2390267141617857,0.529,0.667,0.583,9.0,8.0,348.0,325.0,23.0
423,1,tampa-bay-buccaneers,2024,1,53.0,109.0,0.3271604938271605,0.6728395061728395,0.5695787807871112,0.4304212192128888,1.740976650707774,0.6397086010319999,0.4862378094447235,1.3233024582901352,2.7215108979123888,0.588,0.667,0.667,10.0,7.0,502.0,385.0,117.0
424,1,tennessee-titans,2012,1,55.0,26.0,0.6790123456790124,0.3209876543209876,0.7630050083795498,0.2369949916204502,1.123698285068064,0.7383305508175566,2.1153780251684604,3.219484866231427,1.5219426608869546,0.375,0.167,0.417,6.0,10.0,330.0,471.0,-141.0
425,1,tennessee-titans,2013,1,54.0,55.0,0.4954128440366973,0.5045871559633027,0.8639820092760649,0.136017990723935,1.7439636853905751,0.2695629270710713,0.981816236036914,6.351921924120198,6.469573671594324,0.438,0.333,0.5,7.0,9.0,362.0,381.0,-19.0
426,1,tennessee-titans,2014,1,54.0,77.0,0.4122137404580153,0.5877862595419847,0.7116897247721521,0.2883102752278479,1.7265065545398506,0.4905018968162088,0.7012975081821614,2.468476906460612,3.519870251014586,0.125,0.167,0.167,2.0,14.0,254.0,438.0,-184.0
427,1,tennessee-titans,2015,1,54.0,76.0,0.4153846153846154,0.5846153846153846,0.7031768056486252,0.2968231943513748,1.692833050635579,0.5077238850747202,0.7105251004175913,2.3690009744159126,3.3341541854629604,0.188,0.167,0.083,3.0,13.0,299.0,423.0,-124.0
428,1,tennessee-titans,2016,1,53.0,72.0,0.424,0.576,0.7717396288248751,0.2282603711751248,1.820140634020932,0.3962853666234807,0.7361098331426508,3.380947134645867,4.592993318264423,0.563,0.333,0.5,9.0,7.0,381.0,378.0,3.0
429,1,tennessee-titans,2017,1,53.0,65.0,0.4491525423728814,0.5508474576271186,0.9246975536912724,0.0753024463087275,2.0587605912371725,0.13670290252969,0.8153831351506162,12.279617985878303,15.059998676994905,0.563,0.833,0.667,9.0,7.0,334.0,356.0,-22.0
430,1,tennessee-titans,2018,1,53.0,91.0,0.3680555555555556,0.6319444444444444,0.6461362876626908,0.3538637123373092,1.7555401023288204,0.5599601601821157,0.5824166607912181,1.8259415678802808,3.1351104811588493,0.563,0.5,0.417,9.0,7.0,310.0,303.0,7.0
431,1,tennessee-titans,2019,1,52.0,89.0,0.3687943262411347,0.6312056737588653,0.7751672853173347,0.2248327146826653,2.101895908264311,0.3561956491039979,0.5842687372821128,3.447735969720648,5.90094239671139,0.563,0.5,0.583,9.0,7.0,402.0,331.0,71.0
432,1,tennessee-titans,2020,1,51.0,106.0,0.3248407643312102,0.6751592356687898,0.6260875150788956,0.3739124849211044,1.9273674483801293,0.5538137748359755,0.481131362852604,1.6744181216438336,3.4801661782153825,0.688,0.833,0.667,11.0,5.0,491.0,439.0,52.0
433,1,tennessee-titans,2021,1,56.0,114.0,0.3294117647058823,0.6705882352941176,0.7650721978407882,0.2349278021592118,2.322540600588107,0.3503309330444388,0.4912273376434439,3.25661302832633,6.629542960599878,0.706,0.833,0.667,12.0,5.0,419.0,354.0,65.0
434,1,tennessee-titans,2023,1,53.0,129.0,0.2912087912087912,0.7087912087912088,0.5823427535046567,0.4176572464953433,1.999743040336745,0.5892528593965308,0.4108521335264473,1.3943044543983392,3.3936867929634444,0.353,0.167,0.333,6.0,11.0,305.0,367.0,-62.0
435,1,tennessee-titans,2024,1,53.0,118.0,0.3099415204678362,0.6900584795321637,0.5793506711744727,0.4206493288255272,1.8692257503931105,0.609585044314959,0.4491518914832759,1.3772737865011142,3.066385406663484,0.176,0.167,0.25,3.0,14.0,311.0,460.0,-149.0
436,1,washington-commanders,2012,1,60.0,36.0,0.625,0.375,0.7742534149377328,0.2257465850622671,1.2388054639003725,0.6019908934993791,1.666662222234074,3.429730664556935,2.0578440960378983,0.625,0.833,0.667,10.0,6.0,436.0,388.0,48.0
437,1,washington-commanders,2013,1,53.0,45.0,0.5408163265306123,0.4591836734693877,0.8259985126444775,0.1740014873555224,1.5273180045124302,0.3789365724631379,1.1777752128450922,4.747050028984899,4.030526702814628,0.188,0.0,0.083,3.0,13.0,334.0,478.0,-144.0
438,1,washington-commanders,2014,1,53.0,91.0,0.3680555555555556,0.6319444444444444,0.6766468739562856,0.3233531260437143,1.838436789617078,0.5116796719812623,0.5824166607912181,2.0925877218118742,3.592937725199832,0.25,0.333,0.167,4.0,12.0,301.0,438.0,-137.0
439,1,washington-commanders,2015,1,52.0,95.0,0.3537414965986394,0.6462585034013606,0.6995529393431262,0.3004470606568737,1.9775823477584529,0.464902293858531,0.5473675740733327,2.328365634358511,4.253749917203699,0.563,0.667,0.667,9.0,7.0,388.0,379.0,9.0
440,1,washington-commanders,2016,1,53.0,86.0,0.381294964028777,0.6187050359712231,0.8007590551641097,0.1992409448358903,2.100103937128514,0.322028968978939,0.6162780736900901,4.019028502375196,6.521454955845623,0.531,0.5,0.5,8.0,7.0,396.0,383.0,13.0
441,1,washington-commanders,2017,1,54.0,82.0,0.3970588235294117,0.6029411764705882,0.6542015561418624,0.3457984438581375,1.6476187339869126,0.5735193703013015,0.6585354931606454,1.8918525398503685,2.872816414735764,0.438,0.167,0.417,7.0,9.0,342.0,388.0,-46.0
442,1,washington-commanders,2018,1,53.0,80.0,0.3984962406015037,0.6015037593984962,0.5955320344988941,0.4044679655011058,1.494448312987791,0.6724279926455885,0.6624988985955811,1.4723800471590591,2.222462638185884,0.438,0.333,0.5,7.0,9.0,281.0,359.0,-78.0
443,1,washington-commanders,2020,1,53.0,94.0,0.3605442176870748,0.6394557823129252,0.6829242727401534,0.3170757272598465,1.89414845458118,0.4958524670978451,0.5638289055016051,2.153813932173245,3.8199762233535295,0.438,0.667,0.417,7.0,9.0,335.0,329.0,6.0
444,1,washington-commanders,2021,1,56.0,97.0,0.3660130718954248,0.6339869281045751,0.5580460376457899,0.4419539623542101,1.5246614957108189,0.697102641651486,0.5773186770128084,1.2626762570402756,2.187137470834024,0.412,0.333,0.5,7.0,10.0,335.0,434.0,-99.0
445,1,washington-commanders,2022,1,53.0,86.0,0.381294964028777,0.6187050359712231,0.7694311761082891,0.2305688238917108,2.0179421411141925,0.3726635641970676,0.6162780736900901,3.3370853267843894,5.414902126425658,0.5,0.417,0.458,8.0,8.0,321.0,343.0,-22.0
446,1,washington-commanders,2023,1,53.0,103.0,0.3397435897435897,0.6602564102564102,0.6101522246125599,0.3898477753874401,1.795919755463384,0.5904490578683559,0.5145623274589992,1.5650997595315708,3.041611617326311,0.235,0.0,0.167,4.0,13.0,329.0,518.0,-189.0
447,1,washington-commanders,2024,1,53.0,102.0,0.3419354838709677,0.6580645161290323,0.7739105858604544,0.2260894141395456,2.2633234114786878,0.3435672469767606,0.519607053538301,3.423013703636226,6.587696713520157,0.706,0.667,0.75,12.0,5.0,485.0,391.0,94.0
