,cluster,count,player_count_prop,cap_hit_prop,pct,div_win_pct,conf_win_pct,w,l,pf,pa,net_pts
0,-1,6,0.4953784412924198,0.7604894282469828,0.5076666666666666,0.5556666666666666,0.5138333333333334,8.166666666666666,8.0,385.1666666666667,366.8333333333333,18.333333333333332
1,0,218,0.42693503267508015,0.7376300005685257,0.49993119266055047,0.508408256880734,0.49939908256880733,8.105504587155963,8.114678899082568,371.41743119266056,370.13761467889907,1.2798165137614679
