,cluster,count,player_count_prop,cap_hit_prop,pct,div_win_pct,conf_win_pct,w,l,pf,pa,net_pts
0,-1,8,0.4860000798813642,0.5858224329286726,0.41825,0.343875,0.41125,6.625,9.25,323.375,405.125,-81.75
1,0,440,0.42791219706117767,0.7350672798799757,0.5017272727272727,0.5028454545454546,0.5016863636363637,8.14090909090909,8.093181818181819,371.4159090909091,369.92954545454546,1.4863636363636363
