,Feature,Coefficient
0,Intercept,0.5016366666666667
1,num__cap_hit_prop,0.12011403726523465
2,num__player_count_prop,-0.056548284371800865
