,Feature,Coefficient
0,Intercept,0.5129320923089652
1,num__cap_hit_prop,0.01550996766368302
2,num__player_count_prop,-0.036254715123083425
