,cluster,count,player_count,player_count_prop,cap_hit_prop,pct,div_win_pct,conf_win_pct,w,l,pf,pa,net_pts
0,0,83,53.46987951807229,0.38896787507692304,0.8186377355506753,0.619855421686747,0.6335783132530121,0.6124337349397591,10.204819277108435,6.265060240963855,415.9759036144578,352.31325301204816,63.66265060240964
1,1,99,53.13131313131313,0.3326350748296685,0.6110041376794945,0.4315454545454545,0.4284848484848485,0.4355656565656566,7.242424242424242,9.535353535353535,362.2828282828283,397.62626262626264,-35.343434343434346
2,2,60,57.96666666666667,0.6955291268254649,0.8521097726796653,0.49448333333333333,0.49301666666666666,0.49375,7.9,8.083333333333334,356.21666666666664,360.9,-4.683333333333334
3,3,206,53.07281553398058,0.4137010373636864,0.7211323037323437,0.4867281553398058,0.4825970873786408,0.4876407766990291,7.752427184466019,8.184466019417476,360.4126213592233,367.7135922330097,-7.300970873786408
