,team,season,player_count_active,player_count_inactive,cap_hit_sum_active,cap_hit_sum_inactive,player_count_prop_active,player_count_prop_inactive,cap_hit_prop_active,cap_hit_prop_inactive,w,l,pct,pf,pa,net_pts,div_win_pct,conf_win_pct,pc_1,pc_2,pc_3,label,cluster_0_probability,cluster_1_probability,cluster_2_probability,cluster_3_probability
0,kansas-city-chiefs,2024,53,89,220922465.0,29052920.0,0.3732394366197183,0.6267605633802817,0.883776876671277,0.1162231233287229,15,2,0.882,385,326,59,0.833,0.833,0.5533600839395271,-1.1964454965506663,,0,0.9279240006762491,0.0644719475670153,7.729453180312891e-12,0.0076040517490059195
1,los-angeles-chargers,2020,55,76,134191298.0,61639798.0,0.4198473282442748,0.5801526717557252,0.6852399886481767,0.3147600113518233,7,9,0.438,384,426,-42,0.5,0.5,-0.32511924750411736,0.2200491195745799,,0,0.5498915196428097,0.412657505947404,1.5291386088075499e-15,0.03745097440978476
2,los-angeles-chargers,2019,53,70,155395193.0,28702329.0,0.4308943089430894,0.5691056910569106,0.8440917146076523,0.1559082853923476,5,11,0.313,337,345,-8,0.0,0.25,0.6567587967714522,-0.6343087932730009,,0,0.9507049921058516,0.027481545246069203,5.477000483928991e-08,0.021813407878074408
3,los-angeles-chargers,2018,53,62,144473149.0,32813561.0,0.4608695652173913,0.5391304347826087,0.8149124601612834,0.1850875398387166,12,4,0.75,428,329,99,0.667,0.75,0.6611197204989644,-0.2926522191970822,,0,0.8956683670596788,0.021284196382127536,8.735557086968179e-07,0.08304656300248496
4,los-angeles-chargers,2017,53,68,127034223.0,30604440.0,0.4380165289256198,0.5619834710743802,0.8058570187188152,0.1941429812811848,9,7,0.563,355,272,83,0.5,0.5,0.4768805358381535,-0.3722156310021099,,0,0.9250138270169049,0.039876527303719544,7.246644230884561e-08,0.03510957321293344
5,los-angeles-chargers,2014,54,89,94825621.0,39411104.0,0.3776223776223776,0.6223776223776224,0.7064059481486903,0.2935940518513097,9,7,0.563,348,348,0,0.333,0.5,-0.4464965367556843,-0.14599467025860724,,0,0.6101546557167893,0.3822688581621337,1.878120878973161e-14,0.007576486121058085
6,los-angeles-chargers,2013,53,59,94062621.0,26389664.0,0.4732142857142857,0.5267857142857143,0.7809118855653091,0.2190881144346909,9,7,0.563,396,348,48,0.667,0.5,0.5358562854309505,-0.02488827443100411,,0,0.7700821329566638,0.02763537297213546,2.5230663300458835e-07,0.20228224176456755
7,las-vegas-raiders,2020,53,87,165917480.0,48228175.0,0.3785714285714285,0.6214285714285714,0.7747879825065794,0.2252120174934205,8,8,0.5,434,478,-44,0.667,0.5,-0.04579009339019349,-0.5357458032950219,,0,0.8439708092278064,0.148823854274765,9.865223450042155e-11,0.00720533639877646
8,las-vegas-raiders,2016,53,51,142746501.0,21588595.0,0.5096153846153846,0.4903846153846153,0.868630648440428,0.1313693515595719,12,4,0.75,416,385,31,0.5,0.75,1.2529427923245477,-0.3217809706764625,,0,0.5869029862333764,0.0018234792822781976,0.00017169966866289175,0.4111018348156827
9,las-vegas-raiders,2015,54,89,94352516.0,42719322.0,0.3776223776223776,0.6223776223776224,0.6883435531082613,0.3116564468917386,7,9,0.438,359,399,-40,0.5,0.583,-0.5508920636052309,-0.04159914340906068,,0,0.510604224901132,0.4820045351706303,5.355321703244069e-16,0.007391239928236919
10,kansas-city-chiefs,2023,53,70,194829168.0,22792284.0,0.4308943089430894,0.5691056910569106,0.8952663729125381,0.1047336270874619,11,6,0.647,371,294,77,0.667,0.75,0.9525338256713406,-0.9300838221728893,,0,0.9641397789455675,0.017255643998638968,2.4553523805401846e-09,0.01860457460044127
11,kansas-city-chiefs,2022,53,82,181434543.0,23814598.0,0.3925925925925926,0.6074074074074074,0.8839722403515443,0.1160277596484557,14,3,0.824,496,369,127,1.0,0.75,0.666190204018397,-1.0858736699354394,,0,0.9471678932296135,0.043859718229681335,7.16003831487071e-11,0.008972388469104685
12,kansas-city-chiefs,2021,54,83,160366274.0,24745872.0,0.3941605839416058,0.6058394160583942,0.8663195660861713,0.1336804339138286,12,5,0.706,480,364,116,0.833,0.583,0.5732127522690414,-0.9747962080244323,,0,0.9439908668457967,0.047068754100112124,3.781419821110087e-10,0.008940378675949096
13,kansas-city-chiefs,2020,51,85,182730257.0,34019110.0,0.375,0.625,0.8430486304488262,0.1569513695511738,14,2,0.875,473,362,111,0.667,0.833,0.32812383443605836,-0.9508862936754301,,0,0.9152604186822592,0.07790009271450885,1.8522752779924196e-10,0.006839488418004628
14,kansas-city-chiefs,2019,53,63,135179512.0,31327490.0,0.4568965517241379,0.5431034482758621,0.8118548191745113,0.1881451808254886,12,4,0.75,451,308,143,1.0,0.75,0.6205163052216965,-0.29791103692608834,,0,0.9035808676035544,0.024517229733584448,5.326808743469594e-07,0.07190136998198693
15,kansas-city-chiefs,2018,52,58,143955068.0,32936777.0,0.4727272727272727,0.5272727272727272,0.8138027391822388,0.1861972608177612,12,4,0.75,565,421,144,0.833,0.833,0.7231452004443483,-0.21779899342905956,,0,0.8421151042927617,0.01594923961670933,2.5363106319523e-06,0.14193311977989703
16,los-angeles-chargers,2021,53,70,159785508.0,23261801.0,0.4308943089430894,0.5691056910569106,0.8729191861542198,0.1270808138457801,9,8,0.529,474,459,15,0.5,0.5,0.8233734164333616,-0.8009234129349103,,0,0.9599214972496082,0.020508250841618995,1.5787165732482e-08,0.019570236121607056
17,kansas-city-chiefs,2017,51,74,135438141.0,32340717.0,0.408,0.592,0.8072420006577944,0.1927579993422055,10,6,0.625,415,339,76,0.833,0.667,0.31163837608799005,-0.553467397326951,,0,0.9209722580660076,0.06592922871674464,5.125142322584705e-09,0.013098508092105313
18,los-angeles-chargers,2022,53,88,175316296.0,36813375.0,0.375886524822695,0.624113475177305,0.8264581525702739,0.1735418474297261,10,7,0.588,391,384,7,0.333,0.583,0.2373523437845116,-0.8498812591274614,,0,0.9054267801907723,0.08780948010009923,3.194286239553684e-10,0.0067637393897
19,los-angeles-rams,2014,53,68,91476742.0,39550389.0,0.4380165289256198,0.5619834710743802,0.6981511485586905,0.3018488514413095,6,10,0.375,324,354,-30,0.333,0.333,-0.14562888414671948,0.250293788982763,,0,0.633066672144965,0.28211301069819944,6.490530722068336e-14,0.08482031715677082
20,minnesota-vikings,2015,53,72,118160753.0,28861726.0,0.424,0.576,0.8036917470286976,0.1963082529713024,11,5,0.688,365,302,63,0.833,0.667,0.38346641590353997,-0.44060043689987727,,0,0.9253154250294745,0.05308749179185101,1.8783345737625974e-08,0.021597064395328585
21,minnesota-vikings,2013,54,59,117391509.0,11848269.0,0.4778761061946903,0.5221238938053098,0.9083233569157012,0.0916766430842987,5,10,0.344,391,480,-89,0.417,0.375,1.2991652150562567,-0.7343837706338483,,0,0.910955138076596,0.0042344321666500815,3.022063794643466e-07,0.08481012755037448
22,miami-dolphins,2023,53,93,172821528.0,51154077.0,0.363013698630137,0.636986301369863,0.7716087115826744,0.2283912884173256,11,6,0.647,496,391,105,0.667,0.583,-0.15396022047472754,-0.6071653596655818,,0,0.813319842610936,0.1811165891520855,2.6250656598684063e-11,0.005563568210728088
23,miami-dolphins,2022,53,89,149787507.0,58771935.0,0.3732394366197183,0.6267605633802817,0.7182005550245,0.2817994449755001,9,8,0.529,397,399,-2,0.5,0.583,-0.40362415283723496,-0.23946125977390417,,0,0.6595864702035081,0.33363351220747517,1.1351061648004616e-13,0.0067800175889033846
24,miami-dolphins,2021,55,87,149454584.0,45709358.0,0.3873239436619718,0.6126760563380281,0.7657899428983659,0.234210057101634,9,8,0.529,341,373,-32,0.667,0.5,-0.04727915795204227,-0.43322262768495673,,0,0.8384106829643028,0.15270821232165882,9.168188187971412e-11,0.0088811046223565
25,miami-dolphins,2020,53,77,156504710.0,46250443.0,0.4076923076923077,0.5923076923076923,0.7718901723794906,0.2281098276205093,10,6,0.625,404,338,66,0.5,0.583,0.10553890918906039,-0.35091975735576386,,0,0.87514942613722,0.1096225048451871,6.782101995782547e-10,0.015228068339382771
26,miami-dolphins,2018,53,68,123506032.0,46753518.0,0.4380165289256198,0.5619834710743802,0.7253985576726827,0.2746014423273173,7,9,0.438,319,433,-114,0.667,0.5,0.011853422234771054,0.09281148260127246,,0,0.7622474031811862,0.16855530510181507,1.3339382501670048e-11,0.06919729170365939
27,miami-dolphins,2014,51,104,104746850.0,37709148.0,0.3290322580645161,0.6709677419354839,0.7352926620892438,0.2647073379107561,8,8,0.5,388,373,15,0.5,0.5,-0.5599880173232236,-0.5934001986615891,,0,0.6563517264546466,0.33991786364407506,1.258763900509787e-13,0.0037304099011523633
28,miami-dolphins,2013,53,69,81123929.0,31230441.0,0.4344262295081967,0.5655737704918032,0.7220362590257949,0.2779637409742051,8,8,0.5,317,335,-18,0.333,0.583,-0.028301910008181556,0.09152241785847176,,0,0.7513014529436959,0.188445438248852,6.031752532371186e-12,0.06025310880142045
29,los-angeles-rams,2024,53,93,209446790.0,45158044.0,0.363013698630137,0.636986301369863,0.8226347736979731,0.1773652263020269,10,7,0.588,367,386,-19,0.667,0.5,0.14095596454177467,-0.902081544682084,,0,0.8851504758470221,0.1089407752919959,1.0442138799660506e-10,0.0059087487565605635
30,los-angeles-rams,2020,53,76,153700759.0,42910908.0,0.4108527131782946,0.5891472868217055,0.7817479061402801,0.2182520938597199,10,6,0.625,372,296,76,0.5,0.75,0.18075478957878316,-0.38965369449541554,,0,0.8936830470181032,0.09034242577880222,1.8543095625099e-09,0.015974525348784824
31,los-angeles-rams,2019,53,49,162333485.0,18643880.0,0.5196078431372549,0.4803921568627451,0.8969822552118604,0.1030177447881396,9,7,0.563,394,364,30,0.5,0.583,1.4744807086680989,-0.42797156644993545,,0,0.5195210283200807,0.0008092721467940748,0.0001461810212865971,0.4795235185118388
32,los-angeles-rams,2018,53,63,158606483.0,21270209.0,0.4568965517241379,0.5431034482758621,0.8817511665157818,0.1182488334842181,13,3,0.813,527,384,143,1.0,0.75,1.0244973935113895,-0.7018921252157811,,0,0.9462314406985726,0.009935623993837999,1.9764913330397152e-07,0.043832737658456515
33,los-angeles-rams,2017,53,63,137063130.0,19823434.0,0.4568965517241379,0.5431034482758621,0.8736447947193234,0.1263552052806765,11,5,0.688,478,329,149,0.667,0.583,0.9776448607971299,-0.6550395925015218,,0,0.9434221628409589,0.01078506346895771,3.287204141640936e-07,0.045792444969669166
34,los-angeles-rams,2016,53,74,109645297.0,40012353.0,0.4173228346456692,0.5826771653543307,0.7326407771336781,0.2673592228663219,4,12,0.25,224,394,-170,0.333,0.25,-0.0657267842031874,-0.06848467783928486,,0,0.7846204176806417,0.18852276057304415,1.255724337144575e-11,0.02685682173375698
35,los-angeles-chargers,2024,53,121,183462766.0,76379799.0,0.3045977011494253,0.6954022988505747,0.7060535520806609,0.2939464479193391,11,6,0.647,402,301,101,0.667,0.667,-0.8700111811719399,-0.5654358157729407,,0,0.5168692053315735,0.480075643841202,9.034781417862158e-16,0.0030551508272237187
36,minnesota-vikings,2016,53,67,119127210.0,38074676.0,0.4416666666666666,0.5583333333333333,0.7577975877464982,0.2422024122535018,8,8,0.5,327,307,20,0.333,0.417,0.2201782069465351,-0.07337816517497633,,0,0.8533836140213397,0.08554774802028967,1.939881650744425e-09,0.06106863601848895
37,kansas-city-chiefs,2016,53,82,116014324.0,36496956.0,0.3925925925925926,0.6074074074074074,0.7606933992029966,0.2393066007970033,12,4,0.75,389,311,78,1.0,0.75,-0.04632657696761794,-0.3733568889494245,,0,0.8344442869230824,0.1552460809154312,8.288518012355956e-11,0.010309632078601113
38,kansas-city-chiefs,2014,53,85,96516582.0,36201373.0,0.3840579710144927,0.6159420289855072,0.7272307804923607,0.2727692195076393,9,7,0.563,353,281,72,0.5,0.583,-0.28899046970385084,-0.22921186711555808,,0,0.7164623954771939,0.27460711225870627,8.071825534968429e-13,0.008930492263292735
39,houston-texans,2019,53,93,145821737.0,52284819.0,0.363013698630137,0.636986301369863,0.7360772906475644,0.2639227093524355,10,6,0.625,378,385,-7,0.667,0.667,-0.35932176859341625,-0.4018038115468931,,0,0.7141475483180681,0.28036926646575433,8.455045597063427e-13,0.005483185215332189
40,houston-texans,2018,53,87,140536221.0,31552504.0,0.3785714285714285,0.6214285714285714,0.816649789229364,0.1833502107706359,11,5,0.688,402,316,86,0.667,0.75,0.19615929139057509,-0.7776951880757904,,0,0.9005252998452281,0.0924920382532498,4.3308132266803416e-10,0.00698266146844072
41,houston-texans,2016,53,74,115226229.0,36834739.0,0.4173228346456692,0.5826771653543307,0.7577633531834416,0.2422366468165585,9,7,0.563,279,328,-49,0.833,0.583,0.07947458896258125,-0.2136860510050535,,0,0.8553766869926086,0.1217596746702914,3.425325203785236e-10,0.022863637994567556
42,houston-texans,2015,52,90,102642525.0,39760591.0,0.3661971830985915,0.6338028169014085,0.7207884762858701,0.2792115237141299,9,7,0.563,339,313,26,0.833,0.583,-0.42931260776327,-0.2950646183349399,,0,0.6592003735898391,0.3350223334840494,1.1932086860898298e-13,0.005777292925992094
43,houston-texans,2014,53,86,97907252.0,34136160.0,0.381294964028777,0.6187050359712231,0.7414777497570268,0.2585222502429731,9,7,0.563,372,307,65,0.667,0.667,-0.22259432230000847,-0.327502613012971,,0,0.7636454854855983,0.2282557593064191,4.793616785732117e-12,0.008098755203189006
44,green-bay-packers,2022,53,88,162533410.0,49314247.0,0.375886524822695,0.624113475177305,0.7672183506848981,0.2327816493151019,8,9,0.471,370,371,-1,0.5,0.5,-0.10503693041994083,-0.5074919849230091,,0,0.824428330276666,0.16866746164806531,4.643864848913378e-11,0.006904208028830029
45,green-bay-packers,2021,58,87,162492766.0,18825064.0,0.4,0.6,0.8961764322901945,0.1038235677098054,13,4,0.765,450,371,79,0.667,0.75,0.779480448654858,-1.1136569700151302,,0,0.9545009705628593,0.03538401744324282,4.75413616221472e-11,0.010115011946356832
46,green-bay-packers,2020,52,100,165749106.0,34127689.0,0.3421052631578947,0.6578947368421053,0.8292563726569661,0.170743627343034,13,3,0.813,509,369,140,0.833,0.833,0.05854932163610016,-1.0610301201900765,,0,0.85779520599492,0.13656565241364568,1.3797353991549585e-11,0.005639141577637135
47,green-bay-packers,2019,53,58,163872581.0,27884016.0,0.4774774774774775,0.5225225225225225,0.8545864057026419,0.1454135942973581,13,3,0.813,376,313,63,1.0,0.833,0.9862800861162239,-0.42610018738271127,,0,0.8710631236382299,0.007650924758293395,7.175458566884662e-06,0.12127877614490995
48,green-bay-packers,2018,53,81,124176442.0,51589926.0,0.3955223880597014,0.6044776119402985,0.7064857936872201,0.2935142063127799,6,9,0.406,376,400,-24,0.25,0.292,-0.3427212261585893,-0.04314232885167191,,0,0.6400172696085612,0.346711416918181,4.4580343719044846e-14,0.013271313473213042
49,green-bay-packers,2017,53,73,115603840.0,52887563.0,0.4206349206349206,0.5793650793650794,0.6861112077035765,0.3138887922964236,7,9,0.438,320,384,-64,0.333,0.417,-0.315538086377273,0.2195594819965739,,0,0.5562408407558199,0.40499283755592164,1.9393001346481264e-15,0.038766321688256465
50,green-bay-packers,2016,51,74,134428984.0,19778041.0,0.408,0.592,0.8717435797753053,0.1282564202246947,10,6,0.625,432,388,44,0.833,0.667,0.6844392322052607,-0.9262682534442217,,0,0.9543856632632798,0.034261352413054974,1.2130146073456459e-09,0.01135298311065045
51,green-bay-packers,2015,52,63,125157906.0,16698131.0,0.4521739130434782,0.5478260869565217,0.8822881891166888,0.1177118108833112,10,6,0.625,368,323,45,0.5,0.583,1.0003434897652959,-0.7322537059865792,,0,0.9518630704706862,0.01119043863831307,1.0652918828105684e-07,0.03694638436181275
52,green-bay-packers,2014,54,61,123610693.0,10426549.0,0.4695652173913043,0.5304347826086957,0.922211552219196,0.077788447780804,12,4,0.75,486,348,138,0.833,0.75,1.3314669370415297,-0.862621718216483,,0,0.937318430668755,0.004949395931234757,1.9640474024758377e-08,0.057732153759535956
53,green-bay-packers,2013,52,54,100707865.0,19973988.0,0.490566037735849,0.5094339622641509,0.8344905426667587,0.1655094573332413,8,7,0.531,417,428,-11,0.583,0.542,0.9456751790207295,-0.2344083027812469,,0,0.737526862055825,0.006498851912534643,2.700273718588288e-05,0.25594728329445443
54,houston-texans,2024,53,113,180926822.0,72679779.0,0.3192771084337349,0.6807228915662651,0.7134152710796356,0.2865847289203643,10,7,0.588,372,372,0,0.833,0.667,-0.7427371203183847,-0.5232590558804251,,0,0.5609036544206133,0.4358905867936597,4.711022685442972e-15,0.0032057587857224393
55,kansas-city-chiefs,2015,52,77,104438587.0,37005694.0,0.4031007751937984,0.5968992248062015,0.7383726387636698,0.2616273612363302,11,5,0.688,405,287,118,0.833,0.833,-0.11468397494006,-0.18369894172203027,,0,0.7871457623791525,0.19737854171727007,1.2065510094157444e-11,0.01547569589151199
56,indianapolis-colts,2013,53,66,98729480.0,30316535.0,0.4453781512605042,0.5546218487394958,0.7650719009029453,0.2349280990970546,11,5,0.688,391,336,55,1.0,0.75,0.2836433216651826,-0.09399998939616608,,0,0.8627871451229974,0.07001696140963315,5.8939344797003925e-09,0.06719588757343509
57,indianapolis-colts,2015,52,113,108214835.0,35187342.0,0.3151515151515151,0.6848484848484848,0.75462477114277,0.2453752288572299,8,8,0.5,333,408,-75,0.667,0.5,-0.5283696473864533,-0.7852500570786409,,0,0.6930026919630616,0.30289709095855116,3.7575368441010736e-13,0.004100217078011317
58,kansas-city-chiefs,2013,52,72,114803016.0,21828396.0,0.4193548387096774,0.5806451612903226,0.8402388171176918,0.1597611828823082,11,5,0.688,430,305,125,0.333,0.583,0.5678875638802349,-0.6786427139792697,,0,0.947963588945016,0.036254305451776825,1.7746248236227187e-08,0.015782087856958716
59,jacksonville-jaguars,2023,53,74,194030338.0,23749115.0,0.4173228346456692,0.5826771653543307,0.8909487801863475,0.1090512198136524,9,8,0.529,377,371,6,0.667,0.5,0.8492486299759149,-0.9834600920183871,,0,0.9618480289874932,0.024542457487566578,6.987541591724406e-10,0.013609512826185775
60,jacksonville-jaguars,2022,51,86,159988522.0,71244658.0,0.3722627737226277,0.6277372262773723,0.6918925821977624,0.3081074178022375,9,8,0.529,404,350,54,0.667,0.667,-0.5613138071528562,-0.09304565258422709,,0,0.5234147099158871,0.4701854703007156,9.082958441068487e-16,0.006399819783396188
61,jacksonville-jaguars,2021,58,97,126905443.0,53567826.0,0.3741935483870968,0.6258064516129033,0.7031813836097799,0.2968186163902201,3,14,0.176,253,457,-204,0.167,0.25,-0.48492384439102254,-0.1471478386509005,,0,0.5879382340673314,0.40517843703320855,8.896109641796839e-15,0.006883328899451123
62,jacksonville-jaguars,2018,53,86,140722671.0,57811014.0,0.381294964028777,0.6187050359712231,0.7088100490352557,0.2911899509647443,5,11,0.313,245,316,-71,0.167,0.333,-0.41140437878361547,-0.138692556529364,,0,0.6283975089518834,0.3631925638379798,3.440449742684588e-14,0.008409927210102187
63,jacksonville-jaguars,2017,53,67,151852626.0,19440330.0,0.4416666666666666,0.5583333333333333,0.886508292845387,0.1134917071546129,10,6,0.625,417,268,149,0.667,0.75,0.9640896228966104,-0.8172895811250516,,0,0.9601551996372536,0.014093552264825102,2.105329009593142e-08,0.025751227044631512
64,jacksonville-jaguars,2016,52,70,109679864.0,40779353.0,0.4262295081967213,0.5737704918032787,0.7289673985210224,0.2710326014789775,3,13,0.188,318,400,-82,0.333,0.167,-0.03555105723438361,0.004153224796444452,,0,0.7776830469616878,0.1825852397607245,1.2063869857317863e-11,0.039731713265523876
65,jacksonville-jaguars,2015,53,72,107546334.0,28584070.0,0.424,0.576,0.7900243504750049,0.2099756495249951,5,11,0.313,376,448,-72,0.333,0.417,0.3044727353483975,-0.3616067563447348,,0,0.9113031492319477,0.06520180548471192,9.327504944294893e-09,0.023495035955835297
66,indianapolis-colts,2024,53,103,199356329.0,50959762.0,0.3397435897435897,0.6602564102564102,0.7964183533051417,0.2035816466948583,8,9,0.471,377,427,-50,0.5,0.583,-0.14487604302815926,-0.8848665850150707,,0,0.818008878916632,0.17709534711102662,1.4111699791044553e-11,0.0048957739582295825
67,indianapolis-colts,2022,53,96,147156772.0,58654445.0,0.3557046979865771,0.6442953020134228,0.7150085119024392,0.2849914880975608,4,12,0.265,289,427,-138,0.25,0.375,-0.523278837759816,-0.32221773460772024,,0,0.6166513352150141,0.37868452394741386,2.9255234373529665e-14,0.004664140837542502
68,indianapolis-colts,2021,57,76,170696313.0,16621433.0,0.4285714285714285,0.5714285714285714,0.9112661060954684,0.0887338939045316,9,8,0.529,451,365,86,0.5,0.583,1.0316007390562676,-1.0359647599832846,,0,0.9660202153247777,0.016673664355825197,2.9463560728866347e-10,0.01730612002476155
69,indianapolis-colts,2020,53,82,187851538.0,43533980.0,0.3925925925925926,0.6074074074074074,0.8118552086738635,0.1881447913261364,11,5,0.688,451,362,89,0.667,0.583,0.2493741893112947,-0.6690576552283372,,0,0.9118559389168275,0.07917816683531691,1.4446484571693019e-09,0.008965892803207023
70,indianapolis-colts,2019,53,79,142403804.0,53696768.0,0.4015151515151515,0.5984848484848485,0.7261774024810086,0.2738225975189914,7,9,0.438,361,373,-12,0.5,0.417,-0.1943207600718754,-0.12236570444723974,,0,0.7404564831303507,0.24410590896009599,1.8257766317937987e-12,0.01543760790772733
71,indianapolis-colts,2018,52,115,116290378.0,27957466.0,0.311377245508982,0.688622754491018,0.8061845139259066,0.1938154860740934,10,6,0.625,433,344,89,0.667,0.583,-0.2521529621760592,-1.1050347880729963,,0,0.7793996154367913,0.21473250215264583,1.701052872753768e-12,0.0058678824088618745
72,indianapolis-colts,2016,53,90,114015686.0,38466657.0,0.3706293706293706,0.6293706293706294,0.7477304175474271,0.2522695824525728,8,8,0.5,411,392,19,0.5,0.417,-0.2480144791313113,-0.4252000671498609,,0,0.7654643721703227,0.22819807613954035,5.202308932112896e-12,0.0063375516849344705
73,indianapolis-colts,2014,52,86,95599118.0,28126903.0,0.3768115942028985,0.6231884057971014,0.7726678448666833,0.2273321551333167,11,5,0.688,458,369,89,1.0,0.75,-0.06820115741841493,-0.5336492773369645,,0,0.8372161016509756,0.1558007819805044,7.488102095045049e-11,0.006983116293638853
74,detroit-lions,2023,52,106,173331167.0,50077585.0,0.3291139240506329,0.6708860759493671,0.7758477026898212,0.2241522973101788,12,5,0.706,461,395,66,0.667,0.667,-0.3251200174609009,-0.827325492316058,,0,0.7645771804554653,0.2309638864803115,3.3200629050880784e-12,0.0044589330609032885
75,minnesota-vikings,2017,53,58,117742794.0,35810987.0,0.4774774774774775,0.5225225225225225,0.7667853779517159,0.2332146220482841,13,3,0.813,382,252,130,0.833,0.833,0.4788150168674725,0.08136488186604005,,0,0.6863619690463968,0.031200277539521863,7.141509900737509e-08,0.2824376819989822
76,minnesota-vikings,2019,51,73,177166406.0,13850549.0,0.4112903225806452,0.5887096774193549,0.9274904732933262,0.0725095267066737,10,6,0.625,407,303,104,0.333,0.583,1.0256313020299934,-1.2294786901545431,,0,0.9628129529415427,0.02447050178021961,2.8389756980258806e-12,0.012716545275398602
77,seattle-seahawks,2021,57,95,137955994.0,34747131.0,0.375,0.625,0.7988042717814168,0.2011957282185832,7,10,0.412,395,366,29,0.5,0.333,0.07240397431418533,-0.695166433553557,,0,0.8766076574661686,0.11675770010772459,2.4206084274716314e-10,0.006634642184045807
78,seattle-seahawks,2020,52,112,166465242.0,34428568.0,0.3170731707317073,0.6829268292682927,0.8286230521487944,0.1713769478512055,12,4,0.75,459,371,88,0.667,0.75,-0.08958928889995421,-1.2018479044495252,,0,0.8109432797255733,0.18253918527874355,1.5594136271317678e-12,0.0065175349941238555
79,seattle-seahawks,2019,51,86,131014550.0,53879814.0,0.3722627737226277,0.6277372262773723,0.7085913662571132,0.2914086337428868,11,5,0.688,405,398,7,0.5,0.667,-0.4647995655076721,-0.18955989422941114,,0,0.6124674887955238,0.3809486138470186,2.1641150119362068e-14,0.006583897357435828
80,seattle-seahawks,2018,53,85,124852499.0,50380380.0,0.3840579710144927,0.6159420289855072,0.7124947082562058,0.2875052917437942,10,6,0.625,428,347,81,0.5,0.667,-0.37416079298285243,-0.14404154383655648,,0,0.651193589371072,0.33970523860483803,7.527687361964394e-14,0.009101172024014538
81,seattle-seahawks,2017,53,80,126625244.0,40742358.0,0.3984962406015037,0.6015037593984962,0.7565696257033067,0.2434303742966933,9,7,0.563,366,332,34,0.667,0.583,-0.03608662371484486,-0.31544845029981033,,0,0.8326551753781689,0.15498239621544,8.175791916059292e-11,0.012362428324633095
82,seattle-seahawks,2016,51,92,120240932.0,30060413.0,0.3566433566433566,0.6433566433566433,0.7999990419247412,0.2000009580752587,10,5,0.656,354,292,62,0.583,0.542,-0.026639975484377906,-0.8080212493305564,,0,0.8509914658751405,0.1436412498209143,5.663445332494647e-11,0.005367284247310605
83,seattle-seahawks,2015,53,104,114840985.0,32523614.0,0.3375796178343949,0.6624203821656051,0.7792983238803507,0.2207016761196493,10,6,0.625,423,277,146,0.5,0.583,-0.2563148008197711,-0.7984075017418192,,0,0.785896036483276,0.2095313968007091,6.940269792555491e-12,0.00457256670907464
84,seattle-seahawks,2014,54,85,96775515.0,33658568.0,0.3884892086330935,0.6115107913669064,0.7419495945703087,0.2580504054296912,12,4,0.75,394,254,140,0.833,0.833,-0.17834403640803342,-0.288706585846213,,0,0.7768670288684388,0.2133655265527891,7.872282035469665e-12,0.009767444570899633
85,seattle-seahawks,2013,54,57,101503464.0,32222089.0,0.4864864864864865,0.5135135135135135,0.7590431426370695,0.2409568573629305,13,3,0.813,417,231,186,0.667,0.833,0.4860645561546859,0.1781102751478715,,0,0.539102070613728,0.025089221833611657,4.3558061731981886e-08,0.4358086639945987
86,san-francisco-49ers,2023,52,91,153107685.0,44597779.0,0.3636363636363636,0.6363636363636364,0.7744231337986693,0.2255768662013307,12,5,0.706,491,298,193,0.833,0.833,-0.13409981000365978,-0.6198380755443939,,0,0.8200992901632232,0.17428199207157766,3.2992659762180486e-11,0.005618717732206663
87,san-francisco-49ers,2022,52,87,161396139.0,43791318.0,0.3741007194244604,0.6258992805755396,0.7865789720275153,0.2134210279724847,13,4,0.765,450,277,173,1.0,0.833,-0.003445189803062574,-0.6296980585686514,,0,0.8579481751021912,0.1354783943577757,1.4069782762541666e-10,0.006573430399335014
88,san-francisco-49ers,2021,55,99,138172427.0,56928587.0,0.3571428571428571,0.6428571428571429,0.7082096815755146,0.2917903184244855,10,7,0.588,427,365,62,0.333,0.583,-0.5542735009850966,-0.27462177102506063,,0,0.5870269390639686,0.4082666291248572,1.0226379661460358e-14,0.004706431811163749
89,san-francisco-49ers,2019,53,74,166552577.0,54097764.0,0.4173228346456692,0.5826771653543307,0.7548258309739028,0.2451741690260972,13,3,0.813,479,310,169,0.833,0.833,0.06249654269514868,-0.19670800473762093,,0,0.8486840477483153,0.12801430075875272,2.4541591432749794e-10,0.023301651247516018
90,san-francisco-49ers,2014,54,79,98126936.0,33380887.0,0.4060150375939849,0.5939849624060151,0.7461680511584471,0.2538319488415529,8,8,0.5,306,340,-34,0.333,0.583,-0.052808396523244455,-0.21193391421950122,,0,0.8148544415694994,0.16869963390151102,4.042814856635861e-11,0.01644592448856154
91,san-francisco-49ers,2013,51,64,108616465.0,13567210.0,0.4434782608695652,0.5565217391304348,0.8889605342121196,0.1110394657878804,12,4,0.75,406,272,134,0.833,0.75,0.9887188955987671,-0.821006829343215,,0,0.9597942190299741,0.013194929984613628,2.1442485738350325e-08,0.02701082954292642
92,seattle-seahawks,2023,54,109,165990770.0,48987208.0,0.3312883435582822,0.6687116564417178,0.7721291805991403,0.2278708194008597,9,8,0.529,364,402,-38,0.333,0.583,-0.33406188395053094,-0.7932833501081248,,0,0.7607372736540801,0.23487118402106305,3.170329192813442e-12,0.004391542321686657
93,pittsburgh-steelers,2024,51,97,182613866.0,65198625.0,0.3445945945945945,0.6554054054054054,0.7369033952368447,0.2630966047631554,10,7,0.588,380,347,33,0.5,0.583,-0.4608570063355079,-0.5128883503243906,,0,0.6862774753837593,0.309509155258649,3.413493465135712e-13,0.004213369357250387
94,tampa-bay-buccaneers,2013,51,57,91995376.0,35718957.0,0.4722222222222222,0.5277777777777778,0.7203214693216932,0.2796785306783069,4,12,0.25,288,389,-101,0.167,0.167,0.17993493135476735,0.3195812567134688,,0,0.5556199758483743,0.08883794715623089,3.1468856094848104e-11,0.3555420769639259
95,tampa-bay-buccaneers,2017,53,72,125106587.0,28649541.0,0.424,0.576,0.8136689485312741,0.1863310514687258,5,11,0.313,335,382,-47,0.167,0.25,0.44113181437446325,-0.49826583537080055,,0,0.9334612306589916,0.04612422204138407,2.597879611114721e-08,0.020414521320828317
96,washington-commanders,2022,53,86,160094196.0,47974051.0,0.381294964028777,0.6187050359712231,0.7694311761082891,0.2305688238917108,8,8,0.5,321,343,-22,0.417,0.458,-0.06103143627862495,-0.48906549903435453,,0,0.837342394367988,0.15497445135173127,8.088568236279689e-11,0.007683154199395088
97,washington-commanders,2016,53,86,117003811.0,29112315.0,0.381294964028777,0.6187050359712231,0.8007590551641097,0.1992409448358903,8,7,0.531,396,383,13,0.5,0.5,0.1200348305033242,-0.6701317658163037,,0,0.8873248850119948,0.10532897204889784,4.299222731103812e-10,0.007346142509185041
98,washington-commanders,2015,52,95,97790178.0,41999354.0,0.3537414965986394,0.6462585034013606,0.6995529393431262,0.3004470606568737,9,7,0.563,388,379,9,0.667,0.667,-0.6239387153714976,-0.2442199495473807,,0,0.5391238209465391,0.4565833310319823,1.916039199541312e-15,0.004292848021476606
99,tennessee-titans,2021,56,114,141092116.0,43324618.0,0.3294117647058823,0.6705882352941176,0.7650721978407882,0.2349278021592118,12,5,0.706,419,354,65,0.833,0.667,-0.38568033064451257,-0.7633270741390994,,0,0.7419451340068198,0.2538026819932944,1.841781888724561e-12,0.004252183998043937
100,tennessee-titans,2019,52,89,152774763.0,44311422.0,0.3687943262411347,0.6312056737588653,0.7751672853173347,0.2248327146826653,9,7,0.563,402,331,71,0.5,0.583,-0.10002851550262998,-0.5943687510116962,,0,0.8297932652240279,0.16414419681032485,4.995431189360951e-11,0.006062537915692765
101,tennessee-titans,2017,53,65,149109415.0,12142677.0,0.4491525423728814,0.5508474576271186,0.9246975536912724,0.0753024463087275,9,7,0.563,334,356,-22,0.833,0.667,1.228019102051189,-0.994806321818656,,0,0.9618259778556211,0.008932420343529368,8.090060123282719e-10,0.029241600991843447
102,tennessee-titans,2016,53,72,116118046.0,34344677.0,0.424,0.576,0.7717396288248751,0.2282603711751248,9,7,0.563,381,378,3,0.333,0.5,0.19879222367261745,-0.2559262446689548,,0,0.8857392754346847,0.08768114760296661,2.297834983925142e-09,0.026579574664513887
103,tennessee-titans,2015,54,76,90472606.0,38190065.0,0.4153846153846154,0.5846153846153846,0.7031768056486252,0.2968231943513748,3,13,0.188,299,423,-124,0.167,0.083,-0.24720704967531612,0.09062187470218194,,0,0.6515972846883976,0.3194268838601244,6.200664711097311e-14,0.028975831451415947
104,tennessee-titans,2014,54,77,90812712.0,36788838.0,0.4122137404580153,0.5877862595419847,0.7116897247721521,0.2883102752278479,2,14,0.125,254,438,-184,0.167,0.167,-0.2163061868639291,0.023118215307186316,,0,0.6914130915445654,0.2840807532068083,2.7390826834553837e-13,0.024506155248352285
105,tennessee-titans,2013,54,55,110121914.0,17336659.0,0.4954128440366973,0.5045871559633027,0.8639820092760649,0.136017990723935,7,9,0.438,362,381,-19,0.333,0.5,1.1441019048982166,-0.37688622297678903,,0,0.7526988551622876,0.0036661941176921523,4.268997646384337e-05,0.24359226074355622
106,tampa-bay-buccaneers,2022,53,89,158812989.0,44147784.0,0.3732394366197183,0.6267605633802817,0.782481198965477,0.217518801034523,8,9,0.471,313,358,-45,0.667,0.667,-0.03210023945664037,-0.6109851731544989,,0,0.8499537742865518,0.14355078859326184,1.0683349179779935e-10,0.006495437013352857
107,tampa-bay-buccaneers,2021,57,84,149094323.0,32024876.0,0.4042553191489361,0.5957446808510638,0.8231834273957892,0.1768165726042107,13,4,0.765,511,353,158,0.667,0.667,0.3821620622409837,-0.6672175728984318,,0,0.9309089326241977,0.0577814426160478,4.630801926811487e-09,0.01130962012895261
108,tampa-bay-buccaneers,2020,54,81,185308315.0,14533308.0,0.4,0.6,0.9272758708529903,0.0727241291470095,11,5,0.688,492,355,137,0.667,0.667,0.959226394096824,-1.293402915457096,,0,0.9565295389116081,0.032430532753063346,6.327577353039566e-13,0.01103992833469589
109,tampa-bay-buccaneers,2019,53,65,150155466.0,34784512.0,0.4491525423728814,0.5508474576271186,0.8119145877696601,0.1880854122303399,7,9,0.438,458,449,9,0.333,0.417,0.5761655067396361,-0.34295272650710307,,0,0.9189994970276287,0.0290331236588608,2.583098020276148e-07,0.051967121003708365
110,tampa-bay-buccaneers,2018,53,71,157768609.0,32132277.0,0.4274193548387097,0.5725806451612904,0.830794486129991,0.169205513870009,5,11,0.313,396,464,-68,0.333,0.333,0.5598481250533108,-0.5775110371268293,,0,0.9445878959952388,0.034578096379494314,4.421663712641706e-08,0.020833963408629988
111,tampa-bay-buccaneers,2016,54,87,120636046.0,35089052.0,0.3829787234042553,0.6170212765957447,0.774673110175214,0.225326889824786,9,7,0.563,354,369,-15,0.667,0.583,-0.021016356669100924,-0.5096442075024731,,0,0.8501328714126463,0.14198116361407853,1.349735585682607e-10,0.007885964838301644
112,minnesota-vikings,2018,53,64,179040838.0,17567584.0,0.452991452991453,0.5470085470085471,0.9106468389233092,0.0893531610766908,8,7,0.531,360,341,19,0.583,0.542,1.1689670632249327,-0.8914400581406189,,0,0.9572496978833273,0.0087097108652003,8.243841356781267e-09,0.03404058300763124
113,pittsburgh-steelers,2023,54,96,194442075.0,31858465.0,0.36,0.64,0.8592205524564811,0.1407794475435189,10,7,0.588,304,324,-20,0.833,0.583,0.33501718130145075,-1.1309312032682821,,0,0.903411560152343,0.09005131549304408,1.6210484426577265e-11,0.006537124338402531
114,pittsburgh-steelers,2021,53,93,124164123.0,51743007.0,0.363013698630137,0.636986301369863,0.7058504280070967,0.2941495719929033,9,7,0.559,343,398,-55,0.667,0.583,-0.5340244723764669,-0.22710110776384249,,0,0.5842569100962963,0.41046895729138577,8.795078287904456e-15,0.005274132612309118
115,new-york-giants,2013,55,64,94626902.0,34629353.0,0.4621848739495798,0.5378151260504201,0.7320876038068719,0.2679123961931281,7,9,0.438,294,383,-89,0.5,0.5,0.19000710441749466,0.19364358104755489,,0,0.701598887240013,0.09487143595678285,1.695653352418752e-10,0.20352967663363877
116,new-orleans-saints,2020,53,84,161365733.0,32716535.0,0.3868613138686131,0.6131386861313869,0.8314295513075929,0.1685704486924071,12,4,0.75,482,337,145,1.0,0.833,0.329429016048828,-0.8152711397981164,,0,0.9212884721327556,0.07079798235011935,8.279535025579036e-10,0.00791354468917148
117,new-orleans-saints,2019,52,76,153202407.0,34685950.0,0.40625,0.59375,0.8153906364724878,0.1846093635275122,13,3,0.813,458,341,117,0.833,0.75,0.3486346750298694,-0.610664711920367,,0,0.9266083935119804,0.061237378817577987,5.22347785966575e-09,0.012154222446963634
118,new-orleans-saints,2018,51,88,138920060.0,37099464.0,0.3669064748201439,0.6330935251798561,0.7892309719005944,0.2107690280994056,13,3,0.813,504,353,151,0.667,0.75,-0.029640538290619352,-0.6865490231398277,,0,0.8514143089732803,0.14267793395810505,9.113546462452784e-11,0.005907756977479169
119,new-orleans-saints,2014,54,83,101345281.0,30426953.0,0.3941605839416058,0.6058394160583942,0.7690943526084562,0.2309056473915438,7,9,0.438,401,424,-23,0.5,0.5,0.011278559082185531,-0.4128620148375764,,0,0.8545595408420175,0.1349936124972883,1.978659675413809e-10,0.010446846462828155
120,new-england-patriots,2022,53,87,161125235.0,46879319.0,0.3785714285714285,0.6214285714285714,0.7746235930969089,0.2253764069030911,8,9,0.471,364,347,17,0.5,0.5,-0.04674021761196098,-0.5347956790732543,,0,0.843656825895295,0.14913620137170178,9.754135057301439e-11,0.007206972635462039
121,new-england-patriots,2021,59,90,147576468.0,52996691.0,0.3959731543624161,0.6040268456375839,0.7357737632282094,0.2642262367717906,10,7,0.588,462,303,159,0.5,0.667,-0.17084336220823673,-0.20981680015269613,,0,0.7679275668963372,0.2196623624036094,5.467226087142626e-12,0.012410070694586134
122,new-england-patriots,2019,53,86,156633955.0,38354592.0,0.381294964028777,0.6187050359712231,0.8032982316648577,0.1967017683351422,12,4,0.75,420,225,195,0.833,0.667,0.13471055141222082,-0.6848074867252003,,0,0.890286402905318,0.10238396152327887,4.5964325655966574e-10,0.007329635111759931
123,new-england-patriots,2018,52,79,155807993.0,20024672.0,0.3969465648854962,0.6030534351145038,0.8861151766083964,0.1138848233916036,11,5,0.688,436,325,111,0.833,0.667,0.7037056721123852,-1.0731293309235401,,0,0.9508519938841901,0.03961794622283482,9.67265369629544e-11,0.009530059796248207
124,new-england-patriots,2017,52,81,129468455.0,34244972.0,0.3909774436090225,0.6090225563909775,0.7908236811877379,0.2091763188122621,13,3,0.813,458,296,162,0.833,0.833,0.11849573229870536,-0.5568235695852701,,0,0.886504179396698,0.10443267617108688,6.49515980662074e-10,0.009063143782699184
125,new-england-patriots,2016,53,79,117616342.0,30058546.0,0.4015151515151515,0.5984848484848485,0.7964545874583633,0.2035454125416367,14,2,0.875,441,250,191,0.833,0.917,0.21186146187557187,-0.5285479263946871,,0,0.9046606232882561,0.08385082462273574,1.9923357741047127e-09,0.011488550096672382
126,new-england-patriots,2014,54,92,109964588.0,24357248.0,0.3698630136986301,0.6301369863013698,0.8186650158653281,0.1813349841346719,12,4,0.75,468,313,155,0.667,0.75,0.15754420902869737,-0.8396051486541856,,0,0.891148690554907,0.10259308704558799,1.992552216648974e-10,0.006258222200249748
127,new-england-patriots,2013,53,79,84784241.0,39252844.0,0.4015151515151515,0.5984848484848485,0.6835394511246374,0.3164605488753625,12,4,0.75,444,338,106,0.667,0.75,-0.4407560409784543,0.12406957645933914,,0,0.5157428864975108,0.467310609847053,4.7903543401073995e-16,0.016946503655435603
128,new-england-patriots,2012,63,65,101700267.0,26341383.0,0.4921875,0.5078125,0.7942748863358133,0.2057251136641866,12,4,0.75,557,331,226,1.0,0.917,0.7225987013690852,0.007385423199820661,,0,0.5951725012906809,0.011028581721309601,3.5063298350776934e-06,0.3937954106581745
129,minnesota-vikings,2022,54,83,162760165.0,46030194.0,0.3941605839416058,0.6058394160583942,0.7795386998688,0.2204613001312,13,4,0.765,424,427,-3,0.667,0.667,0.07164392770593134,-0.47322738346132226,,0,0.873422356800251,0.11648612623374799,4.3548862855819535e-10,0.010091516530512509
130,new-york-giants,2016,53,71,127295586.0,27605643.0,0.4274193548387097,0.5725806451612904,0.8217855133996387,0.1782144866003613,11,5,0.688,310,284,26,0.667,0.667,0.5077788146183869,-0.5254417266919054,,0,0.9393555770333801,0.03881932599436056,4.1856985018549863e-08,0.02182505511527435
131,pittsburgh-steelers,2022,53,91,158603136.0,52055456.0,0.3680555555555556,0.6319444444444444,0.7528918450190724,0.2471081549809276,9,8,0.529,308,346,-38,0.5,0.417,-0.23303822714841343,-0.4698869926129299,,0,0.7761288393059357,0.21784837733884624,7.616523631596744e-12,0.006022783347601538
132,new-york-giants,2018,53,72,117538663.0,53442119.0,0.424,0.576,0.6874378607064741,0.312562139293526,5,11,0.313,369,412,-43,0.167,0.333,-0.28844811612563026,0.23131409512929296,,0,0.5675854514721423,0.38717851293215244,3.0566414928486336e-15,0.04523603559570211
133,new-york-jets,2014,53,66,93006628.0,25338466.0,0.4453781512605042,0.5546218487394958,0.7858933974905626,0.2141066025094373,4,12,0.25,283,401,-118,0.167,0.333,0.40398567389449846,-0.2143423416254819,,0,0.896415656819264,0.04809059201772309,4.159894640224368e-08,0.05549370956406623
134,pittsburgh-steelers,2020,54,80,146851577.0,47818376.0,0.4029850746268656,0.5970149253731343,0.7543618043612513,0.2456381956387486,12,4,0.75,416,312,104,0.667,0.75,-0.02293891812469345,-0.27677958080225434,,0,0.8329585454138656,0.15272446258510577,8.724978605590694e-11,0.01431699191377885
135,pittsburgh-steelers,2016,53,74,120047251.0,31372722.0,0.4173228346456692,0.5826771653543307,0.7928098824849216,0.2071901175150784,11,5,0.688,399,327,72,0.833,0.75,0.28203360079278583,-0.41624506283525803,,0,0.9120168762878036,0.06951275245187236,6.2760447339365814e-09,0.018470364984279432
136,pittsburgh-steelers,2015,53,78,95331909.0,43528532.0,0.4045801526717557,0.5954198473282443,0.6865303632443455,0.3134696367556545,10,6,0.625,423,319,104,0.5,0.583,-0.4057790914862713,0.12447327630232186,,0,0.5389421359020925,0.4418821332279007,1.0765367820773894e-15,0.019175730870005913
137,pittsburgh-steelers,2014,53,63,113996593.0,17951054.0,0.4568965517241379,0.5431034482758621,0.8639532086540354,0.1360467913459646,11,5,0.688,436,368,68,0.667,0.75,0.9216302386482476,-0.5990249703526395,,0,0.9395177133004518,0.01199259961298839,5.274423934179985e-07,0.04848915964416644
138,pittsburgh-steelers,2013,54,65,96309954.0,29149390.0,0.453781512605042,0.5462184873949579,0.7676586767423238,0.2323413232576762,8,8,0.5,379,370,9,0.667,0.5,0.3470959915670405,-0.06044898270000712,,0,0.8476275094463633,0.056840018309000186,1.466292854251188e-08,0.09553245758170772
139,philadelphia-eagles,2020,52,100,140155537.0,60437922.0,0.3421052631578947,0.6578947368421053,0.6987044228595709,0.3012955771404291,4,11,0.281,334,418,-84,0.333,0.333,-0.6960039671071049,-0.30647683144687143,,0,0.5202955379003356,0.476158855316435,1.0430994991518347e-15,0.0035456067832285026
140,philadelphia-eagles,2019,52,86,118556337.0,51806062.0,0.3768115942028985,0.6231884057971014,0.6959067123726052,0.3040932876273948,9,7,0.563,385,354,31,0.833,0.583,-0.5118587593228425,-0.08999167543253692,,0,0.552639062051921,0.44003421156925365,2.4589041233641295e-15,0.007326726378822971
141,philadelphia-eagles,2018,53,89,136119127.0,35437547.0,0.3732394366197183,0.6267605633802817,0.7934353343781892,0.2065646656218107,9,7,0.563,367,348,19,0.667,0.5,0.03121156028153083,-0.67429697289267,,0,0.8669547483218165,0.12657786866110124,1.760529330652621e-10,0.0064673828410294655
142,philadelphia-eagles,2017,53,82,130626348.0,41940588.0,0.3925925925925926,0.6074074074074074,0.756960464315134,0.243039535684866,13,3,0.813,457,295,162,0.833,0.833,-0.06790188320143722,-0.35178158271560517,,0,0.8255186813887392,0.16404233222846895,5.70842291022926e-11,0.01043898632570757
143,philadelphia-eagles,2016,52,90,119020957.0,32936937.0,0.3661971830985915,0.6338028169014085,0.783249582282313,0.2167504177176869,7,9,0.438,367,331,36,0.333,0.417,-0.06830510828665692,-0.6560721178115531,,0,0.8405566772907629,0.1536043582959664,6.569690305690701e-11,0.005838964347573784
144,philadelphia-eagles,2015,53,86,123889910.0,26435286.0,0.381294964028777,0.6187050359712231,0.8241460067678874,0.1758539932321126,7,9,0.438,377,430,-53,0.5,0.333,0.25520478601677865,-0.8053017213297582,,0,0.9100547878182633,0.0826758446082565,5.407457124418226e-10,0.00726936703273459
145,philadelphia-eagles,2014,53,67,116673474.0,18108328.0,0.4416666666666666,0.5583333333333333,0.8656470849083914,0.1343529150916085,10,6,0.625,474,400,74,0.667,0.5,0.8435177503168109,-0.6967177085452523,,0,0.9549610730039461,0.01709794939652411,8.41108423936257e-08,0.02794089348868729
146,philadelphia-eagles,2013,53,58,108049086.0,18948698.0,0.4774774774774775,0.5225225225225225,0.8507950500931575,0.1492049499068424,10,6,0.625,442,382,60,0.667,0.75,0.9643671246601052,-0.40418722592659273,,0,0.866769205664918,0.00804388664419564,7.582259545727221e-06,0.1251793254313408
147,new-york-jets,2022,54,93,153295451.0,49175094.0,0.3673469387755102,0.6326530612244898,0.7571247017683486,0.2428752982316514,7,10,0.412,296,316,-20,0.333,0.417,-0.21266345092841651,-0.4984416423555769,,0,0.7864055412512968,0.20765270265637698,1.0955131803910026e-11,0.005941756081370985
148,new-york-jets,2015,53,81,135479685.0,17530647.0,0.3955223880597014,0.6044776119402985,0.8854283447996179,0.1145716552003821,10,6,0.625,387,314,73,0.5,0.583,0.6915160307150177,-1.0773795857252788,,0,0.9496948795244835,0.04096660481229499,8.751690168368977e-11,0.009338515575704467
149,new-york-giants,2020,53,117,149574151.0,43045053.0,0.3117647058823529,0.6882352941176471,0.7765277183888685,0.2234722816111315,6,10,0.375,280,357,-77,0.667,0.417,-0.4213245272777968,-0.9313905983616498,,0,0.7360788895865138,0.2591462004492307,1.0915714321108866e-12,0.004774909963163621
150,detroit-lions,2022,53,107,157043784.0,57380091.0,0.33125,0.66875,0.7323987778879567,0.2676012221120432,9,8,0.529,453,427,26,0.833,0.583,-0.5639136655356692,-0.563874184992126,,0,0.6495806899580919,0.3466962833337324,1.0044782965589418e-13,0.0037230267080752867
151,washington-commanders,2024,53,102,186228005.0,54404451.0,0.3419354838709677,0.6580645161290323,0.7739105858604544,0.2260894141395456,12,5,0.706,485,391,94,0.667,0.75,-0.2623135666964878,-0.742127068447499,,0,0.782732083506068,0.21269741566546974,7.11817673501533e-12,0.004570500821344075
152,baltimore-ravens,2019,53,76,139521776.0,50506751.0,0.4108527131782946,0.5891472868217055,0.7342149002712629,0.265785099728737,14,2,0.875,531,282,249,0.833,0.833,-0.09397251980248678,-0.11492638511414557,,0,0.783151557955023,0.1960725017826562,1.0730213461320198e-11,0.020775940251590633
153,cleveland-browns,2018,53,79,142452164.0,39496000.0,0.4015151515151515,0.5984848484848485,0.7829271857890251,0.2170728142109749,7,8,0.469,359,392,-33,0.583,0.458,0.13367691209603944,-0.4503633766151546,,0,0.8869210109518906,0.10098879852018422,9.621380278990771e-10,0.012090189565787153
154,cleveland-browns,2019,53,84,156151812.0,56602047.0,0.3868613138686131,0.6131386861313869,0.7339552510772555,0.2660447489227445,6,10,0.375,335,393,-58,0.5,0.5,-0.23394482801007677,-0.2518972957392116,,0,0.7468847256567651,0.24358933956202647,2.483314358923673e-12,0.009525934778725133
155,cleveland-browns,2020,52,112,143629461.0,55472311.0,0.3170731707317073,0.6829268292682927,0.7213871557104976,0.2786128442895023,11,5,0.688,408,419,-11,0.5,0.583,-0.7093823939008039,-0.5820547994486754,,0,0.5898506303506909,0.4067911515981521,1.3009748852120757e-14,0.003358218051143944
156,buffalo-bills,2022,53,95,163264230.0,43427230.0,0.3581081081081081,0.6418918918918919,0.7898934479440999,0.2101065520559001,13,3,0.813,455,286,169,0.667,0.818,-0.07659331260483587,-0.7411596452014946,,0,0.8387220306629318,0.15593446842697362,4.7711484097936504e-11,0.0053435008623832535
157,cleveland-browns,2022,53,100,132199512.0,54314471.0,0.3464052287581699,0.6535947712418301,0.708791426109859,0.291208573890141,7,10,0.412,361,381,-20,0.5,0.333,-0.6128857535255768,-0.3399586608042678,,0,0.5743852823471215,0.42167539793570524,7.077811720232605e-15,0.003939319717166407
158,buffalo-bills,2023,53,88,182016009.0,46621467.0,0.375886524822695,0.624113475177305,0.7960900031979009,0.203909996802099,11,6,0.647,451,311,140,0.667,0.583,0.06183304271294593,-0.6743619580558957,,0,0.8742914743384331,0.11897504660618116,2.3890505605941943e-10,0.006733478816480525
159,baltimore-ravens,2014,52,93,96142927.0,28727693.0,0.3586206896551724,0.6413793103448275,0.7699403350443843,0.2300596649556156,10,6,0.625,409,302,107,0.5,0.5,-0.18895817657271702,-0.6228778281736507,,0,0.8025224513022078,0.19223082781823783,1.730039542440206e-11,0.005246720862254089
160,baltimore-ravens,2013,53,57,103969958.0,20136890.0,0.4818181818181818,0.5181818181818182,0.8377455368135689,0.1622544631864311,8,8,0.5,320,352,-32,0.5,0.5,0.9139979590675785,-0.3037114110053445,,0,0.8216848874517638,0.008422314169597937,1.1995187036994353e-05,0.1698808031916009
161,chicago-bears,2024,53,87,204948258.0,49771111.0,0.3785714285714285,0.6214285714285714,0.8046041367195755,0.1953958632804245,5,12,0.294,310,370,-60,0.167,0.25,0.12653883202229904,-0.7080747287075144,,0,0.888310112863724,0.10468946316240851,3.7648285475809426e-10,0.007000423597384628
162,atlanta-falcons,2024,53,94,219836480.0,33296945.0,0.3605442176870748,0.6394557823129252,0.8684608917214311,0.1315391082785689,8,9,0.471,389,423,-34,0.667,0.583,0.39156479620049606,-1.1811966753019323,,0,0.9074439367827464,0.08573463059683407,8.231053267547843e-12,0.006821432612188846
163,atlanta-falcons,2023,54,99,163895473.0,58743957.0,0.3529411764705882,0.6470588235294118,0.7361475593069925,0.2638524406930075,7,10,0.412,321,373,-52,0.5,0.333,-0.4170514007311567,-0.4603457095780086,,0,0.6973955747231306,0.29794286759456684,4.895223302901365e-13,0.004661557681813056
164,dallas-cowboys,2016,51,75,139363235.0,13373688.0,0.4047619047619047,0.5952380952380952,0.9124397183253457,0.0875602816746544,13,3,0.813,421,306,115,0.5,0.75,0.90096201011858,-1.1801697814066436,,0,0.958951814476908,0.02987224658420267,1.1127293146093842e-11,0.011175938927762186
165,dallas-cowboys,2017,54,60,114468318.0,45339933.0,0.4736842105263157,0.5263157894736842,0.7162854063148466,0.2837145936851533,9,7,0.563,354,332,22,0.833,0.583,0.16504581577757757,0.35134674292686247,,0,0.5185596744218575,0.09081565160310638,1.4782065241185374e-11,0.39062467396025374
166,atlanta-falcons,2021,55,92,141096481.0,44403310.0,0.3741496598639456,0.6258503401360545,0.7606287869079055,0.2393712130920945,7,10,0.412,313,459,-146,0.333,0.333,-0.15314743850545517,-0.4794308689610964,,0,0.8064255048519744,0.18685190769216475,2.3581133681368974e-11,0.006722587432279731
167,dallas-cowboys,2018,52,62,121164619.0,52827431.0,0.4561403508771929,0.543859649122807,0.6963802024287892,0.3036197975712109,10,6,0.625,339,324,15,0.833,0.75,-0.05125884800962105,0.36513495907960547,,0,0.5703732233773887,0.2189609020428882,9.798127372190458e-14,0.21066587457962524
168,buffalo-bills,2020,52,91,200165512.0,18063182.0,0.3636363636363636,0.6363636363636364,0.917228199147817,0.082771800852183,13,3,0.813,501,375,126,1.0,0.833,0.6912730157228973,-1.4452109012709509,,0,0.9169946923517969,0.07393652679087401,2.7389038050719314e-14,0.009068780857301994
169,atlanta-falcons,2020,54,83,166160239.0,33175751.0,0.3941605839416058,0.6058394160583942,0.833568684711677,0.166431315288323,4,12,0.25,396,414,-18,0.167,0.167,0.38392193517504547,-0.7855053909304364,,0,0.9295455270000241,0.06148759743022593,1.61166341960962e-09,0.008966873958086527
170,dallas-cowboys,2021,58,83,167631750.0,37695281.0,0.4113475177304964,0.5886524822695035,0.8164134511836388,0.1835865488163611,12,5,0.706,530,358,172,1.0,0.833,0.38396769303267225,-0.5871548525187444,,0,0.9306338046459859,0.05552179543486466,8.48590358143573e-09,0.013844391433245954
171,atlanta-falcons,2019,52,89,132338075.0,51908844.0,0.3687943262411347,0.6312056737588653,0.7182647922595655,0.2817352077404345,7,9,0.438,381,399,-18,0.667,0.5,-0.42890880676645154,-0.2654884597478746,,0,0.6524261612748986,0.3414686161549132,9.184056804151386e-14,0.006105222570096372
172,baltimore-ravens,2016,53,81,115846569.0,35112874.0,0.3955223880597014,0.6044776119402985,0.7674019372209793,0.2325980627790207,8,8,0.5,343,321,22,0.667,0.583,0.00935682792090803,-0.39522038293116923,,0,0.8529148854792582,0.13618691799192723,1.8885554599276021e-10,0.010898196339958983
173,atlanta-falcons,2018,53,57,141338061.0,32316805.0,0.4818181818181818,0.5181818181818182,0.813902105110029,0.186097894889971,7,9,0.438,414,423,-9,0.667,0.583,0.77618967788334,-0.1659031298211061,,0,0.7752756460355587,0.012069142241525823,5.824102058811555e-06,0.21264938762085675
174,baltimore-ravens,2017,53,76,112215774.0,46655209.0,0.4108527131782946,0.5891472868217055,0.7063327228232735,0.2936672771767264,9,7,0.563,395,303,92,0.5,0.583,-0.2551236073454304,0.046224702428798045,,0,0.6625523329701225,0.3137473657275936,9.238111568587843e-14,0.023700301302191445
175,baltimore-ravens,2020,53,110,135700177.0,55289068.0,0.3251533742331288,0.6748466257668712,0.7105121390474107,0.2894878609525892,11,5,0.688,468,303,165,0.667,0.583,-0.7256002475636533,-0.4725636215573582,,0,0.5553107090560704,0.44146787622365047,3.86321945160392e-15,0.0032214147202752987
176,buffalo-bills,2019,53,63,152820449.0,21984538.0,0.4568965517241379,0.5431034482758621,0.8742339198823887,0.1257660801176112,10,6,0.625,314,259,55,0.5,0.583,0.9810498373598099,-0.6584445690642018,,0,0.9436396459346235,0.010718731487696366,3.1789199022608587e-07,0.04564130468568996
177,buffalo-bills,2021,55,99,165564312.0,23773167.0,0.3571428571428571,0.6428571428571429,0.8744402475116931,0.1255597524883068,11,6,0.647,483,289,194,0.833,0.583,0.4064920824584559,-1.2353873544686131,,0,0.9040778755582372,0.0889074011449528,3.28240317414312e-12,0.007014723293527732
178,cincinnati-bengals,2021,61,82,154339838.0,36946749.0,0.4265734265734265,0.5734265734265734,0.8068513345371152,0.1931486654628847,10,7,0.588,460,376,84,0.667,0.667,0.4165810311197815,-0.4440088632659073,,0,0.9284067512387387,0.04848297425476876,2.670926705460012e-08,0.023110247797225498
179,cincinnati-bengals,2022,54,71,175096752.0,35103316.0,0.432,0.568,0.8330004536440017,0.1669995463559983,12,4,0.75,418,322,96,0.5,0.727,0.5990361880052902,-0.5638227088803158,,0,0.9454213924012762,0.030700417368197504,6.98300395828325e-08,0.023878120400486588
180,cincinnati-bengals,2023,53,69,170878346.0,44963649.0,0.4344262295081967,0.5655737704918032,0.7916825731711755,0.2083174268288244,9,8,0.529,366,384,-18,0.167,0.333,0.3742340572354717,-0.31101354938518155,,0,0.912705423325354,0.05327177569229255,2.4915921486236693e-08,0.03402277606643192
181,cincinnati-bengals,2024,52,92,185741962.0,73579864.0,0.3611111111111111,0.6388888888888888,0.716260427689569,0.2837395723104309,9,8,0.529,472,434,38,0.5,0.5,-0.48483882309477955,-0.298249157188536,,0,0.6308374983314362,0.3639883786231098,4.601740869948391e-14,0.005174123045407968
182,buffalo-bills,2016,53,104,112497692.0,39842882.0,0.3375796178343949,0.6624203821656051,0.7384617836611276,0.2615382163388724,7,9,0.438,399,378,21,0.167,0.333,-0.4923384356343296,-0.5623838669272607,,0,0.6803049343560138,0.3157209008219899,2.8058083414951546e-13,0.003974164821715847
183,cincinnati-bengals,2017,52,56,128091070.0,33600493.0,0.4814814814814814,0.5185185185185185,0.7921939006799013,0.2078060993200987,7,9,0.438,290,349,-59,0.5,0.5,0.6487790658505469,-0.04237919708634885,,0,0.722941578131189,0.01741845297268655,1.327984586336375e-06,0.2596386409115381
184,buffalo-bills,2014,53,69,110273422.0,37411448.0,0.4344262295081967,0.5655737704918032,0.7466805638248522,0.2533194361751478,9,7,0.563,343,289,54,0.667,0.417,0.11413519080706494,-0.05091468295677474,,0,0.8328755983155702,0.11796685683727597,2.825898383335674e-10,0.04915754456456389
185,cleveland-browns,2013,52,59,80881583.0,29185175.0,0.4684684684684684,0.5315315315315315,0.7348411497683979,0.2651588502316022,4,12,0.25,308,406,-98,0.333,0.25,0.24218896043555918,0.21399600572890773,,0,0.6604754680125938,0.0758903472580252,3.822563858643869e-10,0.26363418434712443
186,cleveland-browns,2014,55,80,97109089.0,38292125.0,0.4074074074074074,0.5925925925925926,0.7171951131841403,0.2828048868158597,7,9,0.438,299,337,-38,0.333,0.333,-0.21222740396199707,-0.036442172841505485,,0,0.7107547794975898,0.2694199234235572,5.713421084149801e-13,0.0198252970782817
187,buffalo-bills,2013,55,69,93306218.0,21845431.0,0.4435483870967742,0.5564516129032258,0.8102898986709257,0.1897101013290743,6,10,0.375,339,388,-49,0.5,0.417,0.5344296558425792,-0.365908091865066,,0,0.9245209798080102,0.03342540179501236,1.43978512431491e-07,0.042053474418464895
188,cincinnati-bengals,2015,53,55,134100760.0,9812751.0,0.4907407407407407,0.5092592592592593,0.931814942656774,0.0681850573432261,12,4,0.75,419,279,140,0.833,0.75,1.5091909787627336,-0.7959074293025723,,0,0.8725328244695648,0.0022811603494400866,1.1328947760345062e-07,0.1251859018915176
189,cincinnati-bengals,2014,55,67,115809145.0,15832957.0,0.4508196721311475,0.5491803278688525,0.8797272547349632,0.1202727452650368,10,5,0.656,365,344,21,0.5,0.583,0.9777257167916581,-0.7252685283649098,,0,0.9524546091932872,0.01187271644135511,1.080420314135375e-07,0.03567256632332623
190,cleveland-browns,2015,53,72,102057621.0,37589939.0,0.424,0.576,0.730822801343611,0.269177198656389,3,13,0.188,278,432,-154,0.167,0.167,-0.03769544877378986,-0.019438572222547468,,0,0.7832884866822459,0.18103541196975054,1.4193100509226493e-11,0.03567610133381029
191,baltimore-ravens,2024,54,100,219432580.0,32437030.0,0.3506493506493506,0.6493506493506493,0.8712149909629828,0.1287850090370172,12,5,0.706,518,361,157,0.667,0.667,0.35037231998526186,-1.2542249784575228,,0,0.8930214192300678,0.10002877200026422,2.215107936600086e-12,0.0069498087674528105
192,baltimore-ravens,2023,53,101,175622212.0,46939959.0,0.3441558441558441,0.6558441558441559,0.7890928238653818,0.2109071761346181,13,4,0.765,483,280,203,0.5,0.667,-0.16174923655329954,-0.8170608083810652,,0,0.8143731062260087,0.1807899250890389,1.6288014077231867e-11,0.004836968668664407
193,baltimore-ravens,2022,53,107,160177579.0,44439941.0,0.33125,0.66875,0.7828145849876393,0.2171854150123606,10,7,0.588,350,315,35,0.5,0.5,-0.27252458164419613,-0.8552632688835992,,0,0.7813839486166144,0.2140177167635402,5.1682546969543725e-12,0.004598334614676952
194,cincinnati-bengals,2013,52,57,92938874.0,34127371.0,0.4770642201834862,0.5229357798165137,0.7314206381088857,0.2685793618911143,11,5,0.688,430,305,125,0.5,0.667,0.2720316333714371,0.2833778556112014,,0,0.5483870973605648,0.06050281264350966,3.1736603988208163e-10,0.3911100896785596
195,baltimore-ravens,2018,53,62,150160923.0,20370707.0,0.4608695652173913,0.5391304347826087,0.8805458729269169,0.1194541270730831,10,6,0.625,389,287,102,0.5,0.667,1.0404622544910316,-0.6719947531891495,,0,0.9398311713649805,0.009038024374715592,3.4907582483613337e-07,0.051130455184478917
196,atlanta-falcons,2017,53,51,147393869.0,18919918.0,0.5096153846153846,0.4903846153846153,0.8862396296706297,0.1137603703293702,10,6,0.625,353,315,38,0.667,0.75,1.3547177157882428,-0.4235558941401576,,0,0.6356612605346301,0.0015323544725033941,8.920876053101806e-05,0.3627171762323354
197,dallas-cowboys,2019,52,65,148849800.0,33517708.0,0.4444444444444444,0.5555555555555556,0.8162078959811196,0.1837921040188803,8,8,0.5,434,321,113,0.833,0.583,0.5738057949223688,-0.3949406489420208,,0,0.9283507205331507,0.03000861891840156,1.9079305004597174e-07,0.041640469755397834
198,dallas-cowboys,2022,53,108,161682742.0,53656026.0,0.3291925465838509,0.6708074534161491,0.7508296973260291,0.2491703026739709,12,5,0.706,467,342,125,0.667,0.667,-0.469263214533458,-0.6822747209440152,,0,0.7050174773791394,0.29098529573834675,6.09412231241838e-13,0.003997226881904199
199,chicago-bears,2023,52,91,171087200.0,56424844.0,0.3636363636363636,0.6363636363636364,0.7519918374079572,0.2480081625920428,7,10,0.412,360,379,-19,0.333,0.5,-0.26374634909137523,-0.49019153645667835,,0,0.7661445381127716,0.22827619863215737,5.2810968520856535e-12,0.005579263249790048
200,denver-broncos,2023,53,94,173358141.0,58415972.0,0.3605442176870748,0.6394557823129252,0.747961619855277,0.2520383801447231,8,9,0.471,357,413,-56,0.5,0.417,-0.30488686169410206,-0.48474501740733417,,0,0.7490637694078409,0.24563832032187372,2.8919433487270787e-12,0.005297910267393611
201,arizona-cardinals,2016,53,87,111290277.0,44565588.0,0.3785714285714285,0.6214285714285714,0.7140589608225523,0.2859410391774477,7,8,0.469,418,362,56,0.75,0.542,-0.3967866361837229,-0.18474926050149237,,0,0.6494538026049916,0.34276327008641283,7.500953411835072e-14,0.007782927308520578
202,carolina-panthers,2015,53,75,121004274.0,24226173.0,0.4140625,0.5859375,0.8331880573224428,0.1668119426775571,15,1,0.938,500,308,192,0.833,0.917,0.49659027891058405,-0.6684372102138633,,0,0.9426070336457479,0.04336999943500471,1.1509015596378563e-08,0.014022955410231717
203,arizona-cardinals,2015,52,77,120691340.0,24016636.0,0.4031007751937984,0.5968992248062015,0.8340337784836407,0.1659662215163592,13,3,0.813,489,313,176,0.667,0.833,0.4382103149778337,-0.736593231639924,,0,0.9368323654234278,0.05242609086460867,3.841607150772272e-09,0.010741539870356516
204,carolina-panthers,2016,53,80,98999535.0,40232365.0,0.3984962406015037,0.6015037593984962,0.7110406092282013,0.2889593907717987,6,10,0.375,369,402,-33,0.167,0.417,-0.2992314420637757,-0.05230363195087946,,0,0.6679640536711844,0.31744560379442643,1.1989586631300024e-13,0.014590342534269336
205,arizona-cardinals,2021,56,101,153976241.0,37151384.0,0.3566878980891719,0.643312101910828,0.8056200196073173,0.1943799803926826,11,6,0.647,449,366,83,0.667,0.583,0.006104763980584295,-0.8402518273989148,,0,0.8581621660697283,0.13640590405789765,6.200042184194288e-11,0.005431929810373694
206,arizona-cardinals,2014,54,86,93308619.0,39920326.0,0.3857142857142857,0.6142857142857143,0.7003629654201645,0.2996370345798355,11,5,0.688,310,299,11,0.5,0.667,-0.43471904742904927,-0.06436372414785169,,0,0.591260199458635,0.39911823181646544,8.717661099008932e-15,0.009621568724890926
207,detroit-lions,2014,54,68,112293516.0,20098262.0,0.4426229508196721,0.5573770491803278,0.8481910107740981,0.1518089892259019,11,5,0.688,321,282,39,0.833,0.75,0.7481459897373812,-0.5903071415988618,,0,0.9481600352065812,0.020301674783014482,1.7592714132817785e-07,0.03153811408326294
208,detroit-lions,2015,53,76,107062153.0,36153641.0,0.4108527131782946,0.5891472868217055,0.7475582825732195,0.2524417174267804,7,9,0.438,358,400,-42,0.5,0.5,-0.016851549839768148,-0.1920473550768642,,0,0.8243299457939246,0.1563798003246183,6.602309311514787e-11,0.019290253815433995
209,detroit-lions,2016,53,83,116112911.0,33605758.0,0.3897058823529412,0.6102941176470589,0.775540630808039,0.2244593691919609,9,7,0.563,346,358,-12,0.5,0.583,0.022824936337849714,-0.4758309615306923,,0,0.8609356225390403,0.12990488177491372,2.3580334316326687e-10,0.009159495450242519
210,detroit-lions,2017,52,96,130190524.0,30890495.0,0.3513513513513513,0.6486486486486487,0.8082300745812888,0.1917699254187111,9,7,0.563,410,376,34,0.833,0.667,-0.00961090452022617,-0.8861382527128884,,0,0.8527671201804107,0.14194012504494397,4.080536586614262e-11,0.005292754733839978
211,carolina-panthers,2017,51,70,144363005.0,31085306.0,0.4214876033057851,0.5785123966942148,0.8228235665374972,0.1771764334625028,11,5,0.688,363,327,36,0.5,0.583,0.4795420661209033,-0.5656777813702146,,0,0.9391842405308384,0.042792291741473115,2.3915528852149634e-08,0.01802344381215954
212,carolina-panthers,2018,53,64,138090418.0,46331359.0,0.452991452991453,0.5470085470085471,0.7487750104479256,0.2512249895520744,7,9,0.438,376,382,-6,0.333,0.417,0.23339374761740342,0.044133257466910464,,0,0.8052892259969676,0.08315659554002681,1.307110224187445e-09,0.11155417715589543
213,detroit-lions,2013,52,65,91836977.0,27932283.0,0.4444444444444444,0.5555555555555556,0.7667825366876275,0.2332174633123724,7,9,0.438,395,376,19,0.667,0.5,0.28814121878929655,-0.1092760728089485,,0,0.8675729406215739,0.06896009523387663,6.623564971186162e-09,0.06346695752098458
214,chicago-bears,2019,53,73,140944391.0,41917585.0,0.4206349206349206,0.5793650793650794,0.7707692658860911,0.2292307341139089,8,8,0.5,280,298,-18,0.667,0.583,0.1737615090662609,-0.26974011344696,,0,0.8827686376024504,0.09356711887086548,1.6283928047828671e-09,0.023664241898291225
215,cincinnati-bengals,2019,52,76,132358691.0,52596260.0,0.40625,0.59375,0.7156266446741402,0.2843733553258599,2,14,0.125,279,420,-141,0.167,0.167,-0.2279729376976067,-0.03405709919289088,,0,0.701893188260399,0.2790115394617946,4.077741015577869e-13,0.019095272277398635
216,chicago-bears,2020,53,97,163818846.0,40894308.0,0.3533333333333333,0.6466666666666666,0.8002360512700615,0.1997639487299384,8,8,0.5,372,370,2,0.333,0.5,-0.04437465223189685,-0.8284956198360282,,0,0.8460220683589932,0.1487356962276631,4.3700806328924656e-11,0.00524223536964293
217,atlanta-falcons,2016,52,90,112615074.0,41205829.0,0.3661971830985915,0.6338028169014085,0.7321181439170201,0.2678818560829798,11,5,0.688,540,406,134,0.833,0.75,-0.3638303381784898,-0.3605468879197201,,0,0.7050525885430398,0.28913220881156604,6.032493719780239e-13,0.005815202644791083
218,denver-broncos,2014,52,71,120462699.0,14677827.0,0.4227642276422764,0.5772357723577236,0.8913884129768742,0.1086115870231258,12,4,0.75,482,354,128,1.0,0.833,0.8831957729975011,-0.9545948549881876,,0,0.9631193523947452,0.021543966417488805,1.3082017285792444e-09,0.015336679879564403
219,denver-broncos,2015,53,65,134668943.0,10429956.0,0.4491525423728814,0.5508474576271186,0.9281182967487576,0.0718817032512424,12,4,0.75,355,296,59,0.667,0.667,1.2477900279391334,-1.0145772477066004,,0,0.9621436604203745,0.008782846449832245,4.973488235708519e-10,0.02907349263244436
220,dallas-cowboys,2023,53,92,185500694.0,36601189.0,0.3655172413793103,0.6344827586206897,0.835205408861842,0.1647945911381579,12,5,0.706,509,315,194,0.833,0.75,0.22806041958607903,-0.9602865104347647,,0,0.8983198235614686,0.09548370745940489,9.857825371718648e-11,0.006196468880548409
221,denver-broncos,2016,53,72,112742090.0,34471038.0,0.424,0.576,0.7658426359909967,0.2341573640090033,9,7,0.563,333,297,36,0.333,0.5,0.1647092755174695,-0.2218432965138068,,0,0.8753761233445259,0.09691095992797708,1.3048967438313046e-09,0.02771291542260017
222,atlanta-falcons,2014,54,73,103552592.0,29456903.0,0.4251968503937008,0.5748031496062992,0.7785353368945578,0.2214646631054422,6,10,0.375,381,417,-36,0.833,0.5,0.2449773751815045,-0.288295628443157,,0,0.8966027022288594,0.0769091908146886,4.524675172822539e-09,0.02648810243177683
223,atlanta-falcons,2015,53,92,99720594.0,36515471.0,0.3655172413793103,0.6344827586206897,0.7319691302005823,0.2680308697994176,8,8,0.5,339,345,-6,0.167,0.417,-0.36861602762403956,-0.363610063224646,,0,0.7033335007833847,0.29092945130605885,5.698063146943466e-13,0.005737047909986447
224,denver-broncos,2017,53,73,121736835.0,34667274.0,0.4206349206349206,0.5793650793650794,0.7783480611752982,0.2216519388247018,5,11,0.313,289,382,-93,0.333,0.333,0.21756479901373013,-0.3135434033944292,,0,0.8948197202517513,0.08266102997224273,3.1105096419574616e-09,0.02251924666549627
225,atlanta-falcons,2013,53,63,89778071.0,32436154.0,0.4568965517241379,0.5431034482758621,0.7345959195830108,0.2654040804169891,4,12,0.25,353,443,-90,0.167,0.25,0.17398175049526163,0.14862351780034652,,0,0.7433773999390099,0.10182098535068121,1.9143194458594015e-10,0.15480161451887697
226,new-orleans-saints,2015,53,111,93560943.0,49653084.0,0.3231707317073171,0.676829268292683,0.6532945477470583,0.3467054522529417,7,9,0.438,408,476,-68,0.5,0.417,-1.067744972468415,-0.15330540676421062,,1,0.28100695227741873,0.7170210023392143,3.528834678897246e-20,0.0019720453833669354
227,new-york-jets,2013,54,65,80633014.0,42327162.0,0.453781512605042,0.5462184873949579,0.6557652780197712,0.3442347219802288,8,8,0.5,290,387,-97,0.5,0.417,-0.2996161573191599,0.5862631661861932,,1,0.3292405248387894,0.4473434515912658,1.9008047464340347e-18,0.22341602356994497
228,new-york-jets,2020,53,96,86529089.0,95969660.0,0.3557046979865771,0.6442953020134228,0.4741352446202247,0.5258647553797753,2,14,0.125,243,457,-214,0.0,0.083,-1.9154580911541792,1.0699615187866431,,1,0.0008490545961108885,0.9990162185029724,1.3874330259337409e-52,0.0001347269009165698
229,new-york-giants,2019,53,97,125098384.0,69514540.0,0.3533333333333333,0.6466666666666666,0.6428061478589161,0.3571938521410839,4,12,0.25,341,451,-110,0.333,0.25,-0.9542748992198204,0.0814046271518955,,1,0.2359827739199291,0.7611654859968974,3.4340956048396956e-21,0.002851740083173425
230,new-york-jets,2021,55,101,88174985.0,117561655.0,0.3525641025641026,0.6474358974358975,0.428581826747049,0.571418173252951,4,13,0.235,310,504,-194,0.0,0.333,-2.1968705761817136,1.3151207367944329,,1,0.00011074675565509245,0.9998482339880083,1.657383996736295e-64,4.10192563364519e-05
231,buffalo-bills,2024,53,112,175108383.0,80958862.0,0.3212121212121212,0.6787878787878788,0.6838374935458847,0.3161625064541152,13,4,0.765,525,368,157,0.833,0.75,-0.9025199464999621,-0.3411395306005013,,1,0.4285421465547713,0.5688443976236938,3.155513829029692e-17,0.002613455821535005
232,new-england-patriots,2024,53,112,130015616.0,99598323.0,0.3212121212121212,0.6787878787878788,0.5662357283980046,0.4337642716019954,4,13,0.235,289,417,-128,0.333,0.25,-1.5822248363315614,0.33856535923109815,,1,0.035063727266031186,0.9644578241474093,1.701421551311737e-32,0.0004784485865593715
233,new-england-patriots,2023,53,92,122696951.0,99154471.0,0.3655172413793103,0.6344827586206897,0.5530591144914996,0.4469408855085003,4,13,0.235,236,366,-130,0.333,0.333,-1.4026652390826981,0.6704391482340126,,1,0.017946157434249647,0.9810685868583295,2.1857026341979871e-35,0.0009852557074208922
234,carolina-panthers,2019,53,72,117133265.0,66172900.0,0.424,0.576,0.6390034126784552,0.3609965873215448,5,11,0.313,340,470,-130,0.167,0.167,-0.5683855058369305,0.511251484840593,,1,0.24843278465187632,0.7089312001790881,4.7857208539744844e-21,0.04263601516903559
235,new-york-giants,2021,49,120,121896505.0,60624546.0,0.2899408284023668,0.7100591715976331,0.6678490197823812,0.3321509802176188,4,13,0.235,258,416,-158,0.167,0.25,-1.1754179031266587,-0.42921978854160137,,1,0.3479199048211623,0.6498308435823307,6.0611327263886765e-19,0.0022492515965068867
236,new-orleans-saints,2016,53,84,86319212.0,59969742.0,0.3868613138686131,0.6131386861313869,0.5900596705339762,0.4099403294660238,7,9,0.438,469,454,15,0.333,0.5,-1.065620522651525,0.5797783989022366,,1,0.05962997001879331,0.9362254929655976,8.354944284246977e-29,0.004144537015609209
237,new-york-jets,2018,52,71,109047126.0,67748921.0,0.4227642276422764,0.5772357723577236,0.6167961775751695,0.3832038224248306,4,12,0.25,333,441,-108,0.167,0.25,-0.7038695646497097,0.6324704826590232,,1,0.13857677299866863,0.8281568462011655,2.4507097529848222e-24,0.033266380800165696
238,new-york-jets,2019,53,85,96678757.0,91786146.0,0.3840579710144927,0.6159420289855072,0.5129801648002333,0.4870198351997666,7,9,0.438,276,359,-83,0.333,0.333,-1.527298338231578,1.0090960014121688,,1,0.0034517082806852953,0.9956555281957603,5.109732629327987e-44,0.0008927635235544162
239,new-york-giants,2024,52,132,115949374.0,141875570.0,0.2826086956521739,0.717391304347826,0.4497213194391307,0.5502786805608693,3,14,0.176,273,415,-142,0.0,0.083,-2.47845323081432,0.789177522891321,,1,0.0008522636940760899,0.9991220271030772,2.934997062233803e-56,2.5709202846721175e-05
240,new-york-jets,2017,53,85,98416921.0,46485399.0,0.3840579710144927,0.6159420289855072,0.6791949293841534,0.3208050706158465,5,11,0.313,298,382,-84,0.333,0.417,-0.5666240821280747,0.04842174530866583,,1,0.4643971294321618,0.5267550021252494,8.96542197068123e-17,0.00884786844258873
241,carolina-panthers,2014,53,77,88019888.0,45379535.0,0.4076923076923077,0.5923076923076923,0.6598221043279925,0.3401778956720075,7,8,0.469,339,374,-35,0.667,0.5,-0.5421827789403532,0.29680193077364975,,1,0.3677928417653953,0.6110912303618256,1.4860076958203327e-18,0.0211159278727793
242,new-york-jets,2016,54,102,97375558.0,60707741.0,0.3461538461538461,0.6538461538461539,0.6159762518620009,0.384023748137999,5,11,0.313,275,409,-134,0.333,0.333,-1.1507820788760448,0.19503584516078898,,1,0.1289298218835232,0.8693453934410158,9.04689709375057e-25,0.0017247846754609936
243,new-york-giants,2017,54,87,104596283.0,62833631.0,0.3829787234042553,0.6170212765957447,0.624716817330504,0.3752831826694959,3,13,0.188,246,388,-142,0.167,0.083,-0.8877212516117939,0.3570606874402199,,1,0.1617713318850963,0.8324959765695286,2.102844522594662e-23,0.005732691545374904
244,new-orleans-saints,2022,54,113,131357406.0,75470635.0,0.3233532934131736,0.6766467065868264,0.63510443441274,0.36489556558726,7,10,0.412,330,345,-15,0.333,0.417,-1.17182498005613,-0.04711800953227946,,1,0.20174173180754681,0.7966807294957551,2.762149660538031e-22,0.001577538696697849
245,new-orleans-saints,2023,54,109,138027290.0,82498375.0,0.3312883435582822,0.6687116564417178,0.6259012528088284,0.3740987471911716,9,8,0.529,402,327,75,0.667,0.5,-1.1792178850023456,0.051872650943689924,,1,0.1651346551451742,0.8333361341283021,1.9552958260734753e-23,0.0015292107265236657
246,new-orleans-saints,2024,52,108,140889092.0,108989184.0,0.325,0.675,0.5638308950074555,0.4361691049925444,5,12,0.294,338,398,-60,0.333,0.333,-1.574261521067059,0.3743271860694893,,1,0.03182386608301904,0.9676979065207321,5.845162413493388e-33,0.0004782273962489421
247,new-york-giants,2022,53,122,133245725.0,70421384.0,0.3028571428571429,0.6971428571428572,0.6542329080735368,0.3457670919264632,9,7,0.559,365,371,-6,0.25,0.375,-1.1795658373884335,-0.2759731854449097,,1,0.28633619133612725,0.7118395346928555,3.3718535457273485e-20,0.0018242739710173548
248,carolina-panthers,2013,53,65,72439817.0,38091828.0,0.4491525423728814,0.5508474576271186,0.655376268036181,0.344623731963819,12,4,0.75,366,241,125,0.833,0.75,-0.3285816391477915,0.5617944193803245,,1,0.33959427789969615,0.48516861925263866,1.5047885599692196e-18,0.1752371028476652
249,new-york-giants,2023,53,101,129927472.0,93510559.0,0.3441558441558441,0.6558441558441559,0.5814921990607768,0.4185078009392233,6,11,0.353,266,407,-141,0.5,0.417,-1.3616220414754703,0.3828119965411056,,1,0.049954351696613344,0.9491081348588206,4.2789280311523576e-30,0.0009375134445660579
250,new-york-giants,2014,54,73,84943487.0,46991711.0,0.4251968503937008,0.5748031496062992,0.6438273355984958,0.3561726644015041,6,10,0.375,380,400,-20,0.333,0.333,-0.5335967139509089,0.49027846068925635,,1,0.27778065556406395,0.675579915603989,2.2663696519204885e-20,0.046639428831946904
251,new-york-giants,2015,53,101,78694040.0,49627382.0,0.3441558441558441,0.6558441558441559,0.613257231516652,0.386742768483348,6,10,0.375,420,442,-22,0.333,0.333,-1.1780291518724262,0.1992191069380615,,1,0.12072799534423599,0.8776830936567359,3.692741815615879e-25,0.0015889109990280415
252,new-orleans-saints,2017,51,102,97762121.0,63955339.0,0.3333333333333333,0.6666666666666666,0.6045242177313446,0.3954757822686555,11,5,0.688,448,326,122,0.667,0.667,-1.2909679864935288,0.18722896412232543,,1,0.09854413518547371,0.9003182666536581,2.0259220845695026e-26,0.0011375981608682867
253,new-orleans-saints,2021,54,110,107680541.0,77629717.0,0.3292682926829268,0.6707317073170732,0.5810824622563528,0.4189175377436472,9,8,0.529,364,335,29,0.667,0.583,-1.4499169642307457,0.2992533991149729,,1,0.052377182909089874,0.9469141225400638,4.6326142019234915e-30,0.0007086945508463764
254,detroit-lions,2020,52,100,136316057.0,64958058.0,0.3421052631578947,0.6578947368421053,0.6772657129805291,0.3227342870194709,5,11,0.313,377,519,-142,0.167,0.333,-0.8199136373245713,-0.18256716122940508,,1,0.4092419109387006,0.5876442907668268,1.4696993332707883e-17,0.003113798294472647
255,new-york-jets,2024,53,136,156802254.0,101686183.0,0.2804232804232804,0.7195767195767195,0.606612256315357,0.393387743684643,5,12,0.294,338,404,-66,0.333,0.417,-1.5842816597963956,-0.13022125226602327,,1,0.1260342527433479,0.8729969983601392,6.787670386120732e-26,0.0009687488965129254
256,arizona-cardinals,2023,53,130,107322872.0,110800904.0,0.2896174863387978,0.7103825136612022,0.4920273890728904,0.5079726109271095,4,13,0.235,330,455,-125,0.0,0.25,-2.1934833635792748,0.585113193004182,,1,0.003909817280933459,0.9960145551838473,1.6179513713383202e-46,7.562753521922957e-05
257,arizona-cardinals,2022,52,129,98153785.0,106671879.0,0.287292817679558,0.712707182320442,0.4792064777585684,0.5207935222414316,4,13,0.235,340,449,-109,0.167,0.25,-2.281001932938058,0.6457970949515708,,1,0.002507456383977313,0.997437600427014,2.4361286415928033e-49,5.4943189008998616e-05
258,tampa-bay-buccaneers,2023,53,88,128436935.0,95243824.0,0.375886524822695,0.624113475177305,0.5741975106584827,0.4258024893415173,9,8,0.529,348,325,23,0.667,0.583,-1.2206427092990377,0.6081137939560881,,1,0.03601108144590641,0.9619086910408331,1.5448538878712598e-31,0.002080227513260561
259,tampa-bay-buccaneers,2024,53,109,139250589.0,105229356.0,0.3271604938271605,0.6728395061728395,0.5695787807871112,0.4304212192128888,10,7,0.588,502,385,117,0.667,0.667,-1.5285706067003177,0.35357579719847293,,1,0.03753489241012269,0.9619131357573042,5.572349195861205e-32,0.0005519718325730666
260,arizona-cardinals,2020,53,106,134848837.0,59314128.0,0.3333333333333333,0.6666666666666666,0.6945136885399334,0.3054863114600665,8,8,0.5,410,367,43,0.333,0.5,-0.7708543362856315,-0.33288468608557215,,1,0.49024135276644293,0.5066418651769451,3.534865685269306e-16,0.003116782056611814
261,arizona-cardinals,2019,53,90,118348287.0,73671640.0,0.3706293706293706,0.6293706293706294,0.616333361068302,0.3836666389316979,5,10,0.344,361,442,-81,0.167,0.292,-1.0074522451039085,0.33423769882273635,,1,0.12899382176889979,0.8676583327004741,1.1415894106021351e-24,0.0033478455306262286
262,arizona-cardinals,2018,53,94,107921249.0,64993828.0,0.3605442176870748,0.6394557823129252,0.6241286235554809,0.375871376444519,3,13,0.188,225,425,-200,0.333,0.25,-1.0206065024803523,0.23097462337891628,,1,0.15668788006084342,0.840569869062712,1.3609372705952692e-23,0.002742250876444633
263,arizona-cardinals,2017,53,82,104474970.0,64876556.0,0.3925925925925926,0.6074074074074074,0.6169118901237418,0.3830881098762582,8,8,0.5,295,361,-66,0.5,0.417,-0.8773429708597096,0.4576595049426672,,1,0.13319031421644653,0.8591402327092347,1.7001641109549407e-24,0.007669453074318652
264,tennessee-titans,2018,53,91,117854426.0,64544285.0,0.3680555555555556,0.6319444444444444,0.6461362876626908,0.3538637123373092,9,7,0.563,310,303,7,0.5,0.417,-0.8500551083201014,0.1471298885587582,,1,0.25732648264067576,0.7383252039636552,1.1480884857638155e-20,0.004348313395669015
265,tennessee-titans,2020,51,106,135619326.0,80994682.0,0.3248407643312102,0.6751592356687898,0.6260875150788956,0.3739124849211044,11,5,0.688,491,439,52,0.833,0.667,-1.2153549558092367,0.01358249381880633,,1,0.16708686395414912,0.8314994897846749,2.020760731389948e-23,0.0014136462611760094
266,tennessee-titans,2022,51,130,78943246.0,130850628.0,0.281767955801105,0.7182320441988951,0.376289566968004,0.6237104330319959,7,10,0.412,298,359,-61,0.5,0.417,-2.907720473258918,1.2087397373985969,,1,3.393283085007731e-05,0.9999627846581853,1.491478358868941e-76,3.282510964560811e-06
267,tennessee-titans,2023,53,129,128983277.0,92507033.0,0.2912087912087912,0.7087912087912088,0.5823427535046567,0.4176572464953433,6,11,0.353,305,367,-62,0.167,0.333,-1.6623015763772147,0.07230053413646648,,1,0.06661926281376714,0.9328039621021321,1.6216120671560957e-29,0.0005767750841006781
268,tennessee-titans,2024,53,118,142042127.0,103132573.0,0.3099415204678362,0.6900584795321637,0.5793506711744727,0.4206493288255272,3,14,0.176,311,460,-149,0.167,0.25,-1.5714749198417488,0.1977139672912704,,1,0.05493114811501834,0.9445081364242008,3.533339418876588e-30,0.0005607154607805585
269,washington-commanders,2014,53,91,89595971.0,42815741.0,0.3680555555555556,0.6319444444444444,0.6766468739562856,0.3233531260437143,4,12,0.25,301,438,-137,0.333,0.167,-0.6737125621915819,-0.029212657569761435,,1,0.4298067699960174,0.564795979368232,2.859873029421591e-17,0.005397250635750648
270,washington-commanders,2017,54,82,114359646.0,60448324.0,0.3970588235294117,0.6029411764705882,0.6542015561418624,0.3457984438581375,7,9,0.438,342,388,-46,0.167,0.417,-0.6360414353406559,0.26791362717107686,,1,0.32210681076967435,0.6649168045431499,2.2572222640296114e-19,0.012976384687175725
271,washington-commanders,2018,53,80,102905158.0,69890178.0,0.3984962406015037,0.6015037593984962,0.5955320344988941,0.4044679655011058,7,9,0.438,281,359,-78,0.333,0.5,-0.96683828420822,0.6153032101935649,,1,0.07081119646560495,0.9217167225294468,7.0134786776900865e-28,0.007472081004948175
272,washington-commanders,2019,53,85,78588363.0,102039583.0,0.3840579710144927,0.6159420289855072,0.4350841868068411,0.564915813193159,3,13,0.188,266,435,-169,0.0,0.167,-1.9775150256575298,1.4593126888381212,,1,9.972062884480625e-05,0.9997393118241824,8.844310723255025e-64,0.00016096754697321185
273,washington-commanders,2020,53,94,131896856.0,61238549.0,0.3605442176870748,0.6394557823129252,0.6829242727401534,0.3170757272598465,7,9,0.438,335,329,6,0.667,0.417,-0.6807843050720717,-0.10884757402936457,,1,0.45764969598675015,0.5377412634770841,8.963070987318055e-17,0.004609040536165593
274,washington-commanders,2021,56,97,108019140.0,85547578.0,0.3660130718954248,0.6339869281045751,0.5580460376457899,0.4419539623542101,7,10,0.412,335,434,-99,0.333,0.5,-1.3709804415922369,0.6444779393244306,,1,0.021355185389576748,0.9775436657939763,1.9326862490034845e-34,0.0011011488164469384
275,arizona-cardinals,2024,53,108,164898640.0,92489208.0,0.3291925465838509,0.6708074534161491,0.6406621030531325,0.3593378969468675,8,9,0.471,400,379,21,0.5,0.333,-1.106000702564447,-0.04553723291302597,,1,0.22420208089655438,0.773987859533752,1.3714004481436283e-21,0.001810059569693806
276,tampa-bay-buccaneers,2015,53,113,86632966.0,46934316.0,0.3192771084337349,0.6807228915662651,0.6486091855938193,0.3513908144061807,6,10,0.375,342,417,-75,0.5,0.417,-1.1172979369877936,-0.148698239211016,,1,0.25963140930760725,0.7385605687044062,1.0171517034902738e-20,0.001808021987986503
277,tampa-bay-buccaneers,2014,53,94,94061905.0,43054987.0,0.3605442176870748,0.6394557823129252,0.6859979367093589,0.3140020632906411,2,14,0.125,277,410,-133,0.0,0.083,-0.6630193979982612,-0.12661248110317508,,1,0.47493103370643186,0.5203937062078535,1.7224614928447147e-16,0.004675260085714379
278,seattle-seahawks,2024,52,130,170968666.0,82394375.0,0.2857142857142857,0.7142857142857143,0.6747971816457634,0.3252028183542366,10,7,0.588,375,368,7,0.667,0.5,-1.1596539114552091,-0.4937726116380882,,1,0.3782059971580838,0.6192716363583797,2.325488808572876e-18,0.0025223664835365817
279,buffalo-bills,2018,53,79,104008378.0,75588198.0,0.4015151515151515,0.5984848484848485,0.5791222768077716,0.4208777231922283,6,10,0.375,269,374,-105,0.333,0.333,-1.0442577305689658,0.7275712660498508,,1,0.0409446513126519,0.9523539077201791,9.653174492850214e-31,0.006701440967169113
280,buffalo-bills,2017,52,85,104955026.0,49612871.0,0.3795620437956204,0.6204379562043796,0.6790221516696964,0.3209778483303037,9,7,0.563,302,359,-57,0.5,0.583,-0.5935719158372648,0.023471124094078866,,1,0.4575572904724003,0.5348044378418417,7.325034332839925e-17,0.0076382716857579195
281,buffalo-bills,2015,53,98,91749336.0,46592836.0,0.3509933774834437,0.6490066225165563,0.6632058371904122,0.3367941628095878,8,8,0.5,379,359,20,0.667,0.583,-0.849876040517445,-0.05000536569192232,,1,0.33950167531775743,0.6572111385173077,7.186922772077019e-19,0.003287186164935031
282,philadelphia-eagles,2021,62,84,101610988.0,87570464.0,0.4246575342465753,0.5753424657534246,0.537108616758053,0.462891383241947,9,8,0.529,444,385,59,0.5,0.583,-1.1535134600582453,1.1039696445513307,,1,0.007845924689180153,0.9806473651571564,3.3010163294132215e-39,0.011506710153663698
283,philadelphia-eagles,2022,53,93,145718346.0,73727235.0,0.363013698630137,0.636986301369863,0.6640295299452852,0.3359704700547148,14,3,0.824,477,344,133,0.667,0.75,-0.775737416684893,0.014611836544583756,,1,0.35209045529278354,0.6435306571255086,1.1996724893682466e-18,0.004378887581707823
284,philadelphia-eagles,2023,53,108,160037713.0,72149399.0,0.3291925465838509,0.6708074534161491,0.6892618269010555,0.3107381730989444,11,6,0.647,433,428,5,0.667,0.583,-0.8251080654313206,-0.3264298700461525,,1,0.46070721370880435,0.5364010306334631,1.1499075477859098e-16,0.0028917556577323653
285,philadelphia-eagles,2024,53,114,168537098.0,82331356.0,0.3173652694610778,0.6826347305389222,0.6718146315837702,0.3281853684162298,14,3,0.824,463,303,160,0.833,0.75,-0.9942116293676319,-0.2938537405511005,,1,0.36847794068732037,0.6292249157510043,2.3876656083995705e-18,0.0022971435616753826
286,buffalo-bills,2012,54,62,79492678.0,52940515.0,0.4655172413793103,0.5344827586206896,0.6002473866200598,0.3997526133799401,6,10,0.375,344,435,-91,0.333,0.417,-0.5527585173113087,0.9748761779790194,,1,0.06573138492078649,0.6003526291571651,6.1305606568724324e-27,0.3339159859220485
287,pittsburgh-steelers,2019,53,79,129754417.0,76650512.0,0.4015151515151515,0.5984848484848485,0.6286401086865517,0.3713598913134482,8,8,0.5,289,303,-14,0.5,0.5,-0.7580586890873796,0.4413722245682645,,1,0.18430752977039025,0.802779585124049,1.01822867734227e-22,0.012912885105560793
288,new-york-jets,2023,54,119,143977333.0,78568448.0,0.3121387283236994,0.6878612716763006,0.6469560211523399,0.3530439788476601,7,10,0.412,268,355,-87,0.333,0.333,-1.1680534815521186,-0.18034413940637545,,1,0.25311360538966227,0.7451883081714905,6.132652846715369e-21,0.00169808643884712
289,baltimore-ravens,2021,56,109,113199729.0,69582228.0,0.3393939393939394,0.6606060606060606,0.6193156636352242,0.3806843363647759,8,9,0.471,387,392,-5,0.167,0.417,-1.1704975054183073,0.1367187104117344,,1,0.14079784108918866,0.8576170237684867,2.6089143796609513e-24,0.0015851351423247027
290,san-francisco-49ers,2015,52,76,74501722.0,62238737.0,0.40625,0.59375,0.544840367985016,0.4551596320149839,5,11,0.313,238,387,-149,0.167,0.333,-1.2150692388097393,0.9530392019192419,,1,0.011329833318966977,0.9839527178300189,2.0624664048235925e-37,0.004717448851014108
291,san-francisco-49ers,2016,53,86,84921427.0,49080756.0,0.381294964028777,0.6187050359712231,0.6337316683863277,0.3662683316136723,2,14,0.125,309,480,-171,0.333,0.167,-0.8453361516914849,0.2952392163785054,,1,0.20100952744767583,0.7930414580056878,3.661900074199061e-22,0.005949014546636339
292,san-francisco-49ers,2017,53,94,78589073.0,66775748.0,0.3605442176870748,0.6394557823129252,0.5406333696101067,0.4593666303898933,6,10,0.375,331,383,-52,0.167,0.25,-1.5031854188175198,0.7135535397160835,,1,0.011748245072040543,0.9875925075365214,9.024246764432009e-38,0.0006592473914380131
293,san-francisco-49ers,2018,54,84,99114405.0,100198546.0,0.391304347826087,0.6086956521739131,0.4972803046802513,0.5027196953197487,4,12,0.25,342,435,-93,0.167,0.167,-1.5762150335016156,1.1416607946181785,,1,0.0016836758734755158,0.9974238736280833,8.603339815278515e-48,0.0008924504984409941
294,baltimore-ravens,2015,52,117,65521036.0,75696014.0,0.3076923076923077,0.6923076923076923,0.4639739748139477,0.5360260251860522,5,11,0.313,328,401,-73,0.5,0.333,-2.2513013659377594,0.8515767662546598,,1,0.001022166066899514,0.9989373744820491,1.2495948657668476e-53,4.045945105123089e-05
295,san-francisco-49ers,2020,55,119,101109577.0,101549496.0,0.3160919540229885,0.6839080459770115,0.4989146328523865,0.5010853671476134,6,10,0.375,376,390,-14,0.5,0.333,-2.000873863734231,0.6981100566188215,,1,0.003628618563208459,0.9962679959687516,1.0191315102604226e-45,0.00010338546804006389
296,san-francisco-49ers,2024,53,119,138201567.0,107502682.0,0.3081395348837209,0.6918604651162791,0.5624712131046623,0.4375287868953377,6,11,0.353,389,436,-47,0.167,0.333,-1.6794339600850983,0.28487189954115905,,1,0.03407552168080091,0.965528631865341,5.4497451810939514e-33,0.00039584645385792487
297,atlanta-falcons,2022,53,112,94499866.0,107217621.0,0.3212121212121212,0.6787878787878788,0.4684763200525099,0.5315236799474902,7,10,0.412,365,386,-21,0.333,0.5,-2.147246524534297,0.9035870474338334,,1,0.0010178402318562825,0.9989289328668326,5.771539370103008e-53,5.322690131129865e-05
298,seattle-seahawks,2022,53,117,120909675.0,94886891.0,0.3117647058823529,0.6882352941176471,0.5602947129381104,0.4397052870618895,9,8,0.529,407,401,6,0.667,0.5,-1.6710900470644061,0.31837492142495977,,1,0.031098637894478986,0.9685137692445414,2.030151491130519e-33,0.00038759286097953167
299,new-england-patriots,2020,53,118,103996819.0,82652805.0,0.3099415204678362,0.6900584795321637,0.5571766863028881,0.442823313697112,7,9,0.438,326,353,-27,0.5,0.5,-1.6996342712368215,0.3258733186863431,,1,0.02863253805491843,0.971008816564384,6.029039514514602e-34,0.00035864538069777093
300,carolina-panthers,2020,53,108,119293249.0,84746051.0,0.3291925465838509,0.6708074534161491,0.5846581957495444,0.4153418042504557,5,11,0.313,350,402,-52,0.167,0.333,-1.4296874227089762,0.2781494872315032,,1,0.05809608334745796,0.9411477380531084,1.7770446375083457e-29,0.0007561785994335945
301,carolina-panthers,2023,53,122,136455085.0,96316857.0,0.3028571428571429,0.6971428571428572,0.5862179256982786,0.4137820743017215,2,15,0.118,236,416,-180,0.167,0.083,-1.5726731691035685,0.11713414627022528,,1,0.06882104388977817,0.930558074777913,5.0223539965059903e-29,0.0006208813323088525
302,carolina-panthers,2022,53,95,128149331.0,74099720.0,0.3581081081081081,0.6418918918918919,0.6336214205524258,0.3663785794475743,7,10,0.412,347,374,-27,0.667,0.5,-0.9798013641885178,0.16204840638218743,,1,0.1950893494291657,0.8020207883589232,2.51643036572163e-22,0.002889862211911178
303,dallas-cowboys,2015,52,114,80128732.0,57687766.0,0.3132530120481928,0.6867469879518072,0.5814161088319049,0.4185838911680951,4,12,0.25,275,374,-99,0.5,0.25,-1.540424277182621,0.2048893207719808,,1,0.05714698132747864,0.9422564648151194,7.096912754828037e-30,0.0005965538574019191
304,jacksonville-jaguars,2024,53,101,142873539.0,109209428.0,0.3441558441558441,0.6558441558441559,0.5667718874476751,0.4332281125523249,4,13,0.235,320,435,-115,0.5,0.333,-1.4467012728176911,0.46789122788332665,,1,0.03153483529015355,0.9677521036385383,1.2289868267517562e-32,0.0007130610713081926
305,dallas-cowboys,2014,51,92,87696782.0,42530594.0,0.3566433566433566,0.6433566433566433,0.6734128007002153,0.3265871992997847,12,4,0.75,467,352,115,0.667,0.667,-0.7582725920315768,-0.07638863278335739,,1,0.4000143492622053,0.5959866394665266,9.509029210538582e-18,0.003999011271268086
306,dallas-cowboys,2013,54,86,72038158.0,44201931.0,0.3857142857142857,0.6142857142857143,0.6197359157218126,0.3802640842781873,8,8,0.5,439,432,7,0.833,0.583,-0.9007205556866235,0.40163778410972256,,1,0.1426144407887501,0.851385626255822,4.1362931840984195e-24,0.0059999329554280756
307,cleveland-browns,2024,52,134,129961235.0,118173810.0,0.2795698924731182,0.7204301075268817,0.523752035912541,0.4762479640874589,3,14,0.176,258,435,-177,0.333,0.25,-2.068115777381197,0.34376183483988704,,1,0.013277548360227284,0.9865534641014492,1.2506120778142675e-39,0.00016898753832371
308,cleveland-browns,2023,53,101,136190604.0,85704921.0,0.3441558441558441,0.6558441558441559,0.6137600296355683,0.3862399703644316,11,6,0.647,396,362,34,0.5,0.667,-1.175123121171307,0.19631307623694244,,1,0.12226242154551349,0.8761366542844194,4.359063110650219e-25,0.001600924170066935
309,cleveland-browns,2021,56,102,126473899.0,76169774.0,0.3544303797468354,0.6455696202531646,0.6241196536148454,0.3758803463851546,8,9,0.471,349,371,-22,0.5,0.417,-1.0559456993168317,0.19573911397440324,,1,0.15655154850613628,0.8411108958366692,1.2909488625714088e-23,0.0023375556571945456
310,washington-commanders,2023,53,103,133719895.0,85438357.0,0.3397435897435897,0.6602564102564102,0.6101522246125599,0.3898477753874401,4,13,0.235,329,518,-189,0.0,0.167,-1.2214415037858881,0.19169887574265848,,1,0.11234329846426568,0.8862666923382058,1.3199271601457308e-25,0.001390009197528511
311,las-vegas-raiders,2013,54,62,56659660.0,64874573.0,0.4655172413793103,0.5344827586206896,0.4662032959882176,0.5337967040117825,4,12,0.25,322,453,-131,0.167,0.333,-1.327495390868649,1.7496130515363602,,1,0.00022788808098335282,0.9449583257796152,2.92544276921279e-57,0.054813786139401396
312,jacksonville-jaguars,2020,54,123,87879404.0,96408848.0,0.3050847457627119,0.6949152542372882,0.4768584163465829,0.523141583653417,1,15,0.063,306,492,-186,0.167,0.083,-2.1918830577194552,0.7620582298351458,,1,0.0017785344398547735,0.9981667821448539,1.8970432764231236e-50,5.468341529125633e-05
313,las-vegas-raiders,2014,55,73,78110193.0,46332263.0,0.4296875,0.5703125,0.6276812231992592,0.3723187768007407,3,13,0.188,253,452,-199,0.167,0.167,-0.6009979033879833,0.6095171832591412,,1,0.1885608893875811,0.7576951562213802,1.2715642351525749e-22,0.05374395439103876
314,cleveland-browns,2016,55,83,81775809.0,48446332.0,0.3985507246376811,0.6014492753623188,0.6279716212007296,0.3720283787992704,1,15,0.063,264,452,-188,0.0,0.083,-0.779032195609027,0.4281260546615598,,1,0.180167360900348,0.808600940747493,7.757140304013512e-23,0.011231698352158913
315,las-vegas-raiders,2018,53,95,115252545.0,63617692.0,0.3581081081081081,0.6418918918918919,0.6443360669332595,0.3556639330667404,4,12,0.25,290,467,-177,0.167,0.25,-0.9178737432152161,0.10012078540888569,,1,0.2446099979760986,0.7521368177753024,5.7287089547215415e-21,0.0032531842485989467
316,las-vegas-raiders,2019,51,92,119270203.0,53875599.0,0.3566433566433566,0.6433566433566433,0.6888425917481962,0.3111574082518039,7,9,0.438,313,419,-106,0.5,0.417,-0.6690927705280089,-0.1655684542869254,,1,0.4860472557314101,0.5096043971274086,2.695022818288112e-16,0.004348347141181111
317,las-vegas-raiders,2021,54,97,129494524.0,60436450.0,0.3576158940397351,0.6423841059602649,0.6817978198753406,0.3182021801246594,10,7,0.588,374,439,-65,0.5,0.667,-0.7041963440671583,-0.11923845608152078,,1,0.4481172803606543,0.5475928565727592,6.366471642285922e-17,0.004289863066586189
318,las-vegas-raiders,2022,53,117,122209751.0,77456968.0,0.3117647058823529,0.6882352941176471,0.612068709357617,0.3879312906423829,6,11,0.353,395,418,-23,0.5,0.417,-1.3718510136348407,0.019135887995394396,,1,0.12566245016582,0.8733176722536801,2.7404345994974443e-25,0.0010198775805000668
319,las-vegas-raiders,2023,52,109,155882148.0,67589621.0,0.3229813664596273,0.6770186335403726,0.6975473846094626,0.3024526153905373,8,9,0.471,332,331,1,0.667,0.5,-0.8130690737331914,-0.41016723140368533,,1,0.4950933910643027,0.5019772057719262,4.2564512860984137e-16,0.002929403163770602
320,las-vegas-raiders,2024,54,101,111854212.0,114687684.0,0.3483870967741935,0.6516129032258065,0.4937462516867079,0.5062537483132922,4,13,0.235,309,434,-125,0.0,0.25,-1.8443471616430567,0.9143803169194821,,1,0.0020943205651683355,0.9977350803721163,1.0856991553839204e-47,0.0001705990627150967
321,los-angeles-chargers,2015,53,113,91395667.0,49418988.0,0.3192771084337349,0.6807228915662651,0.6490493975928855,0.3509506024071145,4,12,0.25,320,398,-78,0.0,0.25,-1.114753636330813,-0.15124253986799657,,1,0.2615996577189969,0.7365827066166001,1.1389213955732509e-20,0.0018176356644027177
322,los-angeles-chargers,2016,53,91,101639984.0,53830383.0,0.3680555555555556,0.6319444444444444,0.653757921598011,0.3462420784019889,5,11,0.313,410,423,-13,0.167,0.333,-0.806004223132882,0.10307900337153875,,1,0.2979937513935171,0.6973567183663663,9.455038438825255e-20,0.004649530240116524
323,carolina-panthers,2021,56,106,96749377.0,85022554.0,0.345679012345679,0.654320987654321,0.5322569687615851,0.4677430312384149,5,12,0.294,304,404,-100,0.333,0.25,-1.6373964274665718,0.6761689793566517,,1,0.009520046508578768,0.9901110359181651,3.029910698162925e-39,0.00036891757325612065
324,los-angeles-chargers,2023,53,91,132544014.0,85970912.0,0.3680555555555556,0.6319444444444444,0.6065673243758186,0.3934326756241814,5,12,0.294,346,398,-52,0.167,0.25,-1.0787525075286446,0.37582728776730134,,1,0.09897047948503367,0.898343463129762,3.8749860091964897e-26,0.00268605738520429
325,jacksonville-jaguars,2019,53,99,122743628.0,67796541.0,0.3486842105263157,0.6513157894736842,0.6441876725741752,0.3558123274258248,6,10,0.375,300,397,-97,0.333,0.5,-0.9731235070178311,0.04658637632677537,,1,0.24153789715235457,0.7558497526586503,4.7017503581184276e-21,0.002612350188994972
326,jacksonville-jaguars,2014,53,93,87789968.0,41394406.0,0.363013698630137,0.636986301369863,0.6795711066417367,0.3204288933582633,3,13,0.188,249,412,-163,0.167,0.167,-0.6859115057983732,-0.07521407434193617,,1,0.44128561610424183,0.5539056057597759,4.681253852634481e-17,0.004808778135982258
327,detroit-lions,2024,52,130,151659744.0,82775095.0,0.2857142857142857,0.7142857142857143,0.6469164081879486,0.3530835918120514,15,2,0.882,564,342,222,1.0,0.917,-1.320796884332648,-0.33262963876064927,,1,0.2609779963240227,0.7372518089045081,4.923705283104387e-21,0.0017701947714692777
328,detroit-lions,2019,53,86,93511403.0,83116096.0,0.381294964028777,0.6187050359712231,0.529427204310921,0.4705727956890789,3,12,0.219,341,423,-82,0.0,0.208,-1.4481864080134774,0.8980894727004979,,1,0.006830094997472845,0.9920616261566727,2.276285004304769e-40,0.001108278845854373
329,detroit-lions,2018,53,86,109575685.0,65920881.0,0.381294964028777,0.6187050359712231,0.6243750946101133,0.3756249053898867,6,10,0.375,324,360,-36,0.333,0.333,-0.8994144977075154,0.3493175623945359,,1,0.1600461520472608,0.8345907907145578,1.8396642656652693e-23,0.005363057238181532
330,denver-broncos,2024,52,96,150535729.0,101603764.0,0.3513513513513513,0.6486486486486487,0.5970335198540277,0.4029664801459722,10,7,0.588,425,311,114,0.5,0.5,-1.2302671657863353,0.33451800855322084,,1,0.07724112007591545,0.9213114880157058,1.3211797669450742e-27,0.0014473919083787096
331,green-bay-packers,2023,53,89,120689913.0,97355803.0,0.3732394366197183,0.6267605633802817,0.5535073800762038,0.4464926199237962,9,8,0.529,383,350,33,0.667,0.583,-1.3555040518632728,0.7124186392521339,,1,0.017643366412322507,0.9810602603036228,2.2372362268137944e-35,0.001296373284054562
332,green-bay-packers,2024,52,86,154542400.0,97044578.0,0.3768115942028985,0.6231884057971014,0.6142702664046468,0.3857297335953532,11,6,0.647,460,338,122,0.167,0.5,-0.9836942920898838,0.3818438573345043,,1,0.1223245629321996,0.8736592365027086,5.908808263580625e-25,0.004016200565091836
333,denver-broncos,2022,53,122,108893408.0,102562977.0,0.3028571428571429,0.6971428571428572,0.514968644716025,0.485031355283975,5,12,0.294,287,359,-72,0.167,0.25,-1.9844738305964142,0.528934807763071,,1,0.007572090906013269,0.9922927877706917,5.989399167909727e-42,0.00013512132329501395
334,denver-broncos,2021,55,98,107269390.0,81074456.0,0.3594771241830065,0.6405228758169934,0.5695401908698413,0.4304598091301587,7,10,0.412,335,322,13,0.167,0.25,-1.3422711438842005,0.5403213375957145,,1,0.032387712245215576,0.9664980005037475,2.861748236529987e-32,0.0011142872510368916
335,houston-texans,2017,53,100,99775402.0,60053002.0,0.3464052287581699,0.6535947712418301,0.6242657719337547,0.3757342280662453,4,12,0.25,338,436,-98,0.167,0.25,-1.101420091317772,0.1485756769879275,,1,0.15737735998849722,0.8406733053552233,1.2788502012484874e-23,0.0019493346562794822
336,dallas-cowboys,2020,52,100,108629975.0,82652526.0,0.3421052631578947,0.6578947368421053,0.5679033598583072,0.4320966401416928,6,10,0.375,395,473,-78,0.333,0.417,-1.4519970596030694,0.4495162610490931,,1,0.03301804582478583,0.9662850898806588,2.0382408445676327e-32,0.0006968642945556616
337,denver-broncos,2020,53,93,102374592.0,93405549.0,0.363013698630137,0.636986301369863,0.5229059059672452,0.4770940940327548,5,11,0.313,323,446,-123,0.167,0.333,-1.591391987583643,0.8302664074433339,,1,0.005919584164526893,0.9935843101019207,1.7516150124106433e-41,0.0004961057335525049
338,houston-texans,2020,55,100,141313765.0,69467596.0,0.3548387096774194,0.6451612903225806,0.6704281836381158,0.3295718163618841,4,12,0.25,384,464,-80,0.333,0.25,-0.7859387479504959,-0.06955430635266507,,1,0.38180008428677764,0.6144326067961231,4.509025808016552e-18,0.003767308917099413
339,houston-texans,2021,56,112,115736939.0,71088595.0,0.3333333333333333,0.6666666666666666,0.6194920818478699,0.3805079181521301,4,13,0.235,280,452,-172,0.5,0.333,-1.2044579718050243,0.10071894943382081,,1,0.1424398743204508,0.8561236869764618,2.7243192225323043e-24,0.0014364387030873901
340,houston-texans,2022,52,105,113791851.0,98874792.0,0.3312101910828025,0.6687898089171974,0.5350714592320903,0.4649285407679097,3,13,0.206,289,420,-131,0.583,0.292,-1.7046394368829423,0.5763920546069312,,1,0.011743704613848615,0.9879662605183342,1.9365068885636886e-38,0.00029003486781715765
341,houston-texans,2023,53,128,142196787.0,84781756.0,0.292817679558011,0.7071823204419889,0.6264767811114199,0.3735232188885801,10,7,0.588,377,353,24,0.667,0.583,-1.3979333474686582,-0.17349559264399533,,1,0.1801235997064978,0.8186183279717925,2.2524361282738314e-23,0.0012580723217095946
342,denver-broncos,2018,53,85,114730854.0,66889142.0,0.3840579710144927,0.6159420289855072,0.6317082729150594,0.3682917270849405,6,10,0.375,329,349,-20,0.333,0.333,-0.8410835051070535,0.3228811682876446,,1,0.1924975548392466,0.8010517812863913,2.03184464512579e-22,0.006450663874362021
343,indianapolis-colts,2017,53,111,90264198.0,66010457.0,0.3231707317073171,0.676829268292683,0.5775997265839429,0.4224002734160571,4,12,0.25,263,404,-141,0.333,0.25,-1.505239596930907,0.28418921769828137,,1,0.0487024929607341,0.9506862559454128,1.3819157386896149e-30,0.0006112510938531237
344,dallas-cowboys,2024,53,98,97500830.0,142914167.0,0.3509933774834437,0.6490066225165563,0.4055521960637089,0.594447803936291,7,10,0.412,350,468,-118,0.5,0.417,-2.33904110140338,1.4391596951940124,,1,3.6819598158472495e-05,0.9999413749212807,4.3986698494832625e-71,2.180548056091299e-05
345,indianapolis-colts,2023,52,114,150648067.0,73225253.0,0.3132530120481928,0.6867469879518072,0.6729165717469148,0.3270834282530853,9,8,0.529,396,415,-19,0.5,0.583,-1.0115775206141189,-0.32395743579652164,,1,0.37256327573239056,0.6251546634859402,2.7589441823702747e-18,0.0022820607816693875
346,jacksonville-jaguars,2013,53,79,66805513.0,53384928.0,0.4015151515151515,0.5984848484848485,0.5558305006968066,0.4441694993031933,4,12,0.25,247,449,-202,0.5,0.333,-1.1788775986940587,0.8621911341749435,,1,0.017562260803874054,0.9779144067654666,3.7588299836673075e-35,0.004523332430659583
347,denver-broncos,2019,52,86,105297174.0,76932411.0,0.3768115942028985,0.6231884057971014,0.5778269977402407,0.4221730022597593,7,9,0.438,282,316,-34,0.5,0.5,-1.1943260617873472,0.592475627031968,,1,0.04056763413506359,0.9571408409869715,6.764593423456315e-31,0.0022915248779648224
348,cincinnati-bengals,2020,54,91,115462613.0,82174741.0,0.3724137931034483,0.6275862068965518,0.5842145255597786,0.4157854744402214,4,11,0.281,311,424,-113,0.167,0.333,-1.1827908314653728,0.5301746545143707,,1,0.050372173611512416,0.9474465212944955,9.061424283580992e-30,0.002181305093992085
349,cleveland-browns,2017,53,86,77946523.0,78717529.0,0.381294964028777,0.6187050359712231,0.4975393014857039,0.5024606985142961,0,16,0.0,234,410,-176,0.0,0.0,-1.6324894535461714,1.0823925182331922,,1,0.001834736449511363,0.9975896847327074,1.5692837643857168e-47,0.0005755788177815106
350,chicago-bears,2015,53,91,89976736.0,51535992.0,0.3680555555555556,0.6319444444444444,0.6358208005148483,0.3641791994851516,6,10,0.375,335,397,-62,0.167,0.25,-0.9096757019954332,0.20675048223408987,,1,0.20683473526396262,0.7892486719211071,5.613565325194213e-22,0.003916592814930335
351,chicago-bears,2016,53,106,73471561.0,74851992.0,0.3333333333333333,0.6666666666666666,0.4953465549736393,0.5046534450263607,3,13,0.188,279,399,-120,0.333,0.25,-1.9219839507818444,0.8182449284106409,,1,0.0026097727085331902,0.9972656035799637,5.901605720922146e-47,0.00012462371150300186
352,minnesota-vikings,2014,54,87,88042001.0,41978128.0,0.3829787234042553,0.6170212765957447,0.6771413140191547,0.3228586859808453,7,9,0.438,325,343,-18,0.167,0.5,-0.5847225108919681,0.054061946720394216,,1,0.45036179267955445,0.5411575673635899,5.345431821043643e-17,0.008480639956855501
353,chicago-bears,2021,53,90,128620134.0,60129250.0,0.3706293706293706,0.6293706293706294,0.6814333974197235,0.3185666025802765,6,11,0.353,311,407,-96,0.333,0.333,-0.6311924756979416,-0.0420220705832306,,1,0.46086413260243414,0.5332213372095002,9.194607919977409e-17,0.005914530188065651
354,chicago-bears,2014,54,81,81640084.0,49792560.0,0.4,0.6,0.6211553044615005,0.3788446955384995,5,11,0.313,319,442,-123,0.167,0.333,-0.8100637657291925,0.4758872443689203,,1,0.15109584476826451,0.8377577585010387,8.05190806957105e-24,0.011146396730696746
355,minnesota-vikings,2020,52,101,112701789.0,82327618.0,0.3398692810457516,0.6601307189542484,0.57787074643569,0.4221292535643099,7,9,0.438,430,475,-45,0.667,0.417,-1.4072938485177935,0.37900213016726897,,1,0.04550010312427303,0.953697210482288,1.1258283609001868e-30,0.0008026863934393066
356,minnesota-vikings,2021,56,93,118144787.0,70475888.0,0.3758389261744966,0.6241610738255033,0.6263618078983123,0.3736381921016877,8,9,0.471,425,426,-1,0.667,0.5,-0.91942257369807,0.3063442063338355,,1,0.1671678534039296,0.8283103258042155,3.276025305510207e-23,0.004521820791855002
357,miami-dolphins,2016,50,74,98532410.0,52854937.0,0.4032258064516129,0.5967741935483871,0.6508629152474678,0.3491370847525322,10,6,0.625,363,380,-17,0.667,0.583,-0.6197437429730305,0.3228041168229642,,1,0.30673253945511597,0.6766822007555613,1.0328200734654401e-19,0.016585259789322623
358,minnesota-vikings,2023,52,105,122035441.0,90702436.0,0.3312101910828025,0.6687898089171974,0.5736422809183153,0.4263577190816847,7,10,0.412,344,362,-18,0.333,0.5,-1.4817110133853604,0.35346363110934936,,1,0.04160084772688287,0.9577644119894769,2.536370611259589e-31,0.000634740283640078
359,chicago-bears,2017,53,87,110629152.0,57093149.0,0.3785714285714285,0.6214285714285714,0.6595971516035902,0.3404028483964097,5,11,0.313,264,320,-56,0.0,0.083,-0.711560466224925,0.1300245695397097,,1,0.3388130534517941,0.6544594702243044,5.871121356143938e-19,0.006727476323901484
360,los-angeles-rams,2022,54,104,113511363.0,86758793.0,0.3417721518987341,0.6582278481012658,0.5667912047764121,0.4332087952235879,5,12,0.294,307,384,-77,0.167,0.25,-1.460347625442222,0.4540215778825281,,1,0.031914328117193115,0.9674082941506974,1.3039609553645996e-32,0.0006773777321095345
361,los-angeles-rams,2023,52,97,131880407.0,85294151.0,0.348993288590604,0.6510067114093959,0.6072553259208199,0.3927446740791801,10,7,0.588,404,377,27,0.833,0.667,-1.1847980972904573,0.2618287899218215,,1,0.10270797861700791,0.8956811287202884,4.887201834233916e-26,0.0016108926627036004
362,minnesota-vikings,2024,52,107,164432512.0,88130755.0,0.3270440251572327,0.6729559748427673,0.6510547394843448,0.3489452605156553,14,3,0.824,432,332,100,0.667,0.75,-1.0583348693041787,-0.11800438901145227,,1,0.2708338147074976,0.7271683025805271,2.11910497909723e-20,0.0019978827119750686
363,miami-dolphins,2017,53,59,102474406.0,69473277.0,0.4732142857142857,0.5267857142857143,0.5959627033764683,0.4040372966235317,6,10,0.375,281,393,-112,0.333,0.417,-0.5330975975829094,1.0440656085828557,,1,0.04663411776225787,0.48547509795891164,9.489935986091308e-28,0.46789078427883024
364,miami-dolphins,2019,54,95,60872168.0,114885787.0,0.3624161073825503,0.6375838926174496,0.3463408981971826,0.6536591018028174,5,11,0.313,306,494,-188,0.333,0.333,-2.6153368460316697,1.8473130086652343,,1,1.2698154207931952e-06,0.9999919960076333,1.6494788880297638e-90,6.734176946244233e-06
365,chicago-bears,2022,53,105,78766986.0,125929919.0,0.3354430379746835,0.6645569620253164,0.3847981287259814,0.6152018712740185,3,14,0.176,326,463,-137,0.0,0.083,-2.548745917898307,1.4693601392299802,,1,1.6988252686313433e-05,0.999974867631415,1.1555153670784137e-76,8.144115898383452e-06
366,miami-dolphins,2024,53,109,138344211.0,99974070.0,0.3271604938271605,0.6728395061728395,0.5805018835294469,0.4194981164705531,8,9,0.471,345,364,-19,0.5,0.5,-1.4654381670063859,0.2904433575045409,,1,0.05199063295976762,0.9473292313212607,3.859717443226186e-30,0.0006801357189719115
367,carolina-panthers,2024,52,164,147641087.0,113722705.0,0.2407407407407407,0.7592592592592593,0.5648873008392838,0.4351126991607162,5,12,0.294,341,534,-193,0.333,0.333,-2.0544765417708475,-0.11809928755998306,,1,0.0656501935106444,0.9335378652785136,1.5688751104718448e-31,0.0008119412108423239
368,los-angeles-rams,2015,53,83,94007833.0,46679057.0,0.3897058823529412,0.6102941176470589,0.6682060638343772,0.3317939361656228,7,9,0.438,280,330,-50,0.667,0.5,-0.5975384564072833,0.14453243121444068,,1,0.40256128356847654,0.5870381029275417,7.613836398698828e-18,0.010400613503981691
369,new-england-patriots,2015,52,118,96415003.0,44901419.0,0.3058823529411765,0.6941176470588235,0.6822632616611253,0.3177367383388747,12,4,0.75,465,315,150,0.667,0.75,-1.000097671944405,-0.42052002731365223,,1,0.4139184999105666,0.5836068618813176,1.543249967415106e-17,0.0024746382081157294
370,detroit-lions,2021,56,112,76519893.0,120072652.0,0.3333333333333333,0.6666666666666666,0.3892308988624162,0.6107691011375839,3,13,0.206,325,467,-142,0.333,0.25,-2.535302384019553,1.4315633616483494,,1,2.2115158272002455e-05,0.999969161421554,3.311435287274727e-75,8.723420173855747e-06
371,los-angeles-rams,2021,54,108,121817079.0,62420376.0,0.3333333333333333,0.6666666666666666,0.6611960580979585,0.3388039419020416,12,5,0.706,460,372,88,0.5,0.667,-0.9634208024482422,-0.1403182199229614,,1,0.321101318829666,0.6765020566263005,2.9605975577375184e-19,0.002396624544033447
372,miami-dolphins,2015,52,112,90566641.0,54312295.0,0.3170731707317073,0.6829268292682927,0.6251194514570427,0.3748805485429572,6,10,0.375,310,389,-79,0.167,0.333,-1.2657824550023955,-0.025654738347083594,,1,0.1656610289276904,0.8330430807220232,1.49001036842617e-23,0.0012958903502865325
373,minnesota-vikings,2011,57,19,109353701.0,12299422.0,0.75,0.25,0.898897605777042,0.101102394222958,3,13,0.188,340,449,-109,0.0,0.25,2.815309625743327,0.8907169832037892,,2,1.0407636082055535e-12,3.1135013245360366e-19,0.9334574965825132,0.06654250341644617
374,baltimore-ravens,2011,53,23,106996060.0,13456129.0,0.6973684210526315,0.3026315789473684,0.8882865549251246,0.1117134450748753,12,4,0.75,378,266,112,1.0,0.75,2.450206086130262,0.6482711799134863,,2,6.053074589840756e-09,2.230127151124148e-14,0.7331158263825375,0.2668841675643658
375,new-york-giants,2011,66,11,121242887.0,4549598.0,0.8571428571428571,0.1428571428571428,0.9638325135241584,0.0361674864758415,9,7,0.563,394,400,-6,0.5,0.417,3.809013436904283,1.1338100486675424,,2,2.4141747225952335e-21,4.888055479771315e-31,0.9987015885456366,0.0012984114543633303
376,jacksonville-jaguars,2011,67,16,86274323.0,6981332.0,0.8072289156626506,0.1927710843373494,0.9251377088070424,0.0748622911929576,5,11,0.313,243,329,-86,0.5,0.333,3.29727919430232,1.069365826657192,,2,2.6832121716090762e-17,2.4872973140425505e-25,0.9920308493350052,0.00796915066499479
377,philadelphia-eagles,2011,63,23,119608063.0,7238732.0,0.7325581395348837,0.2674418604651162,0.9429332684361476,0.0570667315638522,8,8,0.5,396,328,68,0.833,0.5,2.969153768840299,0.5355338136795382,,2,5.1469311143403896e-11,1.0199693818999647e-17,0.9470901671084919,0.052909832840038876
378,denver-broncos,2011,58,19,96117160.0,13039594.0,0.7532467532467533,0.2467532467532467,0.8805424902979434,0.1194575097020565,8,8,0.5,309,390,-81,0.5,0.5,2.7279616042918957,1.0155436978862726,,2,9.806126983058759e-13,4.508002334861053e-19,0.7911472234104673,0.20885277658855197
379,atlanta-falcons,2011,53,18,116684491.0,9329887.0,0.7464788732394366,0.2535211267605634,0.9259617263674468,0.0740382736325532,10,6,0.625,402,350,52,0.5,0.583,2.9514096230063425,0.7139710791972387,,2,2.0903354366406e-12,3.381586743808045e-19,0.9705380270909398,0.029461972906970113
380,indianapolis-colts,2011,59,16,117123832.0,6560306.0,0.7866666666666666,0.2133333333333333,0.9469591969828824,0.0530408030171176,2,14,0.125,243,430,-187,0.333,0.167,3.3047216964185506,0.8245642880845772,,2,2.1238653351083883e-15,2.841218748422663e-23,0.9920438130625785,0.007956186937419524
381,tennessee-titans,2011,59,9,110414324.0,3526209.0,0.8676470588235294,0.1323529411764706,0.9690521984832212,0.0309478015167789,9,7,0.563,325,317,8,0.5,0.583,3.8998090352758656,1.1642690460434824,,2,3.15979002851523e-22,3.026141772422824e-32,0.9989734329487185,0.0010265670512815614
382,houston-texans,2011,56,18,112360071.0,8438132.0,0.7567567567567568,0.2432432432432432,0.9301468747842218,0.0698531252157782,10,6,0.625,381,278,103,0.667,0.667,3.034919648425173,0.7491031599487274,,2,3.5559151216630867e-13,3.1943151292961886e-20,0.9792110418521598,0.02078895814748461
383,new-orleans-saints,2011,46,9,96762948.0,7891094.0,0.8363636363636363,0.1636363636363636,0.9245982873743184,0.0754017126256814,13,3,0.813,547,339,208,0.833,0.75,3.462318905188367,1.2406409437047268,,2,1.0190436416185232e-19,2.2340979730638042e-28,0.9938225888690192,0.006177411130980904
384,chicago-bears,2011,58,13,100736630.0,7020013.0,0.8169014084507042,0.1830985915492957,0.9348530837212514,0.0651469162787485,8,8,0.5,353,341,12,0.5,0.583,3.4092582173167507,1.0690406197575324,,2,4.3344575819279115e-18,1.826037964182011e-26,0.9952439240043945,0.00475607599560573
385,detroit-lions,2011,61,7,122665700.0,1663426.0,0.8970588235294118,0.1029411764705882,0.98662078586477,0.01337921413523,10,6,0.625,474,387,87,0.5,0.5,4.171106927783128,1.2324840216292778,,2,1.1502336535657165e-24,1.1551908532819338e-35,0.9994003115946717,0.0005996884053284901
386,green-bay-packers,2011,59,16,112438083.0,3286176.0,0.7866666666666666,0.2133333333333333,0.971603395619928,0.0283966043800721,15,1,0.938,560,359,201,1.0,1.0,3.4471581836474425,0.6821278008556857,,2,9.100577624854616e-15,6.30667447399807e-23,0.9863763064875029,0.01362369351248792
387,tampa-bay-buccaneers,2011,54,13,81935451.0,5778848.0,0.8059701492537313,0.1940298507462686,0.9341173780571398,0.0658826219428602,4,12,0.25,287,494,-207,0.333,0.25,3.3419138932283126,1.0102006363436524,,2,3.5781809937307036e-17,2.669321565927994e-25,0.9941178580666101,0.005882141933389802
388,kansas-city-chiefs,2011,51,7,102219859.0,1492693.0,0.8793103448275862,0.1206896551724138,0.9856074026603838,0.0143925973396161,7,9,0.438,212,338,-126,0.5,0.333,4.062810632478131,1.1359018620505321,,2,5.865507377436739e-23,1.72003919856049e-33,0.9991106664312761,0.0008893335687239158
389,arizona-cardinals,2011,58,23,111028866.0,7441498.0,0.7160493827160493,0.2839506172839506,0.9371868394023,0.0628131605977002,8,8,0.5,312,348,-36,0.667,0.583,2.840657135403917,0.47346264432466906,,2,7.566973120228224e-10,3.642820065039142e-16,0.9080766251767852,0.0919233740665172
390,new-york-jets,2011,70,9,113337718.0,9625723.0,0.8860759493670886,0.1139240506329113,0.9217188221009528,0.0782811778990472,8,8,0.5,377,363,14,0.5,0.5,3.7326019010112024,1.5442089267715164,,2,6.368712540152232e-24,1.1489061236914779e-33,0.9916555202680656,0.00834447973193459
391,pittsburgh-steelers,2011,69,23,112245403.0,12074620.0,0.75,0.25,0.9028746962184844,0.0971253037815155,12,4,0.75,325,227,98,0.667,0.75,2.838296081915576,0.8677305270315401,,2,9.839962636660025e-13,2.6143714382959996e-19,0.9456699016434429,0.05433009835557315
392,san-francisco-49ers,2011,65,21,108064664.0,6245894.0,0.7558139534883721,0.2441860465116279,0.945360305213452,0.054639694786548,13,3,0.813,380,229,151,0.833,0.833,3.117407371531384,0.6557322462248252,,2,7.524170752535419e-13,4.714523640937752e-20,0.9777285982916497,0.02227140170759785
393,las-vegas-raiders,2011,52,10,105625393.0,4642669.0,0.8387096774193549,0.1612903225806451,0.9578965212973454,0.0421034787026546,8,8,0.5,359,433,-74,0.5,0.5,3.6683139541332053,1.061727273094586,,2,9.178510841586351e-20,6.081167973013959e-29,0.9980116907743652,0.0019883092256348617
394,dallas-cowboys,2011,56,20,92371660.0,14011007.0,0.7368421052631579,0.2631578947368421,0.8682961482813737,0.1317038517186263,8,8,0.5,369,347,22,0.333,0.5,2.5624982019447327,0.9916410712765414,,2,1.8194012873640052e-11,2.4602017365298483e-17,0.5230429643770017,0.47695703560480407
395,cleveland-browns,2011,47,14,95915724.0,7923796.0,0.7704918032786885,0.2295081967213114,0.9236919045850752,0.0763080954149248,4,12,0.25,218,307,-89,0.0,0.25,3.0768865748023573,0.865685884865331,,2,2.5298575509880575e-14,1.4342067918262463e-21,0.9836194971243736,0.016380502875601093
396,los-angeles-chargers,2011,59,24,110231108.0,11515467.0,0.7108433734939759,0.2891566265060241,0.9054144480039787,0.0945855519960212,8,8,0.5,406,377,29,0.5,0.583,2.6269740921188958,0.627050445451317,,2,7.269728387149567e-10,9.731989088434555e-16,0.8828410360590893,0.11715896321393697
397,carolina-panthers,2011,65,17,118717431.0,5115553.0,0.7926829268292683,0.2073170731707317,0.958689899615114,0.0413101003848861,6,10,0.375,406,429,-23,0.333,0.25,3.4072459963405,0.7914883114245908,,2,1.1321477474767985e-15,8.102101579432202e-24,0.9926445161995308,0.007355483800468173
398,los-angeles-rams,2011,58,18,104892581.0,3183763.0,0.7631578947368421,0.2368421052631578,0.9705415368232664,0.0294584631767336,2,14,0.125,193,407,-214,0.0,0.083,3.3053349206774247,0.5525790239955333,,2,9.728759326718912e-13,2.2800777949371263e-20,0.962726118453152,0.037273881545875
399,cincinnati-bengals,2011,56,25,100359460.0,8180245.0,0.691358024691358,0.3086419753086419,0.9246336167948862,0.0753663832051137,9,7,0.563,344,323,21,0.333,0.5,2.6255914903880457,0.4035051408179731,,2,2.953843110709722e-08,5.584662350808287e-14,0.8042583054483614,0.19574166501315154
400,new-orleans-saints,2013,55,45,97150545.0,26643622.0,0.55,0.45,0.7847748189945007,0.2152251810054992,11,5,0.688,414,304,110,0.833,0.75,1.0013684938665166,0.3959706120478066,,3,0.01701084998261055,0.00010992032083436489,1.016449585763582e-05,0.9828690652006973
401,new-england-patriots,2011,64,40,100597539.0,7138918.0,0.6153846153846154,0.3846153846153846,0.9337372120933956,0.0662627879066043,13,3,0.813,513,342,171,0.833,0.833,2.2397105408902673,-0.08760821283060788,,3,0.0009452115694439874,3.206262715021214e-08,0.03457145542473298,0.9644833009431958
402,new-orleans-saints,2012,56,21,98362462.0,21022102.0,0.7272727272727273,0.2727272727272727,0.8239127296222316,0.1760872703777684,7,9,0.438,461,454,7,0.5,0.417,2.250742856016019,1.1929329003137341,,3,3.0192345533782755e-11,2.67882405591207e-16,0.002998798750771971,0.9970012012190358
403,cincinnati-bengals,2018,53,59,112195970.0,68130795.0,0.4732142857142857,0.5267857142857143,0.6221814604171488,0.3778185395828511,6,10,0.375,368,455,-87,0.167,0.333,-0.3815606088017636,0.8925286198017099,,3,0.09977572915995848,0.3774304383137661,2.770389828776623e-23,0.5227938325262756
404,houston-texans,2013,53,60,77438733.0,46388080.0,0.4690265486725664,0.5309734513274337,0.6253793594768525,0.3746206405231474,2,14,0.125,276,428,-152,0.167,0.167,-0.3872480985321125,0.8498752286610344,,3,0.1242384675890276,0.4298762815294706,9.25282749873223e-23,0.44588525088150177
405,houston-texans,2012,58,33,99812333.0,25468677.0,0.6373626373626373,0.3626373626373626,0.7967076015750512,0.2032923984249488,12,4,0.75,416,331,85,0.833,0.833,1.574569169793912,0.8312350816759437,,3,2.7598578172109224e-06,1.2315286649077594e-09,8.495191426759565e-05,0.9999122869963866
406,los-angeles-chargers,2012,55,31,94427351.0,31540097.0,0.6395348837209303,0.3604651162790697,0.749617083613538,0.250382916386462,7,9,0.438,350,350,0,0.667,0.583,1.3149369102279516,1.1159425313464013,,3,4.5320729634582757e-07,9.608229403876773e-10,5.200776728395903e-09,0.999999540631104
407,cincinnati-bengals,2016,53,53,121320842.0,35075404.0,0.5,0.5,0.7757273278797242,0.2242726721202758,6,9,0.406,325,315,10,0.5,0.417,0.660490620201516,0.15967660995460825,,3,0.3999868986509757,0.009627132149840572,7.896069868314251e-07,0.5903851795921969
408,chicago-bears,2012,58,31,110878054.0,18043110.0,0.651685393258427,0.348314606741573,0.8600453995280403,0.1399546004719597,10,6,0.625,375,277,98,0.5,0.583,2.0233106193052803,0.5478274698925699,,3,2.771541033068504e-06,1.2156295511811322e-10,0.14829465085097532,0.8517025774864287
409,baltimore-ravens,2012,56,47,101262723.0,28588475.0,0.5436893203883495,0.4563106796116505,0.7798366480993113,0.2201633519006886,10,6,0.625,398,344,54,0.667,0.667,0.9364037970265281,0.3880883731124877,,3,0.025959140600525635,0.00022152119837555545,4.608817022234855e-06,0.9738147293840766
410,washington-commanders,2012,60,36,89330238.0,26045731.0,0.625,0.375,0.7742534149377328,0.2257465850622671,10,6,0.625,436,388,48,0.833,0.667,1.3734366656057513,0.8896602539458691,,3,6.0271538416284496e-06,7.949795460541592e-09,1.6293311613040675e-06,0.9999923355652015
411,washington-commanders,2013,53,45,88700032.0,18685188.0,0.5408163265306123,0.4591836734693877,0.8259985126444775,0.1740014873555224,3,13,0.188,334,478,-144,0.0,0.083,1.1866241854161885,0.10470375964458817,,3,0.07824550063088001,0.00023340130633395364,0.000590123015669407,0.9209309750471167
412,cleveland-browns,2012,61,30,103841976.0,23508669.0,0.6703296703296703,0.3296703296703296,0.8154020421333555,0.1845979578666444,5,11,0.313,302,368,-66,0.333,0.417,1.87289418325666,0.9134629533284913,,3,7.774978945356152e-08,6.767036606986383e-12,0.0014026867577745872,0.9985972354856689
413,detroit-lions,2012,58,38,112681183.0,20019466.0,0.6041666666666666,0.3958333333333333,0.8491381455112552,0.1508618544887448,4,12,0.25,372,437,-65,0.0,0.25,1.6860050551495331,0.33660358283617037,,3,0.0004563327510849844,1.2887097974347207e-07,0.02328262904317973,0.9762609093347555
414,arizona-cardinals,2013,52,53,92369539.0,27676606.0,0.4952380952380952,0.5047619047619047,0.7694502726430741,0.2305497273569259,10,6,0.625,379,324,55,0.333,0.5,0.596726643981457,0.16847183610245753,,3,0.44905550313561854,0.01379246639478397,2.8124271628457104e-07,0.537151749226881
415,los-angeles-rams,2013,53,43,69722934.0,54610123.0,0.5520833333333334,0.4479166666666667,0.5607755144313712,0.4392244855686288,7,9,0.438,348,364,-16,0.167,0.333,-0.28125962077347255,1.7026475548443873,,3,1.959803592134483e-05,0.0006074705697619562,2.8786119568391548e-37,0.999372931394317
416,green-bay-packers,2012,56,39,103558073.0,16152403.0,0.5894736842105263,0.4105263157894737,0.8650710987065159,0.1349289012934841,11,5,0.688,433,336,97,0.833,0.667,1.6932892488881155,0.15971186420373168,,3,0.0027244178413245554,8.509573870611798e-07,0.02894275468823639,0.968331976513052
417,philadelphia-eagles,2012,59,44,89390050.0,28555216.0,0.5728155339805825,0.4271844660194174,0.7578943439747722,0.2421056560252278,4,12,0.25,280,444,-164,0.167,0.167,0.9776918080494514,0.6830169887448251,,3,0.001087853000426411,8.989629984241411e-06,1.1522401464944963e-07,0.9989030421455746
418,arizona-cardinals,2012,53,30,88769403.0,29028393.0,0.6385542168674698,0.3614457831325301,0.7535743962476174,0.2464256037523826,5,11,0.313,250,357,-107,0.167,0.25,1.3321489230029904,1.0874102520252493,,3,5.872126649961197e-07,1.1053608575845043e-09,1.38647498087704e-08,0.9999993978172245
419,washington-commanders,2011,66,27,101721110.0,24252186.0,0.7096774193548387,0.2903225806451613,0.8074815316414361,0.1925184683585638,5,11,0.313,288,367,-79,0.333,0.417,2.0542200173514162,1.1863454014681207,,3,2.3117060736233596e-10,6.969895978212273e-15,0.00022580516983349775,0.9997741945989893
420,chicago-bears,2013,55,49,101899959.0,25269876.0,0.5288461538461539,0.4711538461538461,0.8012903295816968,0.1987096704183032,8,8,0.5,445,478,-33,0.333,0.333,0.9747294161168526,0.1784215885151555,,3,0.11914179920290807,0.0008370409364449324,4.603158690077257e-05,0.8799751282737461
421,buffalo-bills,2011,50,39,70276772.0,38036157.0,0.5617977528089888,0.4382022471910112,0.6488308704125249,0.3511691295874752,6,10,0.375,372,434,-62,0.167,0.333,0.28374429070980806,1.249781437574427,,3,0.00013960711464603494,7.271876953912336e-05,7.018851371569688e-21,0.9997876741158152
422,pittsburgh-steelers,2012,56,59,93010135.0,32048994.0,0.4869565217391304,0.5130434782608696,0.7437292722548867,0.2562707277451133,8,8,0.5,336,314,22,0.5,0.417,0.40026763454731784,0.2693330193240587,,3,0.4647044519390898,0.03162617376636355,4.15222270588063e-09,0.5036693701423239
423,seattle-seahawks,2011,64,24,86281574.0,20367562.0,0.7272727272727273,0.2727272727272727,0.8090227191338897,0.1909772808661103,7,9,0.438,321,315,6,0.5,0.5,2.1646828132450353,1.2789929430847184,,3,1.675001607286915e-11,2.5633113795722093e-16,0.00020616533021785896,0.9997938346530321
424,seattle-seahawks,2012,56,24,92835125.0,33650935.0,0.7,0.3,0.7339553860717932,0.2660446139282068,11,5,0.688,412,245,167,0.5,0.667,1.573404380689215,1.5554503524997023,,3,5.203107107324549e-11,3.902638800134417e-14,5.637675119338848e-12,0.9999999999422924
425,dallas-cowboys,2012,58,53,96795939.0,34781860.0,0.5225225225225225,0.4774774774774775,0.7356555569074384,0.2643444430925615,8,8,0.5,376,400,-24,0.5,0.417,0.5588808007115155,0.5212737608672207,,3,0.05491872311502577,0.002509809296132129,1.724150674480662e-09,0.9425714658646914
426,carolina-panthers,2012,53,41,89824130.0,37014330.0,0.5638297872340425,0.4361702127659574,0.708177393512977,0.2918226064870229,7,9,0.438,357,363,-6,0.5,0.417,0.6384787145139168,0.9185036761845883,,3,0.0006825722643633651,3.5466777388444384e-05,1.1733184830845055e-12,0.9992819609570749
427,los-angeles-rams,2012,55,38,97024559.0,23074432.0,0.5913978494623656,0.4086021505376344,0.8078715582215008,0.1921284417784992,7,8,0.469,299,348,-49,0.75,0.542,1.3737978483153355,0.5014147461299691,,3,0.0006163143205350041,7.377409710010521e-07,0.0003687771430711779,0.9990141707954227
428,san-francisco-49ers,2012,57,43,130707457.0,7909385.0,0.57,0.43,0.942940663732622,0.0570593362673779,11,4,0.719,397,273,124,0.583,0.625,2.030956648407958,-0.4027487921903568,,3,0.05579551836549065,9.064165851962247e-06,0.00043023191034182996,0.9437651855583152
429,new-york-giants,2012,55,29,115366005.0,10148599.0,0.6547619047619048,0.3452380952380952,0.919144078246066,0.0808559217539339,9,7,0.563,429,344,85,0.5,0.667,2.3826410007305534,0.22401060677237533,,3,6.249628760611857e-06,5.982120407641199e-11,0.43651275965127206,0.5634809906601462
430,jacksonville-jaguars,2012,57,46,94060155.0,35453868.0,0.5533980582524272,0.4466019417475728,0.7262546002451025,0.2737453997548976,2,14,0.125,255,444,-189,0.333,0.167,0.6827508429086013,0.7538135361155013,,3,0.0030900793831794273,0.00010578200453292357,1.5382735075648524e-10,0.9968041384584604
431,las-vegas-raiders,2012,60,27,80880556.0,34697923.0,0.6896551724137931,0.3103448275862069,0.6997890671324719,0.300210932867528,4,12,0.25,290,443,-153,0.333,0.333,1.3162252999942983,1.6932145623480959,,3,5.933266737540356e-11,2.6675002936066815e-13,1.583773303203945e-16,0.9999999999404006
432,chicago-bears,2018,53,44,151948529.0,27513259.0,0.5463917525773195,0.4536082474226804,0.846690154452267,0.1533098455477329,12,4,0.75,421,283,138,0.833,0.833,1.338395804896991,0.017291722354368433,,3,0.07373407431108685,0.0001224368891267941,0.002264127853838579,0.9238793609459477
433,new-york-jets,2012,65,52,103682583.0,30303302.0,0.5555555555555556,0.4444444444444444,0.7738321316458073,0.2261678683541926,6,10,0.375,281,375,-94,0.333,0.333,0.970187964904302,0.49128134942759855,,3,0.008194849063954485,6.28103194947057e-05,2.045978493450571e-06,0.9917402946380575
434,tampa-bay-buccaneers,2012,58,31,95377285.0,42682917.0,0.651685393258427,0.348314606741573,0.6908383706406572,0.3091616293593428,7,9,0.438,389,394,-5,0.5,0.333,1.0453419231381025,1.5257961660597477,,3,1.0366846707599411e-08,1.7357004288449977e-10,8.706444943617256e-17,0.9999999894595836
435,denver-broncos,2012,56,37,115818873.0,17130071.0,0.6021505376344086,0.3978494623655914,0.8711530119411854,0.1288469880588145,13,3,0.813,481,289,192,1.0,0.833,1.8016082172716903,0.1977273612076353,,3,0.0008965112722171197,1.6264726379424783e-07,0.057159120006872385,0.9419442060736466
436,denver-broncos,2013,53,49,96535491.0,36666759.0,0.5196078431372549,0.4803921568627451,0.7247286813848866,0.2752713186151135,13,3,0.813,606,399,207,0.833,0.75,0.4789038457363521,0.5676052964818112,,3,0.05441783011353714,0.0036357851105195565,1.6786958289479318e-10,0.9419463846080738
437,las-vegas-raiders,2017,53,48,144377592.0,20064875.0,0.5247524752475248,0.4752475247524752,0.8779824009816151,0.1220175990183849,6,10,0.375,301,373,-72,0.333,0.417,1.39436030290456,-0.2884644213829906,,3,0.3808963016347803,0.0006694000938252635,0.0005826280191118634,0.6178516702522827
438,indianapolis-colts,2012,54,41,75488533.0,46106865.0,0.5684210526315789,0.431578947368421,0.6208173519856401,0.3791826480143599,11,5,0.688,357,387,-30,0.667,0.667,0.16006191333657416,1.449919462593927,,3,2.6577444771726027e-05,4.2054294891280395e-05,7.40554885394803e-26,0.9999313682603373
439,atlanta-falcons,2012,53,40,103035944.0,24412012.0,0.5698924731182796,0.4301075268817204,0.808455052821718,0.1915449471782819,13,3,0.813,419,299,120,0.5,0.75,1.2530472977856861,0.3739193285915761,,3,0.004953631013056048,1.0457095478563308e-05,0.00028198390317106493,0.9947539279882945
440,pittsburgh-steelers,2018,53,42,130326198.0,31358918.0,0.5578947368421052,0.4421052631578947,0.8060494448975749,0.1939505551024251,9,6,0.594,428,360,68,0.75,0.542,1.1698960059002508,0.31857550144957636,,3,0.013662806318838885,4.190731931599727e-05,0.000168943076571552,0.9861263432852734
441,pittsburgh-steelers,2017,53,48,145814413.0,17565770.0,0.5247524752475248,0.4752475247524752,0.8924853083314273,0.1075146916685728,13,3,0.813,406,308,98,1.0,0.833,1.478182999188466,-0.37228711766689654,,3,0.42572744809484214,0.0006041190221380995,0.00032522179018367543,0.5733432110928361
442,cincinnati-bengals,2012,54,34,90753643.0,26638635.0,0.6136363636363636,0.3863636363636363,0.7730801765342692,0.2269198234657308,10,6,0.625,391,320,71,0.5,0.583,1.3010679668193526,0.8308535264235863,,3,2.174343868582131e-05,4.044663149904365e-08,1.4951002989547591e-06,0.9999767210143836
443,miami-dolphins,2012,63,48,89473120.0,32819141.0,0.5675675675675675,0.4324324324324324,0.7316335413898349,0.268366458610165,7,9,0.438,288,317,-29,0.333,0.417,0.7956220217474673,0.8045072026764923,,3,0.0009043480822517929,1.9508200694083924e-05,4.1990104867287204e-10,0.9990761432971533
444,kansas-city-chiefs,2012,59,31,113243727.0,31167747.0,0.6555555555555556,0.3444444444444444,0.7841740262273066,0.2158259737726934,2,14,0.125,211,425,-214,0.0,0.0,1.6071330618240083,1.0086800040242887,,3,1.8825696341605394e-07,7.421661012642858e-11,7.139746958531974e-06,0.9999926719218615
445,miami-dolphins,2011,62,30,113956396.0,18860977.0,0.6739130434782609,0.3260869565217391,0.8579931482306912,0.1420068517693088,6,10,0.375,329,313,16,0.5,0.417,2.139740933852875,0.6879806467665481,,3,1.5743686663820195e-07,3.300734776503799e-12,0.18525112159930912,0.8147487209605236
446,tennessee-titans,2012,55,26,91480384.0,28414483.0,0.6790123456790124,0.3209876543209876,0.7630050083795498,0.2369949916204502,6,10,0.375,330,471,-141,0.167,0.417,1.6201681307006814,1.2664169262440546,,3,3.663081639838769e-09,1.5569288400270794e-12,3.788945323933523e-08,0.9999999584459083
447,minnesota-vikings,2012,56,35,101179587.0,15015088.0,0.6153846153846154,0.3846153846153846,0.8707764533959925,0.1292235466040074,10,6,0.625,379,348,31,0.667,0.583,1.8758151903373284,0.2762871377223311,,3,0.0002251526887053968,2.646971381250736e-08,0.09228564576534024,0.9074891750762404
