,cluster,count,player_count_prop,cap_hit_prop,pct,div_win_pct,conf_win_pct,w,l,pf,pa,net_pts
0,0,39,0.37585793599271256,0.7208919774564411,0.49053846153846153,0.4786410256410257,0.4892820512820513,8.076923076923077,8.41025641025641,367.61538461538464,370.6923076923077,-3.076923076923077
1,1,39,0.37762263903254145,0.7194183509185653,0.5202564102564102,0.546974358974359,0.5256153846153846,8.564102564102564,7.871794871794871,380.3333333333333,366.28205128205127,14.051282051282051
2,2,32,0.5917734990481065,0.8231161763638369,0.49428125,0.48953125000000003,0.49728125,7.875,8.0625,356.5625,359.59375,-3.03125
3,3,114,0.41861064364383915,0.7267934758171269,0.4981842105263158,0.5131842105263158,0.4952456140350877,8.026315789473685,8.105263157894736,374.56140350877195,374.05263157894734,0.5087719298245614
