,team,season,player_count_active,player_count_inactive,cap_hit_sum_active,cap_hit_sum_inactive,player_count_prop_active,player_count_prop_inactive,cap_hit_prop_active,cap_hit_prop_inactive,cap_hit_per_player_prop_active,cap_hit_per_player_prop_inactive,delta_player_count_prop,ratio_player_count_prop,total_player_count_prop,log_ratio_player_count_prop,delta_cap_hit_prop,ratio_cap_hit_prop,total_cap_hit_prop,log_ratio_cap_hit_prop,delta_cap_hit_per_player_prop,ratio_cap_hit_per_player_prop,total_cap_hit_per_player_prop,log_ratio_cap_hit_per_player_prop,w,l,pct,pf,pa,net_pts,div_win_pct,conf_win_pct,pc_1,pc_2,pc_3,label
0,kansas-city-chiefs,2024,53,89,220922465.0,29052920.0,0.3732394366197183,0.6267605633802817,0.883776876671277,0.1162231233287229,2.367855028062667,0.1854346462098725,-0.2535211267605634,0.5955046678464849,1.0,-0.5183433724426695,0.767553753342554,7.604074363905015,1.0,2.028685335662235,2.1824203818527943,12.769147013852844,2.5532896742725395,2.547032294040456,15,2,0.882,385,326,59,0.833,0.833,0.5533600839395271,-1.1964454965506663,,0
1,los-angeles-chargers,2022,53,88,175316296.0,36813375.0,0.375886524822695,0.624113475177305,0.8264581525702739,0.1735418474297261,2.1986905568378985,0.2780613691771748,-0.2482269503546099,0.6022717622691082,1.0,-0.5070438428237088,0.6529163051405478,4.762271478258055,1.0,1.5607259657155956,1.920629187660724,7.907184864115663,2.476751926015073,2.0677722774362324,10,7,0.588,391,384,7,0.333,0.583,0.2373523437845116,-0.8498812591274614,,0
2,los-angeles-chargers,2021,53,70,159785508.0,23261801.0,0.4308943089430894,0.5691056910569106,0.8729191861542198,0.1270808138457801,2.0258313188107366,0.2232991443290136,-0.1382113821138211,0.7571415267370316,1.0,-0.2782027648865265,0.7458383723084396,6.86895441399309,1.0,1.9270130443067317,1.8025321744817229,9.072234704093372,2.24913046313975,2.20521911153763,9,8,0.529,474,459,15,0.5,0.5,0.8233734164333616,-0.8009234129349103,,0
3,los-angeles-chargers,2019,53,70,155395193.0,28702329.0,0.4308943089430894,0.5691056910569106,0.8440917146076523,0.1559082853923476,1.9589298282404008,0.2739531300465537,-0.1382113821138211,0.7571415267370316,1.0,-0.2782027648865265,0.6881834292153046,5.413992582183191,1.0,1.6889880057782316,1.684976698193847,7.150576003024721,2.2328829582869547,1.96719342380742,5,11,0.313,337,345,-8,0.0,0.25,0.6567587967714522,-0.6343087932730009,,0
4,los-angeles-chargers,2018,53,62,144473149.0,32813561.0,0.4608695652173913,0.5391304347826087,0.8149124601612834,0.1850875398387166,1.76820628148203,0.3433075335718131,-0.0782608695652173,0.8548371240924311,1.0,-0.1568421565209925,0.6298249203225668,4.402825052655264,1.0,1.482247619440103,1.4248987479102166,5.150487414587256,2.111513815053843,1.6390919193511118,12,4,0.75,428,329,99,0.667,0.75,0.6611197204989644,-0.2926522191970822,,0
5,los-angeles-chargers,2017,53,68,127034223.0,30604440.0,0.4380165289256198,0.5619834710743802,0.8058570187188152,0.1941429812811848,1.839786778584465,0.3454603049268141,-0.1239669421487603,0.7794103778138864,1.0,-0.2492152880179047,0.6117140374376304,4.150821536680383,1.0,1.4233075162110125,1.494326473657651,5.325594364249343,2.185247083511279,1.6725248666072037,9,7,0.563,355,272,83,0.5,0.5,0.4768805358381535,-0.3722156310021099,,0
6,los-angeles-chargers,2014,54,89,94825621.0,39411104.0,0.3776223776223776,0.6223776223776224,0.7064059481486903,0.2935940518513097,1.870667603430791,0.4717297687049133,-0.2447552447552448,0.6067405981583647,1.0,-0.499651281763506,0.4128118962973806,2.4060553599058863,1.0,0.8779900420080898,1.3989378347258776,3.965540786255071,2.3423973721357045,1.377642770330973,9,7,0.563,348,348,0,0.333,0.5,-0.4464965367556843,-0.14599467025860724,,0
7,los-angeles-rams,2014,53,68,91476742.0,39550389.0,0.4380165289256198,0.5619834710743802,0.6981511485586905,0.3018488514413095,1.593892244822671,0.5371133974176243,-0.1239669421487603,0.7794103778138864,1.0,-0.2492152880179047,0.396302297117381,2.3129087035328104,1.0,0.8385073438047571,1.0567788474050466,2.967509812594665,2.131005642240295,1.087723781578341,6,10,0.375,324,354,-30,0.333,0.333,-0.14562888414671948,0.250293788982763,,0
8,los-angeles-chargers,2013,53,59,94062621.0,26389664.0,0.4732142857142857,0.5267857142857143,0.7809118855653091,0.2190881144346909,1.650228890251219,0.4158960816387352,-0.0535714285714286,0.8983033794918897,1.0,-0.1072453154515664,0.5618237711306182,3.5643573053835778,1.0,1.2709850391726458,1.2343328086124838,3.9678780234497375,2.066124971889954,1.378232054868472,9,7,0.563,396,348,48,0.667,0.5,0.5358562854309505,-0.02488827443100411,,0
9,las-vegas-raiders,2017,53,48,144377592.0,20064875.0,0.5247524752475248,0.4752475247524752,0.8779824009816151,0.1220175990183849,1.6731362735687385,0.256745364601185,0.0495049504950495,1.104164343320861,1.0,0.0990907041383398,0.7559648019632301,7.195480099302947,1.0,1.973454203884339,1.4163909089675533,6.516689247645986,1.9298816381699235,1.8743670605489464,6,10,0.375,301,373,-72,0.333,0.417,1.39436030290456,-0.2884644213829906,,0
10,las-vegas-raiders,2016,53,51,142746501.0,21588595.0,0.5096153846153846,0.4903846153846153,0.868630648440428,0.1313693515595719,1.7044827818453685,0.2678904423959898,0.0192307692307692,1.0392135670939024,1.0,0.0384662038764147,0.7372612968808561,6.612075237132436,1.0,1.888898710007328,1.4365923394493785,6.362587645953425,1.972373224241358,1.8504357438652572,12,4,0.75,416,385,31,0.5,0.75,1.2529427923245477,-0.3217809706764625,,0
11,kansas-city-chiefs,2023,53,70,194829168.0,22792284.0,0.4308943089430894,0.5691056910569106,0.8952663729125381,0.1047336270874619,2.077693657891362,0.1840319447393974,-0.1382113821138211,0.7571415267370316,1.0,-0.2782027648865265,0.7905327458250762,8.547950165181929,1.0,2.1456926244278427,1.8936617131519644,11.28979194911819,2.2617256026307597,2.4238994314042386,11,6,0.647,371,294,77,0.667,0.75,0.9525338256713406,-0.9300838221728893,,0
12,kansas-city-chiefs,2022,53,82,181434543.0,23814598.0,0.3925925925925926,0.6074074074074074,0.8839722403515443,0.1160277596484557,2.251627404669028,0.19102131161636,-0.2148148148148148,0.6463403993176353,1.0,-0.4364264328856723,0.7679444807030886,7.618561493114345,1.0,2.0305887027027016,2.060606093052668,11.787248230934862,2.442648716285388,2.4670187328670865,14,3,0.824,496,369,127,1.0,0.75,0.666190204018397,-1.0858736699354394,,0
13,kansas-city-chiefs,2021,54,83,160366274.0,24745872.0,0.3941605839416058,0.6058394160583942,0.8663195660861713,0.1336804339138286,2.197884825070472,0.220653246339693,-0.2116788321167883,0.6506013357544217,1.0,-0.4298556747995523,0.7326391321723427,6.480477809989703,1.0,1.868795398063121,1.9772315787307784,9.960763781028122,2.4185380714101647,2.298654208481347,12,5,0.706,480,364,116,0.833,0.583,0.5732127522690414,-0.9747962080244323,,0
14,kansas-city-chiefs,2020,51,85,182730257.0,34019110.0,0.375,0.625,0.8430486304488262,0.1569513695511738,2.24812968119687,0.2511221912818781,-0.25,0.5999990400015359,1.0,-0.5108245571015997,0.6860972608976523,5.371366057483782,1.0,1.6810834492088984,1.997007489914992,8.9522981518398,2.499251872478748,2.1919107208812347,14,2,0.875,473,362,111,0.667,0.833,0.32812383443605836,-0.9508862936754301,,0
15,las-vegas-raiders,2020,53,87,165917480.0,48228175.0,0.3785714285714285,0.6214285714285714,0.7747879825065794,0.2252120174934205,2.0466097651117194,0.3624101430928607,-0.2428571428571428,0.6091944219859875,1.0,-0.4956151727906244,0.5495759650131589,3.4402451116273256,1.0,1.2355440129017812,1.6841996220188586,5.647204298537025,2.40901990820458,1.731161096891885,8,8,0.5,434,478,-44,0.667,0.5,-0.04579009339019349,-0.5357458032950219,,0
16,kansas-city-chiefs,2019,53,63,135179512.0,31327490.0,0.4568965517241379,0.5431034482758621,0.8118548191745113,0.1881451808254886,1.7768897929102512,0.3464260472342331,-0.0862068965517241,0.8412682922679062,1.0,-0.1728424654307069,0.6237096383490226,4.315021520035698,1.0,1.462103543531558,1.430463745676018,5.129188979603043,2.1233158401444845,1.6349481158208756,12,4,0.75,451,308,143,1.0,0.75,0.6205163052216965,-0.29791103692608834,,0
17,los-angeles-rams,2016,53,74,109645297.0,40012353.0,0.4173228346456692,0.5826771653543307,0.7326407771336781,0.2673592228663219,1.7555731829429646,0.4588462338381471,-0.1653543307086614,0.7162149870364412,1.0,-0.3337724996432474,0.4652815542673562,2.7402759067117963,1.0,1.0080599761351674,1.2967269491048177,3.82605157768527,2.214419416781112,1.3418339213793269,4,12,0.25,224,394,-170,0.333,0.25,-0.0657267842031874,-0.06848467783928486,,0
18,los-angeles-rams,2018,53,63,158606483.0,21270209.0,0.4568965517241379,0.5431034482758621,0.8817511665157818,0.1182488334842181,1.929870477657183,0.2177280108598303,-0.0862068965517241,0.8412682922679062,1.0,-0.1728424654307069,0.7635023330315636,7.456679984530057,1.0,2.0091114069729263,1.7121424667973526,8.863634983854292,2.1475984885170134,2.181957467707053,13,3,0.813,527,384,143,1.0,0.75,1.0244973935113895,-0.7018921252157811,,0
19,minnesota-vikings,2016,53,67,119127210.0,38074676.0,0.4416666666666666,0.5583333333333333,0.7577975877464982,0.2422024122535018,1.7157681231996185,0.4337953652301525,-0.1166666666666667,0.7910433593253265,1.0,-0.2344002327336364,0.5155951754929964,3.12876511811217,1.0,1.1406397153623955,1.281972757969466,3.955238588247069,2.149563488429771,1.375041507955449,8,8,0.5,327,307,20,0.333,0.417,0.2201782069465351,-0.07337816517497633,,0
20,minnesota-vikings,2015,53,72,118160753.0,28861726.0,0.424,0.576,0.8036917470286976,0.1963082529713024,1.89549940336957,0.3408129391862889,-0.1519999999999999,0.7361098331426508,1.0,-0.3063735830857527,0.6073834940573952,4.094008483370805,1.0,1.40952580364156,1.554686464183281,5.561683914382064,2.236312342555859,1.7159014522732083,11,5,0.688,365,302,63,0.833,0.667,0.38346641590353997,-0.44060043689987727,,0
21,minnesota-vikings,2013,54,59,117391509.0,11848269.0,0.4778761061946903,0.5221238938053098,0.9083233569157012,0.0916766430842987,1.9007507283606344,0.1755840791275551,-0.0442477876106194,0.9152524843469368,1.0,-0.0885532200034452,0.8166467138314026,9.907795688862626,1.0,2.2933229915180875,1.725166649233079,10.825240605893509,2.0763348074881893,2.381881026621695,5,10,0.344,391,480,-89,0.417,0.375,1.2991652150562567,-0.7343837706338483,,0
22,miami-dolphins,2023,53,93,172821528.0,51154077.0,0.363013698630137,0.636986301369863,0.7716087115826744,0.2283912884173256,2.125563620586235,0.3585497646121456,-0.273972602739726,0.5698915784497801,1.0,-0.5623063947791882,0.5432174231653488,3.3784359223756564,1.0,1.2174141535290333,1.767013855974089,5.928208305135025,2.4841133851983805,1.7797224970325791,11,6,0.647,496,391,105,0.667,0.583,-0.15396022047472754,-0.6071653596655818,,0
23,miami-dolphins,2022,53,89,149787507.0,58771935.0,0.3732394366197183,0.6267605633802817,0.7182005550245,0.2817994449755001,1.9242354493109244,0.4496125976013597,-0.2535211267605634,0.5955046678464849,1.0,-0.5183433724426695,0.4364011100489999,2.548613984931574,1.0,0.9355510684482816,1.4746228517095648,4.279753680886241,2.373848046912284,1.4538959764295565,9,8,0.529,397,399,-2,0.5,0.583,-0.40362415283723496,-0.23946125977390417,,0
24,miami-dolphins,2021,55,87,149454584.0,45709358.0,0.3873239436619718,0.6126760563380281,0.7657899428983659,0.234210057101634,1.977130398028508,0.3822738863038165,-0.2253521126760563,0.6321828762072595,1.0,-0.45857398378984,0.5315798857967318,3.2696575147861497,1.0,1.1846865497248804,1.5948565117246918,5.172012258365217,2.359404284332325,1.6432623368304282,9,8,0.529,341,373,-32,0.667,0.5,-0.04727915795204227,-0.43322262768495673,,0
25,los-angeles-rams,2017,53,63,137063130.0,19823434.0,0.4568965517241379,0.5431034482758621,0.8736447947193234,0.1263552052806765,1.912128229951727,0.2326540287707695,-0.0862068965517241,0.8412682922679062,1.0,-0.1728424654307069,0.7472895894386469,6.914142386428001,1.0,1.933570079846097,1.6794742011809576,8.218727272109428,2.1447822587224965,2.10641588698084,11,5,0.688,478,329,149,0.667,0.583,0.9776448607971299,-0.6550395925015218,,0
26,miami-dolphins,2020,53,77,156504710.0,46250443.0,0.4076923076923077,0.5923076923076923,0.7718901723794906,0.2281098276205093,1.893315517157241,0.3851204881904703,-0.1846153846153846,0.6883105262289816,1.0,-0.3735127437846447,0.5437803447589813,3.383838375544477,1.0,1.2190119747596957,1.5081950289667707,4.916151332020353,2.2784360053477117,1.5925265029718418,10,6,0.625,404,338,66,0.5,0.583,0.10553890918906039,-0.35091975735576386,,0
27,miami-dolphins,2014,51,104,104746850.0,37709148.0,0.3290322580645161,0.6709677419354839,0.7352926620892438,0.2647073379107561,2.2347129926241727,0.3945157440016077,-0.3419354838709678,0.4903838845240182,1.0,-0.712563717589484,0.4705853241784877,2.7777465110945645,1.0,1.021641351464443,1.840197248622565,5.664431298802025,2.6292287366257803,1.7342069483643734,8,8,0.5,388,373,15,0.5,0.5,-0.5599880173232236,-0.5934001986615891,,0
28,miami-dolphins,2013,53,69,81123929.0,31230441.0,0.4344262295081967,0.5655737704918032,0.7220362590257949,0.2779637409742051,1.662045728323528,0.4914721217225076,-0.1311475409836065,0.7681145839133444,1.0,-0.2638140572753734,0.4440725180515898,2.5975821843274693,1.0,0.9545824682413409,1.1705736066010204,3.381763223385269,2.153517850046036,1.2183978388671437,8,8,0.5,317,335,-18,0.333,0.583,-0.028301910008181556,0.09152241785847176,,0
29,miami-dolphins,2012,63,48,89473120.0,32819141.0,0.5675675675675675,0.4324324324324324,0.7316335413898349,0.268366458610165,1.2890686205439947,0.6205974355360065,0.1351351351351351,1.3124969648507687,1.0,0.2719331648895253,0.4632670827796699,2.726237917141131,1.0,1.0029239732838215,0.6684711850079882,2.077138044072952,1.9096660560800007,0.7309917816421405,7,9,0.438,288,317,-29,0.333,0.417,0.7956220217474673,0.8045072026764923,,0
30,los-angeles-rams,2024,53,93,209446790.0,45158044.0,0.363013698630137,0.636986301369863,0.8226347736979731,0.1773652263020269,2.2661259803755485,0.2784443337644724,-0.273972602739726,0.5698915784497801,1.0,-0.5623063947791882,0.6452695473959462,4.638057598954352,1.0,1.5342968732825015,1.987681646611076,8.138495085331144,2.544570314140021,2.096605725251917,10,7,0.588,367,386,-19,0.667,0.5,0.14095596454177467,-0.902081544682084,,0
31,los-angeles-rams,2020,53,76,153700759.0,42910908.0,0.4108527131782946,0.5891472868217055,0.7817479061402801,0.2182520938597199,1.9027449036244557,0.3704542119461036,-0.1782945736434109,0.6973672373635049,1.0,-0.3604406901418878,0.5634958122805602,3.581841119937301,1.0,1.2758782267123527,1.532290691678352,5.136234670930423,2.2731991155705598,1.636320782280762,10,6,0.625,372,296,76,0.5,0.75,0.18075478957878316,-0.38965369449541554,,0
32,los-angeles-rams,2019,53,49,162333485.0,18643880.0,0.5196078431372549,0.4803921568627451,0.8969822552118604,0.1030177447881396,1.7262677364454673,0.2144451013957193,0.0392156862745098,1.0816304015040623,1.0,0.0784714583374589,0.7939645104237207,8.706981016479325,1.0,2.164126234433098,1.511822635049748,8.049890975914595,1.9407128378411864,2.085659127258363,9,7,0.563,394,364,30,0.5,0.583,1.4744807086680989,-0.42797156644993545,,0
33,miami-dolphins,2018,53,68,123506032.0,46753518.0,0.4380165289256198,0.5619834710743802,0.7253985576726827,0.2746014423273173,1.6560985939319737,0.4886290370824322,-0.1239669421487603,0.7794103778138864,1.0,-0.2492152880179047,0.4507971153453654,2.641631849756205,1.0,0.9713982296569216,1.1674695568495417,3.3892689115478767,2.144727631014406,1.2206148416525708,7,9,0.438,319,433,-114,0.667,0.5,0.011853422234771054,0.09281148260127246,,0
34,kansas-city-chiefs,2018,52,58,143955068.0,32936777.0,0.4727272727272727,0.5272727272727272,0.8138027391822388,0.1861972608177612,1.721505794423967,0.3531327360336851,-0.0545454545454545,0.8965500237844377,1.0,-0.1091990731325397,0.6276054783644776,4.370624814690057,1.0,1.4749072058752908,1.3683730583902816,4.874940054607962,2.074638530457652,1.5841083887701697,12,4,0.75,565,421,144,0.833,0.833,0.7231452004443483,-0.21779899342905956,,0
35,kansas-city-chiefs,2017,51,74,135438141.0,32340717.0,0.408,0.592,0.8072420006577944,0.1927579993422055,1.9785343153377315,0.3256047286185904,-0.184,0.6891880250202279,1.0,-0.3722386986902181,0.6144840013155888,4.187830417321765,1.0,1.4321840384524998,1.6529295867191407,6.076472682872715,2.304139043956322,1.8044248822066704,10,6,0.625,415,339,76,0.833,0.667,0.31163837608799005,-0.553467397326951,,0
36,kansas-city-chiefs,2016,53,82,116014324.0,36496956.0,0.3925925925925926,0.6074074074074074,0.7606933992029966,0.2393066007970033,1.937615262120841,0.3939803793609202,-0.2148148148148148,0.6463403993176353,1.0,-0.4364264328856723,0.5213867984059932,3.17872644525097,1.0,1.156481942249413,1.5436348827599204,4.918037662754163,2.3315956414817607,1.5929101180072744,12,4,0.75,389,311,78,1.0,0.75,-0.04632657696761794,-0.3733568889494245,,0
37,houston-texans,2019,53,93,145821737.0,52284819.0,0.363013698630137,0.636986301369863,0.7360772906475644,0.2639227093524355,2.027684611972536,0.4143302748973719,-0.273972602739726,0.5698915784497801,1.0,-0.5623063947791882,0.4721545812951289,2.788977513439801,1.0,1.025676404576098,1.613354337075164,4.893872934102753,2.442014886869908,1.5879844942487042,10,6,0.625,378,385,-7,0.667,0.667,-0.35932176859341625,-0.4018038115468931,,0
38,houston-texans,2018,53,87,140536221.0,31552504.0,0.3785714285714285,0.6214285714285714,0.816649789229364,0.1833502107706359,2.15718812249266,0.2950463161826324,-0.2428571428571428,0.6091944219859875,1.0,-0.4956151727906244,0.6332995784587281,4.454019069723821,1.0,1.493808074823035,1.8621418063100272,7.311329417947913,2.4522344386752923,1.989425583713326,11,5,0.688,402,316,86,0.667,0.75,0.19615929139057509,-0.7776951880757904,,0
39,houston-texans,2016,53,74,115226229.0,36834739.0,0.4173228346456692,0.5826771653543307,0.7577633531834416,0.2422366468165585,1.8157725632886244,0.4157304614284179,-0.1653543307086614,0.7162149870364412,1.0,-0.3337724996432474,0.5155267063668831,3.128181614797802,1.0,1.1404532016666735,1.4000421018602065,4.367657326317773,2.231503024717042,1.4742273351602075,9,7,0.563,279,328,-49,0.833,0.583,0.07947458896258125,-0.2136860510050535,,0
40,houston-texans,2015,52,90,102642525.0,39760591.0,0.3661971830985915,0.6338028169014085,0.7207884762858701,0.2792115237141299,1.9683069929344912,0.4405337374156273,-0.2676056338028169,0.5777768661742778,1.0,-0.5485647987598687,0.4415769525717401,2.5815048218390277,1.0,0.9483738805483318,1.527773255518864,4.467994974656154,2.4088407303501187,1.4969402645157852,9,7,0.563,339,313,26,0.833,0.583,-0.42931260776327,-0.2950646183349399,,0
41,houston-texans,2014,53,86,97907252.0,34136160.0,0.381294964028777,0.6187050359712231,0.7414777497570268,0.2585222502429731,1.9446303248344663,0.4178441021368984,-0.237410071942446,0.6162780736900901,1.0,-0.4840543763410794,0.4829554995140537,2.8681279113586458,1.0,1.0536608698975083,1.526786222697568,4.653950267430318,2.3624744269713647,1.5377168930753962,9,7,0.563,372,307,65,0.667,0.667,-0.22259432230000847,-0.327502613012971,,0
42,green-bay-packers,2022,53,88,162533410.0,49314247.0,0.375886524822695,0.624113475177305,0.7672183506848981,0.2327816493151019,2.041090329180577,0.3729796881071519,-0.2482269503546099,0.6022717622691082,1.0,-0.5070438428237088,0.5344367013697962,3.2958571136733097,1.0,1.1926675630825148,1.6681106410734257,5.472375364898791,2.4140700172877296,1.699713265288132,8,9,0.471,370,371,-1,0.5,0.5,-0.10503693041994083,-0.5074919849230091,,0
43,indianapolis-colts,2013,53,66,98729480.0,30316535.0,0.4453781512605042,0.5546218487394958,0.7650719009029453,0.2349280990970546,1.7178029473103869,0.4235824817052955,-0.1092436974789916,0.8030288551449429,1.0,-0.2193623862224831,0.5301438018058906,3.2566076481946427,1.0,1.1806873619324192,1.2942204656050913,4.055405891643181,2.141385429015682,1.4000513612796075,11,5,0.688,391,336,55,1.0,0.75,0.2836433216651826,-0.09399998939616608,,0
44,green-bay-packers,2021,58,87,162492766.0,18825064.0,0.4,0.6,0.8961764322901945,0.1038235677098054,2.240441080725486,0.1730392795163424,-0.1999999999999999,0.6666655555574075,1.0,-0.4054642747765672,0.792352864580389,8.631641354819308,1.0,2.1554357946142084,2.067401801209144,12.94751191449556,2.413480360241828,2.560904085871984,13,4,0.765,450,371,79,0.667,0.75,0.779480448654858,-1.1136569700151302,,0
45,green-bay-packers,2019,53,58,163872581.0,27884016.0,0.4774774774774775,0.5225225225225225,0.8545864057026419,0.1454135942973581,1.789794170433835,0.2782915339139095,-0.045045045045045,0.9137913546406832,1.0,-0.0901509164481402,0.7091728114052838,5.87689571209819,1.0,1.7710298525377322,1.5115026365199251,6.431340953571943,2.0680857043477445,1.8611836216642572,13,3,0.813,376,313,63,1.0,0.833,0.9862800861162239,-0.42610018738271127,,0
46,green-bay-packers,2018,53,81,124176442.0,51589926.0,0.3955223880597014,0.6044776119402985,0.7064857936872201,0.2935142063127799,1.786209365171462,0.4855667116779322,-0.208955223880597,0.6543199051991692,1.0,-0.4241563671412456,0.4129715873744402,2.4069819160727386,1.0,0.8783750611717286,1.3006426534935298,3.6785999608561712,2.2717760768493944,1.3025327942182314,6,9,0.406,376,400,-24,0.25,0.292,-0.3427212261585893,-0.04314232885167191,,0
47,green-bay-packers,2016,51,74,134428984.0,19778041.0,0.408,0.592,0.8717435797753053,0.1282564202246947,2.136626421017905,0.2166493584876599,-0.184,0.6891880250202279,1.0,-0.3722386986902181,0.7434871595506105,6.796827647461599,1.0,1.916457128020153,1.9199770625302448,9.862095017671544,2.353275779505565,2.288699090509326,10,6,0.625,432,388,44,0.833,0.667,0.6844392322052607,-0.9262682534442217,,0
48,green-bay-packers,2015,52,63,125157906.0,16698131.0,0.4521739130434782,0.5478260869565217,0.8822881891166888,0.1177118108833112,1.951214264392677,0.2148707658981078,-0.0956521739130434,0.8253953187228309,1.0,-0.1918906216692485,0.7645763782333777,7.495260562516866,1.0,2.0142720292116247,1.7363434984945694,9.080831333223848,2.166085030290785,2.2061662574458567,10,6,0.625,368,323,45,0.5,0.583,1.0003434897652959,-0.7322537059865792,,0
49,green-bay-packers,2014,54,61,123610693.0,10426549.0,0.4695652173913043,0.5304347826086957,0.922211552219196,0.077788447780804,1.963969046392732,0.146650352373647,-0.0608695652173913,0.8852442327362824,1.0,-0.1218895732257996,0.8444231044383919,11.855226878815404,1.0,2.472769941500118,1.8173186940190849,13.392096387824742,2.110619398766379,2.594665220312298,12,4,0.75,486,348,138,0.833,0.75,1.3314669370415297,-0.862621718216483,,0
50,green-bay-packers,2013,52,54,100707865.0,19973988.0,0.490566037735849,0.5094339622641509,0.8344905426667587,0.1655094573332413,1.701076875436085,0.3248889347652515,-0.0188679245283018,0.9629610727060424,1.0,-0.0377402524844227,0.6689810853335174,5.041920348190342,1.0,1.6177882293145804,1.3761879406708335,5.235855880439,2.0259658102013365,1.6555309107873062,8,7,0.531,417,428,-11,0.583,0.542,0.9456751790207295,-0.2344083027812469,,0
51,green-bay-packers,2020,52,100,165749106.0,34127689.0,0.3421052631578947,0.6578947368421053,0.8292563726569661,0.170743627343034,2.4239801662280542,0.2595303135614116,-0.3157894736842105,0.5199992096012014,1.0,-0.6539250643328581,0.6585127453139321,4.856705511388952,1.0,1.5803615356329412,2.1644498526666425,9.339837004502655,2.683510479789466,2.234289213294974,13,3,0.813,509,369,140,0.833,0.833,0.05854932163610016,-1.0610301201900765,,0
52,indianapolis-colts,2014,52,86,95599118.0,28126903.0,0.3768115942028985,0.6231884057971014,0.7726678448666833,0.2273321551333167,2.050541588300044,0.3647888070743919,-0.2463768115942028,0.6046501925380632,1.0,-0.5031025284793235,0.5453356897333665,3.398834826418354,1.0,1.2234339689917932,1.6857527812256523,5.621159222472122,2.4153303953744363,1.7265383976551305,11,5,0.688,458,369,89,1.0,0.75,-0.06820115741841493,-0.5336492773369645,,0
53,indianapolis-colts,2015,52,113,108214835.0,35187342.0,0.3151515151515151,0.6848484848484848,0.75462477114277,0.2453752288572299,2.394482446895328,0.3582912633756013,-0.3696969696969697,0.4601763192115692,1.0,-0.7761423872349497,0.5092495422855401,3.0753784694516675,1.0,1.1234292983423266,2.0361911835197266,6.68304256512837,2.752773710270929,1.8995737753001471,8,8,0.5,333,408,-75,0.667,0.5,-0.5283696473864533,-0.7852500570786409,,0
54,indianapolis-colts,2016,53,90,114015686.0,38466657.0,0.3706293706293706,0.6293706293706294,0.7477304175474271,0.2522695824525728,2.0174613152694736,0.4008283365635325,-0.2587412587412587,0.5888879532113632,1.0,-0.5295166475562023,0.4954608350948542,2.964001629829357,1.0,1.0865415946881405,1.616632978705941,5.033217709476963,2.418289651833006,1.6160599789341543,8,8,0.5,411,392,19,0.5,0.417,-0.2480144791313113,-0.4252000671498609,,0
55,kansas-city-chiefs,2015,52,77,104438587.0,37005694.0,0.4031007751937984,0.5968992248062015,0.7383726387636698,0.2616273612363302,1.831732123086796,0.4383107740193064,-0.193798449612403,0.6753235439384784,1.0,-0.3925608978293748,0.4767452775273395,2.822219407997186,1.0,1.0375249538502134,1.3934213490674898,4.179062100682044,2.270042897106103,1.430087389464138,11,5,0.688,405,287,118,0.833,0.833,-0.11468397494006,-0.18369894172203027,,0
56,kansas-city-chiefs,2014,53,85,96516582.0,36201373.0,0.3840579710144927,0.6159420289855072,0.7272307804923607,0.2727692195076393,1.8935442963763356,0.4428488504947556,-0.2318840579710144,0.6235283994480103,1.0,-0.4723583626960934,0.4544615609847213,2.6660930280623747,1.0,0.980615490473044,1.4506954458815795,4.275815593616779,2.336393146871091,1.452975394434737,9,7,0.563,353,281,72,0.5,0.583,-0.28899046970385084,-0.22921186711555808,,0
57,kansas-city-chiefs,2013,52,72,114803016.0,21828396.0,0.4193548387096774,0.5806451612903226,0.8402388171176918,0.1597611828823082,2.00364641004988,0.2751442594084197,-0.1612903225806451,0.7222209783972038,1.0,-0.3254217380428258,0.6804776342353835,5.259309818874153,1.0,1.660000995135744,1.7285021506414604,7.282140402338209,2.2787906694583,1.9854253293958648,11,5,0.688,430,305,125,0.333,0.583,0.5678875638802349,-0.6786427139792697,,0
58,jacksonville-jaguars,2023,53,74,194030338.0,23749115.0,0.4173228346456692,0.5826771653543307,0.8909487801863475,0.1090512198136524,2.1349150015786065,0.1871554718423495,-0.1653543307086614,0.7162149870364412,1.0,-0.3337724996432474,0.781897560372695,8.169927963949686,1.0,2.100461214089367,1.9477595297362569,11.407112885612328,2.322070473420956,2.4342375665695077,9,8,0.529,377,371,6,0.667,0.5,0.8492486299759149,-0.9834600920183871,,0
59,jacksonville-jaguars,2018,53,86,140722671.0,57811014.0,0.381294964028777,0.6187050359712231,0.7088100490352557,0.2911899509647443,1.8589546569037836,0.4706442230709239,-0.237410071942446,0.6162780736900901,1.0,-0.4840543763410794,0.4176200980705113,2.4341760850977616,1.0,0.8896097466814124,1.3883104338328591,3.9498003289489416,2.329598879974707,1.3736655659387664,5,11,0.313,245,316,-71,0.167,0.333,-0.41140437878361547,-0.138692556529364,,0
60,jacksonville-jaguars,2017,53,67,151852626.0,19440330.0,0.4416666666666666,0.5583333333333333,0.886508292845387,0.1134917071546129,2.0071885875744613,0.2032687292321426,-0.1166666666666667,0.7910433593253265,1.0,-0.2344002327336364,0.773016585690774,7.811147650550643,1.0,2.055553027369738,1.8039198583423184,9.874508098951454,2.210457316806604,2.2899569949912446,10,6,0.625,417,268,149,0.667,0.75,0.9640896228966104,-0.8172895811250516,,0
61,jacksonville-jaguars,2016,52,70,109679864.0,40779353.0,0.4262295081967213,0.5737704918032787,0.7289673985210224,0.2710326014789775,1.7102696657608605,0.4723711054347894,-0.1475409836065573,0.7428558481655217,1.0,-0.2972509201724618,0.4579347970420449,2.689583116422427,1.0,0.9893875780987056,1.237898560326071,3.62059835050307,2.1826407711956497,1.286639887075922,3,13,0.188,318,400,-82,0.333,0.167,-0.03555105723438361,0.004153224796444452,,0
62,jacksonville-jaguars,2015,53,72,107546334.0,28584070.0,0.424,0.576,0.7900243504750049,0.2099756495249951,1.8632649775353889,0.3645410582031166,-0.1519999999999999,0.7361098331426508,1.0,-0.3063735830857527,0.5800487009500097,3.762439072450111,1.0,1.3250687023581067,1.498723919332272,5.111248306216589,2.227806035738505,1.6314441980054324,5,11,0.313,376,448,-72,0.333,0.417,0.3044727353483975,-0.3616067563447348,,0
63,jacksonville-jaguars,2012,57,46,94060155.0,35453868.0,0.5533980582524272,0.4466019417475728,0.7262546002451025,0.2737453997548976,1.3123548039516764,0.6129516559729228,0.1067961165048543,1.239127660214152,1.0,0.2144094392334384,0.4525092004902049,2.653019732480004,1.0,0.9756998898533092,0.6994031479787536,2.1410377965792677,1.9253064599245997,0.7612914251440225,2,14,0.125,255,444,-189,0.333,0.167,0.6827508429086013,0.7538135361155013,,0
64,indianapolis-colts,2024,53,103,199356329.0,50959762.0,0.3397435897435897,0.6602564102564102,0.7964183533051417,0.2035816466948583,2.3441747757660774,0.3083372513048339,-0.3205128205128205,0.5145623274589992,1.0,-0.6644356458475792,0.5928367066102833,3.9120149297344606,1.0,1.3640538241802804,2.035837524461243,7.602607739539085,2.6525120270709115,2.0284917386516628,8,9,0.471,377,427,-50,0.5,0.583,-0.14487604302815926,-0.8848665850150707,,0
65,indianapolis-colts,2022,53,96,147156772.0,58654445.0,0.3557046979865771,0.6442953020134228,0.7150085119024392,0.2849914880975608,2.010118269310631,0.4423305388180892,-0.2885906040268456,0.552082476455323,1.0,-0.5940550186810405,0.4300170238048784,2.508867923766721,1.0,0.9198330235967078,1.5677877304925418,4.544370213079699,2.4524488081287203,1.513889648532029,4,12,0.265,289,427,-138,0.25,0.375,-0.523278837759816,-0.32221773460772024,,0
66,indianapolis-colts,2021,57,76,170696313.0,16621433.0,0.4285714285714285,0.5714285714285714,0.9112661060954684,0.0887338939045316,2.126287580889426,0.1552843143329303,-0.1428571428571428,0.7499986875022968,1.0,-0.2876814891196387,0.8225322121909369,10.269535083637834,1.0,2.329182850926066,1.971003266556496,13.69277957818139,2.2815718952223563,2.6168691261148966,9,8,0.529,451,365,86,0.5,0.583,1.0316007390562676,-1.0359647599832846,,0
67,indianapolis-colts,2020,53,82,187851538.0,43533980.0,0.3925925925925926,0.6074074074074074,0.8118552086738635,0.1881447913261364,2.0679330786975765,0.3097505710857124,-0.2148148148148148,0.6463403993176353,1.0,-0.4364264328856723,0.623710417347727,4.315032523191412,1.0,1.4621060934931478,1.758182507611864,6.676101985372502,2.3776836497832887,1.8985347656763203,11,5,0.688,451,362,89,0.667,0.583,0.2493741893112947,-0.6690576552283372,,0
68,indianapolis-colts,2019,53,79,142403804.0,53696768.0,0.4015151515151515,0.5984848484848485,0.7261774024810086,0.2738225975189914,1.8085927759904363,0.4575263654747704,-0.196969696969697,0.6708849549770372,1.0,-0.3991551192366436,0.4523548049620172,2.6519898542734017,1.0,0.9753116237005592,1.3510664105156658,3.952971805552401,2.266119141465207,1.3744682047872152,7,9,0.438,361,373,-12,0.5,0.417,-0.1943207600718754,-0.12236570444723974,,0
69,indianapolis-colts,2018,52,115,116290378.0,27957466.0,0.311377245508982,0.688622754491018,0.8061845139259066,0.1938154860740934,2.5890925735697383,0.28145379282064,-0.3772455089820359,0.4521732564092711,1.0,-0.7936866504213769,0.6123690278518132,4.159524972595537,1.0,1.4254021188832189,2.307638780749098,9.198964237285754,2.8705463663903785,2.2190912810489736,10,6,0.625,433,344,89,0.667,0.583,-0.2521529621760592,-1.1050347880729963,,0
70,minnesota-vikings,2017,53,58,117742794.0,35810987.0,0.4774774774774775,0.5225225225225225,0.7667853779517159,0.2332146220482841,1.6059089991064237,0.4463245352993025,-0.045045045045045,0.9137913546406832,1.0,-0.0901509164481402,0.5335707559034317,3.2878817088546635,1.0,1.1902448040660891,1.1595844638071209,3.5980665951131683,2.052233534405726,1.2803972669824326,13,3,0.813,382,252,130,0.833,0.833,0.4788150168674725,0.08136488186604005,,0
71,minnesota-vikings,2018,53,64,179040838.0,17567584.0,0.452991452991453,0.5470085470085471,0.9106468389233092,0.0893531610766908,2.010295851962777,0.1633487475933253,-0.094017094017094,0.8281234860867519,1.0,-0.1885907903861461,0.8212936778466184,10.191431802954538,1.0,2.321548446078048,1.846947104369452,12.306697020234145,2.1736445995561025,2.5101440848354897,8,7,0.531,360,341,19,0.583,0.542,1.1689670632249327,-0.8914400581406189,,0
72,minnesota-vikings,2019,51,73,177166406.0,13850549.0,0.4112903225806452,0.5887096774193549,0.9274904732933262,0.0725095267066737,2.255074876242597,0.1231668672825691,-0.1774193548387097,0.6986289502741119,1.0,-0.3586330756831666,0.8549809465866525,12.791114827303568,1.0,2.548751853949752,2.131908008960028,18.308954486230174,2.3782417435251664,2.9073906998028463,10,6,0.625,407,303,104,0.333,0.583,1.0256313020299934,-1.2294786901545431,,0
73,minnesota-vikings,2022,54,83,162760165.0,46030194.0,0.3941605839416058,0.6058394160583942,0.7795386998688,0.2204613001312,1.9777185533708448,0.3638939532286073,-0.2116788321167883,0.6506013357544217,1.0,-0.4298556747995523,0.5590773997376,3.5359274551925037,1.0,1.2629769113085976,1.6138246001422374,5.434861175797609,2.341612506599452,1.6928344832484103,13,4,0.765,424,427,-3,0.667,0.667,0.07164392770593134,-0.47322738346132226,,0
74,seattle-seahawks,2021,57,95,137955994.0,34747131.0,0.375,0.625,0.7988042717814168,0.2011957282185832,2.1301447247504446,0.3219131651497331,-0.25,0.5999990400015359,1.0,-0.5108245571015997,0.5976085435628335,3.970264719780053,1.0,1.3788340243917756,1.8082315596007117,6.617120199602407,2.452057889900178,1.8896607295881316,7,10,0.412,395,366,29,0.5,0.333,0.07240397431418533,-0.695166433553557,,0
75,seattle-seahawks,2020,52,112,166465242.0,34428568.0,0.3170731707317073,0.6829268292682927,0.8286230521487944,0.1713769478512055,2.613349626007736,0.2509448164964081,-0.3658536585365854,0.4642850344397709,1.0,-0.7672534631571292,0.6572461042975888,4.835062285074301,1.0,1.575895217767902,2.362404809511328,10.41399957366949,2.864294442504145,2.3431513964531,12,4,0.75,459,371,88,0.667,0.75,-0.08958928889995421,-1.2018479044495252,,0
76,seattle-seahawks,2019,51,86,131014550.0,53879814.0,0.3722627737226277,0.6277372262773723,0.7085913662571132,0.2914086337428868,1.9034709250436173,0.4642207304973894,-0.2554744525547445,0.5930223111156206,1.0,-0.5225205702802673,0.4171827325142263,2.4315989734310204,1.0,0.8885504659635658,1.439250194546228,4.100348604974066,2.367691655541007,1.411072521055151,11,5,0.688,405,398,7,0.5,0.667,-0.4647995655076721,-0.18955989422941114,,0
77,seattle-seahawks,2018,53,85,124852499.0,50380380.0,0.3840579710144927,0.6159420289855072,0.7124947082562058,0.2875052917437942,1.8551749007425733,0.4667732971840425,-0.2318840579710144,0.6235283994480103,1.0,-0.4723583626960934,0.4249894165124115,2.4781882300201343,1.0,0.9075291443004146,1.388401603558531,3.974458130909261,2.321948197926616,1.3798889585784582,10,6,0.625,428,347,81,0.5,0.667,-0.37416079298285243,-0.14404154383655648,,0
78,seattle-seahawks,2017,53,80,126625244.0,40742358.0,0.3984962406015037,0.6015037593984962,0.7565696257033067,0.2434303742966933,1.898561513557354,0.4047029972682526,-0.2030075187969924,0.6624988985955811,1.0,-0.4117338741895643,0.5131392514066133,3.1079380293076038,1.0,1.133960814970939,1.4938585162891016,4.6912348935830215,2.3032645108256067,1.5456963780501465,9,7,0.563,366,332,34,0.667,0.583,-0.03608662371484486,-0.31544845029981033,,0
79,seattle-seahawks,2016,51,92,120240932.0,30060413.0,0.3566433566433566,0.6433566433566433,0.7999990419247412,0.2000009580752587,2.2431345685340784,0.3108710543995869,-0.2867132867132866,0.5543469644389575,1.0,-0.589961694753695,0.5999980838494825,3.999956048548833,1.0,1.3862846231974475,1.9322635141344917,7.215619856427529,2.5540056229336656,1.976248546526992,10,5,0.656,354,292,62,0.583,0.542,-0.026639975484377906,-0.8080212493305564,,0
80,seattle-seahawks,2023,54,109,165990770.0,48987208.0,0.3312883435582822,0.6687116564417178,0.7721291805991403,0.2278708194008597,2.330686230327035,0.3407609501132123,-0.3374233128834356,0.495412103191075,1.0,-0.7023623125626326,0.5442583611982805,3.388436457958202,1.0,1.2203698882748446,1.9899252802138223,6.83963168291737,2.6714471804402478,1.92273431171602,9,8,0.529,364,402,-38,0.333,0.583,-0.33406188395053094,-0.7932833501081248,,0
81,seattle-seahawks,2015,53,104,114840985.0,32523614.0,0.3375796178343949,0.6624203821656051,0.7792983238803507,0.2207016761196493,2.308487487721038,0.3331746456806244,-0.3248407643312102,0.5096146152933211,1.0,-0.6740975329437328,0.5585966477607014,3.530987197716943,1.0,1.2615787744625115,1.9753128420404145,6.928740193495143,2.6416621334016632,1.935678439599492,10,6,0.625,423,277,146,0.5,0.583,-0.2563148008197711,-0.7984075017418192,,0
82,seattle-seahawks,2013,54,57,101503464.0,32222089.0,0.4864864864864865,0.5135135135135135,0.7590431426370695,0.2409568573629305,1.5602553487539763,0.469231774864654,-0.0270270270270269,0.947366576180878,1.0,-0.0540671130833577,0.518086285274139,3.1501074542416747,1.0,1.1474378821607027,1.091023573889322,3.3251201372368286,2.0294871236186305,1.201506445875415,13,3,0.813,417,231,186,0.667,0.833,0.4860645561546859,0.1781102751478715,,0
83,san-francisco-49ers,2023,52,91,153107685.0,44597779.0,0.3636363636363636,0.6363636363636364,0.7744231337986693,0.2255768662013307,2.1296636179463406,0.3544779326020911,-0.2727272727272727,0.5714276734707988,1.0,-0.5596146093665407,0.5488462675973387,3.433063477546544,1.0,1.233454295988489,1.7751856853442496,6.007870770523128,2.484141550548432,1.7930708742213897,12,5,0.706,491,298,193,0.833,0.833,-0.13409981000365978,-0.6198380755443939,,0
84,san-francisco-49ers,2022,52,87,161396139.0,43791318.0,0.3741007194244604,0.6258992805755396,0.7865789720275153,0.2134210279724847,2.10258609830432,0.3409830217031652,-0.2517985611510791,0.5977001944789996,1.0,-0.5146633246996791,0.5731579440550305,3.685556638647087,1.0,1.3044228408247536,1.7616030766011548,6.166230569403841,2.443569120007485,1.819088198045115,13,4,0.765,450,277,173,1.0,0.833,-0.003445189803062574,-0.6296980585686514,,0
85,san-francisco-49ers,2019,53,74,166552577.0,54097764.0,0.4173228346456692,0.5826771653543307,0.7548258309739028,0.2451741690260972,1.808733594975201,0.4207718846799237,-0.1653543307086614,0.7162149870364412,1.0,-0.3337724996432474,0.5096516619478055,3.0787205489539464,1.0,1.1245154293046993,1.3879617102952773,4.298598271965838,2.229505479655125,1.4582895391645287,13,3,0.813,479,310,169,0.833,0.833,0.06249654269514868,-0.19670800473762093,,0
86,san-francisco-49ers,2014,54,79,98126936.0,33380887.0,0.4060150375939849,0.5939849624060151,0.7461680511584471,0.2538319488415529,1.8377842741495083,0.4273373315940069,-0.1879699248120301,0.6835431530222866,1.0,-0.3804630264857041,0.4923361023168941,2.9396028158039424,1.0,1.0782758157386618,1.4104469425555015,4.300536924208093,2.2651216057435155,1.458740425132658,8,8,0.5,306,340,-34,0.333,0.583,-0.052808396523244455,-0.21193391421950122,,0
87,san-francisco-49ers,2013,51,64,108616465.0,13567210.0,0.4434782608695652,0.5565217391304348,0.8889605342121196,0.1110394657878804,2.00451885165478,0.1995240400875976,-0.1130434782608695,0.7968735681178072,1.0,-0.2270569926093133,0.7779210684242392,8.005734917487583,1.0,2.0801592744497253,1.804994811567182,10.046452569435568,2.204042891742377,2.3072200929007227,12,4,0.75,406,272,134,0.833,0.75,0.9887188955987671,-0.821006829343215,,0
88,seattle-seahawks,2014,54,85,96775515.0,33658568.0,0.3884892086330935,0.6115107913669064,0.7419495945703087,0.2580504054296912,1.9098332156532023,0.4219883100556127,-0.2230215827338129,0.6352930787560241,1.0,-0.4536662711480614,0.4838991891406174,2.875200750543715,1.0,1.0561238458871929,1.4878449055975895,4.525785772633697,2.331821525708815,1.509791737092785,12,4,0.75,394,254,140,0.833,0.833,-0.17834403640803342,-0.288706585846213,,0
89,tampa-bay-buccaneers,2013,51,57,91995376.0,35718957.0,0.4722222222222222,0.5277777777777778,0.7203214693216932,0.2796785306783069,1.5253866409165266,0.5299172160220551,-0.0555555555555555,0.8947351468176165,1.0,-0.1112254122004549,0.4406429386433863,2.575524449625245,1.0,0.9460545714032906,0.9954694248944717,2.8785321862818174,2.0553038569385818,1.057281162258549,4,12,0.25,288,389,-101,0.167,0.167,0.17993493135476735,0.3195812567134688,,0
90,tampa-bay-buccaneers,2016,54,87,120636046.0,35089052.0,0.3829787234042553,0.6170212765957447,0.774673110175214,0.225326889824786,2.0227575654575034,0.3651849593712049,-0.2340425531914893,0.6206886492287409,1.0,-0.4769230816709491,0.549346220350428,3.437981471257715,1.0,1.2348858084166996,1.6575726060862983,5.538979562468357,2.3879425248287083,1.711810783667502,9,7,0.563,354,369,-15,0.667,0.583,-0.021016356669100924,-0.5096442075024731,,0
91,tampa-bay-buccaneers,2017,53,72,125106587.0,28649541.0,0.424,0.576,0.8136689485312741,0.1863310514687258,1.919030538988854,0.3234914087998713,-0.1519999999999999,0.7361098331426508,1.0,-0.3063735830857527,0.6273378970625483,4.366768583921489,1.0,1.47402451009628,1.5955391301889827,5.932227424155919,2.2425219477887253,1.7804002831664154,5,11,0.313,335,382,-47,0.167,0.25,0.44113181437446325,-0.49826583537080055,,0
92,washington-commanders,2022,53,86,160094196.0,47974051.0,0.381294964028777,0.6187050359712231,0.7694311761082891,0.2305688238917108,2.0179421411141925,0.3726635641970676,-0.237410071942446,0.6162780736900901,1.0,-0.4840543763410794,0.5388623522165783,3.3370853267843894,1.0,1.205099069011306,1.6452785769171248,5.414902126425658,2.39060570531126,1.6891553013148677,8,8,0.5,321,343,-22,0.417,0.458,-0.06103143627862495,-0.48906549903435453,,0
93,washington-commanders,2016,53,86,117003811.0,29112315.0,0.381294964028777,0.6187050359712231,0.8007590551641097,0.1992409448358903,2.100103937128514,0.322028968978939,-0.237410071942446,0.6162780736900901,1.0,-0.4840543763410794,0.6015181103282194,4.019028502375196,1.0,1.391041456163477,1.778074968149575,6.521454955845623,2.422132906107453,1.8750979799475476,8,7,0.531,396,383,13,0.5,0.5,0.1200348305033242,-0.6701317658163037,,0
94,washington-commanders,2013,53,45,88700032.0,18685188.0,0.5408163265306123,0.4591836734693877,0.8259985126444775,0.1740014873555224,1.5273180045124302,0.3789365724631379,0.0816326530612245,1.1777752128450922,1.0,0.16362909506129,0.6519970252889551,4.747050028984899,1.0,1.5575245892429763,1.1483814320492922,4.030526702814628,1.906254576975568,1.3938977176484613,3,13,0.188,334,478,-144,0.0,0.083,1.1866241854161885,0.10470375964458817,,0
95,tennessee-titans,2021,56,114,141092116.0,43324618.0,0.3294117647058823,0.6705882352941176,0.7650721978407882,0.2349278021592118,2.322540600588107,0.3503309330444388,-0.3411764705882352,0.4912273376434439,1.0,-0.7108452131766266,0.5301443956815763,3.25661302832633,1.0,1.1806890139968285,1.972209667543668,6.629542960599878,2.672871533632545,1.891536297331719,12,5,0.706,419,354,65,0.833,0.667,-0.38568033064451257,-0.7633270741390994,,0
96,tennessee-titans,2019,52,89,152774763.0,44311422.0,0.3687943262411347,0.6312056737588653,0.7751672853173347,0.2248327146826653,2.101895908264311,0.3561956491039979,-0.2624113475177305,0.5842687372821128,1.0,-0.5373915238843353,0.5503345706346694,3.447735969720648,1.0,1.237719065005724,1.7457002591603132,5.90094239671139,2.4580915573683093,1.7751125421734817,9,7,0.563,402,331,71,0.5,0.583,-0.10002851550262998,-0.5943687510116962,,0
97,tennessee-titans,2017,53,65,149109415.0,12142677.0,0.4491525423728814,0.5508474576271186,0.9246975536912724,0.0753024463087275,2.0587605912371725,0.13670290252969,-0.1016949152542372,0.8153831351506162,1.0,-0.204094945313867,0.8493951073825448,12.279617985878303,1.0,2.5079418950273724,1.9220576887074825,15.059998676994905,2.1954634937668627,2.7120426202518164,9,7,0.563,334,356,-22,0.833,0.667,1.228019102051189,-0.994806321818656,,0
98,tennessee-titans,2016,53,72,116118046.0,34344677.0,0.424,0.576,0.7717396288248751,0.2282603711751248,1.820140634020932,0.3962853666234807,-0.1519999999999999,0.7361098331426508,1.0,-0.3063735830857527,0.5434792576497502,3.380947134645867,1.0,1.2181571833651983,1.4238552673974512,4.592993318264423,2.2164260006444128,1.5245324999855578,9,7,0.563,381,378,3,0.333,0.5,0.19879222367261745,-0.2559262446689548,,0
99,tennessee-titans,2015,54,76,90472606.0,38190065.0,0.4153846153846154,0.5846153846153846,0.7031768056486252,0.2968231943513748,1.692833050635579,0.5077238850747202,-0.1692307692307692,0.7105251004175913,1.0,-0.3417485968424,0.4063536112972503,2.3690009744159126,1.0,0.8624697586125019,1.185109165560859,3.3341541854629604,2.200556935710299,1.204219620374413,3,13,0.188,299,423,-124,0.167,0.083,-0.24720704967531612,0.09062187470218194,,0
100,tennessee-titans,2014,54,77,90812712.0,36788838.0,0.4122137404580153,0.5877862595419847,0.7116897247721521,0.2883102752278479,1.7265065545398506,0.4905018968162088,-0.1755725190839694,0.7012975081821614,1.0,-0.3548206506636802,0.4233794495443042,2.468476906460612,1.0,0.9036027284862918,1.2360046577236417,3.519870251014586,2.2170084513560595,1.258424707627541,2,14,0.125,254,438,-184,0.167,0.167,-0.2163061868639291,0.023118215307186316,,0
101,tennessee-titans,2013,54,55,110121914.0,17336659.0,0.4954128440366973,0.5045871559633027,0.8639820092760649,0.136017990723935,1.7439636853905751,0.2695629270710713,-0.0091743119266054,0.981816236036914,1.0,-0.0183491019679332,0.7279640185521299,6.351921924120198,1.0,1.8487585897573413,1.474400758319504,6.469573671594324,2.0135266124616464,1.8671107866405103,7,9,0.438,362,381,-19,0.333,0.5,1.1441019048982166,-0.37688622297678903,,0
102,tampa-bay-buccaneers,2022,53,89,158812989.0,44147784.0,0.3732394366197183,0.6267605633802817,0.782481198965477,0.217518801034523,2.0964590613792025,0.3470524690663177,-0.2535211267605634,0.5955046678464849,1.0,-0.5183433724426695,0.5649623979309539,3.5972872135961893,1.0,1.2801812876055343,1.7494065923128848,6.040737950320256,2.4435115304455204,1.79852665868369,8,9,0.471,313,358,-45,0.667,0.667,-0.03210023945664037,-0.6109851731544989,,0
103,tampa-bay-buccaneers,2021,57,84,149094323.0,32024876.0,0.4042553191489361,0.5957446808510638,0.8231834273957892,0.1768165726042107,2.0362958467159,0.2967992468713538,-0.1914893617021276,0.6785702895427282,1.0,-0.3877647358976324,0.6463668547915784,4.655552133601599,1.0,1.5380617293610344,1.7394965998445462,6.860829356380286,2.3330950935872536,1.925828822949473,13,4,0.765,511,353,158,0.667,0.667,0.3821620622409837,-0.6672175728984318,,0
104,tampa-bay-buccaneers,2020,54,81,185308315.0,14533308.0,0.4,0.6,0.9272758708529903,0.0727241291470095,2.318189677132476,0.1212068819116826,-0.1999999999999999,0.6666655555574075,1.0,-0.4054642747765672,0.8545517417059809,12.750419032994175,1.0,2.5455652148243937,2.196982795220793,19.125733744127388,2.439396559044159,2.9510351760536557,11,5,0.688,492,355,137,0.667,0.667,0.959226394096824,-1.293402915457096,,0
105,tampa-bay-buccaneers,2019,53,65,150155466.0,34784512.0,0.4491525423728814,0.5508474576271186,0.8119145877696601,0.1880854122303399,1.807658893524904,0.3414473637412325,-0.1016949152542372,0.8153831351506162,1.0,-0.204094945313867,0.6238291755393202,4.316710485047421,1.0,1.4624948820580428,1.466211529783671,5.294091539108509,2.149106257266136,1.6665919479617248,7,9,0.438,458,449,9,0.333,0.417,0.5761655067396361,-0.34295272650710307,,0
106,tampa-bay-buccaneers,2018,53,71,157768609.0,32132277.0,0.4274193548387097,0.5725806451612904,0.830794486129991,0.169205513870009,1.9437455901909224,0.2955138552095932,-0.1451612903225806,0.746477569532132,1.0,-0.2923873703466373,0.6615889722599819,4.909943873486096,1.0,1.5912637143455872,1.648231734981329,6.577488596342561,2.2392594454005152,1.883653514663943,5,11,0.313,396,464,-68,0.333,0.333,0.5598481250533108,-0.5775110371268293,,0
107,pittsburgh-steelers,2024,51,97,182613866.0,65198625.0,0.3445945945945945,0.6554054054054054,0.7369033952368447,0.2630966047631554,2.1384647548049607,0.4014257474736803,-0.3108108108108108,0.5257723936668632,1.0,-0.6428839695945154,0.4738067904736893,2.8008745875897154,1.0,1.0299330781488782,1.7370390073312802,5.327160604675875,2.539890502278641,1.672818844284348,10,7,0.588,380,347,33,0.5,0.583,-0.4608570063355079,-0.5128883503243906,,0
108,detroit-lions,2023,52,106,173331167.0,50077585.0,0.3291139240506329,0.6708860759493671,0.7758477026898212,0.2241522973101788,2.3573834043267645,0.3341138016510212,-0.3417721518987342,0.4905653065158638,1.0,-0.7121938276386445,0.5516954053796423,3.4612370730206963,1.0,1.241627349636066,2.023269602675743,7.055609008274415,2.691497205977786,1.953823328708675,12,5,0.706,461,395,66,0.667,0.667,-0.3251200174609009,-0.827325492316058,,0
109,pittsburgh-steelers,2023,54,96,194442075.0,31858465.0,0.36,0.64,0.8592205524564811,0.1407794475435189,2.3867237568235584,0.2199678867867483,-0.28,0.5624991210951232,1.0,-0.5753629296284215,0.7184411049129622,6.103266237954483,1.0,1.8088252405675351,2.16675587003681,10.850278835740069,2.606691643610307,2.3841911977871044,10,7,0.588,304,324,-20,0.833,0.583,0.33501718130145075,-1.1309312032682821,,0
110,pittsburgh-steelers,2020,54,80,146851577.0,47818376.0,0.4029850746268656,0.5970149253731343,0.7543618043612513,0.2456381956387486,1.8719348478594016,0.4114439776949039,-0.1940298507462686,0.6749988693768938,1.0,-0.3930417816298018,0.5087236087225027,3.0710156105162465,1.0,1.122009650271684,1.460490870164498,4.549660220296784,2.2833788255543057,1.5150530875230377,12,4,0.75,416,312,104,0.667,0.75,-0.02293891812469345,-0.27677958080225434,,0
111,new-york-giants,2013,55,64,94626902.0,34629353.0,0.4621848739495798,0.5378151260504201,0.7320876038068719,0.2679123961931281,1.5839713609639592,0.4981496116715976,-0.0756302521008402,0.8593734021025805,1.0,-0.1515495938664494,0.4641752076137437,2.73255318401152,1.0,1.0052377703341404,1.0858217492923616,3.179703735881753,2.0821209726355567,1.1567886589592618,7,9,0.438,294,383,-89,0.5,0.5,0.19000710441749466,0.19364358104755489,,0
112,new-orleans-saints,2020,53,84,161365733.0,32716535.0,0.3868613138686131,0.6131386861313869,0.8314295513075929,0.1685704486924071,2.1491669533800044,0.2749303746530925,-0.2262773722627737,0.6309513519007713,1.0,-0.4605239313399233,0.6628591026151858,4.932208613955174,1.0,1.595788085199,1.874236578726912,7.817103290200387,2.424097328033097,2.056314527982005,12,4,0.75,482,337,145,1.0,0.833,0.329429016048828,-0.8152711397981164,,0
113,new-orleans-saints,2019,52,76,153202407.0,34685950.0,0.40625,0.59375,0.8153906364724878,0.1846093635275122,2.0071154128553546,0.3109210333094943,-0.1875,0.6842093739631596,1.0,-0.3794888443785798,0.6307812729449755,4.416819407600436,1.0,1.4854210724243635,1.6961943795458605,6.455365647430511,2.318036446164849,1.864912166534415,13,3,0.813,458,341,117,0.833,0.75,0.3486346750298694,-0.610664711920367,,0
114,new-orleans-saints,2018,51,88,138920060.0,37099464.0,0.3669064748201439,0.6330935251798561,0.7892309719005944,0.2107690280994056,2.151041276356522,0.3329192602933793,-0.2661870503597122,0.5795445391285121,1.0,-0.5455100358116058,0.5784619438011889,3.744512343701776,1.0,1.3202926602459104,1.8181220160631424,6.461130585627201,2.483960536649901,1.86580478062748,13,3,0.813,504,353,151,0.667,0.75,-0.029640538290619352,-0.6865490231398277,,0
115,new-orleans-saints,2014,54,83,101345281.0,30426953.0,0.3941605839416058,0.6058394160583942,0.7690943526084562,0.2309056473915438,1.951220857543676,0.3811334179836326,-0.2116788321167883,0.6506013357544217,1.0,-0.4298556747995523,0.5381887052169123,3.3307588209200323,1.0,1.2032014524128816,1.5700874395600437,5.119508408257869,2.332354275527309,1.6330589329291565,7,9,0.438,401,424,-23,0.5,0.5,0.011278559082185531,-0.4128620148375764,,0
116,new-orleans-saints,2013,55,45,97150545.0,26643622.0,0.55,0.45,0.7847748189945007,0.2152251810054992,1.4268633072627288,0.4782781800122205,0.1,1.2222195061788752,1.0,0.2006702914225636,0.5695496379890015,3.646279534061189,1.0,1.2937086162624265,0.9485851272505084,2.983327242524484,1.9051414872749493,1.0930399028424012,11,5,0.688,414,304,110,0.833,0.75,1.0013684938665166,0.3959706120478066,,0
117,new-york-giants,2016,53,71,127295586.0,27605643.0,0.4274193548387097,0.5725806451612904,0.8217855133996387,0.1782144866003613,1.922667993614249,0.3112478357527437,-0.1451612903225806,0.746477569532132,1.0,-0.2923873703466373,0.6435710267992774,4.611190245449593,1.0,1.5284872282787316,1.6114201578615053,6.177269672236198,2.2339158293669925,1.8208768933483892,11,5,0.688,310,284,26,0.667,0.667,0.5077788146183869,-0.5254417266919054,,0
118,new-england-patriots,2022,53,87,161125235.0,46879319.0,0.3785714285714285,0.6214285714285714,0.7746235930969089,0.2253764069030911,2.046175528935231,0.3626746777750892,-0.2428571428571428,0.6091944219859875,1.0,-0.4956151727906244,0.5492471861938177,3.437006414001317,1.0,1.2346021549774333,1.6835008511601417,5.641887929976248,2.40885020671032,1.7302192375712453,8,9,0.471,364,347,17,0.5,0.5,-0.04674021761196098,-0.5347956790732543,,0
119,new-england-patriots,2019,53,86,156633955.0,38354592.0,0.381294964028777,0.6187050359712231,0.8032982316648577,0.1967017683351422,2.106763286819155,0.3179249511463346,-0.237410071942446,0.6162780736900901,1.0,-0.4840543763410794,0.6065964633297154,4.083817622211589,1.0,1.4070334875148789,1.7888383356728204,6.626584835943312,2.4246882379654897,1.8910900384450269,12,4,0.75,420,225,195,0.833,0.667,0.13471055141222082,-0.6848074867252003,,0
120,new-england-patriots,2018,52,79,155807993.0,20024672.0,0.3969465648854962,0.6030534351145038,0.8861151766083964,0.1138848233916036,2.232328617994229,0.1888469856240515,-0.2061068702290076,0.6582267566113276,1.0,-0.4182032728844715,0.7722303532167929,7.780732932504105,1.0,2.0516516695366445,2.043481632370177,11.82077007926486,2.4211756036182805,2.4698586083483907,11,5,0.688,436,325,111,0.833,0.667,0.7037056721123852,-1.0731293309235401,,0
121,new-england-patriots,2017,52,81,129468455.0,34244972.0,0.3909774436090225,0.6090225563909775,0.7908236811877379,0.2091763188122621,2.0226836461147912,0.3434623506423563,-0.2180451127819549,0.6419742545361005,1.0,-0.4432045203759354,0.5816473623754759,3.7806378133066474,1.0,1.3298939935801468,1.679221295472435,5.889081447356473,2.3661459967571474,1.773100528681581,13,3,0.813,458,296,162,0.833,0.833,0.11849573229870536,-0.5568235695852701,,0
122,new-england-patriots,2016,53,79,117616342.0,30058546.0,0.4015151515151515,0.5984848484848485,0.7964545874583633,0.2035454125416367,1.983622746122716,0.3401011956391905,-0.196969696969697,0.6708849549770372,1.0,-0.3991551192366436,0.5929091749167266,3.912889338177077,1.0,1.3642773178340877,1.6435215504835257,5.832431461945376,2.3237239417619064,1.7634344779128783,14,2,0.875,441,250,191,0.833,0.917,0.21186146187557187,-0.5285479263946871,,0
123,new-england-patriots,2014,54,92,109964588.0,24357248.0,0.3698630136986301,0.6301369863013698,0.8186650158653281,0.1813349841346719,2.213427635487739,0.2877707356919792,-0.2602739726027397,0.5869555902661284,1.0,-0.5328034137399799,0.6373300317306563,4.514630782036809,1.0,1.5073246291751123,1.92565689979576,7.691608872446439,2.5011983711797185,2.040130429605669,12,4,0.75,468,313,155,0.667,0.75,0.15754420902869737,-0.8396051486541856,,0
124,new-england-patriots,2012,63,65,101700267.0,26341383.0,0.4921875,0.5078125,0.7942748863358133,0.2057251136641866,1.6137648484283194,0.4051202238310136,-0.015625,0.9692288605954744,1.0,-0.0312524809889671,0.5885497726716267,3.860836488810234,1.0,1.350885125954014,1.2086446245973057,3.9834122566273193,2.018885072259333,1.382139422561148,12,4,0.75,557,331,226,1.0,0.917,0.7225987013690852,0.007385423199820661,,0
125,new-england-patriots,2021,59,90,147576468.0,52996691.0,0.3959731543624161,0.6040268456375839,0.7357737632282094,0.2642262367717906,1.8581405206949697,0.4374412142110755,-0.2080536912751678,0.6555544702487103,1.0,-0.4222713565581911,0.4715475264564188,2.784624977415508,1.0,1.0241145654049784,1.4206993064838942,4.247739382094422,2.295581734906045,1.4463874694988217,10,7,0.588,462,303,159,0.5,0.667,-0.17084336220823673,-0.20981680015269613,,0
126,new-york-giants,2020,53,117,149574151.0,43045053.0,0.3117647058823529,0.6882352941176471,0.7765277183888685,0.2234722816111315,2.4907492853982576,0.3247033151614732,-0.3764705882352941,0.4529907947996998,1.0,-0.7918802666940061,0.5530554367777369,3.474812347992962,1.0,1.2455417647643146,2.166045970236784,7.670822865903785,2.815452600559731,2.037424294800406,6,10,0.375,280,357,-77,0.667,0.417,-0.4213245272777968,-0.9313905983616498,,0
127,new-york-jets,2012,65,52,103682583.0,30303302.0,0.5555555555555556,0.4444444444444444,0.7738321316458073,0.2261678683541926,1.3928978369624532,0.5088777037969336,0.1111111111111111,1.2499971875063285,1.0,0.2231431013151212,0.5476642632916147,3.421479433827048,1.0,1.230074332796933,0.8840201331655195,2.737190270627408,1.9017755407593868,1.0069326635191298,6,10,0.375,281,375,-94,0.333,0.333,0.970187964904302,0.49128134942759855,,0
128,new-york-jets,2014,53,66,93006628.0,25338466.0,0.4453781512605042,0.5546218487394958,0.7858933974905626,0.2141066025094373,1.7645531000259804,0.3860406924033794,-0.1092436974789916,0.8030288551449429,1.0,-0.2193623862224831,0.5717867949811253,3.6705534426593855,1.0,1.3003437249479728,1.378512407622601,4.5708873801697525,2.15059379242936,1.5197079278639902,4,12,0.25,283,401,-118,0.167,0.333,0.40398567389449846,-0.2143423416254819,,0
129,pittsburgh-steelers,2018,53,42,130326198.0,31358918.0,0.5578947368421052,0.4421052631578947,0.8060494448975749,0.1939505551024251,1.4448056087786718,0.4386976841602473,0.1157894736842105,1.2619019076028282,1.0,0.2326218258177734,0.6120988897951498,4.155931848403602,1.0,1.4245379153574942,1.0061079246184246,3.293389428656037,1.883503292938919,1.1919179480737243,9,6,0.594,428,360,68,0.75,0.542,1.1698960059002508,0.31857550144957636,,0
130,pittsburgh-steelers,2017,53,48,145814413.0,17565770.0,0.5247524752475248,0.4752475247524752,0.8924853083314273,0.1075146916685728,1.7007738894617763,0.2262288303859553,0.0495049504950495,1.104164343320861,1.0,0.0990907041383398,0.7849706166628545,8.30097722928293,1.0,2.1163743668057418,1.4745450590758211,7.517902862589792,1.9270027198477315,2.0172878123808293,13,3,0.813,406,308,98,1.0,0.833,1.478182999188466,-0.37228711766689654,,0
131,pittsburgh-steelers,2016,53,74,120047251.0,31372722.0,0.4173228346456692,0.5826771653543307,0.7928098824849216,0.2071901175150784,1.8997519825582083,0.355583039519121,-0.1653543307086614,0.7162149870364412,1.0,-0.3337724996432474,0.5856197649698431,3.826466558959626,1.0,1.341943069236836,1.5441689430390872,5.342624447169688,2.2553350220773294,1.6757175281323156,11,5,0.688,399,327,72,0.833,0.75,0.28203360079278583,-0.41624506283525803,,0
132,pittsburgh-steelers,2014,53,63,113996593.0,17951054.0,0.4568965517241379,0.5431034482758621,0.8639532086540354,0.1360467913459646,1.890916456676757,0.2504988539068556,-0.0862068965517241,0.8412682922679062,1.0,-0.1728424654307069,0.7279064173080707,6.350365559827672,1.0,1.84851353719382,1.6404176027699011,7.548573091702736,2.1414153105836125,2.021359079766722,11,5,0.688,436,368,68,0.667,0.75,0.9216302386482476,-0.5990249703526395,,0
133,pittsburgh-steelers,2013,54,65,96309954.0,29149390.0,0.453781512605042,0.5462184873949579,0.7676586767423238,0.2323413232576762,1.691692269117343,0.425363345656361,-0.0924369747899159,0.8307677098252697,1.0,-0.1854028503976421,0.5353173534846476,3.3039984535704328,1.0,1.1951346902723612,1.266328923460982,3.977042943049134,2.117055614773704,1.3805391551410615,8,8,0.5,379,370,9,0.667,0.5,0.3470959915670405,-0.06044898270000712,,0
134,pittsburgh-steelers,2012,56,59,93010135.0,32048994.0,0.4869565217391304,0.5130434782608696,0.7437292722548867,0.2562707277451133,1.5273011840948567,0.4995107405201359,-0.0260869565217391,0.9491506923333962,1.0,-0.052185648751893,0.4874585445097734,2.9021120620632668,1.0,1.0654401137502525,1.0277904435747207,3.05758816099997,2.0268119246149925,1.1176270772547523,8,8,0.5,336,314,22,0.5,0.417,0.40026763454731784,0.2693330193240587,,0
135,philadelphia-eagles,2018,53,89,136119127.0,35437547.0,0.3732394366197183,0.6267605633802817,0.7934353343781892,0.2065646656218107,2.125807877013262,0.3295750844752487,-0.2535211267605634,0.5955046678464849,1.0,-0.5183433724426695,0.5868706687563785,3.841080423456454,1.0,1.3457549476417363,1.7962327925380133,6.4501278373944375,2.4553829614885108,1.8641004207716336,9,7,0.563,367,348,19,0.667,0.5,0.03121156028153083,-0.67429697289267,,0
136,philadelphia-eagles,2017,53,82,130626348.0,41940588.0,0.3925925925925926,0.6074074074074074,0.756960464315134,0.243039535684866,1.9281068430668509,0.4001260648470356,-0.2148148148148148,0.6463403993176353,1.0,-0.4364264328856723,0.513920928630268,3.1145440911002287,1.0,1.1360841034025917,1.5279807782198152,4.818736377665295,2.328232907913886,1.5725122500251816,13,3,0.813,457,295,162,0.833,0.833,-0.06790188320143722,-0.35178158271560517,,0
137,philadelphia-eagles,2016,52,90,119020957.0,32936937.0,0.3661971830985915,0.6338028169014085,0.783249582282313,0.2167504177176869,2.138873859309393,0.3419839923990173,-0.2676056338028169,0.5777768661742778,1.0,-0.5485647987598687,0.566499164564626,3.61358458703359,1.0,1.284701516814264,1.796889866910376,6.254291582520156,2.4808578517084103,1.8332683488487296,7,9,0.438,367,331,36,0.333,0.417,-0.06830510828665692,-0.6560721178115531,,0
138,philadelphia-eagles,2015,53,86,123889910.0,26435286.0,0.381294964028777,0.6187050359712231,0.8241460067678874,0.1758539932321126,2.161439527183705,0.284229128596089,-0.237410071942446,0.6162780736900901,1.0,-0.4840543763410794,0.6482920135357748,4.686508990279791,1.0,1.544689166914659,1.877210398587616,7.604540510394879,2.445668655779794,2.028745967131494,7,9,0.438,377,430,-53,0.5,0.333,0.25520478601677865,-0.8053017213297582,,0
139,philadelphia-eagles,2014,53,67,116673474.0,18108328.0,0.4416666666666666,0.5583333333333333,0.8656470849083914,0.1343529150916085,1.959955663943528,0.2406320867312392,-0.1166666666666667,0.7910433593253265,1.0,-0.2344002327336364,0.7312941698167827,6.44303580076661,1.0,1.8630009818823856,1.7193235772122883,8.144996561227604,2.200587750674767,2.097404330075134,10,6,0.625,474,400,74,0.667,0.5,0.8435177503168109,-0.6967177085452523,,0
140,philadelphia-eagles,2013,53,58,108049086.0,18948698.0,0.4774774774774775,0.5225225225225225,0.8507950500931575,0.1492049499068424,1.7818537841573678,0.2855474041320606,-0.045045045045045,0.9137913546406832,1.0,-0.0901509164481402,0.701590100186315,5.702152297709012,1.0,1.7408448750288523,1.4963063800253074,6.240111162846126,2.0674011882894283,1.830998557994452,10,6,0.625,442,382,60,0.667,0.75,0.9643671246601052,-0.40418722592659273,,0
141,philadelphia-eagles,2012,59,44,89390050.0,28555216.0,0.5728155339805825,0.4271844660194174,0.7578943439747722,0.2421056560252278,1.3231036852440938,0.5667473311499651,0.145631067961165,1.340905951970158,1.0,0.2933472148422953,0.5157886879495444,3.1304151501551387,1.0,1.1411669510332785,0.7563563540941287,2.334552415107143,1.889851016394059,0.847820943366335,4,12,0.25,280,444,-164,0.167,0.167,0.9776918080494514,0.6830169887448251,,0
142,new-york-jets,2022,54,93,153295451.0,49175094.0,0.3673469387755102,0.6326530612244898,0.7571247017683486,0.2428752982316514,2.0610616881471717,0.3838996649468039,-0.2653061224489796,0.5806442434978086,1.0,-0.5436143050143767,0.5142494035366971,3.1173264220546355,1.0,1.1369770392363736,1.6771620232003674,5.3687369581211,2.444961353093975,1.6805931627134467,7,10,0.412,296,316,-20,0.333,0.417,-0.21266345092841651,-0.4984416423555769,,0
143,new-york-jets,2015,53,81,135479685.0,17530647.0,0.3955223880597014,0.6044776119402985,0.8854283447996179,0.1145716552003821,2.2386301547763923,0.1895382937882865,-0.208955223880597,0.6543199051991692,1.0,-0.4241563671412456,0.7708566895992357,7.72809483424335,1.0,2.0448634977429743,2.049091860988106,11.810902689533703,2.4281684485646786,2.469023508328126,10,6,0.625,387,314,73,0.5,0.583,0.6915160307150177,-1.0773795857252788,,0
144,pittsburgh-steelers,2022,53,91,158603136.0,52055456.0,0.3680555555555556,0.6319444444444444,0.7528918450190724,0.2471081549809276,2.04559293741031,0.3910282892005887,-0.2638888888888888,0.5824166607912181,1.0,-0.5405664584036176,0.5057836900381447,3.0467986711264587,1.0,1.114092751573694,1.6545646482097212,5.23130362329705,2.436621226610898,1.6546609946293294,9,8,0.529,308,346,-38,0.5,0.417,-0.23303822714841343,-0.4698869926129299,,0
145,detroit-lions,2022,53,107,157043784.0,57380091.0,0.33125,0.66875,0.7323987778879567,0.2676012221120432,2.211015178529681,0.4001513601675413,-0.3374999999999999,0.4953263621288042,1.0,-0.7025353973724016,0.4647975557759135,2.736893483572444,1.0,1.0068248774580153,1.81086381836214,5.525433306463425,2.6111665386972223,1.709362123118663,9,8,0.529,453,427,26,0.833,0.583,-0.5639136655356692,-0.563874184992126,,0
146,washington-commanders,2024,53,102,186228005.0,54404451.0,0.3419354838709677,0.6580645161290323,0.7739105858604544,0.2260894141395456,2.2633234114786878,0.3435672469767606,-0.3161290322580645,0.519607053538301,1.0,-0.6546794948148126,0.5478211717209087,3.423013703636226,1.0,1.230522655077558,1.9197561645019268,6.587696713520157,2.606890658455448,1.885204216884624,12,5,0.706,485,391,94,0.667,0.75,-0.2623135666964878,-0.742127068447499,,0
147,dallas-cowboys,2016,51,75,139363235.0,13373688.0,0.4047619047619047,0.5952380952380952,0.9124397183253457,0.0875602816746544,2.254262833509677,0.1471012732134194,-0.1904761904761904,0.6799988576019192,1.0,-0.3856616902253902,0.8248794366506913,10.420584313916702,1.0,2.343784206906844,2.107161560296258,15.32445953597971,2.401364106723097,2.729450657984036,13,3,0.813,421,306,115,0.5,0.75,0.90096201011858,-1.1801697814066436,,0
148,baltimore-ravens,2016,53,81,115846569.0,35112874.0,0.3955223880597014,0.6044776119402985,0.7674019372209793,0.2325980627790207,1.9402237658039851,0.3847918569430713,-0.208955223880597,0.6543199051991692,1.0,-0.4241563671412456,0.5348038744419585,3.2992477615872624,1.0,1.1936957945507285,1.555431908860914,5.042255153117447,2.3250156227470566,1.617853948426626,8,8,0.5,343,321,22,0.667,0.583,0.00935682792090803,-0.39522038293116923,,0
149,cleveland-browns,2018,53,79,142452164.0,39496000.0,0.4015151515151515,0.5984848484848485,0.7829271857890251,0.2170728142109749,1.9499318589462509,0.3627039427322619,-0.196969696969697,0.6708849549770372,1.0,-0.3991551192366436,0.5658543715780502,3.606732523841383,1.0,1.282803521685802,1.587227916213989,5.376082951220307,2.3126358016785127,1.681960545854602,7,8,0.469,359,392,-33,0.583,0.458,0.13367691209603944,-0.4503633766151546,,0
150,cleveland-browns,2019,53,84,156151812.0,56602047.0,0.3868613138686131,0.6131386861313869,0.7339552510772555,0.2660447489227445,1.897205082973283,0.4339063166954286,-0.2262773722627737,0.6309513519007713,1.0,-0.4605239313399233,0.4679105021545109,2.7587557931263333,1.0,1.0147811409764236,1.4632987662778545,4.372374030062699,2.3311113996687114,1.4753066449954726,6,10,0.375,335,393,-58,0.5,0.5,-0.23394482801007677,-0.2518972957392116,,0
151,buffalo-bills,2021,55,99,165564312.0,23773167.0,0.3571428571428571,0.6428571428571429,0.8744402475116931,0.1255597524883068,2.4484326930327405,0.1953151705373662,-0.2857142857142857,0.555554691359369,1.0,-0.5877854204603848,0.7488804950233863,6.96428008101598,1.0,1.9407953830965208,2.253117522495374,12.535739802272682,2.643747863570107,2.5285841572219803,11,6,0.647,483,289,194,0.833,0.583,0.4064920824584559,-1.2353873544686131,,0
152,chicago-bears,2023,52,91,171087200.0,56424844.0,0.3636363636363636,0.6363636363636364,0.7519918374079572,0.2480081625920428,2.0679775528718825,0.3897271126446387,-0.2727272727272727,0.5714276734707988,1.0,-0.5596146093665407,0.5039836748159143,3.032113126582059,1.0,1.1092611077628638,1.6782504402272438,5.306205751591501,2.457704665516521,1.6688775156841924,7,10,0.412,360,379,-19,0.333,0.5,-0.26374634909137523,-0.49019153645667835,,0
153,buffalo-bills,2022,53,95,163264230.0,43427230.0,0.3581081081081081,0.6418918918918919,0.7898934479440999,0.2101065520559001,2.205740194258996,0.3273238916239286,-0.2837837837837837,0.5578938677021851,1.0,-0.5835837434930111,0.5797868958881998,3.759471947652529,1.0,1.3242797740778804,1.8784163026350675,6.73868761802944,2.5330640858829248,1.9078656439012545,13,3,0.813,455,286,169,0.667,0.818,-0.07659331260483587,-0.7411596452014946,,0
154,baltimore-ravens,2014,52,93,96142927.0,28727693.0,0.3586206896551724,0.6413793103448275,0.7699403350443843,0.2300596649556156,2.1469490111814564,0.3586951765437018,-0.2827586206896551,0.5591389131705118,1.0,-0.5813545452527475,0.5398806700887686,3.346683950482907,1.0,1.2079712888701577,1.7882538346377546,5.985424856960756,2.5056441877251583,1.7893277892284811,10,6,0.625,409,302,107,0.5,0.5,-0.18895817657271702,-0.6228778281736507,,0
155,dallas-cowboys,2012,58,53,96795939.0,34781860.0,0.5225225225225225,0.4774774774774775,0.7356555569074384,0.2643444430925615,1.4078925313228563,0.5536270411938553,0.045045045045045,1.094337330727477,1.0,0.0901509164481402,0.4713111138148769,2.78293262142539,1.0,1.0235066308109435,0.854265490129001,2.5430296635388028,1.961519572516712,0.9333568614344668,8,8,0.5,376,400,-24,0.5,0.417,0.5588808007115155,0.5212737608672207,,0
156,buffalo-bills,2023,53,88,182016009.0,46621467.0,0.375886524822695,0.624113475177305,0.7960900031979009,0.203909996802099,2.117899819828378,0.3267194266942723,-0.2482269503546099,0.6022717622691082,1.0,-0.5070438428237088,0.5921800063958018,3.904105299286664,1.0,1.3620298964790376,1.7911803931341057,6.482299993474839,2.4446192465226506,1.8690758568192427,11,6,0.647,451,311,140,0.667,0.583,0.06183304271294593,-0.6743619580558957,,0
157,baltimore-ravens,2013,53,57,103969958.0,20136890.0,0.4818181818181818,0.5181818181818182,0.8377455368135689,0.1622544631864311,1.7387171518772184,0.3131226482545161,-0.0363636363636363,0.9298227670086952,1.0,-0.0727592086355834,0.6754910736271378,5.163126839377984,1.0,1.641543566266594,1.4255945036227022,5.552813278618733,2.0518398001317344,1.7143052715143616,8,8,0.5,320,352,-32,0.5,0.5,0.9139979590675785,-0.3037114110053445,,0
158,baltimore-ravens,2012,56,47,101262723.0,28588475.0,0.5436893203883495,0.4563106796116505,0.7798366480993113,0.2201633519006886,1.434342406325519,0.4824856435270411,0.0873786407766989,1.1914867505715891,1.0,0.1752037368221531,0.5596732961986226,3.542065921966689,1.0,1.2647114330159714,0.951856762798478,2.9728126686373875,1.91682804985256,1.0895092283285397,10,6,0.625,398,344,54,0.667,0.667,0.9364037970265281,0.3880883731124877,,0
159,chicago-bears,2020,53,97,163818846.0,40894308.0,0.3533333333333333,0.6466666666666666,0.8002360512700615,0.1997639487299384,2.264819013028476,0.3089133227782554,-0.2933333333333333,0.5463909076429263,1.0,-0.6044177811571437,0.600472102540123,4.005888201898211,1.0,1.387766578820747,1.9559056902502203,7.331544205071405,2.573732335806731,1.9921866044247576,8,8,0.5,372,370,2,0.333,0.5,-0.04437465223189685,-0.8284956198360282,,0
160,atlanta-falcons,2024,53,94,219836480.0,33296945.0,0.3605442176870748,0.6394557823129252,0.8684608917214311,0.1315391082785689,2.4087500204349124,0.2057047757122301,-0.2789115646258503,0.5638289055016051,1.0,-0.5730016589653875,0.7369217834428623,6.602251610453666,1.0,1.8874118954135983,2.2030452447226825,11.709685895278932,2.6144547961471423,2.4604167687716885,8,9,0.471,389,423,-34,0.667,0.583,0.39156479620049606,-1.1811966753019323,,0
161,atlanta-falcons,2023,54,99,163895473.0,58743957.0,0.3529411764705882,0.6470588235294118,0.7361475593069925,0.2638524406930075,2.085751418036479,0.4077719537982843,-0.2941176470588235,0.5454537024806416,1.0,-0.6061345156943475,0.472295118613985,2.789986582602489,1.0,1.0260381451410416,1.6779794642381949,5.114982243447787,2.493523371834763,1.63217440737426,7,10,0.412,321,373,-52,0.5,0.333,-0.4170514007311567,-0.4603457095780086,,0
162,chicago-bears,2019,53,73,140944391.0,41917585.0,0.4206349206349206,0.5793650793650794,0.7707692658860911,0.2292307341139089,1.8323948585216503,0.3956585273746922,-0.1587301587301587,0.726026144119258,1.0,-0.3201668762665124,0.5415385317721821,3.362402107480823,1.0,1.2126569288915987,1.4367363311469583,4.631241589656858,2.2280533858963425,1.532825539795847,8,8,0.5,280,298,-18,0.667,0.583,0.1737615090662609,-0.26974011344696,,0
163,atlanta-falcons,2021,55,92,141096481.0,44403310.0,0.3741496598639456,0.6258503401360545,0.7606287869079055,0.2393712130920945,2.03295330319022,0.3824735687449771,-0.2517006802721088,0.5978251317359308,1.0,-0.5144543169176788,0.521257573815811,3.177598506871247,1.0,1.156127039677516,1.6504797344452429,5.315263992220445,2.415426871935197,1.670583171735008,7,10,0.412,313,459,-146,0.333,0.333,-0.15314743850545517,-0.4794308689610964,,0
164,atlanta-falcons,2020,54,83,166160239.0,33175751.0,0.3941605839416058,0.6058394160583942,0.833568684711677,0.166431315288323,2.114794626027773,0.2747119300542199,-0.2116788321167883,0.6506013357544217,1.0,-0.4298556747995523,0.667137369423354,5.008454537615632,1.0,1.61112859164306,1.8400826959735528,7.698198354225182,2.389506556081993,2.040986794370342,4,12,0.25,396,414,-18,0.167,0.167,0.38392193517504547,-0.7855053909304364,,0
165,atlanta-falcons,2019,52,89,132338075.0,51908844.0,0.3687943262411347,0.6312056737588653,0.7182647922595655,0.2817352077404345,1.9476026097807453,0.4463445426000141,-0.2624113475177305,0.5842687372821128,1.0,-0.5373915238843353,0.436529584519131,2.549423086298187,1.0,0.9358684851499198,1.5012580671807312,4.363441378703451,2.3939471523807594,1.4732615665156672,7,9,0.438,381,399,-18,0.667,0.5,-0.42890880676645154,-0.2654884597478746,,0
166,buffalo-bills,2019,53,63,152820449.0,21984538.0,0.4568965517241379,0.5431034482758621,0.8742339198823887,0.1257660801176112,1.9134176359690016,0.2315692903752843,-0.0862068965517241,0.8412682922679062,1.0,-0.1728424654307069,0.7484678397647775,6.95121425308473,1.0,1.9389175008482409,1.6818483455937177,8.262794129886458,2.144986926344286,2.111763325339952,10,6,0.625,314,259,55,0.5,0.583,0.9810498373598099,-0.6584445690642018,,0
167,dallas-cowboys,2017,54,60,114468318.0,45339933.0,0.4736842105263157,0.5263157894736842,0.7162854063148466,0.2837145936851533,1.5121580799980094,0.5390577280017913,-0.0526315789473684,0.8999982900032489,1.0,-0.1053603045471386,0.4325708126296932,2.524659984356473,1.0,0.9261077900896656,0.973100351996218,2.80518244385607,2.051215807999801,1.0314692405387296,9,7,0.563,354,332,22,0.833,0.583,0.16504581577757757,0.35134674292686247,,0
168,atlanta-falcons,2018,53,57,141338061.0,32316805.0,0.4818181818181818,0.5181818181818182,0.813902105110029,0.186097894889971,1.689230784190626,0.3591362883841545,-0.0363636363636363,0.9298227670086952,1.0,-0.0727592086355834,0.6278042102200581,4.373492414295313,1.0,1.475563098054472,1.330094495806471,4.703579491260525,2.0483670725747807,1.5483244047210194,7,9,0.438,414,423,-9,0.667,0.583,0.77618967788334,-0.1659031298211061,,0
169,baltimore-ravens,2017,53,76,112215774.0,46655209.0,0.4108527131782946,0.5891472868217055,0.7063327228232735,0.2936672771767264,1.7191871932868357,0.4984615625762857,-0.1782945736434109,0.6973672373635049,1.0,-0.3604406901418878,0.412665445646547,2.4052060699706086,1.0,0.8776369996288985,1.2207256307105498,3.448979567093823,2.217648755863121,1.2380789913085213,9,7,0.563,395,303,92,0.5,0.583,-0.2551236073454304,0.046224702428798045,,0
170,atlanta-falcons,2017,53,51,147393869.0,18919918.0,0.5096153846153846,0.4903846153846153,0.8862396296706297,0.1137603703293702,1.7390362544480282,0.2319819316520491,0.0192307692307692,1.0392135670939024,1.0,0.0384662038764147,0.7724792593412595,7.790338909462184,1.0,2.052885493006264,1.5070543227959792,7.496397437792563,1.9710181861000773,2.014423138544585,10,6,0.625,353,315,38,0.667,0.75,1.3547177157882428,-0.4235558941401576,,0
171,baltimore-ravens,2018,53,62,150160923.0,20370707.0,0.4608695652173913,0.5391304347826087,0.8805458729269169,0.1194541270730831,1.9106184035206688,0.22156813892588,-0.0782608695652173,0.8548371240924311,1.0,-0.1568421565209925,0.7610917458538338,7.371352695378199,1.0,1.997602365775111,1.6890502645947885,8.623125101189359,2.1321865424465485,2.1544480831054247,10,6,0.625,389,287,102,0.5,0.667,1.0404622544910316,-0.6719947531891495,,0
172,carolina-panthers,2018,53,64,138090418.0,46331359.0,0.452991452991453,0.5470085470085471,0.7487750104479256,0.2512249895520744,1.6529561551397602,0.4592706840248861,-0.094017094017094,0.8281234860867519,1.0,-0.1885907903861461,0.4975500208958511,2.980483873435868,1.0,1.092086996486102,1.193685471114874,3.599081355623469,2.1122268391646464,1.2806792388814254,7,9,0.438,376,382,-6,0.333,0.417,0.23339374761740342,0.044133257466910464,,0
173,buffalo-bills,2016,53,104,112497692.0,39842882.0,0.3375796178343949,0.6624203821656051,0.7384617836611276,0.2615382163388724,2.187518868581076,0.3948221150500285,-0.3248407643312102,0.5096146152933211,1.0,-0.6740975329437328,0.4769235673222551,2.82352220060304,1.0,1.0379864670606238,1.7926967535310472,5.540503544996074,2.5823409836311044,1.7120858463660895,7,9,0.438,399,378,21,0.167,0.333,-0.4923384356343296,-0.5623838669272607,,0
174,cincinnati-bengals,2017,52,56,128091070.0,33600493.0,0.4814814814814814,0.5185185185185185,0.7921939006799013,0.2078060993200987,1.6453257937197947,0.4007689058316189,-0.037037037037037,0.9285696377585556,1.0,-0.0741078238023707,0.5843878013598025,3.812159946757323,1.0,1.3381972059787417,1.244556887888176,4.10541253167614,2.0460946995514138,1.4123068405644896,7,9,0.438,290,349,-59,0.5,0.5,0.6487790658505469,-0.04237919708634885,,0
175,buffalo-bills,2014,53,69,110273422.0,37411448.0,0.4344262295081967,0.5655737704918032,0.7466805638248522,0.2533194361751478,1.7187741280496598,0.4478981335270729,-0.1311475409836065,0.7681145839133444,1.0,-0.2638140572753734,0.4933611276497043,2.9475733387281524,1.0,1.0809835740517133,1.270875994522587,3.837413380362724,2.166672261576733,1.3447991225759617,9,7,0.563,343,289,54,0.667,0.417,0.11413519080706494,-0.05091468295677474,,0
176,buffalo-bills,2013,55,69,93306218.0,21845431.0,0.4435483870967742,0.5564516129032258,0.8102898986709257,0.1897101013290743,1.8268354079126323,0.3409282980406553,-0.1129032258064515,0.7971000168057669,1.0,-0.2267728619217099,0.6205797973418514,4.271178086017174,1.0,1.4518909216777025,1.485907109871977,5.358399581413462,2.167763705953288,1.678665892334517,6,10,0.375,339,388,-49,0.5,0.417,0.5344296558425792,-0.365908091865066,,0
177,cincinnati-bengals,2021,61,82,154339838.0,36946749.0,0.4265734265734265,0.5734265734265734,0.8068513345371152,0.1931486654628847,1.8914711612919255,0.3368324287950307,-0.1468531468531468,0.7439011417333747,1.0,-0.2958447827323131,0.6137026690742304,4.177337468348648,1.0,1.4296753136758793,1.5546387324968949,5.615449654324306,2.228303590086957,1.7255221945855734,10,7,0.588,460,376,84,0.667,0.667,0.4165810311197815,-0.4440088632659073,,0
178,cincinnati-bengals,2016,53,53,121320842.0,35075404.0,0.5,0.5,0.7757273278797242,0.2242726721202758,1.5514546557594482,0.4485453442405516,0.0,0.999998000004,1.0,0.0,0.5514546557594484,3.4588425852487448,1.0,1.2409353092857458,1.1029093115188966,3.4588502964755325,2.0,1.240936894151535,6,9,0.406,325,315,10,0.5,0.417,0.660490620201516,0.15967660995460825,,0
179,cincinnati-bengals,2022,54,71,175096752.0,35103316.0,0.432,0.568,0.8330004536440017,0.1669995463559983,1.9282417908425968,0.2940132858380252,-0.1359999999999999,0.7605620412640118,1.0,-0.2736952762267359,0.6660009072880033,4.988010349788188,1.0,1.6070383032319429,1.6342285050045713,6.558326869548374,2.222255076680622,1.8807360386584224,12,4,0.75,418,322,96,0.5,0.727,0.5990361880052902,-0.5638227088803158,,0
180,cincinnati-bengals,2023,53,69,170878346.0,44963649.0,0.4344262295081967,0.5655737704918032,0.7916825731711755,0.2083174268288244,1.8223636589978005,0.3683293633785012,-0.1311475409836065,0.7681145839133444,1.0,-0.2638140572753734,0.583365146342351,3.800348270783084,1.0,1.335093975870509,1.454034295619299,4.947633538224257,2.1906930223763017,1.598909937918963,9,8,0.529,366,384,-18,0.167,0.333,0.3742340572354717,-0.31101354938518155,,0
181,cincinnati-bengals,2024,52,92,185741962.0,73579864.0,0.3611111111111111,0.6388888888888888,0.716260427689569,0.2837395723104309,1.9834904151403447,0.4441141131815441,-0.2777777777777777,0.5652165066176418,1.0,-0.5705436544568444,0.432520855379138,2.5243496968277515,1.0,0.9259848798851718,1.5393763019588007,4.466162839924656,2.427604528321889,1.4965301190565223,9,8,0.529,472,434,38,0.5,0.5,-0.48483882309477955,-0.298249157188536,,0
182,cincinnati-bengals,2015,53,55,134100760.0,9812751.0,0.4907407407407407,0.5092592592592593,0.931814942656774,0.0681850573432261,1.898792713338332,0.1338906580557894,-0.0185185185185185,0.9636344714086742,1.0,-0.0370411975810121,0.8636298853135478,13.665769498393567,1.0,2.614895202596254,1.764902055282542,14.181560979304257,2.032683371394121,2.651943124862298,12,4,0.75,419,279,140,0.833,0.75,1.5091909787627336,-0.7959074293025723,,0
183,cincinnati-bengals,2014,55,67,115809145.0,15832957.0,0.4508196721311475,0.5491803278688525,0.8797272547349632,0.1202727452650368,1.9513950014121,0.2190041033184253,-0.0983606557377049,0.8208940276258003,1.0,-0.1973590368730018,0.7594545094699263,7.314374827161025,1.0,1.9898427030321544,1.7323908980936746,8.91027182400788,2.1703991047305253,2.1872052612161377,10,5,0.656,365,344,21,0.5,0.583,0.9777257167916581,-0.7252685283649098,,0
184,buffalo-bills,2020,52,91,200165512.0,18063182.0,0.3636363636363636,0.6363636363636364,0.917228199147817,0.082771800852183,2.522377547656496,0.1300699727677162,-0.2727272727272727,0.5714276734707988,1.0,-0.5596146093665407,0.8344563982956339,11.08127536708365,1.0,2.405257870268122,2.39230757488878,19.39231708646491,2.6524475204242126,2.9648773576104865,13,3,0.813,501,375,126,1.0,0.833,0.6912730157228973,-1.4452109012709509,,0
185,cincinnati-bengals,2013,52,57,92938874.0,34127371.0,0.4770642201834862,0.5229357798165137,0.7314206381088857,0.2685793618911143,1.533170183728241,0.5135991306338853,-0.0458715596330274,0.9122789572209417,1.0,-0.0918073653803469,0.4628412762177713,2.723284133504192,1.0,1.0018399212092712,1.0195710530943556,2.9851436794535124,2.0467693143621264,1.0936485317495426,11,5,0.688,430,305,125,0.5,0.667,0.2720316333714371,0.2833778556112014,,0
186,buffalo-bills,2011,50,39,70276772.0,38036157.0,0.5617977528089888,0.4382022471910112,0.6488308704125249,0.3511691295874752,1.1549189493342942,0.8013859623919305,0.1235955056179775,1.2820483563511869,1.0,0.2484608572482373,0.2976617408250496,1.847625454860629,1.0,0.6139028179692377,0.3535329869423637,1.4411501603259966,1.9563049117262248,0.3654423830887433,6,10,0.375,372,434,-62,0.167,0.333,0.28374429070980806,1.249781437574427,,0
187,baltimore-ravens,2024,54,100,219432580.0,32437030.0,0.3506493506493506,0.6493506493506493,0.8712149909629828,0.1287850090370172,2.4845760853388765,0.1983289139170065,-0.2987012987012987,0.5399991684012807,1.0,-0.6161848275748459,0.7424299819259657,6.76482637731687,1.0,1.91173774426906,2.28624717142187,12.527490363246852,2.682904999255883,2.5279258610866058,12,5,0.706,518,361,157,0.667,0.667,0.35037231998526186,-1.2542249784575228,,0
188,baltimore-ravens,2023,53,101,175622212.0,46939959.0,0.3441558441558441,0.6558441558441559,0.7890928238653818,0.2109071761346181,2.2928357523635623,0.3215812388587246,-0.3116883116883117,0.5247516751311091,1.0,-0.6448272223842948,0.5781856477307636,3.741404616584048,1.0,1.3194623741280005,1.9712545135048376,7.129858167853716,2.6144169912222868,1.964291778062764,13,4,0.765,483,280,203,0.5,0.667,-0.16174923655329954,-0.8170608083810652,,0
189,cleveland-browns,2013,52,59,80881583.0,29185175.0,0.4684684684684684,0.5315315315315315,0.7348411497683979,0.2651588502316022,1.56860322354408,0.4988581758594549,-0.063063063063063,0.8813542740622978,1.0,-0.1262934720653484,0.4696822995367957,2.771313791007785,1.0,1.0193228613779712,1.069745047684625,3.1443808181770465,2.067461399403535,1.145617630115896,4,12,0.25,308,406,-98,0.333,0.25,0.24218896043555918,0.21399600572890773,,0
190,baltimore-ravens,2022,53,107,160177579.0,44439941.0,0.33125,0.66875,0.7828145849876393,0.2171854150123606,2.363213841472119,0.3247632374016607,-0.3374999999999999,0.4953263621288042,1.0,-0.7025353973724016,0.5656291699752787,3.604344152662989,1.0,1.2821411044878006,2.038450604070458,7.276705897113149,2.68797707887378,1.984678696297808,10,7,0.588,350,315,35,0.5,0.5,-0.27252458164419613,-0.8552632688835992,,0
191,cleveland-browns,2014,55,80,97109089.0,38292125.0,0.4074074074074074,0.5925925925925926,0.7171951131841403,0.2828048868158597,1.7603880050883445,0.4772332465017633,-0.1851851851851851,0.6874988398457077,1.0,-0.3746926823975448,0.4343902263682806,2.535997822602327,1.0,0.9305885722990528,1.2831547585865812,3.688729419551077,2.237621251590108,1.3052826360684515,7,9,0.438,299,337,-38,0.333,0.333,-0.21222740396199707,-0.036442172841505485,,0
192,cleveland-browns,2015,53,72,102057621.0,37589939.0,0.424,0.576,0.730822801343611,0.269177198656389,1.723638682414177,0.4673215254451198,-0.1519999999999999,0.7361098331426508,1.0,-0.3063735830857527,0.461645602687222,2.71501483029285,1.0,0.99879878404543,1.2563171569690572,3.6883278433292497,2.190960207859297,1.3051737765233355,3,13,0.188,278,432,-154,0.167,0.167,-0.03769544877378986,-0.019438572222547468,,0
193,chicago-bears,2024,53,87,204948258.0,49771111.0,0.3785714285714285,0.6214285714285714,0.8046041367195755,0.1953958632804245,2.1253694177498224,0.3144301248190739,-0.2428571428571428,0.6091944219859875,1.0,-0.4956151727906244,0.6092082734391511,4.117794539848089,1.0,1.4153189570184157,1.8109392929307484,6.759411680293343,2.4397995425688963,1.910936327231508,5,12,0.294,310,370,-60,0.167,0.25,0.12653883202229904,-0.7080747287075144,,0
194,baltimore-ravens,2019,53,76,139521776.0,50506751.0,0.4108527131782946,0.5891472868217055,0.7342149002712629,0.265785099728737,1.7870513610376022,0.4511352350658826,-0.1782945736434109,0.6973672373635049,1.0,-0.3604406901418878,0.4684298005425258,2.7624277605962364,1.0,1.0161112784896686,1.3359161259717196,3.961223289405309,2.2381865961034846,1.3765534486099036,14,2,0.875,531,282,249,0.833,0.833,-0.09397251980248678,-0.11492638511414557,,0
195,dallas-cowboys,2018,52,62,121164619.0,52827431.0,0.4561403508771929,0.543859649122807,0.6963802024287892,0.3036197975712109,1.5266796745554223,0.558268660050291,-0.087719298245614,0.8387081352785899,1.0,-0.1758903128663622,0.3927604048575783,2.293585314311221,1.0,0.8301176686638236,0.9684110145051316,2.7346635215997472,2.0849483346057136,1.0060090564841742,10,6,0.625,339,324,15,0.833,0.75,-0.05125884800962105,0.36513495907960547,,0
196,cincinnati-bengals,2019,52,76,132358691.0,52596260.0,0.40625,0.59375,0.7156266446741402,0.2843733553258599,1.7615425099671145,0.4789445984435534,-0.1875,0.6842093739631596,1.0,-0.3794888443785798,0.4312532893482803,2.516495004811933,1.0,0.9228684596336368,1.2825979115235608,3.6779594920418135,2.240487108410668,1.3023586802226268,2,14,0.125,279,420,-141,0.167,0.167,-0.2279729376976067,-0.03405709919289088,,0
197,dallas-cowboys,2019,52,65,148849800.0,33517708.0,0.4444444444444444,0.5555555555555556,0.8162078959811196,0.1837921040188803,1.8364677659575197,0.3308257872339847,-0.1111111111111111,0.7999985600025918,1.0,-0.2231431013151212,0.6324157919622393,4.440905986860495,1.0,1.490859631900548,1.5056419787235344,5.55114590723464,2.167293553191504,1.7140049207418309,8,8,0.5,434,321,113,0.833,0.583,0.5738057949223688,-0.3949406489420208,,0
198,arizona-cardinals,2021,56,101,153976241.0,37151384.0,0.3566878980891719,0.643312101910828,0.8056200196073173,0.1943799803926826,2.2586132692562293,0.3021550190262492,-0.286624203821656,0.5544545836696075,1.0,-0.5897675769928491,0.6112400392146347,4.1445413948413465,1.0,1.4217933831763103,1.95645825022998,7.4749901608281935,2.5607682882824787,2.011563245748168,11,6,0.647,449,366,83,0.667,0.583,0.006104763980584295,-0.8402518273989148,,0
199,denver-broncos,2017,53,73,121736835.0,34667274.0,0.4206349206349206,0.5793650793650794,0.7783480611752982,0.2216519388247018,1.8504123718507088,0.3825773190672936,-0.1587301587301587,0.726026144119258,1.0,-0.3201668762665124,0.5566961223505964,3.5115621083231767,1.0,1.25606226835233,1.4678350527834152,4.83668906372405,2.2329896909180023,1.5762309493175668,5,11,0.313,289,382,-93,0.333,0.333,0.21756479901373013,-0.3135434033944292,,0
200,chicago-bears,2013,55,49,101899959.0,25269876.0,0.5288461538461539,0.4711538461538461,0.8012903295816968,0.1987096704183032,1.5151671686635722,0.4217511372143578,0.0576923076923077,1.122446597256202,1.0,0.1155126555824204,0.6025806591633935,4.032447416612863,1.0,1.3943747390209185,1.0934160314492145,3.5925536232516597,1.93691830587793,1.2788639252970506,8,8,0.5,445,478,-33,0.333,0.333,0.9747294161168526,0.1784215885151555,,0
201,arizona-cardinals,2016,53,87,111290277.0,44565588.0,0.3785714285714285,0.6214285714285714,0.7140589608225523,0.2859410391774477,1.8861934814180623,0.4601350055729043,-0.2428571428571428,0.6091944219859875,1.0,-0.4956151727906244,0.4281179216451046,2.4972157395136545,1.0,0.9151778074938566,1.426058475845158,4.0992086221759765,2.3463284869909664,1.4107944662663958,7,8,0.469,418,362,56,0.75,0.542,-0.3967866361837229,-0.18474926050149237,,0
202,arizona-cardinals,2015,52,77,120691340.0,24016636.0,0.4031007751937984,0.5968992248062015,0.8340337784836407,0.1659662215163592,2.069045335084416,0.2780473061767577,-0.193798449612403,0.6753235439384784,1.0,-0.3925608978293748,0.6680675569672814,5.025292168317891,1.0,1.614484794195225,1.7909980289076586,7.441316091920754,2.347092641261174,2.0070482105910297,13,3,0.813,489,313,176,0.667,0.833,0.4382103149778337,-0.736593231639924,,0
203,denver-broncos,2023,53,94,173358141.0,58415972.0,0.3605442176870748,0.6394557823129252,0.747961619855277,0.2520383801447231,2.0745350588438813,0.394145126396535,-0.2789115646258503,0.5638289055016051,1.0,-0.5730016589653875,0.4959232397105539,2.9676379120825938,1.0,1.087767657552209,1.6803899324473464,5.26336533561863,2.4686801852404163,1.6607711018480922,8,9,0.471,357,413,-56,0.5,0.417,-0.30488686169410206,-0.48474501740733417,,0
204,detroit-lions,2017,52,96,130190524.0,30890495.0,0.3513513513513513,0.6486486486486487,0.8082300745812888,0.1917699254187111,2.300347135346745,0.2956453016871797,-0.2972972972972973,0.5416658315985096,1.0,-0.6131031684020914,0.6164601491625776,4.214560016418576,1.0,1.4385464380846722,2.004701833659565,7.7807404395699775,2.5959924370339245,2.0516519405598497,9,7,0.563,410,376,34,0.833,0.667,-0.00961090452022617,-0.8861382527128884,,0
205,carolina-panthers,2015,53,75,121004274.0,24226173.0,0.4140625,0.5859375,0.8331880573224428,0.1668119426775571,2.012227761080617,0.2846923821696975,-0.171875,0.7066654606242805,1.0,-0.3471954915579757,0.6663761146448857,4.994744675974949,1.0,1.608387495081636,1.7275353789109196,7.068052463127458,2.2969201432503144,1.9555854740183896,15,1,0.938,500,308,192,0.833,0.917,0.49659027891058405,-0.6684372102138633,,0
206,detroit-lions,2013,52,65,91836977.0,27932283.0,0.4444444444444444,0.5555555555555556,0.7667825366876275,0.2332174633123724,1.725260707547162,0.4197914339622705,-0.1111111111111111,0.7999985600025918,1.0,-0.2231431013151212,0.533565073375255,3.2878294702619666,1.0,1.190228915723251,1.3054692735848916,4.109794669863494,2.1450521415094324,1.4133736482118602,7,9,0.438,395,376,19,0.667,0.5,0.28814121878929655,-0.1092760728089485,,0
207,detroit-lions,2014,54,68,112293516.0,20098262.0,0.4426229508196721,0.5573770491803278,0.8481910107740981,0.1518089892259019,1.9162833947118512,0.2723631865523535,-0.1147540983606557,0.7941162223208953,1.0,-0.2305231934711628,0.6963820215481962,5.587188399782714,1.0,1.7204773699869582,1.6439202081594977,7.0357392393199465,2.1886465812642046,1.9510032871052143,11,5,0.688,321,282,39,0.833,0.75,0.7481459897373812,-0.5903071415988618,,0
208,arizona-cardinals,2013,52,53,92369539.0,27676606.0,0.4952380952380952,0.5047619047619047,0.7694502726430741,0.2305497273569259,1.5536976659138997,0.4567494598580609,-0.0095238095238094,0.981130131723324,1.0,-0.0190481568720769,0.5389005452861482,3.3374445679013345,1.0,1.2052067143482257,1.0969482060558389,3.4016335011391656,2.0104471257719605,1.2242564013842197,10,6,0.625,379,324,55,0.333,0.5,0.596726643981457,0.16847183610245753,,0
209,detroit-lions,2015,53,76,107062153.0,36153641.0,0.4108527131782946,0.5891472868217055,0.7475582825732195,0.2524417174267804,1.8195286500367045,0.4284865993165089,-0.1782945736434109,0.6973672373635049,1.0,-0.3604406901418878,0.4951165651464391,2.9612986668551637,1.0,1.0856292486081105,1.3910420507201953,4.246397452199501,2.2480152493532133,1.4460715147576075,7,9,0.438,358,400,-42,0.5,0.5,-0.016851549839768148,-0.1920473550768642,,0
210,detroit-lions,2016,53,83,116112911.0,33605758.0,0.3897058823529412,0.6102941176470589,0.775540630808039,0.2244593691919609,1.9900665243376092,0.3677888459048998,-0.2205882352941177,0.6385531705634795,1.0,-0.448547766762907,0.5510812616160781,3.45513390002842,1.0,1.2398625013260671,1.6222776784327095,5.410879464171464,2.3578553702425094,1.6884121448355771,9,7,0.563,346,358,-12,0.5,0.583,0.022824936337849714,-0.4758309615306923,,0
211,carolina-panthers,2016,53,80,98999535.0,40232365.0,0.3984962406015037,0.6015037593984962,0.7110406092282013,0.2889593907717987,1.784309453346241,0.4803949871581153,-0.2030075187969924,0.6624988985955811,1.0,-0.4117338741895643,0.4220812184564026,2.46068538088922,1.0,0.9004413276456944,1.3039144661881257,3.714247206563284,2.264704440504356,1.3121765818894402,6,10,0.375,369,402,-33,0.167,0.417,-0.2992314420637757,-0.05230363195087946,,0
212,carolina-panthers,2017,51,70,144363005.0,31085306.0,0.4214876033057851,0.5785123966942148,0.8228235665374972,0.1771764334625028,1.952189246098768,0.3062621206994692,-0.1570247933884297,0.7285701691858504,1.0,-0.3166689653487627,0.6456471330749944,4.644065276584089,1.0,1.5355913351754809,1.6459271253992989,6.374222406015442,2.258451366798237,1.8522626203231691,11,5,0.688,363,327,36,0.5,0.583,0.4795420661209033,-0.5656777813702146,,0
213,denver-broncos,2016,53,72,112742090.0,34471038.0,0.424,0.576,0.7658426359909967,0.2341573640090033,1.8062326320542372,0.4065232014045197,-0.1519999999999999,0.7361098331426508,1.0,-0.3063735830857527,0.5316852719819933,3.2706183237663478,1.0,1.18498036262116,1.3997094306497178,4.443112183269284,2.212755833458757,1.4913556267150552,9,7,0.563,333,297,36,0.333,0.5,0.1647092755174695,-0.2218432965138068,,0
214,denver-broncos,2015,53,65,134668943.0,10429956.0,0.4491525423728814,0.5508474576271186,0.9281182967487576,0.0718817032512424,2.066376585214215,0.1304929382099478,-0.1016949152542372,0.8153831351506162,1.0,-0.204094945313867,0.8562365934975151,12.911566409861132,1.0,2.558124608010948,1.935883647004267,15.83503888042434,2.196869523424162,2.7622256192736563,12,4,0.75,355,296,59,0.667,0.667,1.2477900279391334,-1.0145772477066004,,0
215,carolina-panthers,2012,53,41,89824130.0,37014330.0,0.5638297872340425,0.4361702127659574,0.708177393512977,0.2918226064870229,1.2560127356645254,0.6690567075556136,0.127659574468085,1.292679963123987,1.0,0.2567193277508483,0.4163547870259541,2.4267310038349104,1.0,0.886546497832942,0.5869560281089118,1.877286101752475,1.925069443220139,0.6298279671734512,7,9,0.438,357,363,-6,0.5,0.417,0.6384787145139168,0.9185036761845883,,0
216,dallas-cowboys,2023,53,92,185500694.0,36601189.0,0.3655172413793103,0.6344827586206897,0.835205408861842,0.1647945911381579,2.2849959299050395,0.2597306055981838,-0.2689655172413793,0.5760860485600321,1.0,-0.5514955037373189,0.670410817723684,5.068129572481339,1.0,1.6229730262295563,2.025265324306856,8.797527450086413,2.544726535503224,2.1744711480606065,12,5,0.706,509,315,194,0.833,0.75,0.22806041958607903,-0.9602865104347647,,0
217,denver-broncos,2014,52,71,120462699.0,14677827.0,0.4227642276422764,0.5772357723577236,0.8913884129768742,0.1086115870231258,2.1084764383876062,0.1881581014625983,-0.1544715447154471,0.7323930974035073,1.0,-0.3114355254709359,0.7827768259537484,8.207045218314148,1.0,2.104994080202308,1.920318336925008,11.205816896434971,2.2966345398502046,2.4164334835064545,12,4,0.75,482,354,128,1.0,0.833,0.8831957729975011,-0.9545948549881876,,0
218,chicago-bears,2018,53,44,151948529.0,27513259.0,0.5463917525773195,0.4536082474226804,0.846690154452267,0.1533098455477329,1.5496027355069797,0.3379785231393205,0.0927835051546391,1.204542799076102,1.0,0.1861019052778406,0.6933803089045341,5.522702268240065,1.0,1.708868462919468,1.211624212367659,4.584901242280909,1.8875812586463,1.522769211496697,12,4,0.75,421,283,138,0.833,0.833,1.338395804896991,0.017291722354368433,,0
219,atlanta-falcons,2013,53,63,89778071.0,32436154.0,0.4568965517241379,0.5431034482758621,0.7345959195830108,0.2654040804169891,1.6077948428609297,0.4886805290217577,-0.0862068965517241,0.8412682922679062,1.0,-0.1728424654307069,0.4691918391660217,2.767829155451193,1.0,1.0180646758457392,1.119114313839172,3.2900667354450905,2.096475371882687,1.190908470871079,4,12,0.25,353,443,-90,0.167,0.25,0.17398175049526163,0.14862351780034652,,0
220,atlanta-falcons,2015,53,92,99720594.0,36515471.0,0.3655172413793103,0.6344827586206897,0.7319691302005823,0.2680308697994176,2.002557054322348,0.4224399578360387,-0.2689655172413793,0.5760860485600321,1.0,-0.5514955037373189,0.4639382604011646,2.7309033464876897,1.0,1.0046338167890478,1.5801170964863092,4.740442462256695,2.4249970121583866,1.55613097717956,8,8,0.5,339,345,-6,0.167,0.417,-0.36861602762403956,-0.363610063224646,,0
221,atlanta-falcons,2014,54,73,103552592.0,29456903.0,0.4251968503937008,0.5748031496062992,0.7785353368945578,0.2214646631054422,1.8309997738075712,0.3852878385533035,-0.1496062992125983,0.7397247404788762,1.0,-0.3014747824595445,0.5570706737891156,3.515377173949935,1.0,1.257148108079276,1.4457119352542676,4.75227826656665,2.216287612360875,1.5586246842746443,6,10,0.375,381,417,-36,0.833,0.5,0.2449773751815045,-0.288295628443157,,0
222,atlanta-falcons,2012,53,40,103035944.0,24412012.0,0.5698924731182796,0.4301075268817204,0.808455052821718,0.1915449471782819,1.4186098096682975,0.4453420021895055,0.1397849462365591,1.324996919382163,1.0,0.2814118891563301,0.6169101056434361,4.220684722027797,1.0,1.4399986082168448,0.973267807478792,3.185431909098778,1.863951811857803,1.158588591997879,13,3,0.813,419,299,120,0.5,0.75,1.2530472977856861,0.3739193285915761,,0
223,denver-broncos,2013,53,49,96535491.0,36666759.0,0.5196078431372549,0.4803921568627451,0.7247286813848866,0.2752713186151135,1.39476085851431,0.5730137652804403,0.0392156862745098,1.0816304015040623,1.0,0.0784714583374589,0.449457362769773,2.632769924091802,1.0,0.9680378748629224,0.8217470932338697,2.434074901772727,1.9677746237947504,0.889567484179826,13,3,0.813,606,399,207,0.833,0.75,0.4789038457363521,0.5676052964818112,,0
224,dallas-cowboys,2021,58,83,167631750.0,37695281.0,0.4113475177304964,0.5886524822695035,0.8164134511836388,0.1835865488163611,1.9847292520153976,0.3118759443747822,-0.177304964539007,0.6987939936150229,1.0,-0.3583968650123886,0.6328269023672777,4.4469979388432295,1.0,1.492230472903516,1.6728533076406156,6.363821654063504,2.29660519639018,1.8506295897411509,12,5,0.706,530,358,172,1.0,0.833,0.38396769303267225,-0.5871548525187444,,0
225,atlanta-falcons,2016,52,90,112615074.0,41205829.0,0.3661971830985915,0.6338028169014085,0.7321181439170201,0.2678818560829798,1.999245700696478,0.4226580395975904,-0.2676056338028169,0.5777768661742778,1.0,-0.5485647987598687,0.4642362878340403,2.732978715480912,1.0,1.0053934848455048,1.5765876610988876,4.730161935256231,2.4219037402940686,1.5539599378898896,11,5,0.688,540,406,134,0.833,0.75,-0.3638303381784898,-0.3605468879197201,,0
226,dallas-cowboys,2022,53,108,161682742.0,53656026.0,0.3291925465838509,0.6708074534161491,0.7508296973260291,0.2491703026739709,2.2808222881035976,0.37144832157879,-0.3416149068322981,0.4907400091746159,1.0,-0.7118377665804925,0.5016593946520582,3.0133072680061197,1.0,1.1030395675596536,1.9093739665248075,6.140332356536021,2.652270609682388,1.8148793088613548,12,5,0.706,467,342,125,0.667,0.667,-0.469263214533458,-0.6822747209440152,,0
227,new-orleans-saints,2016,53,84,86319212.0,59969742.0,0.3868613138686131,0.6131386861313869,0.5900596705339762,0.4099403294660238,1.5252485823236743,0.668593156391015,-0.2262773722627737,0.6309513519007713,1.0,-0.4605239313399233,0.1801193410679524,1.4393759011870522,1.0,0.3642113124311192,0.8566554259326593,2.281277166041608,2.1938417387146893,0.8247361023101798,7,9,0.438,469,454,15,0.333,0.5,-1.065620522651525,0.5797783989022366,,1
228,new-orleans-saints,2017,51,102,97762121.0,63955339.0,0.3333333333333333,0.6666666666666666,0.6045242177313446,0.3954757822686555,1.8135726531940333,0.5932136734029831,-0.3333333333333333,0.499999250001125,1.0,-0.6931456805633205,0.2090484354626891,1.5285959753780916,1.0,0.4243513051342525,1.2203589797910503,3.0571945275568657,2.4067863265970164,1.1174982257646195,11,5,0.688,448,326,122,0.667,0.667,-1.2909679864935288,0.18722896412232543,,1
229,new-orleans-saints,2015,53,111,93560943.0,49653084.0,0.3231707317073171,0.676829268292683,0.6532945477470583,0.3467054522529417,2.021515204349388,0.5122494970223642,-0.3536585365853659,0.4774767720163008,1.0,-0.7392366709017633,0.3065890954941166,1.8842872507906008,1.0,0.6335511638064705,1.5092657073270237,3.9463411282178433,2.5337647013717524,1.3727893476597854,7,9,0.438,408,476,-68,0.5,0.417,-1.067744972468415,-0.15330540676421062,,1
230,new-york-giants,2022,53,122,133245725.0,70421384.0,0.3028571428571429,0.6971428571428572,0.6542329080735368,0.3457670919264632,2.160202998356018,0.4959773859600906,-0.3942857142857143,0.4344256063567122,1.0,-0.8337272637249944,0.3084658161470736,1.892114753644408,1.0,0.6376966493288289,1.6642256123959271,4.355437776132932,2.6561803843161087,1.4714255908199585,9,7,0.559,365,371,-6,0.25,0.375,-1.1795658373884335,-0.2759731854449097,,1
231,new-york-giants,2023,53,101,129927472.0,93510559.0,0.3441558441558441,0.6558441558441559,0.5814921990607768,0.4185078009392233,1.689618842553955,0.6381208053924791,-0.3116883116883117,0.5247516751311091,1.0,-0.6448272223842948,0.1629843981215534,1.3894384007117266,1.0,0.3289013569482925,1.0514980371614755,2.6477998844041206,2.327739647946434,0.9737296547133732,6,11,0.353,266,407,-141,0.5,0.417,-1.3616220414754703,0.3828119965411056,,1
232,new-york-jets,2023,54,119,143977333.0,78568448.0,0.3121387283236994,0.6878612716763006,0.6469560211523399,0.3530439788476601,2.0726554010991625,0.5132488095852538,-0.3757225433526012,0.4537808529068272,1.0,-0.7901376966291392,0.2939120423046797,1.8325031084254657,1.0,0.605684396751991,1.5594065915139086,4.038297457477931,2.5859042106844163,1.395823664206498,7,10,0.412,268,355,-87,0.333,0.333,-1.1680534815521186,-0.18034413940637545,,1
233,new-york-jets,2024,53,136,156802254.0,101686183.0,0.2804232804232804,0.7195767195767195,0.606612256315357,0.393387743684643,2.1632021970491038,0.5466932614440996,-0.4391534391534391,0.3897053407771367,1.0,-0.9423607958574696,0.2132245126307139,1.542017320154038,1.0,0.4330931558421088,1.6165089356050035,3.956877453469108,2.709895458493203,1.3754556546458068,5,12,0.294,338,404,-66,0.333,0.417,-1.5842816597963956,-0.13022125226602327,,1
234,carolina-panthers,2014,53,77,88019888.0,45379535.0,0.4076923076923077,0.5923076923076923,0.6598221043279925,0.3401778956720075,1.6184315766535664,0.5743263173683244,-0.1846153846153846,0.6883105262289816,1.0,-0.3735127437846447,0.319644208655985,1.9396326836341355,1.0,0.6625001323744211,1.044105259285242,2.817960294957801,2.1927578940218906,1.036013941464236,7,8,0.469,339,374,-35,0.667,0.5,-0.5421827789403532,0.29680193077364975,,1
235,new-york-jets,2021,55,101,88174985.0,117561655.0,0.3525641025641026,0.6474358974358975,0.428581826747049,0.571418173252951,1.21561390859163,0.8825864854203994,-0.2948717948717949,0.5445536143528332,1.0,-0.6077860398024374,-0.1428363465059019,0.7500305324149984,1.0,-0.287639030119741,0.3330274231712306,1.3773296456980708,2.098200394012029,0.3201474078418401,4,13,0.235,310,504,-194,0.0,0.333,-2.1968705761817136,1.3151207367944329,,1
236,new-york-giants,2017,54,87,104596283.0,62833631.0,0.3829787234042553,0.6170212765957447,0.624716817330504,0.3752831826694959,1.631205023029649,0.6082175719126315,-0.2340425531914893,0.6206886492287409,1.0,-0.4769230816709491,0.249433634661008,1.6646500070605896,1.0,0.509616496090415,1.0229874511170178,2.6819388594137936,2.239422594942281,0.986540601004022,3,13,0.188,246,388,-142,0.167,0.083,-0.8877212516117939,0.3570606874402199,,1
237,new-york-jets,2020,53,96,86529089.0,95969660.0,0.3557046979865771,0.6442953020134228,0.4741352446202247,0.5258647553797753,1.3329462537436505,0.8161859224123594,-0.2885906040268456,0.552082476455323,1.0,-0.5940550186810405,-0.0517295107595505,0.9016279150518344,1.0,-0.103551245953967,0.5167603313312911,1.6331384602487056,2.14913217615601,0.490504349496162,2,14,0.125,243,457,-214,0.0,0.083,-1.9154580911541792,1.0699615187866431,,1
238,new-york-giants,2018,53,72,117538663.0,53442119.0,0.424,0.576,0.6874378607064741,0.312562139293526,1.621315709213382,0.5426426029401492,-0.1519999999999999,0.7361098331426508,1.0,-0.3063735830857527,0.374875721412948,2.1993567835934287,1.0,0.7881664011974899,1.0786731062732329,2.987809494903794,2.1639583121535315,1.0945411252952164,5,11,0.313,369,412,-43,0.167,0.333,-0.28844811612563026,0.23131409512929296,,1
239,new-york-giants,2019,53,97,125098384.0,69514540.0,0.3533333333333333,0.6466666666666666,0.6428061478589161,0.3571938521410839,1.8192626826195737,0.5523616270222946,-0.2933333333333333,0.5463909076429263,1.0,-0.6044177811571437,0.2856122957178322,1.7995952181444717,1.0,0.587563316482212,1.266901055597279,3.2936020534679367,2.3716243096418683,1.1919823646186145,4,12,0.25,341,451,-110,0.333,0.25,-0.9542748992198204,0.0814046271518955,,1
240,new-york-jets,2016,54,102,97375558.0,60707741.0,0.3461538461538461,0.6538461538461539,0.6159762518620009,0.384023748137999,1.7794869498235584,0.5873304383287045,-0.3076923076923077,0.5294109550185393,1.0,-0.6359874072458759,0.2319525037240018,1.604001447429243,1.0,0.4725030352691169,1.1921565114948538,3.029783242809582,2.366817388152263,1.108491641895411,5,11,0.313,275,409,-134,0.333,0.333,-1.1507820788760448,0.19503584516078898,,1
241,new-york-jets,2013,54,65,80633014.0,42327162.0,0.453781512605042,0.5462184873949579,0.6557652780197712,0.3442347219802288,1.4451123719324588,0.6302143371638035,-0.0924369747899159,0.8307677098252697,1.0,-0.1854028503976421,0.3115305560395424,1.9049890413680983,1.0,0.6444777809341555,0.8148980347686553,2.2930453873686827,2.075326709096262,0.8298814895481446,8,8,0.5,290,387,-97,0.5,0.417,-0.2996161573191599,0.5862631661861932,,1
242,buffalo-bills,2024,53,112,175108383.0,80958862.0,0.3212121212121212,0.6787878787878788,0.6838374935458847,0.3161625064541152,2.128928045944736,0.4657751211154375,-0.3575757575757576,0.4732135885692668,1.0,-0.7482053177534722,0.3676749870917695,2.1629235493221928,1.0,0.7714622639385438,1.6631529248292982,4.570711012076774,2.594703167060173,1.5196692450355902,13,4,0.765,525,368,157,0.833,0.75,-0.9025199464999621,-0.3411395306005013,,1
243,new-york-jets,2017,53,85,98416921.0,46485399.0,0.3840579710144927,0.6159420289855072,0.6791949293841534,0.3208050706158465,1.768469816132324,0.5208364675880803,-0.2318840579710144,0.6235283994480103,1.0,-0.4723583626960934,0.3583898587683068,2.1171511127589118,1.0,0.7500728425491004,1.2476333485442437,3.395435094794237,2.2893062837204043,1.2224324757836995,5,11,0.313,298,382,-84,0.333,0.417,-0.5666240821280747,0.04842174530866583,,1
244,new-york-giants,2021,49,120,121896505.0,60624546.0,0.2899408284023668,0.7100591715976331,0.6678490197823812,0.3321509802176188,2.3033976396576,0.4677792971398131,-0.4201183431952662,0.4083327582646988,1.0,-0.8956694040301171,0.3356980395647623,2.0106730038003118,1.0,0.6984709911333221,1.835618342517787,4.924101450491717,2.771176936797413,1.5941422455191658,4,13,0.235,258,416,-158,0.167,0.25,-1.1754179031266587,-0.42921978854160137,,1
245,new-york-giants,2015,53,101,78694040.0,49627382.0,0.3441558441558441,0.6558441558441559,0.613257231516652,0.386742768483348,1.7819172387464983,0.5896869935290653,-0.3116883116883117,0.5247516751311091,1.0,-0.6448272223842948,0.226514463033304,1.5856938921643078,1.0,0.4610237290187721,1.192230245217433,3.021796709955684,2.371604232275564,1.1058521527464324,6,10,0.375,420,442,-22,0.333,0.333,-1.1780291518724262,0.1992191069380615,,1
246,new-york-giants,2014,54,73,84943487.0,46991711.0,0.4251968503937008,0.5748031496062992,0.6438273355984958,0.3561726644015041,1.5141865115001665,0.6196428545067264,-0.1496062992125983,0.7397247404788762,1.0,-0.3014747824595445,0.2876546711969917,1.8076219550941537,1.0,0.5920136976829407,0.8945436569934399,2.443640004637098,2.1338293660068928,0.8934893932687336,6,10,0.375,380,400,-20,0.333,0.333,-0.5335967139509089,0.49027846068925635,,1
247,new-york-giants,2024,52,132,115949374.0,141875570.0,0.2826086956521739,0.717391304347826,0.4497213194391307,0.5502786805608693,1.5913215918615398,0.7670551304787875,-0.4347826086956521,0.3939388448125193,1.0,-0.931556059488088,-0.1005573611217385,0.8172595415130629,1.0,-0.2017963347031748,0.8242664613827523,2.074582978521083,2.358376722340328,0.729760787686226,3,14,0.176,273,415,-142,0.0,0.083,-2.47845323081432,0.789177522891321,,1
248,new-orleans-saints,2024,52,108,140889092.0,108989184.0,0.325,0.675,0.5638308950074555,0.4361691049925444,1.7348642923306323,0.6461764518408065,-0.35,0.4814807681766397,1.0,-0.7308859131048334,0.127661790014911,1.2926857860125311,1.0,0.2567238322462308,1.088687840489826,2.6848109406919334,2.3810407441714387,0.9876108887453836,5,12,0.294,338,398,-60,0.333,0.333,-1.574261521067059,0.3743271860694893,,1
249,new-york-jets,2018,52,71,109047126.0,67748921.0,0.4227642276422764,0.5772357723577236,0.6167961775751695,0.3832038224248306,1.4589601892643431,0.6638601430740022,-0.1544715447154471,0.7323930974035073,1.0,-0.3114355254709359,0.2335923551503388,1.6095731094202506,1.0,0.4759706156894409,0.7951000461903409,2.197688785502105,2.122820332338345,0.7874069415226117,4,12,0.25,333,441,-108,0.167,0.25,-0.7038695646497097,0.6324704826590232,,1
250,new-orleans-saints,2023,54,109,138027290.0,82498375.0,0.3312883435582822,0.6687116564417178,0.6259012528088284,0.3740987471911716,1.8892945223673892,0.5594320714877153,-0.3374233128834356,0.495412103191075,1.0,-0.7023623125626326,0.2518025056176567,1.6730865431164854,1.0,0.5146717476601683,1.329862450879674,3.377159161046982,2.448726593855105,1.2170354004900776,9,8,0.529,402,327,75,0.667,0.5,-1.1792178850023456,0.051872650943689924,,1
251,new-york-jets,2019,53,85,96678757.0,91786146.0,0.3840579710144927,0.6159420289855072,0.5129801648002333,0.4870198351997666,1.3356842026874,0.7906910265596211,-0.2318840579710144,0.6235283994480103,1.0,-0.4723583626960934,0.0259603296004667,1.0533022978161062,1.0,0.051932223789215,0.544993176127779,1.6892597342850333,2.1263752292470213,0.524291154602517,7,9,0.438,276,359,-83,0.333,0.333,-1.527298338231578,1.0090960014121688,,1
252,new-orleans-saints,2022,54,113,131357406.0,75470635.0,0.3233532934131736,0.6766467065868264,0.63510443441274,0.36489556558726,1.964119269387548,0.539270437637809,-0.3532934131736527,0.4778753999540549,1.0,-0.7384021574352699,0.27020886882548,1.7405053768884091,1.0,0.5541770920855683,1.4248488317497388,3.642171886556895,2.503389707025357,1.2925806849755466,7,10,0.412,330,345,-15,0.333,0.417,-1.17182498005613,-0.04711800953227946,,1
253,new-orleans-saints,2021,54,110,107680541.0,77629717.0,0.3292682926829268,0.6707317073170732,0.5810824622563528,0.4189175377436472,1.7647689594452194,0.6245679653632558,-0.3414634146341463,0.4909083590093556,1.0,-0.7114947731036962,0.1621649245127056,1.3871013333192244,1.0,0.3272179189392098,1.1402009940819635,2.8255790109885006,2.3893369248084757,1.0387138698852456,9,8,0.529,364,335,29,0.667,0.583,-1.4499169642307457,0.2992533991149729,,1
254,carolina-panthers,2013,53,65,72439817.0,38091828.0,0.4491525423728814,0.5508474576271186,0.655376268036181,0.344623731963819,1.4591396156277237,0.6256246211035484,-0.1016949152542372,0.8153831351506162,1.0,-0.204094945313867,0.3107525360723619,1.9017099100855788,1.0,0.642754959974269,0.8335149945241752,2.3322887784773423,2.084764236731272,0.8468507791229904,12,4,0.75,366,241,125,0.833,0.75,-0.3285816391477915,0.5617944193803245,,1
255,detroit-lions,2018,53,86,109575685.0,65920881.0,0.381294964028777,0.6187050359712231,0.6243750946101133,0.3756249053898867,1.637512040581241,0.6071146726650494,-0.237410071942446,0.6162780736900901,1.0,-0.4840543763410794,0.2487501892202266,1.6622258626226367,1.0,0.5081591868882533,1.0303973679161913,2.6971994206525274,2.24462671324629,0.9922145937647237,6,10,0.375,324,360,-36,0.333,0.333,-0.8994144977075154,0.3493175623945359,,1
256,pittsburgh-steelers,2021,53,93,124164123.0,51743007.0,0.363013698630137,0.636986301369863,0.7058504280070967,0.2941495719929033,1.9444181601704928,0.4617831990426224,-0.273972602739726,0.5698915784497801,1.0,-0.5623063947791882,0.4117008560141934,2.399622829984251,1.0,0.8753129875603978,1.4826349611278704,4.210664124501636,2.406201359213115,1.437620898833513,9,7,0.559,343,398,-55,0.667,0.583,-0.5340244723764669,-0.22710110776384249,,1
257,buffalo-bills,2017,52,85,104955026.0,49612871.0,0.3795620437956204,0.6204379562043796,0.6790221516696964,0.3209778483303037,1.7889622072836229,0.5173407673088424,-0.2408759124087591,0.6117637198631809,1.0,-0.4914065150603823,0.3580443033393927,2.115473200810253,1.0,0.7492799957857679,1.2716214399747805,3.4579891289072147,2.306302974592465,1.2406878024877734,9,7,0.563,302,359,-57,0.5,0.583,-0.5935719158372648,0.023471124094078866,,1
258,arizona-cardinals,2023,53,130,107322872.0,110800904.0,0.2896174863387978,0.7103825136612022,0.4920273890728904,0.5079726109271095,1.6988870226479047,0.7150691369204696,-0.4207650273224044,0.4076917337877901,1.0,-0.89724049177055,-0.015945221854219,0.9686081687883048,1.0,-0.0318930830399996,0.9838178857274352,2.3758327119691414,2.4139561595683743,0.8653485802217711,4,13,0.235,330,455,-125,0.0,0.25,-2.1934833635792748,0.585113193004182,,1
259,arizona-cardinals,2022,52,129,98153785.0,106671879.0,0.287292817679558,0.712707182320442,0.4792064777585684,0.5207935222414316,1.6680071629673243,0.7307257947728614,-0.4254143646408839,0.4031002096035818,1.0,-0.9085666081168629,-0.0415870444828632,0.9201450040144936,1.0,-0.083221921518486,0.937281368194463,2.282668673024104,2.3987329577401857,0.8253458286418911,4,13,0.235,340,449,-109,0.167,0.25,-2.281001932938058,0.6457970949515708,,1
260,tampa-bay-buccaneers,2023,53,88,128436935.0,95243824.0,0.375886524822695,0.624113475177305,0.5741975106584827,0.4258024893415173,1.5275820566574727,0.6822517158767494,-0.2482269503546099,0.6022717622691082,1.0,-0.5070438428237088,0.1483950213169653,1.3485035351552637,1.0,0.2989972267000687,0.8453303407807233,2.2390267141617857,2.209833772534222,0.8060419234660966,9,8,0.529,348,325,23,0.667,0.583,-1.2206427092990377,0.6081137939560881,,1
261,tampa-bay-buccaneers,2024,53,109,139250589.0,105229356.0,0.3271604938271605,0.6728395061728395,0.5695787807871112,0.4304212192128888,1.740976650707774,0.6397086010319999,-0.345679012345679,0.4862378094447235,1.0,-0.7210543983153475,0.1391575615742223,1.3233024582901352,1.0,0.2801322301737513,1.101268049675774,2.7215108979123888,2.3806852517397736,1.001187777651318,10,7,0.588,502,385,117,0.667,0.667,-1.5285706067003177,0.35357579719847293,,1
262,arizona-cardinals,2020,53,106,134848837.0,59314128.0,0.3333333333333333,0.6666666666666666,0.6945136885399334,0.3054863114600665,2.0835410656198,0.4582294671900999,-0.3333333333333333,0.499999250001125,1.0,-0.6931456805633205,0.3890273770798669,2.273461654497296,1.0,0.8213050677094313,1.6253115984297002,4.546928270388075,2.5417705328099,1.5144523795194005,8,8,0.5,410,367,43,0.333,0.5,-0.7708543362856315,-0.33288468608557215,,1
263,arizona-cardinals,2019,53,90,118348287.0,73671640.0,0.3706293706293706,0.6293706293706294,0.616333361068302,0.3836666389316979,1.6629371817503242,0.6096036596359201,-0.2587412587412587,0.5888879532113632,1.0,-0.5295166475562023,0.2326667221366041,1.6064251933899076,1.0,0.4740129560257002,1.053333522114404,2.7278944730237065,2.2725408413862445,1.0035306576692589,5,10,0.344,361,442,-81,0.167,0.292,-1.0074522451039085,0.33423769882273635,,1
264,arizona-cardinals,2018,53,94,107921249.0,64993828.0,0.3605442176870748,0.6394557823129252,0.6241286235554809,0.375871376444519,1.7310737294840697,0.587798854652599,-0.2789115646258503,0.5638289055016051,1.0,-0.5730016589653875,0.2482572471109618,1.660480159407527,1.0,0.5071084154306591,1.1432748748314707,2.945005371781127,2.3188725841366686,1.0801112188122035,3,13,0.188,225,425,-200,0.333,0.25,-1.0206065024803523,0.23097462337891628,,1
265,arizona-cardinals,2017,53,82,104474970.0,64876556.0,0.3925925925925926,0.6074074074074074,0.6169118901237418,0.3830881098762582,1.5713793427680216,0.6306938394304251,-0.2148148148148148,0.6463403993176353,1.0,-0.4364264328856723,0.2338237802474835,1.610361334267661,1.0,0.4764602060133129,0.9406855033375964,2.4915049950101387,2.202073182198447,0.9128875799411276,8,8,0.5,295,361,-66,0.5,0.417,-0.8773429708597096,0.4576595049426672,,1
266,tennessee-titans,2018,53,91,117854426.0,64544285.0,0.3680555555555556,0.6319444444444444,0.6461362876626908,0.3538637123373092,1.7555401023288204,0.5599601601821157,-0.2638888888888888,0.5824166607912181,1.0,-0.5405664584036176,0.2922725753253816,1.8259415678802808,1.0,0.6020973292551058,1.1955799421467046,3.1351104811588493,2.315500262510936,1.1426649842880277,9,7,0.563,310,303,7,0.5,0.417,-0.8500551083201014,0.1471298885587582,,1
267,tennessee-titans,2020,51,106,135619326.0,80994682.0,0.3248407643312102,0.6751592356687898,0.6260875150788956,0.3739124849211044,1.9273674483801293,0.5538137748359755,-0.3503184713375796,0.481131362852604,1.0,-0.7316118640920859,0.2521750301577911,1.6744181216438336,1.0,0.5154673120792626,1.373553673544154,3.4801661782153825,2.481181223216105,1.2470805638493074,11,5,0.688,491,439,52,0.833,0.667,-1.2153549558092367,0.01358249381880633,,1
268,tennessee-titans,2022,51,130,78943246.0,130850628.0,0.281767955801105,0.7182320441988951,0.376289566968004,0.6237104330319959,1.3354590513962497,0.8683968336830098,-0.4364640883977901,0.392307146095435,1.0,-0.9357066610246696,-0.2474208660639918,0.603307149812501,1.0,-0.5053261849086189,0.4670622177132398,1.5378424491599212,2.20385588507926,0.4303811758644641,7,10,0.412,298,359,-61,0.5,0.417,-2.907720473258918,1.2087397373985969,,1
269,tennessee-titans,2023,53,129,128983277.0,92507033.0,0.2912087912087912,0.7087912087912088,0.5823427535046567,0.4176572464953433,1.999743040336745,0.5892528593965308,-0.4175824175824176,0.4108521335264473,1.0,-0.8895184677049002,0.1646855070093134,1.3943044543983392,1.0,0.3323974091341931,1.4104901809402146,3.3936867929634444,2.588995899733276,1.2219173800496346,6,11,0.353,305,367,-62,0.167,0.333,-1.6623015763772147,0.07230053413646648,,1
270,tennessee-titans,2024,53,118,142042127.0,103132573.0,0.3099415204678362,0.6900584795321637,0.5793506711744727,0.4206493288255272,1.8692257503931105,0.609585044314959,-0.3801169590643274,0.4491518914832759,1.0,-0.8003909336551459,0.1587013423489454,1.3772737865011142,1.0,0.3201077543022616,1.2596407060781512,3.066385406663484,2.4788107947080693,1.1205000109430752,3,14,0.176,311,460,-149,0.167,0.25,-1.5714749198417488,0.1977139672912704,,1
271,arizona-cardinals,2014,54,86,93308619.0,39920326.0,0.3857142857142857,0.6142857142857143,0.7003629654201645,0.2996370345798355,1.8157558362745003,0.4877812190834531,-0.2285714285714286,0.6279059545717018,1.0,-0.4653622850056534,0.400725930840329,2.337363367111394,1.0,0.8490249557296685,1.3279746171910474,3.722472376476373,2.3035370553579537,1.3143886155918112,11,5,0.688,310,299,11,0.5,0.667,-0.43471904742904927,-0.06436372414785169,,1
272,washington-commanders,2014,53,91,89595971.0,42815741.0,0.3680555555555556,0.6319444444444444,0.6766468739562856,0.3233531260437143,1.838436789617078,0.5116796719812623,-0.2638888888888888,0.5824166607912181,1.0,-0.5405664584036176,0.3532937479125713,2.0925877218118742,1.0,0.738402922390282,1.326757117635816,3.592937725199832,2.3501164615983403,1.2789707196641915,4,12,0.25,301,438,-137,0.333,0.167,-0.6737125621915819,-0.029212657569761435,,1
273,washington-commanders,2015,52,95,97790178.0,41999354.0,0.3537414965986394,0.6462585034013606,0.6995529393431262,0.3004470606568737,1.9775823477584529,0.464902293858531,-0.2925170068027211,0.5473675740733327,1.0,-0.6026318934672564,0.3991058786862524,2.328365634358511,1.0,0.8451680064523588,1.512680053899922,4.253749917203699,2.442484641616984,1.447801433036486,9,7,0.563,388,379,9,0.667,0.667,-0.6239387153714976,-0.2442199495473807,,1
274,washington-commanders,2017,54,82,114359646.0,60448324.0,0.3970588235294117,0.6029411764705882,0.6542015561418624,0.3457984438581375,1.6476187339869126,0.5735193703013015,-0.2058823529411764,0.6585354931606454,1.0,-0.4177343407198418,0.3084031122837248,1.8918525398503685,1.0,0.6375580574037252,1.074099363685611,2.872816414735764,2.2211381042882143,1.0552934846954027,7,9,0.438,342,388,-46,0.167,0.417,-0.6360414353406559,0.26791362717107686,,1
275,washington-commanders,2018,53,80,102905158.0,69890178.0,0.3984962406015037,0.6015037593984962,0.5955320344988941,0.4044679655011058,1.494448312987791,0.6724279926455885,-0.2030075187969924,0.6624988985955811,1.0,-0.4117338741895643,0.1910640689977882,1.4723800471590591,1.0,0.3868818503635797,0.8220203203422025,2.222462638185884,2.1668763056333797,0.7986165466926334,7,9,0.438,281,359,-78,0.333,0.5,-0.96683828420822,0.6153032101935649,,1
276,washington-commanders,2019,53,85,78588363.0,102039583.0,0.3840579710144927,0.6159420289855072,0.4350841868068411,0.564915813193159,1.1328607128178128,0.91715743789007,-0.2318840579710144,0.6235283994480103,1.0,-0.4723583626960934,-0.1298316263863179,0.7701739028575789,1.0,-0.261136643364096,0.2157032749277428,1.235185400925894,2.0500181507078827,0.2112219637405934,3,13,0.188,266,435,-169,0.0,0.167,-1.9775150256575298,1.4593126888381212,,1
277,washington-commanders,2020,53,94,131896856.0,61238549.0,0.3605442176870748,0.6394557823129252,0.6829242727401534,0.3170757272598465,1.89414845458118,0.4958524670978451,-0.2789115646258503,0.5638289055016051,1.0,-0.5730016589653875,0.3658485454803069,2.153813932173245,1.0,0.767241656829466,1.3982959874833352,3.8199762233535295,2.390000921679025,1.3402447262876949,7,9,0.438,335,329,6,0.667,0.417,-0.6807843050720717,-0.10884757402936457,,1
278,washington-commanders,2021,56,97,108019140.0,85547578.0,0.3660130718954248,0.6339869281045751,0.5580460376457899,0.4419539623542101,1.5246614957108189,0.697102641651486,-0.2679738562091503,0.5773186770128084,1.0,-0.5493581329474525,0.1160920752915797,1.2626762570402756,1.0,0.2332352739249694,0.8275588540593328,2.187137470834024,2.221764137362305,0.7825942537796374,7,10,0.412,335,434,-99,0.333,0.5,-1.3709804415922369,0.6444779393244306,,1
279,arizona-cardinals,2024,53,108,164898640.0,92489208.0,0.3291925465838509,0.6708074534161491,0.6406621030531325,0.3593378969468675,1.9461622375764969,0.5356796426707933,-0.3416149068322981,0.4907400091746159,1.0,-0.7118377665804925,0.281324206106265,1.7828910493590735,1.0,0.5782377926591101,1.4104825949057036,3.633064334513439,2.4818418802472904,1.2900769752853574,8,9,0.471,400,379,21,0.5,0.333,-1.106000702564447,-0.04553723291302597,,1
280,tampa-bay-buccaneers,2015,53,113,86632966.0,46934316.0,0.3192771084337349,0.6807228915662651,0.6486091855938193,0.3513908144061807,2.0314929209164907,0.5162024353223539,-0.3614457831325302,0.4690258596611264,1.0,-0.7570942421151219,0.2972183711876386,1.845828955036725,1.0,0.6129300164704752,1.5152904855941367,3.935450215762092,2.5476953562388447,1.370025780727663,6,10,0.375,342,417,-75,0.5,0.417,-1.1172979369877936,-0.148698239211016,,1
281,tampa-bay-buccaneers,2014,53,94,94061905.0,43054987.0,0.3605442176870748,0.6394557823129252,0.6859979367093589,0.3140020632906411,1.9026735225712408,0.4910457798268536,-0.2789115646258503,0.5638289055016051,1.0,-0.5730016589653875,0.3719958734187178,2.1846854916647724,1.0,0.7814733361749814,1.411627742744387,3.874729660669267,2.3937193023980945,1.354476420959148,2,14,0.125,277,410,-133,0.0,0.083,-0.6630193979982612,-0.12661248110317508,,1
282,seattle-seahawks,2024,52,130,170968666.0,82394375.0,0.2857142857142857,0.7142857142857143,0.6747971816457634,0.3252028183542366,2.361790135760172,0.4552839456959312,-0.4285714285714286,0.3999994400007839,1.0,-0.9162886318793004,0.3495943632915268,2.0749977200781924,1.0,0.7299615368502208,1.9065061900642408,5.187498857775826,2.817074081456103,1.6462520887765557,10,7,0.588,375,368,7,0.667,0.5,-1.1596539114552091,-0.4937726116380882,,1
283,buffalo-bills,2015,53,98,91749336.0,46592836.0,0.3509933774834437,0.6490066225165563,0.6632058371904122,0.3367941628095878,1.8895109701085329,0.518937944737222,-0.2980132450331125,0.5408154932332706,1.0,-0.6146742568810444,0.3264116743808243,1.9691667530432009,1.0,0.677611993101691,1.3705730253713109,3.64110458324791,2.408448914845754,1.2922876217884718,8,8,0.5,379,359,20,0.667,0.583,-0.849876040517445,-0.05000536569192232,,1
284,philadelphia-eagles,2019,52,86,118556337.0,51806062.0,0.3768115942028985,0.6231884057971014,0.6959067123726052,0.3040932876273948,1.84682935206576,0.4879636475881451,-0.2463768115942028,0.6046501925380632,1.0,-0.5031025284793235,0.3918134247452103,2.2884570368033224,1.0,0.8278792443901941,1.358865704477615,3.7847605583602273,2.3347929996539047,1.3309831656857587,9,7,0.563,385,354,31,0.833,0.583,-0.5118587593228425,-0.08999167543253692,,1
285,philadelphia-eagles,2020,52,100,140155537.0,60437922.0,0.3421052631578947,0.6578947368421053,0.6987044228595709,0.3012955771404291,2.042366774512592,0.4579692772534522,-0.3157894736842105,0.5199992096012014,1.0,-0.6539250643328581,0.3974088457191418,2.318992235128901,1.0,0.8411341411166698,1.5843974972591397,4.4596055158014,2.500336051766044,1.495060802376113,4,11,0.281,334,418,-84,0.333,0.333,-0.6960039671071049,-0.30647683144687143,,1
286,philadelphia-eagles,2021,62,84,101610988.0,87570464.0,0.4246575342465753,0.5753424657534246,0.537108616758053,0.462891383241947,1.2648041620431572,0.8045493089681459,-0.1506849315068493,0.7380939552176492,1.0,-0.3036817970560126,0.0742172335161059,1.160331507285386,1.0,0.1487076082519866,0.4602548530750112,1.5720634843398384,2.0693534710113037,0.4523898682676079,9,8,0.529,444,385,59,0.5,0.583,-1.1535134600582453,1.1039696445513307,,1
287,philadelphia-eagles,2022,53,93,145718346.0,73727235.0,0.363013698630137,0.636986301369863,0.6640295299452852,0.3359704700547148,1.829213422113427,0.5274375121289071,-0.273972602739726,0.5698915784497801,1.0,-0.5623063947791882,0.3280590598905703,1.976446184067785,1.0,0.6813018814460452,1.30177590998452,3.468107428731642,2.3566509342423343,1.2436095822643478,14,3,0.824,477,344,133,0.667,0.75,-0.775737416684893,0.014611836544583756,,1
288,philadelphia-eagles,2023,53,108,160037713.0,72149399.0,0.3291925465838509,0.6708074534161491,0.6892618269010555,0.3107381730989444,2.093795360963584,0.463230054341945,-0.3416149068322981,0.4907400091746159,1.0,-0.7118377665804925,0.3785236538021111,2.2181362588668003,1.0,0.7966687710808262,1.630565306621639,4.5199805611866415,2.557025415305529,1.508508170813947,11,6,0.647,433,428,5,0.667,0.583,-0.8251080654313206,-0.3264298700461525,,1
289,philadelphia-eagles,2024,53,114,168537098.0,82331356.0,0.3173652694610778,0.6826347305389222,0.6718146315837702,0.3281853684162298,2.116849876877162,0.4807627765395647,-0.3652694610778443,0.4649115996470426,1.0,-0.7659048488151495,0.3436292631675404,2.0470522125151955,1.0,0.7164023017052872,1.636087100337598,4.403097696157138,2.597612653416727,1.482308787470923,14,3,0.824,463,303,160,0.833,0.75,-0.9942116293676319,-0.2938537405511005,,1
290,buffalo-bills,2012,54,62,79492678.0,52940515.0,0.4655172413793103,0.5344827586206896,0.6002473866200598,0.3997526133799401,1.2894203119986472,0.7479242443882752,-0.0689655172413792,0.8709661123859833,1.0,-0.138150061300968,0.2004947732401196,1.501543367037844,1.0,0.4064951564786209,0.541496067610372,1.723996243840196,2.0373445563869224,0.5446457690341453,6,10,0.375,344,435,-91,0.333,0.417,-0.5527585173113087,0.9748761779790194,,1
291,pittsburgh-steelers,2015,53,78,95331909.0,43528532.0,0.4045801526717557,0.5954198473282443,0.6865303632443455,0.3134696367556545,1.6968958034907409,0.526468236089625,-0.1908396946564885,0.6794860382990895,1.0,-0.3864161209281805,0.3730607264886909,2.1900946460241677,1.0,0.7839462168559536,1.1704275674011155,3.223162318266712,2.2233640395803658,1.170363553354392,10,6,0.625,423,319,104,0.5,0.583,-0.4057790914862713,0.12447327630232186,,1
292,baltimore-ravens,2021,56,109,113199729.0,69582228.0,0.3393939393939394,0.6606060606060606,0.6193156636352242,0.3806843363647759,1.824769366068071,0.5762652798182388,-0.3212121212121212,0.5137606901787717,1.0,-0.665994758830086,0.2386313272704482,1.6268440217560436,1.0,0.4866435697058534,1.2485040862498322,3.1665385082806248,2.40103464588631,1.1526395860644436,8,9,0.471,387,392,-5,0.167,0.417,-1.1704975054183073,0.1367187104117344,,1
293,buffalo-bills,2018,53,79,104008378.0,75588198.0,0.4015151515151515,0.5984848484848485,0.5791222768077716,0.4208777231922283,1.4423422743136955,0.7032387273591664,-0.196969696969697,0.6708849549770372,1.0,-0.3991551192366436,0.1582445536155433,1.3759837333075842,1.0,0.3191706444666954,0.7391035469545292,2.05099657798065,2.145581001672862,0.7183265039414741,6,10,0.375,269,374,-105,0.333,0.333,-1.0442577305689658,0.7275712660498508,,1
294,pittsburgh-steelers,2019,53,79,129754417.0,76650512.0,0.4015151515151515,0.5984848484848485,0.6286401086865517,0.3713598913134482,1.5656697046532986,0.6205000715617109,-0.196969696969697,0.6708849549770372,1.0,-0.3991551192366436,0.2572802173731035,1.692801055229982,1.0,0.526386176779312,0.9451696330915876,2.523234489688689,2.1861697762150096,0.925542244864236,8,8,0.5,289,303,-14,0.5,0.5,-0.7580586890873796,0.4413722245682645,,1
295,baltimore-ravens,2015,52,117,65521036.0,75696014.0,0.3076923076923077,0.6923076923076923,0.4639739748139477,0.5360260251860522,1.5079154181453305,0.774259814157631,-0.3846153846153846,0.4444438024700631,1.0,-0.8109284106650113,-0.0720520503721044,0.8655794447171852,1.0,-0.1443539627418252,0.7336556039876992,1.9475548685566504,2.2821752323029614,0.6665753353745097,5,11,0.313,328,401,-73,0.5,0.333,-2.2513013659377594,0.8515767662546598,,1
296,san-francisco-49ers,2015,52,76,74501722.0,62238737.0,0.40625,0.59375,0.544840367985016,0.4551596320149839,1.3411455211938856,0.7665846433936572,-0.1875,0.6842093739631596,1.0,-0.3794888443785798,0.089680735970032,1.1970287622921656,1.0,0.1798442903338732,0.5745608778002285,1.7495051371646682,2.107730164587543,0.5593337148138859,5,11,0.313,238,387,-149,0.167,0.333,-1.2150692388097393,0.9530392019192419,,1
297,san-francisco-49ers,2016,53,86,84921427.0,49080756.0,0.381294964028777,0.6187050359712231,0.6337316683863277,0.3662683316136723,1.6620509793528215,0.5919918383058191,-0.237410071942446,0.6162780736900901,1.0,-0.4840543763410794,0.2674633367726554,1.730234048246128,1.0,0.5482582653163018,1.0700591410470024,2.8075525104481387,2.2540428176586405,1.032313712754094,2,14,0.125,309,480,-171,0.333,0.167,-0.8453361516914849,0.2952392163785054,,1
298,san-francisco-49ers,2017,53,94,78589073.0,66775748.0,0.3605442176870748,0.6394557823129252,0.5406333696101067,0.4593666303898933,1.4994925534468997,0.7183712198650459,-0.2789115646258503,0.5638289055016051,1.0,-0.5730016589653875,0.0812667392202133,1.1769078486249418,1.0,0.162892381456932,0.7811213335818535,2.0873476339725325,2.217863773311945,0.7358948522572902,6,10,0.375,331,383,-52,0.167,0.25,-1.5031854188175198,0.7135535397160835,,1
299,san-francisco-49ers,2018,54,84,99114405.0,100198546.0,0.391304347826087,0.6086956521739131,0.4972803046802513,0.5027196953197487,1.2708274452939756,0.8258966423110157,-0.2173913043478261,0.6428560867364289,1.0,-0.4418318395825426,-0.0054393906394973,0.9891781048798136,1.0,-0.0108788668127971,0.4449308029829599,1.5387226941803145,2.0967240876049917,0.430953439792133,4,12,0.25,342,435,-93,0.167,0.167,-1.5762150335016156,1.1416607946181785,,1
300,san-francisco-49ers,2020,55,119,101109577.0,101549496.0,0.3160919540229885,0.6839080459770115,0.4989146328523865,0.5010853671476134,1.5783844748420957,0.7326794444007122,-0.367816091954023,0.4621841981508363,1.0,-0.7717886064315043,-0.0021707342952269,0.9956659481526322,1.0,-0.0043414667266389,0.8457050304413835,2.1542604103936718,2.311063919242808,0.7674481011760282,6,10,0.375,376,390,-14,0.5,0.333,-2.000873863734231,0.6981100566188215,,1
301,san-francisco-49ers,2021,55,99,138172427.0,56928587.0,0.3571428571428571,0.6428571428571429,0.7082096815755146,0.2917903184244855,1.9829871084114403,0.453896050882533,-0.2857142857142857,0.555554691359369,1.0,-0.5877854204603848,0.416419363151029,2.427110187511616,1.0,0.8867027384293228,1.5290910575289076,4.368803684791137,2.436883159293973,1.474489719578277,10,7,0.588,427,365,62,0.333,0.583,-0.5542735009850966,-0.27462177102506063,,1
302,san-francisco-49ers,2024,53,119,138201567.0,107502682.0,0.3081395348837209,0.6918604651162791,0.5624712131046623,0.4375287868953377,1.825378276490602,0.6323945491260344,-0.3837209302325581,0.4453775075215857,1.0,-0.8088297796587615,0.1249424262093245,1.28556096053687,1.0,0.2511969461211267,1.1929837273645676,2.886450227256121,2.457772825616636,1.0600279999160898,6,11,0.353,389,436,-47,0.167,0.333,-1.6794339600850983,0.28487189954115905,,1
303,atlanta-falcons,2022,53,112,94499866.0,107217621.0,0.3212121212121212,0.6787878787878788,0.4684763200525099,0.5315236799474902,1.458464015257814,0.7830482784940703,-0.3575757575757576,0.4732135885692668,1.0,-0.7482053177534722,-0.0630473598949802,0.8813820650788804,1.0,-0.1262619404239608,0.6754157367637436,1.862544357441558,2.2415122937518843,0.6219441727165925,7,10,0.412,365,386,-21,0.333,0.5,-2.147246524534297,0.9035870474338334,,1
304,seattle-seahawks,2022,53,117,120909675.0,94886891.0,0.3117647058823529,0.6882352941176471,0.5602947129381104,0.4397052870618895,1.7971717207448823,0.6388880239360788,-0.3764705882352941,0.4529907947996998,1.0,-0.7918802666940061,0.1205894258762208,1.274247672649829,1.0,0.2423577285626963,1.1582836968088035,2.812963837870989,2.436059744680961,1.0342392304943158,9,8,0.529,407,401,6,0.667,0.5,-1.6710900470644061,0.31837492142495977,,1
305,baltimore-ravens,2020,53,110,135700177.0,55289068.0,0.3251533742331288,0.6748466257668712,0.7105121390474107,0.2894878609525892,2.185159974806188,0.4289683757752004,-0.3496932515337423,0.4818174678522976,1.0,-0.7301868585904095,0.4210242780948215,2.4543678009212737,1.0,0.8978706206186426,1.756191599030987,5.093976629117953,2.6141283505813884,1.6280592462555858,11,5,0.688,468,303,165,0.667,0.583,-0.7256002475636533,-0.4725636215573582,,1
306,new-england-patriots,2024,53,112,130015616.0,99598323.0,0.3212121212121212,0.6787878787878788,0.5662357283980046,0.4337642716019954,1.7628093431258631,0.639027721556511,-0.3575757575757576,0.4732135885692668,1.0,-0.7482053177534722,0.1324714567960092,1.3053966406917854,1.0,0.2665086998692752,1.123781621569352,2.7585760759424227,2.401837064682374,1.0147151993619208,4,13,0.235,289,417,-128,0.333,0.25,-1.5822248363315614,0.33856535923109815,,1
307,carolina-panthers,2024,52,164,147641087.0,113722705.0,0.2407407407407407,0.7592592592592593,0.5648873008392838,0.4351126991607162,2.3464549419477945,0.573075262309236,-0.5185185185185186,0.317072753123691,1.0,-1.148619872477548,0.1297746016785676,1.298252162432224,1.0,0.2610206396555782,1.7733796796385586,4.094489854618391,2.9195302042570304,1.409642558092553,5,12,0.294,341,534,-193,0.333,0.333,-2.0544765417708475,-0.11809928755998306,,1
308,washington-commanders,2023,53,103,133719895.0,85438357.0,0.3397435897435897,0.6602564102564102,0.6101522246125599,0.3898477753874401,1.795919755463384,0.5904490578683559,-0.3205128205128205,0.5145623274589992,1.0,-0.6644356458475792,0.2203044492251197,1.5650997595315708,1.0,0.4479512050041024,1.205470697595028,3.041611617326311,2.38636881333174,1.112388069040996,4,13,0.235,329,518,-189,0.0,0.167,-1.2214415037858881,0.19169887574265848,,1
309,cleveland-browns,2016,55,83,81775809.0,48446332.0,0.3985507246376811,0.6014492753623188,0.6279716212007296,0.3720283787992704,1.5756378859218303,0.6185532081240881,-0.2028985507246377,0.662649500655047,1.0,-0.411506576125586,0.2559432424014591,1.6879624486311164,1.0,0.523523742282085,0.9570846777977424,2.5472915149996718,2.1941910940459186,0.9350312783711058,1,15,0.063,264,452,-188,0.0,0.083,-0.779032195609027,0.4281260546615598,,1
310,houston-texans,2017,53,100,99775402.0,60053002.0,0.3464052287581699,0.6535947712418301,0.6242657719337547,0.3757342280662453,1.8021257189785749,0.5748733689413554,-0.3071895424836601,0.5299991891012407,1.0,-0.6348769156465133,0.2485315438675093,1.6614512702111903,1.0,0.5076930814704235,1.2272523500372194,3.134816607491531,2.3769990879199305,1.1425712288660697,4,12,0.25,338,436,-98,0.167,0.25,-1.101420091317772,0.1485756769879275,,1
311,new-england-patriots,2023,53,92,122696951.0,99154471.0,0.3655172413793103,0.6344827586206897,0.5530591144914996,0.4469408855085003,1.5130862566276877,0.7044176999862234,-0.2689655172413793,0.5760860485600321,1.0,-0.5514955037373189,0.1061182289829992,1.2374295907895636,1.0,0.2130381256337296,0.8086685566414643,2.1479927444533766,2.217503956613911,0.7645344597265479,4,13,0.235,236,366,-130,0.333,0.333,-1.4026652390826981,0.6704391482340126,,1
312,denver-broncos,2018,53,85,114730854.0,66889142.0,0.3840579710144927,0.6159420289855072,0.6317082729150594,0.3682917270849405,1.6448253143826077,0.5979324510320212,-0.2318840579710144,0.6235283994480103,1.0,-0.4723583626960934,0.2634165458301188,1.7152341777560176,1.0,0.5395512011006846,1.0468928633505863,2.750850134816294,2.2427577654146287,1.0119106118048862,6,10,0.375,329,349,-20,0.333,0.333,-0.8410835051070535,0.3228811682876446,,1
313,denver-broncos,2019,52,86,105297174.0,76932411.0,0.3768115942028985,0.6231884057971014,0.5778269977402407,0.4221730022597593,1.5334639555414078,0.6774403989749626,-0.2463768115942028,0.6046501925380632,1.0,-0.5031025284793235,0.1556539954804814,1.368693938156594,1.0,0.3138586859397528,0.8560235565664452,2.2636112258000383,2.2109043545163702,0.8169620776605209,7,9,0.438,282,316,-34,0.5,0.5,-1.1943260617873472,0.592475627031968,,1
314,las-vegas-raiders,2013,54,62,56659660.0,64874573.0,0.4655172413793103,0.5344827586206896,0.4662032959882176,0.5337967040117825,1.0014737469376525,0.9987164139575284,-0.0689655172413792,0.8709661123859833,1.0,-0.138150061300968,-0.0675934080235649,0.8733707404217818,1.0,-0.1353929942836868,0.002757332980124,1.0027598727543978,2.0001901608951806,0.0027570698262611,4,12,0.25,322,453,-131,0.167,0.333,-1.327495390868649,1.7496130515363602,,1
315,las-vegas-raiders,2014,55,73,78110193.0,46332263.0,0.4296875,0.5703125,0.6276812231992592,0.3723187768007407,1.4607853921728218,0.6528329237054084,-0.140625,0.7534233364631908,1.0,-0.2831256820690214,0.2553624463985185,1.6858659203998818,1.0,0.5222809243145077,0.8079524684674134,2.237606440366297,2.11361831587823,0.8054074257118515,3,13,0.188,253,452,-199,0.167,0.167,-0.6009979033879833,0.6095171832591412,,1
316,las-vegas-raiders,2015,54,89,94352516.0,42719322.0,0.3776223776223776,0.6223776223776224,0.6883435531082613,0.3116564468917386,1.8228357054533588,0.5007513697249284,-0.2447552447552448,0.6067405981583647,1.0,-0.499651281763506,0.3766871062165227,2.2086542772307745,1.0,0.7923848584918592,1.3220843357284304,3.6401938675890295,2.3235870751782874,1.2920374891526678,7,9,0.438,359,399,-40,0.5,0.583,-0.5508920636052309,-0.04159914340906068,,1
317,las-vegas-raiders,2018,53,95,115252545.0,63617692.0,0.3581081081081081,0.6418918918918919,0.6443360669332595,0.3556639330667404,1.799278073700423,0.5540869694092377,-0.2837837837837837,0.5578938677021851,1.0,-0.5835837434930111,0.2886721338665191,1.8116378845039245,1.0,0.5942328966444467,1.2451911042911852,3.2472787229414,2.353365043109661,1.1778178853570622,4,12,0.25,290,467,-177,0.167,0.25,-0.9178737432152161,0.10012078540888569,,1
318,cleveland-browns,2017,53,86,77946523.0,78717529.0,0.381294964028777,0.6187050359712231,0.4975393014857039,0.5024606985142961,1.304867224651186,0.8121167103893855,-0.237410071942446,0.6162780736900901,1.0,-0.4840543763410794,-0.0049213970285921,0.9902034383055526,1.0,-0.0098428538369588,0.4927505142618004,1.6067464210644318,2.1169839350405715,0.4742120441902541,0,16,0.0,234,410,-176,0.0,0.0,-1.6324894535461714,1.0823925182331922,,1
319,las-vegas-raiders,2019,51,92,119270203.0,53875599.0,0.3566433566433566,0.6433566433566433,0.6888425917481962,0.3111574082518039,1.9314606003920007,0.4836468410870429,-0.2867132867132866,0.5543469644389575,1.0,-0.589961694753695,0.3776851834963923,2.2138003456771536,1.0,0.7947121038253012,1.4478137593049578,3.993526769500027,2.4151074414790434,1.3846752603634165,7,9,0.438,313,419,-106,0.5,0.417,-0.6690927705280089,-0.1655684542869254,,1
320,las-vegas-raiders,2022,53,117,122209751.0,77456968.0,0.3117647058823529,0.6882352941176471,0.612068709357617,0.3879312906423829,1.9632392564300924,0.5636608496513256,-0.3764705882352941,0.4529907947996998,1.0,-0.7918802666940061,0.2241374187152341,1.5777720084710745,1.0,0.4560153644636362,1.3995784067787669,3.4830089310541923,2.526900106081418,1.2478970649270935,6,11,0.353,395,418,-23,0.5,0.417,-1.3718510136348407,0.019135887995394396,,1
321,las-vegas-raiders,2023,52,109,155882148.0,67589621.0,0.3229813664596273,0.6770186335403726,0.6975473846094626,0.3024526153905373,2.1597140177331444,0.4467419364942799,-0.3540372670807453,0.4770635155300367,1.0,-0.7401025445617927,0.3950947692189253,2.306295408996081,1.0,0.8356439517437977,1.7129720812388645,4.834355154400516,2.606455954227424,1.5757482126936475,8,9,0.471,332,331,1,0.667,0.5,-0.8130690737331914,-0.41016723140368533,,1
322,las-vegas-raiders,2024,54,101,111854212.0,114687684.0,0.3483870967741935,0.6516129032258065,0.4937462516867079,0.5062537483132922,1.417234611322958,0.7769240691936661,-0.3032258064516129,0.5346526448400005,1.0,-0.6261351345630222,-0.0125074966265842,0.9752920902603692,1.0,-0.0250162477653393,0.6403105421292918,1.8241586834028136,2.194158680516624,0.6011195909469188,4,13,0.235,309,434,-125,0.0,0.25,-1.8443471616430567,0.9143803169194821,,1
323,houston-texans,2013,53,60,77438733.0,46388080.0,0.4690265486725664,0.5309734513274337,0.6253793594768525,0.3746206405231474,1.3333559928468743,0.7055355396519276,-0.0619469026548673,0.8833316697253553,1.0,-0.12405239992834,0.2507587189537051,1.669362609708104,1.0,0.5124434817684926,0.6278204531949467,1.889846829910011,2.038891532498802,0.6364965333987577,2,14,0.125,276,428,-152,0.167,0.167,-0.3872480985321125,0.8498752286610344,,1
324,green-bay-packers,2024,52,86,154542400.0,97044578.0,0.3768115942028985,0.6231884057971014,0.6142702664046468,0.3857297335953532,1.630178783920024,0.6189616655367296,-0.2463768115942028,0.6046501925380632,1.0,-0.5031025284793235,0.2285405328092935,1.592484634758299,1.0,0.4652970878608022,1.0112171183832943,2.6337271610823647,2.2491404494567537,0.9684006278935212,11,6,0.647,460,338,122,0.167,0.5,-0.9836942920898838,0.3818438573345043,,1
325,green-bay-packers,2023,53,89,120689913.0,97355803.0,0.3732394366197183,0.6267605633802817,0.5535073800762038,0.4464926199237962,1.4829820371853009,0.7123814834739219,-0.2535211267605634,0.5955046678464849,1.0,-0.5183433724426695,0.1070147601524076,1.2396758998945423,1.0,0.2148517810598031,0.7706005537113789,2.081721647553098,2.195363520659223,0.7331959408324668,9,8,0.529,383,350,33,0.667,0.583,-1.3555040518632728,0.7124186392521339,,1
326,los-angeles-chargers,2015,53,113,91395667.0,49418988.0,0.3192771084337349,0.6807228915662651,0.6490493975928855,0.3509506024071145,2.032871698121113,0.5155557522086816,-0.3614457831325302,0.4690258596611264,1.0,-0.7570942421151219,0.298098795185771,1.8493985869879817,1.0,0.6148620388366265,1.5173159459124317,3.943060951897433,2.5484274503297946,1.3719578049453365,4,12,0.25,320,398,-78,0.0,0.25,-1.114753636330813,-0.15124253986799657,,1
327,indianapolis-colts,2017,53,111,90264198.0,66010457.0,0.3231707317073171,0.676829268292683,0.5775997265839429,0.4224002734160571,1.7872897199955968,0.6240868904525528,-0.3536585365853659,0.4774767720163008,1.0,-0.7392366709017633,0.1551994531678857,1.3674194727510167,1.0,0.3129270984104628,1.163202829543044,2.863842973622764,2.411376610448149,1.0521649794558483,4,12,0.25,263,404,-141,0.333,0.25,-1.505239596930907,0.28418921769828137,,1
328,los-angeles-chargers,2020,55,76,134191298.0,61639798.0,0.4198473282442748,0.5801526717557252,0.6852399886481767,0.3147600113518233,1.6321170638711118,0.5425468616722218,-0.1603053435114503,0.7236829631254188,1.0,-0.3233994969212399,0.3704799772963534,2.177016733124712,1.0,0.7779569278873314,1.08957020219889,3.0082453165342105,2.1746639255433333,1.1013575701620235,7,9,0.438,384,426,-42,0.5,0.5,-0.32511924750411736,0.2200491195745799,,1
329,las-vegas-raiders,2021,54,97,129494524.0,60436450.0,0.3576158940397351,0.6423841059602649,0.6817978198753406,0.3182021801246594,1.906508718540304,0.4953456618435419,-0.2847682119205297,0.5567001643121153,1.0,-0.5857256923465411,0.3635956397506812,2.1426492959883032,1.0,0.7620445188464924,1.4111630566967623,3.8488373202007886,2.4018543803838464,1.3477716324558908,10,7,0.588,374,439,-65,0.5,0.667,-0.7041963440671583,-0.11923845608152078,,1
330,cleveland-browns,2020,52,112,143629461.0,55472311.0,0.3170731707317073,0.6829268292682927,0.7213871557104976,0.2786128442895023,2.2751441064715694,0.4079688077096284,-0.3658536585365854,0.4642850344397709,1.0,-0.7672534631571292,0.4427743114209952,2.589200682220651,1.0,0.951350597393459,1.867175298761941,5.576746277486539,2.683112914181198,1.7186059414611448,11,5,0.688,408,419,-11,0.5,0.583,-0.7093823939008039,-0.5820547994486754,,1
331,cleveland-browns,2021,56,102,126473899.0,76169774.0,0.3544303797468354,0.6455696202531646,0.6241196536148454,0.3758803463851546,1.760909022699028,0.5822460267534747,-0.2911392405063291,0.549018757402317,1.0,-0.599619850142939,0.2482393072296908,1.6604166703588648,1.0,0.5070701793675181,1.1786629959455532,3.024333215607132,2.343155049452503,1.1066912104813982,8,9,0.471,349,371,-22,0.5,0.417,-1.0559456993168317,0.19573911397440324,,1
332,cleveland-browns,2022,53,100,132199512.0,54314471.0,0.3464052287581699,0.6535947712418301,0.708791426109859,0.291208573890141,2.0461337395246875,0.4455491180519156,-0.3071895424836601,0.5299991891012407,1.0,-0.6348769156465133,0.417582852219718,2.4339564686745194,1.0,0.889519520570788,1.600584621472772,4.592376158424161,2.491682857576603,1.5243980604219538,7,10,0.412,361,381,-20,0.5,0.333,-0.6128857535255768,-0.3399586608042678,,1
333,dallas-cowboys,2024,53,98,97500830.0,142914167.0,0.3509933774834437,0.6490066225165563,0.4055521960637089,0.594447803936291,1.1554411623701897,0.9159348815753056,-0.2980132450331125,0.5408154932332706,1.0,-0.6146742568810444,-0.188895607872582,0.6822323358685288,1.0,-0.3823825449532507,0.239506280794884,1.261486950792846,2.071376043945495,0.2322920103162995,7,10,0.412,350,468,-118,0.5,0.417,-2.33904110140338,1.4391596951940124,,1
334,indianapolis-colts,2012,54,41,75488533.0,46106865.0,0.5684210526315789,0.431578947368421,0.6208173519856401,0.3791826480143599,1.092178674789552,0.8785939405210778,0.1368421052631578,1.3170701189838707,1.0,0.275411422047192,0.2416347039712802,1.6372471630478365,1.0,0.4930178831385333,0.2135847342684743,1.2430969317235103,1.9707726153106295,0.217606707167262,11,5,0.688,357,387,-30,0.667,0.667,0.16006191333657416,1.449919462593927,,1
335,dallas-cowboys,2020,52,100,108629975.0,82652526.0,0.3421052631578947,0.6578947368421053,0.5679033598583072,0.4320966401416928,1.660025205739667,0.6567868930153731,-0.3157894736842105,0.5199992096012014,1.0,-0.6539250643328581,0.1358067197166143,1.314294055556705,1.0,0.2733014424601989,1.003238312724294,2.527490569471888,2.31681209875504,0.9272275431374464,6,10,0.375,395,473,-78,0.333,0.417,-1.4519970596030694,0.4495162610490931,,1
336,indianapolis-colts,2023,52,114,150648067.0,73225253.0,0.3132530120481928,0.6867469879518072,0.6729165717469148,0.3270834282530853,2.148156748268997,0.4762793779825627,-0.3734939759036144,0.4561396866737895,1.0,-0.784952993649762,0.3458331434938295,2.057317663640771,1.0,0.7214045153645857,1.6718773702864345,4.5102776590717415,2.62443612625156,1.5063591823391742,9,8,0.529,396,415,-19,0.5,0.583,-1.0115775206141189,-0.32395743579652164,,1
337,jacksonville-jaguars,2013,53,79,66805513.0,53384928.0,0.4015151515151515,0.5984848484848485,0.5558305006968066,0.4441694993031933,1.3843325677731788,0.7421566317471079,-0.196969696969697,0.6708849549770372,1.0,-0.3991551192366436,0.1116610013936132,1.2513899540126674,1.0,0.2242566958591716,0.6421759360260709,1.865281051566271,2.126489199520287,0.6234124620022644,4,12,0.25,247,449,-202,0.5,0.333,-1.1788775986940587,0.8621911341749435,,1
338,jacksonville-jaguars,2014,53,93,87789968.0,41394406.0,0.363013698630137,0.636986301369863,0.6795711066417367,0.3204288933582633,1.8720260673527087,0.5030389078527574,-0.273972602739726,0.5698915784497801,1.0,-0.5623063947791882,0.3591422132834734,2.1208105758158093,1.0,0.7517998342061061,1.3689871594999512,3.721426547137213,2.3750649752054662,1.314107609368916,3,13,0.188,249,412,-163,0.167,0.167,-0.6859115057983732,-0.07521407434193617,,1
339,dallas-cowboys,2015,52,114,80128732.0,57687766.0,0.3132530120481928,0.6867469879518072,0.5814161088319049,0.4185838911680951,1.856059116655696,0.6095168941570508,-0.3734939759036144,0.4561396866737895,1.0,-0.784952993649762,0.1628322176638097,1.3890040493564304,1.0,0.3285886990084696,1.246542222498645,3.04512654090752,2.4655760108127467,1.113542996022474,4,12,0.25,275,374,-99,0.5,0.25,-1.540424277182621,0.2048893207719808,,1
340,dallas-cowboys,2014,51,92,87696782.0,42530594.0,0.3566433566433566,0.6433566433566433,0.6734128007002153,0.3265871992997847,1.8881966764731528,0.507630103259448,-0.2867132867132866,0.5543469644389575,1.0,-0.589961694753695,0.3468256014004305,2.061963053607061,1.0,0.7236599526600647,1.380566573213705,3.719623688046758,2.3958267797326007,1.3136230336466166,12,4,0.75,467,352,115,0.667,0.667,-0.7582725920315768,-0.07638863278335739,,1
341,jacksonville-jaguars,2019,53,99,122743628.0,67796541.0,0.3486842105263157,0.6513157894736842,0.6441876725741752,0.3558123274258248,1.8474816270051817,0.5462977148356098,-0.3026315789473684,0.5353527133978542,1.0,-0.6248266040144091,0.2883753451483503,1.8104652718734005,1.0,0.5935854208695225,1.301183912169572,3.38181580302842,2.393779341840792,1.2184133263521335,6,10,0.375,300,397,-97,0.333,0.5,-0.9731235070178311,0.04658637632677537,,1
342,jacksonville-jaguars,2020,54,123,87879404.0,96408848.0,0.3050847457627119,0.6949152542372882,0.4768584163465829,0.523141583653417,1.563035920247133,0.7528134984280879,-0.3898305084745763,0.439023758478006,1.0,-0.8231984700590922,-0.046283167306834,0.9115266683442128,1.0,-0.0926323305892322,0.810222421819045,2.0762563998313337,2.3158494186752208,0.730567104120172,1,15,0.063,306,492,-186,0.167,0.083,-2.1918830577194552,0.7620582298351458,,1
343,jacksonville-jaguars,2021,58,97,126905443.0,53567826.0,0.3741935483870968,0.6258064516129033,0.7031813836097799,0.2968186163902201,1.879191628612343,0.4742977890771558,-0.2516129032258065,0.5979371888632549,1.0,-0.5142668934836091,0.4063627672195598,2.369052935791575,1.0,0.8624916922395626,1.404893839535187,3.962041801263482,2.3534894176894987,1.3767600309103265,3,14,0.176,253,457,-204,0.167,0.25,-0.48492384439102254,-0.1471478386509005,,1
344,jacksonville-jaguars,2022,51,86,159988522.0,71244658.0,0.3722627737226277,0.6277372262773723,0.6918925821977624,0.3081074178022375,1.858613407080264,0.4908222818477504,-0.2554744525547445,0.5930223111156206,1.0,-0.5225205702802673,0.3837851643955248,2.2456140183805706,1.0,0.8089804339551785,1.3677911252325132,3.7867262532521657,2.3494356889280144,1.331502398430504,9,8,0.529,404,350,54,0.667,0.667,-0.5613138071528562,-0.09304565258422709,,1
345,houston-texans,2024,53,113,180926822.0,72679779.0,0.3192771084337349,0.6807228915662651,0.7134152710796356,0.2865847289203643,2.2344704716833874,0.4210005752281458,-0.3614457831325302,0.4690258596611264,1.0,-0.7570942421151219,0.4268305421592713,2.4893607709191885,1.0,0.9120273607195976,1.8134698964552416,5.307510952833137,2.655471046911533,1.6691234257783971,10,7,0.588,372,372,0,0.833,0.667,-0.7427371203183847,-0.5232590558804251,,1
346,houston-texans,2023,53,128,142196787.0,84781756.0,0.292817679558011,0.7071823204419889,0.6264767811114199,0.3735232188885801,2.1394773090786225,0.5281851767096329,-0.4143646408839779,0.414061914490574,1.0,-0.8817363493404875,0.2529535622228397,1.6772052505069126,1.0,0.5171304630559146,1.6112921323689895,4.050612082290042,2.667662485788256,1.398868468532657,10,7,0.588,377,353,24,0.667,0.583,-1.3979333474686582,-0.17349559264399533,,1
347,houston-texans,2022,52,105,113791851.0,98874792.0,0.3312101910828025,0.6687898089171974,0.5350714592320903,0.4649285407679097,1.6155042134507342,0.6951788657196365,-0.3375796178343949,0.4952373547403362,1.0,-0.7027151075868621,0.0701429184641806,1.1508656953660752,1.0,0.1405163066661778,0.9203253477310978,2.3238650788287663,2.3106830791703707,0.8432324007245469,3,13,0.206,289,420,-131,0.583,0.292,-1.7046394368829423,0.5763920546069312,,1
348,dallas-cowboys,2013,54,86,72038158.0,44201931.0,0.3857142857142857,0.6142857142857143,0.6197359157218126,0.3802640842781873,1.606722744463959,0.6190345558017003,-0.2285714285714286,0.6279059545717018,1.0,-0.4653622850056534,0.2394718314436252,1.629747093131584,1.0,0.4884264587817226,0.9876881886622584,2.595525781040356,2.225757300265659,0.953789731596979,8,8,0.5,439,432,7,0.833,0.583,-0.9007205556866235,0.40163778410972256,,1
349,jacksonville-jaguars,2024,53,101,142873539.0,109209428.0,0.3441558441558441,0.6558441558441559,0.5667718874476751,0.4332281125523249,1.6468466163573954,0.6605656369609706,-0.3116883116883117,0.5247516751311091,1.0,-0.6448272223842948,0.1335437748953502,1.308249771370619,1.0,0.2686919558871717,0.9862809793964248,2.4930817334855786,2.307412253318366,0.9135201964176763,4,13,0.235,320,435,-115,0.5,0.333,-1.4467012728176911,0.46789122788332665,,1
350,houston-texans,2021,56,112,115736939.0,71088595.0,0.3333333333333333,0.6666666666666666,0.6194920818478699,0.3805079181521301,1.8584762455436097,0.5707618772281952,-0.3333333333333333,0.499999250001125,1.0,-0.6931456805633205,0.2389841636957397,1.6280619252140438,1.0,0.4873919186820347,1.2877143683154144,3.2561267028594383,2.429238122771805,1.1805388991128634,4,13,0.235,280,452,-172,0.5,0.333,-1.2044579718050243,0.10071894943382081,,1
351,houston-texans,2020,55,100,141313765.0,69467596.0,0.3548387096774194,0.6451612903225806,0.6704281836381158,0.3295718163618841,1.8893885175255996,0.5108363153609203,-0.2903225806451612,0.5499991475013214,1.0,-0.5978357325765721,0.3408563672762317,2.034233863820732,1.0,0.710120759896273,1.378552202164679,3.6986110072845695,2.4002248328865194,1.307957875003693,4,12,0.25,384,464,-80,0.333,0.25,-0.7859387479504959,-0.06955430635266507,,1
352,cleveland-browns,2024,52,134,129961235.0,118173810.0,0.2795698924731182,0.7204301075268817,0.523752035912541,0.4762479640874589,1.873420743841012,0.6610606068676668,-0.4408602150537635,0.3880591628432515,1.0,-0.9465938925115428,0.0475040718250821,1.09974419979286,1.0,0.0950795164171713,1.2123601369733452,2.833957870761717,2.5344813507086785,1.0416748092956494,3,14,0.176,258,435,-177,0.333,0.25,-2.068115777381197,0.34376183483988704,,1
353,cleveland-browns,2023,53,101,136190604.0,85704921.0,0.3441558441558441,0.6558441558441559,0.6137600296355683,0.3862399703644316,1.783378199318444,0.5889203508526978,-0.3116883116883117,0.5247516751311091,1.0,-0.6448272223842948,0.2275200592711366,1.5890598790088597,1.0,0.4631441995988106,1.1944578484657464,3.0282111469320907,2.3722985501711418,1.1079726253609918,11,6,0.647,396,362,34,0.5,0.667,-1.175123121171307,0.19631307623694244,,1
354,cincinnati-bengals,2020,54,91,115462613.0,82174741.0,0.3724137931034483,0.6275862068965518,0.5842145255597786,0.4157854744402214,1.568724189003109,0.6625153164157375,-0.2551724137931034,0.5934056478701215,1.0,-0.5218743681763197,0.1684290511195571,1.4050830449603104,1.0,0.3400981194708213,0.9062088725873716,2.367827252149839,2.2312395054188463,0.8619734008709566,4,11,0.281,311,424,-113,0.167,0.333,-1.1827908314653728,0.5301746545143707,,1
355,los-angeles-chargers,2023,53,91,132544014.0,85970912.0,0.3680555555555556,0.6319444444444444,0.6065673243758186,0.3934326756241814,1.6480319756626016,0.622574783405298,-0.2638888888888888,0.5824166607912181,1.0,-0.5405664584036176,0.2131346487516372,1.5417270100570353,1.0,0.4329048718091345,1.0254571922573037,2.647118663447482,2.2706067590678995,0.9734723584340176,5,12,0.294,346,398,-52,0.167,0.25,-1.0787525075286446,0.37582728776730134,,1
356,los-angeles-chargers,2016,53,91,101639984.0,53830383.0,0.3680555555555556,0.6319444444444444,0.653757921598011,0.3462420784019889,1.7762479379266711,0.5478995526361143,-0.2638888888888888,0.5824166607912181,1.0,-0.5405664584036176,0.3075158431960221,1.888147265254489,1.0,0.635597594962876,1.228348385290557,3.2419166751714488,2.324147490562786,1.1761652842930548,5,11,0.313,410,423,-13,0.167,0.333,-0.806004223132882,0.10307900337153875,,1
357,denver-broncos,2020,53,93,102374592.0,93405549.0,0.363013698630137,0.636986301369863,0.5229059059672452,0.4770940940327548,1.4404577787022224,0.7489864271912064,-0.273972602739726,0.5698915784497801,1.0,-0.5623063947791882,0.0458118119344903,1.0960202955500211,1.0,0.0916876185801041,0.6914713515110159,1.923206887603058,2.189444205893429,0.6539947409002324,5,11,0.313,323,446,-123,0.167,0.333,-1.591391987583643,0.8302664074433339,,1
358,chicago-bears,2016,53,106,73471561.0,74851992.0,0.3333333333333333,0.6666666666666666,0.4953465549736393,0.5046534450263607,1.4860396649209178,0.7569801675395411,-0.3333333333333333,0.499999250001125,1.0,-0.6931456805633205,-0.0093068900527213,0.9815559138645154,1.0,-0.0186142803333893,0.7290594973813767,1.9631131244005409,2.243019832460459,0.6745322148874668,3,13,0.188,279,399,-120,0.333,0.25,-1.9219839507818444,0.8182449284106409,,1
359,chicago-bears,2015,53,91,89976736.0,51535992.0,0.3680555555555556,0.6319444444444444,0.6358208005148483,0.3641791994851516,1.7275131183799657,0.5762835684160641,-0.2638888888888888,0.5824166607912181,1.0,-0.5405664584036176,0.2716416010296967,1.7458961289321062,1.0,0.5572695375416271,1.1512295499639014,2.997673741512962,2.3037966867960296,1.097837147245867,6,10,0.375,335,397,-62,0.167,0.25,-0.9096757019954332,0.20675048223408987,,1
360,chicago-bears,2014,54,81,81640084.0,49792560.0,0.4,0.6,0.6211553044615005,0.3788446955384995,1.5528882611537511,0.6314078258974992,-0.1999999999999999,0.6666655555574075,1.0,-0.4054642747765672,0.2423106089230009,1.6395997414688237,1.0,0.4944537618706587,0.921480435256252,2.459402208935612,2.1842960870512504,0.8999189598773049,5,11,0.313,319,442,-123,0.167,0.333,-0.8100637657291925,0.4758872443689203,,1
361,minnesota-vikings,2020,52,101,112701789.0,82327618.0,0.3398692810457516,0.6601307189542484,0.57787074643569,0.4221292535643099,1.7002735423973188,0.6394631266865289,-0.3202614379084967,0.5148507052261594,1.0,-0.663875370806806,0.1557414928713801,1.3689394246357984,1.0,0.3140380279245907,1.0608104157107898,2.658903715533691,2.339736669083848,0.9779144889648808,7,9,0.438,430,475,-45,0.667,0.417,-1.4072938485177935,0.37900213016726897,,1
362,minnesota-vikings,2021,56,93,118144787.0,70475888.0,0.3758389261744966,0.6241610738255033,0.6263618078983123,0.3736381921016877,1.6665698103008664,0.5986246303564673,-0.2483221476510066,0.6021495729001467,1.0,-0.507246743856615,0.2527236157966246,1.676381442682932,1.0,0.5166391637846443,1.067945179944399,2.783993410553544,2.265194440657334,1.0238869756051916,8,9,0.471,425,426,-1,0.667,0.5,-0.91942257369807,0.3063442063338355,,1
363,detroit-lions,2024,52,130,151659744.0,82775095.0,0.2857142857142857,0.7142857142857143,0.6469164081879486,0.3530835918120514,2.26420742865782,0.494317028536872,-0.4285714285714286,0.3999994400007839,1.0,-0.9162886318793004,0.2938328163758971,1.832185326660488,1.0,0.6055109677699781,1.7698904001209477,4.5804670231422255,2.758524457194692,1.5218014047014352,15,2,0.882,564,342,222,1.0,0.917,-1.320796884332648,-0.33262963876064927,,1
364,detroit-lions,2021,56,112,76519893.0,120072652.0,0.3333333333333333,0.6666666666666666,0.3892308988624162,0.6107691011375839,1.1676926965872485,0.916153651706376,-0.3333333333333333,0.499999250001125,1.0,-0.6931456805633205,-0.2215382022751676,0.6372789010749839,1.0,-0.450545314783519,0.2515390448808726,1.2745584977518507,2.0838463482936245,0.2426006987591935,3,13,0.206,325,467,-142,0.333,0.25,-2.535302384019553,1.4315633616483494,,1
365,minnesota-vikings,2023,52,105,122035441.0,90702436.0,0.3312101910828025,0.6687898089171974,0.5736422809183153,0.4263577190816847,1.7319584250802982,0.6375063037697573,-0.3375796178343949,0.4952373547403362,1.0,-0.7027151075868621,0.1472845618366305,1.345445173852333,1.0,0.2967266858125752,1.094452121310541,2.716766403833726,2.369464728850056,0.999442928359281,7,10,0.412,344,362,-18,0.333,0.5,-1.4817110133853604,0.35346363110934936,,1
366,minnesota-vikings,2024,52,107,164432512.0,88130755.0,0.3270440251572327,0.6729559748427673,0.6510547394843448,0.3489452605156553,1.9907250688079,0.5185261347849457,-0.3459119496855345,0.4859805862531475,1.0,-0.7215835441730503,0.3021094789686895,1.865773653863632,1.0,0.6236773308554069,1.4721989340229544,3.839191693668133,2.5092512035928456,1.3452623503309695,14,3,0.824,432,332,100,0.667,0.75,-1.0583348693041787,-0.11800438901145227,,1
367,detroit-lions,2020,52,100,136316057.0,64958058.0,0.3421052631578947,0.6578947368421053,0.6772657129805291,0.3227342870194709,1.9796997764046236,0.4905561162695958,-0.3157894736842105,0.5199992096012014,1.0,-0.6539250643328581,0.3545314259610581,2.098517702341204,1.0,0.7412327159919931,1.4891436601350276,4.035615243866197,2.4702558926742197,1.3951592720200727,5,11,0.313,377,519,-142,0.167,0.333,-0.8199136373245713,-0.18256716122940508,,1
368,detroit-lions,2019,53,86,93511403.0,83116096.0,0.381294964028777,0.6187050359712231,0.529427204310921,0.4705727956890789,1.3884977622493966,0.760576960474209,-0.237410071942446,0.6162780736900901,1.0,-0.4840543763410794,0.0588544086218421,1.1250673309074952,1.0,0.117844772393033,0.6279208017751876,1.8255824312654143,2.1490747227236056,0.6018997967419463,3,12,0.219,341,423,-82,0.0,0.208,-1.4481864080134774,0.8980894727004979,,1
369,new-england-patriots,2013,53,79,84784241.0,39252844.0,0.4015151515151515,0.5984848484848485,0.6835394511246374,0.3164605488753625,1.7024001424236257,0.5287695247031374,-0.196969696969697,0.6708849549770372,1.0,-0.3991551192366436,0.3670789022492748,2.159944718572579,1.0,0.770084091087404,1.173630617720488,3.219544325734472,2.231169667126763,1.1692404232010367,12,4,0.75,444,338,106,0.667,0.75,-0.4407560409784543,0.12406957645933914,,1
370,new-england-patriots,2015,52,118,96415003.0,44901419.0,0.3058823529411765,0.6941176470588235,0.6822632616611253,0.3177367383388747,2.230476047738294,0.4577563179458365,-0.388235294117647,0.4406773312275737,1.0,-0.8194390773357404,0.3645265233222505,2.147252842007315,1.0,0.7641907429289109,1.7727197297924575,4.872616909211732,2.6882323656841307,1.5836315941276375,12,4,0.75,465,315,150,0.667,0.75,-1.000097671944405,-0.42052002731365223,,1
371,carolina-panthers,2023,53,122,136455085.0,96316857.0,0.3028571428571429,0.6971428571428572,0.5862179256982786,0.4137820743017215,1.93562522636224,0.5935398606786988,-0.3942857142857143,0.4344256063567122,1.0,-0.8337272637249944,0.1724358513965571,1.416727657813334,1.0,0.3483514517644018,1.3420853656835414,3.2611490709315314,2.529165087040939,1.1820801256483042,2,15,0.118,236,416,-180,0.167,0.083,-1.5726731691035685,0.11713414627022528,,1
372,carolina-panthers,2022,53,95,128149331.0,74099720.0,0.3581081081081081,0.6418918918918919,0.6336214205524258,0.3663785794475743,1.7693579290897927,0.5707792606130632,-0.2837837837837837,0.5578938677021851,1.0,-0.5835837434930111,0.2672428411048514,1.7294124893854557,1.0,0.5477833275489651,1.1985786684767294,3.0998933410720304,2.340137189702856,1.131368269970011,7,10,0.412,347,374,-27,0.667,0.5,-0.9798013641885178,0.16204840638218743,,1
373,carolina-panthers,2021,56,106,96749377.0,85022554.0,0.345679012345679,0.654320987654321,0.5322569687615851,0.4677430312384149,1.5397433739174426,0.7148525571756909,-0.308641975308642,0.5283010793889164,1.0,-0.6380860388246785,0.0645139375231702,1.1379235932789211,1.0,0.1292070710088712,0.8248908167417518,2.153928393391231,2.2545959310931334,0.7672939840893218,5,12,0.294,304,404,-100,0.333,0.25,-1.6373964274665718,0.6761689793566517,,1
374,carolina-panthers,2020,53,108,119293249.0,84746051.0,0.3291925465838509,0.6708074534161491,0.5846581957495444,0.4153418042504557,1.776037160673144,0.6191669489289201,-0.3416149068322981,0.4907400091746159,1.0,-0.7118377665804925,0.1693163914990886,1.4076521604958152,1.0,0.3419248925123798,1.156870211744224,2.868425543902033,2.395204109602064,1.053763851316667,5,11,0.313,350,402,-52,0.167,0.333,-1.4296874227089762,0.2781494872315032,,1
375,new-england-patriots,2020,53,118,103996819.0,82652805.0,0.3099415204678362,0.6900584795321637,0.5571766863028881,0.442823313697112,1.797683270901771,0.6417185308661538,-0.3801169590643274,0.4491518914832759,1.0,-0.8003909336551459,0.1143533726057761,1.2582341779091926,1.0,0.2297110866767191,1.1559647400356172,2.8013535266339296,2.4394018017679246,1.0301032590204957,7,9,0.438,326,353,-27,0.5,0.5,-1.6996342712368215,0.3258733186863431,,1
376,carolina-panthers,2019,53,72,117133265.0,66172900.0,0.424,0.576,0.6390034126784552,0.3609965873215448,1.5070835204680548,0.6267301863221263,-0.1519999999999999,0.7361098331426508,1.0,-0.3063735830857527,0.2780068253569103,1.7701043860697254,1.0,0.5710400849630507,0.8803533341459285,2.404672933721614,2.133813706790181,0.8774145635481271,5,11,0.313,340,470,-130,0.167,0.167,-0.5683855058369305,0.511251484840593,,1
377,los-angeles-chargers,2024,53,121,183462766.0,76379799.0,0.3045977011494253,0.6954022988505747,0.7060535520806609,0.2939464479193391,2.317987133245943,0.4226998507269836,-0.3908045977011494,0.4380158990515171,1.0,-0.8254967870466355,0.4121071041613217,2.4019720432286458,1.0,0.8762915009566171,1.8952872825189595,5.483753177357805,2.740686983972927,1.7017901843201275,11,6,0.647,402,301,101,0.667,0.667,-0.8700111811719399,-0.5654358157729407,,1
378,minnesota-vikings,2014,54,87,88042001.0,41978128.0,0.3829787234042553,0.6170212765957447,0.6771413140191547,0.3228586859808453,1.7680912088277927,0.5232537324517148,-0.2340425531914893,0.6206886492287409,1.0,-0.4769230816709491,0.3542826280383093,2.097323832679836,1.0,0.7406636434402529,1.244837476376078,3.3790257386557885,2.2913449412795077,1.2175879905252052,7,9,0.438,325,343,-18,0.167,0.5,-0.5847225108919681,0.054061946720394216,,1
379,chicago-bears,2017,53,87,110629152.0,57093149.0,0.3785714285714285,0.6214285714285714,0.6595971516035902,0.3404028483964097,1.7423320985755213,0.5477746985689351,-0.2428571428571428,0.6091944219859875,1.0,-0.4956151727906244,0.3191943032071805,1.9376900546537623,1.0,0.6614980862348544,1.1945574000065862,3.1807400421876446,2.2901067971444564,1.15711446132983,5,11,0.313,264,320,-56,0.0,0.083,-0.711560466224925,0.1300245695397097,,1
380,denver-broncos,2024,52,96,150535729.0,101603764.0,0.3513513513513513,0.6486486486486487,0.5970335198540277,0.4029664801459722,1.69924924881531,0.6212399902250405,-0.2972972972972973,0.5416658315985096,1.0,-0.6131031684020914,0.1940670397080555,1.4815923102225432,1.0,0.3931190696581701,1.0780092585902694,2.735249726840735,2.3204892390403504,1.0062233280034802,10,7,0.588,425,311,114,0.5,0.5,-1.2302671657863353,0.33451800855322084,,1
381,los-angeles-rams,2022,54,104,113511363.0,86758793.0,0.3417721518987341,0.6582278481012658,0.5667912047764121,0.4332087952235879,1.658389080642095,0.6581441312050662,-0.3164556962025316,0.5192299804006067,1.0,-0.6554054458850682,0.1335824095528242,1.3083526989131913,1.0,0.2687706284903828,1.0002449494370285,2.5197923710315657,2.316533211847161,0.9241771086757192,5,12,0.294,307,384,-77,0.167,0.25,-1.460347625442222,0.4540215778825281,,1
382,los-angeles-rams,2023,52,97,131880407.0,85294151.0,0.348993288590604,0.6510067114093959,0.6072553259208199,0.3927446740791801,1.7400200685038876,0.6032882106989468,-0.3020134228187919,0.5360816507611756,1.0,-0.6234659306227398,0.2145106518416397,1.5461795406011098,1.0,0.4357887225170547,1.1367318578049408,2.884222090575712,2.3433082792028346,1.059255798991519,10,7,0.588,404,377,27,0.833,0.667,-1.1847980972904573,0.2618287899218215,,1
383,denver-broncos,2022,53,122,108893408.0,102562977.0,0.3028571428571429,0.6971428571428572,0.514968644716025,0.485031355283975,1.7003681665151769,0.6957416981532428,-0.3942857142857143,0.4344256063567122,1.0,-0.8337272637249944,0.0299372894320499,1.0617201906345464,1.0,0.0598923559895268,1.004626468361934,2.443961210126358,2.39610986466842,0.8936207578207577,5,12,0.294,287,359,-72,0.167,0.25,-1.9844738305964142,0.528934807763071,,1
384,los-angeles-rams,2015,53,83,94007833.0,46679057.0,0.3897058823529412,0.6102941176470589,0.6682060638343772,0.3317939361656228,1.7146419751221753,0.5436623532352375,-0.2205882352941177,0.6385531705634795,1.0,-0.448547766762907,0.3364121276687544,2.013912784675012,1.0,0.7000809853711397,1.170979621886938,3.1538671218478607,2.2583043283574127,1.1486299408234164,7,9,0.438,280,330,-50,0.667,0.5,-0.5975384564072833,0.14453243121444068,,1
385,miami-dolphins,2015,52,112,90566641.0,54312295.0,0.3170731707317073,0.6829268292682927,0.6251194514570427,0.3748805485429572,1.971530577672212,0.5489322317950446,-0.3658536585365854,0.4642850344397709,1.0,-0.7672534631571292,0.2502389029140854,1.667511921796842,1.0,0.5113342479784209,1.4225983458771672,3.591567176986513,2.520462809467256,1.2785891540150829,6,10,0.375,310,389,-79,0.167,0.333,-1.2657824550023955,-0.025654738347083594,,1
386,los-angeles-rams,2013,53,43,69722934.0,54610123.0,0.5520833333333334,0.4479166666666667,0.5607755144313712,0.4392244855686288,1.0157443280266345,0.9805942003392644,0.1041666666666666,1.2325553877833204,1.0,0.2090913766220264,0.1215510288627423,1.2767371950317994,1.0,0.2443095403919518,0.0351501276873702,1.0358446866507294,1.9963385283658988,0.0352182007376397,7,9,0.438,348,364,-16,0.167,0.333,-0.28125962077347255,1.7026475548443873,,1
387,miami-dolphins,2016,50,74,98532410.0,52854937.0,0.4032258064516129,0.5967741935483871,0.6508629152474678,0.3491370847525322,1.61414002981372,0.5850405203961351,-0.1935483870967742,0.6756745434642785,1.0,-0.3920412834533708,0.3017258304949355,1.8641991340154056,1.0,0.6228330785313078,1.029099509417585,2.7590179047818286,2.199180550209855,1.0148754043299306,10,6,0.625,363,380,-17,0.667,0.583,-0.6197437429730305,0.3228041168229642,,1
388,los-angeles-rams,2021,54,108,121817079.0,62420376.0,0.3333333333333333,0.6666666666666666,0.6611960580979585,0.3388039419020416,1.9835881742938757,0.5082059128530625,-0.3333333333333333,0.499999250001125,1.0,-0.6931456805633205,0.3223921161959168,1.9515537594759451,1.0,0.6686273674400964,1.475382261440813,3.9031113590290514,2.491794087146938,1.3617745235780043,12,5,0.706,460,372,88,0.5,0.667,-0.9634208024482422,-0.1403182199229614,,1
389,miami-dolphins,2017,53,59,102474406.0,69473277.0,0.4732142857142857,0.5267857142857143,0.5959627033764683,0.4040372966235317,1.2593928826068763,0.7669860546073823,-0.0535714285714286,0.8983033794918897,1.0,-0.1072453154515664,0.1919254067529365,1.475015384325721,1.0,0.3886700977446717,0.4924068279994942,1.6420001811524116,2.026378937214259,0.495915915387551,6,10,0.375,281,393,-112,0.333,0.417,-0.5330975975829094,1.0440656085828557,,1
390,denver-broncos,2021,55,98,107269390.0,81074456.0,0.3594771241830065,0.6405228758169934,0.5695401908698413,0.4304598091301587,1.584357258237922,0.6720443958868804,-0.2810457516339869,0.5612236135998686,1.0,-0.5776330728470596,0.1390803817396826,1.3230941790513364,1.0,0.279974824379862,0.9123128623510416,2.357515233248623,2.256401654124802,0.857608828286469,7,10,0.412,335,322,13,0.167,0.25,-1.3422711438842005,0.5403213375957145,,1
391,miami-dolphins,2019,54,95,60872168.0,114885787.0,0.3624161073825503,0.6375838926174496,0.3463408981971826,0.6536591018028174,0.9556443302107446,1.0252126965117871,-0.2751677852348993,0.5684201611094315,1.0,-0.5648916542006367,-0.3073182036056348,0.529848612821805,1.0,-0.635161062098541,-0.0695683663010425,0.9321415949301624,1.980857026722532,-0.0702695035315184,5,11,0.313,306,494,-188,0.333,0.333,-2.6153368460316697,1.8473130086652343,,1
392,chicago-bears,2022,53,105,78766986.0,125929919.0,0.3354430379746835,0.6645569620253164,0.3847981287259814,0.6152018712740185,1.1471340441265108,0.9257323396313802,-0.3291139240506329,0.5047611452165625,1.0,-0.6836669602385422,-0.230403742548037,0.6254816853001778,1.0,-0.469230630837621,0.2214017044951305,1.2391625050290298,2.072866383757891,0.2144366239993649,3,14,0.176,326,463,-137,0.0,0.083,-2.548745917898307,1.4693601392299802,,1
393,chicago-bears,2021,53,90,128620134.0,60129250.0,0.3706293706293706,0.6293706293706294,0.6814333974197235,0.3185666025802765,1.8385844496418955,0.5061669352108837,-0.2587412587412587,0.5888879532113632,1.0,-0.5295166475562023,0.362866794839447,2.139054291460814,1.0,0.7603652789740402,1.3324175144310118,3.632360569967534,2.3447513848527795,1.289883275580186,6,11,0.353,311,407,-96,0.333,0.333,-0.6311924756979416,-0.0420220705832306,,1
394,green-bay-packers,2017,53,73,115603840.0,52887563.0,0.4206349206349206,0.5793650793650794,0.6861112077035765,0.3138887922964236,1.6311323051066158,0.5417806551965668,-0.1587301587301587,0.726026144119258,1.0,-0.3201668762665124,0.3722224154071529,2.1858347246145664,1.0,0.7819992380784205,1.089351649910049,3.010682051452657,2.1729129603031825,1.1021672613298377,7,9,0.438,320,384,-64,0.333,0.417,-0.315538086377273,0.2195594819965739,,1
395,miami-dolphins,2024,53,109,138344211.0,99974070.0,0.3271604938271605,0.6728395061728395,0.5805018835294469,0.4194981164705531,1.774364247769253,0.6234742648461431,-0.345679012345679,0.4862378094447235,1.0,-0.7210543983153475,0.1610037670588938,1.3837976308829616,1.0,0.3248333486897486,1.1508899829231098,2.8459256490425777,2.397838512615396,1.0458889381868737,8,9,0.471,345,364,-19,0.5,0.5,-1.4654381670063859,0.2904433575045409,,1
396,cincinnati-bengals,2018,53,59,112195970.0,68130795.0,0.4732142857142857,0.5267857142857143,0.6221814604171488,0.3778185395828511,1.3147985578626542,0.7172148548013445,-0.0535714285714286,0.8983033794918897,1.0,-0.1072453154515664,0.2443629208342976,1.6467688809956642,1.0,0.4988167213312476,0.5975837030613097,1.833197842826312,2.0320134126639986,0.6060626574988611,6,10,0.375,368,455,-87,0.167,0.333,-0.3815606088017636,0.8925286198017099,,1
397,atlanta-falcons,2011,53,18,116684491.0,9329887.0,0.7464788732394366,0.2535211267605634,0.9259617263674468,0.0740382736325532,1.240439293812995,0.2920398571061823,0.4929577464788732,2.944432830292725,1.0,1.0799175508410364,0.8519234527348936,12.506358867901213,1.0,2.526238304349236,0.9483994367068124,4.247485458385664,1.532479150919177,1.4463279571535983,10,6,0.625,402,350,52,0.5,0.583,2.9514096230063425,0.7139710791972387,,2
398,arizona-cardinals,2012,53,30,88769403.0,29028393.0,0.6385542168674698,0.3614457831325301,0.7535743962476174,0.2464256037523826,1.1801259412934386,0.6817775037149252,0.2771084337349397,1.7666617789024115,1.0,0.5690933312636367,0.5071487924952347,3.058007474732044,1.0,1.11776487883248,0.4983484375785134,1.730952112545469,1.861903445008364,0.5486724585597815,5,11,0.313,250,357,-107,0.167,0.25,1.3321489230029904,1.0874102520252493,,2
399,indianapolis-colts,2011,59,16,117123832.0,6560306.0,0.7866666666666666,0.2133333333333333,0.9469591969828824,0.0530408030171176,1.203761691079935,0.2486287641427391,0.5733333333333333,3.687482714924773,1.0,1.304945305362557,0.8939183939657647,17.853073295364393,1.0,2.882176722826429,0.9551329269371958,4.841583207989738,1.452390455222674,1.5772426070576813,2,14,0.125,243,430,-187,0.333,0.167,3.3047216964185506,0.8245642880845772,,2
400,detroit-lions,2011,61,7,122665700.0,1663426.0,0.8970588235294118,0.1029411764705882,0.98662078586477,0.01337921413523,1.0998395645705632,0.1299695087422349,0.7941176470588236,8.714201062046827,1.0,2.164955115632944,0.97324157172954,73.73729417879795,1.0,4.300509711616373,0.9698700558283284,8.46222404770169,1.2298090733127982,2.135612938091024,10,6,0.625,474,387,87,0.5,0.5,4.171106927783128,1.2324840216292778,,2
401,houston-texans,2012,58,33,99812333.0,25468677.0,0.6373626373626373,0.3626373626373626,0.7967076015750512,0.2032923984249488,1.250006754195339,0.5605941895960711,0.2747252747252747,1.7575709109408215,1.0,0.5639342604722701,0.5934152031501023,3.919003803112559,1.0,1.3658387448112013,0.6894125645992679,2.2297850166998643,1.81060094379141,0.8019059757527919,12,4,0.75,416,331,85,0.833,0.833,1.574569169793912,0.8312350816759437,,2
402,tennessee-titans,2012,55,26,91480384.0,28414483.0,0.6790123456790124,0.3209876543209876,0.7630050083795498,0.2369949916204502,1.123698285068064,0.7383305508175566,0.3580246913580247,2.1153780251684604,1.0,0.7492350045574149,0.5260100167590995,3.219484866231427,1.0,1.1692226779335368,0.3853677342505073,1.5219426608869546,1.8620288358856203,0.4199884751177754,6,10,0.375,330,471,-141,0.167,0.417,1.6201681307006814,1.2664169262440546,,2
403,washington-commanders,2011,66,27,101721110.0,24252186.0,0.7096774193548387,0.2903225806451613,0.8074815316414361,0.1925184683585638,1.137814885494751,0.663119168790609,0.4193548387096774,2.44443602472036,1.0,0.8938158406735006,0.6149630632828722,4.194285069069052,1.0,1.4337241392763291,0.474695716704142,1.7158502169672878,1.80093405428536,0.5399095899837136,5,11,0.313,288,367,-79,0.333,0.417,2.0542200173514162,1.1863454014681207,,2
404,washington-commanders,2012,60,36,89330238.0,26045731.0,0.625,0.375,0.7742534149377328,0.2257465850622671,1.2388054639003725,0.6019908934993791,0.25,1.666662222234074,1.0,0.5108245571015997,0.5485068298754656,3.429730664556935,1.0,1.2324830262078912,0.6368145704009934,2.0578440960378983,1.840796357399752,0.7216596866875905,10,6,0.625,436,388,48,0.833,0.667,1.3734366656057513,0.8896602539458691,,2
405,green-bay-packers,2011,59,16,112438083.0,3286176.0,0.7866666666666666,0.2133333333333333,0.971603395619928,0.0283966043800721,1.2350890622287218,0.133109083031588,0.5733333333333333,3.687482714924773,1.0,1.304945305362557,0.9432067912398558,34.21427323995491,1.0,3.53264393242738,1.101979979197134,9.27870401775368,1.3681981452603098,2.227722693444265,15,1,0.938,560,359,201,1.0,1.0,3.4471581836474425,0.6821278008556857,,2
406,green-bay-packers,2012,56,39,103558073.0,16152403.0,0.5894736842105263,0.4105263157894737,0.8650710987065159,0.1349289012934841,1.4675313281628397,0.3286729646892561,0.1789473684210525,1.4358939382070737,1.0,0.3617893051381662,0.7301421974130318,6.411263110797895,1.0,1.8580574606604323,1.1388583634735834,4.465006315758271,1.7962042928520956,1.49627131024722,11,5,0.688,433,336,97,0.833,0.667,1.6932892488881155,0.15971186420373168,,2
407,tennessee-titans,2011,59,9,110414324.0,3526209.0,0.8676470588235294,0.1323529411764706,0.9690521984832212,0.0309478015167789,1.1168737202857462,0.2338278336823297,0.7352941176470589,6.555506025065588,1.0,1.8803064635841964,0.9381043969664422,31.311461219519217,1.0,3.443985235604284,0.8830458866034164,4.776458500422087,1.3507015539680758,1.563700267764374,9,7,0.563,325,317,8,0.5,0.583,3.8998090352758656,1.1642690460434824,,2
408,detroit-lions,2012,58,38,112681183.0,20019466.0,0.6041666666666666,0.3958333333333333,0.8491381455112552,0.1508618544887448,1.4054700339496635,0.3811246850241975,0.2083333333333333,1.5263119335277469,1.0,0.4228559796784794,0.6982762910225104,5.628543543000544,1.0,1.7278518906110425,1.024345348925466,3.687681227415652,1.7865947189738614,1.3049985783815858,4,12,0.25,372,437,-65,0.0,0.25,1.6860050551495331,0.33660358283617037,,2
409,houston-texans,2011,56,18,112360071.0,8438132.0,0.7567567567567568,0.2432432432432432,0.9301468747842218,0.0698531252157782,1.2291226559648645,0.2871739592204217,0.5135135135135136,3.111098321040236,1.0,1.1349771431640223,0.8602937495684435,13.315561134163708,1.0,2.588934436485268,0.9419486967444428,4.280048160541216,1.516296615185286,1.4539650755814195,10,6,0.625,381,278,103,0.667,0.667,3.034919648425173,0.7491031599487274,,2
410,denver-broncos,2012,56,37,115818873.0,17130071.0,0.6021505376344086,0.3978494623655914,0.8711530119411854,0.1288469880588145,1.4467362519737546,0.3238586456613446,0.2043010752688172,1.5135097092864067,1.0,0.414432925293477,0.7423060238823709,6.761091306629757,1.0,1.9111854608207877,1.12287760631241,4.4671704899182965,1.7705948976350991,1.4967558993888552,13,3,0.813,481,289,192,1.0,0.833,1.8016082172716903,0.1977273612076353,,2
411,new-orleans-saints,2011,46,9,96762948.0,7891094.0,0.8363636363636363,0.1636363636363636,0.9245982873743184,0.0754017126256814,1.1054979522953807,0.460788243823609,0.6727272727272726,5.111079876734086,1.0,1.6314119037118964,0.849196574748637,12.262135607299207,1.0,2.5065171899796965,0.6447097084717717,2.3991400995431382,1.5662861961189898,0.875111285864346,13,3,0.813,547,339,208,0.833,0.75,3.462318905188367,1.2406409437047268,,2
412,tampa-bay-buccaneers,2012,58,31,95377285.0,42682917.0,0.651685393258427,0.348314606741573,0.6908383706406572,0.3091616293593428,1.0600795687416982,0.8875930649348874,0.3033707865168539,1.870962370462872,1.0,0.6264544695792338,0.3816767412813144,2.2345468211091224,1.0,0.8040398904171296,0.1724865038068107,1.1943292667459011,1.9476726336765855,0.1775856880723194,7,9,0.438,389,394,-5,0.5,0.333,1.0453419231381025,1.5257961660597477,,2
413,philadelphia-eagles,2011,63,23,119608063.0,7238732.0,0.7325581395348837,0.2674418604651162,0.9429332684361476,0.0570667315638522,1.287178747389027,0.2133799528039694,0.4651162790697674,2.739120192854932,1.0,1.0076381364173723,0.8858665368722953,16.52305501894907,1.0,2.8047577400233488,1.0737987945850576,6.032303870025096,1.5005587001929963,1.7971297826598056,8,8,0.5,396,328,68,0.833,0.5,2.969153768840299,0.5355338136795382,,2
414,miami-dolphins,2011,62,30,113956396.0,18860977.0,0.6739130434782609,0.3260869565217391,0.8579931482306912,0.1420068517693088,1.2731511231810255,0.4354876787592137,0.3478260869565217,2.0666603289083247,1.0,0.7259354205908386,0.7159862964613823,6.041871189098033,1.0,1.7987149289980968,0.8376634444218121,2.923499933014251,1.7086388019402394,1.0727822911731284,6,10,0.375,329,313,16,0.5,0.417,2.139740933852875,0.6879806467665481,,2
415,cincinnati-bengals,2012,54,34,90753643.0,26638635.0,0.6136363636363636,0.3863636363636363,0.7730801765342692,0.2269198234657308,1.2598343617595495,0.5873218960289505,0.2272727272727273,1.5882311834016432,1.0,0.4626225633444703,0.5461603530685384,3.4068278297563035,1.0,1.2257828966621545,0.6725124657305991,2.145045545265869,1.8471562577885,0.7631615791335649,10,6,0.625,391,320,71,0.5,0.583,1.3010679668193526,0.8308535264235863,,2
416,cincinnati-bengals,2011,56,25,100359460.0,8180245.0,0.691358024691358,0.3086419753086419,0.9246336167948862,0.0753663832051137,1.3374164814354603,0.2441870815845685,0.382716049382716,2.239992742423514,1.0,0.8064740722997227,0.8492672335897724,12.268352402238492,1.0,2.50702405266935,1.0932293998508915,5.476993278119019,1.581603563020029,1.7005570262183003,9,7,0.563,344,323,21,0.333,0.5,2.6255914903880457,0.4035051408179731,,2
417,new-york-jets,2011,70,9,113337718.0,9625723.0,0.8860759493670886,0.1139240506329113,0.9217188221009528,0.0782811778990472,1.0402255277996466,0.6871347837805257,0.7721518987341771,7.777709506772107,1.0,2.051263015544678,0.8434376442019056,11.774312453207449,1.0,2.465921332740893,0.3530907440191209,1.5138573079056807,1.7273603115801723,0.4146618634920848,8,8,0.5,377,363,14,0.5,0.5,3.7326019010112024,1.5442089267715164,,2
418,minnesota-vikings,2011,57,19,109353701.0,12299422.0,0.75,0.25,0.898897605777042,0.101102394222958,1.198530141036056,0.404409576891832,0.5,2.999988000048,1.0,1.0986096220085544,0.7977952115540841,8.890874660397161,1.0,2.185026544155578,0.7941205641442239,2.963646871571877,1.602939717927888,1.0864213955453907,3,13,0.188,340,449,-109,0.0,0.25,2.815309625743327,0.8907169832037892,,2
419,los-angeles-rams,2012,55,38,97024559.0,23074432.0,0.5913978494623656,0.4086021505376344,0.8078715582215008,0.1921284417784992,1.3660373620836286,0.4702090811947481,0.1827956989247312,1.4473648788175335,1.0,0.3697462690483203,0.6157431164430016,4.204829570851895,1.0,1.4362350003048518,0.8958282808888804,2.905163918673733,1.8362464432783767,1.0664905471498087,7,8,0.469,299,348,-49,0.75,0.542,1.3737978483153355,0.5014147461299691,,2
420,minnesota-vikings,2012,56,35,101179587.0,15015088.0,0.6153846153846154,0.3846153846153846,0.8707764533959925,0.1292235466040074,1.415011736768488,0.3359812211704194,0.2307692307692307,1.599995840010816,1.0,0.4700026542477953,0.741552906791985,6.73847559368406,1.0,1.9078348746990368,1.0790305155980686,4.2115673021006526,1.7509929579389074,1.4378355659066648,10,6,0.625,379,348,31,0.667,0.583,1.8758151903373284,0.2762871377223311,,2
421,chicago-bears,2012,58,31,110878054.0,18043110.0,0.651685393258427,0.348314606741573,0.8600453995280403,0.1399546004719597,1.3197248372068204,0.401805143290465,0.3033707865168539,1.870962370462872,1.0,0.6264544695792338,0.7200907990560805,6.1451302886614485,1.0,1.815661107907787,0.9179196939163554,3.2844814825362025,1.7215299804972857,1.1892095532345244,10,6,0.625,375,277,98,0.5,0.583,2.0233106193052803,0.5478274698925699,,2
422,new-york-giants,2012,55,29,115366005.0,10148599.0,0.6547619047619048,0.3452380952380952,0.919144078246066,0.0808559217539339,1.403783683139446,0.2342033595631189,0.3095238095238095,1.896546230693677,1.0,0.6400359859700289,0.8382881564921323,11.36753735250065,1.0,2.4307627805826018,1.1695803235763271,5.993840959058328,1.6379870427025651,1.7907331475456998,9,7,0.563,429,344,85,0.5,0.667,2.3826410007305534,0.22401060677237533,,2
423,new-york-giants,2011,66,11,121242887.0,4549598.0,0.8571428571428571,0.1428571428571428,0.9638325135241584,0.0361674864758415,1.1244712657781848,0.2531724053308907,0.7142857142857142,5.999958000293998,1.0,1.791753635918541,0.9276650270483168,26.64840604176077,1.0,3.2827303755315054,0.871298860447294,4.441506264485133,1.3776436711090756,1.490994456976653,9,7,0.563,394,400,-6,0.5,0.417,3.809013436904283,1.1338100486675424,,2
424,new-england-patriots,2011,64,40,100597539.0,7138918.0,0.6153846153846154,0.3846153846153846,0.9337372120933956,0.0662627879066043,1.517322969651768,0.1722832485571713,0.2307692307692307,1.599995840010816,1.0,0.4700026542477953,0.8674744241867913,14.091213943420405,1.0,2.645552549545763,1.3450397210945968,8.807090505132598,1.6896062182089393,2.175557795325441,13,3,0.813,513,342,171,0.833,0.833,2.2397105408902673,-0.08760821283060788,,2
425,chicago-bears,2011,58,13,100736630.0,7020013.0,0.8169014084507042,0.1830985915492957,0.9348530837212514,0.0651469162787485,1.1443891197277387,0.3558023889070115,0.6338028169014085,4.461514094807636,1.0,1.495489415698517,0.8697061674425028,14.349700452755735,1.0,2.6637301373015587,0.7885867308207273,3.216352500866209,1.50019150863475,1.168248827616717,8,8,0.5,353,341,12,0.5,0.583,3.4092582173167507,1.0690406197575324,,2
426,new-orleans-saints,2012,56,21,98362462.0,21022102.0,0.7272727272727273,0.2727272727272727,0.8239127296222316,0.1760872703777684,1.1328800032305684,0.6456533247184842,0.4545454545454546,2.666656888924741,1.0,0.9808269613508368,0.6478254592444632,4.678975651556247,1.0,1.5430804218197434,0.4872266785120841,1.754623116207767,1.7785333279490527,0.5622549679621154,7,9,0.438,461,454,7,0.5,0.417,2.250742856016019,1.1929329003137341,,2
427,carolina-panthers,2011,65,17,118717431.0,5115553.0,0.7926829268292683,0.2073170731707317,0.958689899615114,0.0413101003848861,1.2094241810529127,0.1992604842094508,0.5853658536585367,3.823510968947091,1.0,1.3411703638593084,0.9173797992302276,23.20659315978557,1.0,3.1444374693099326,1.010163696843462,6.069533135573978,1.4086846652623637,1.803282515538336,6,10,0.375,406,429,-23,0.333,0.25,3.4072459963405,0.7914883114245908,,2
428,los-angeles-rams,2011,58,18,104892581.0,3183763.0,0.7631578947368421,0.2368421052631578,0.9705415368232664,0.0294584631767336,1.271744082733935,0.1243801778573199,0.5263157894736843,3.2222086173413937,1.0,1.1700683407809152,0.9410830736465328,32.94498379012471,1.0,3.4948400426893462,1.147363904876615,10.224570185311942,1.396124260591255,2.3247944517004435,2,14,0.125,193,407,-214,0.0,0.083,3.3053349206774247,0.5525790239955333,,2
429,cleveland-browns,2011,47,14,95915724.0,7923796.0,0.7704918032786885,0.2295081967213114,0.9236919045850752,0.0763080954149248,1.1988341740359487,0.3324852728793155,0.540983606557377,3.3571282296555705,1.0,1.2110872128329333,0.8473838091701502,12.104610853563011,1.0,2.493587524906318,0.8663489011566332,3.605665171238804,1.5313194469152642,1.2825071013795395,4,12,0.25,218,307,-89,0.0,0.25,3.0768865748023573,0.865685884865331,,2
430,cleveland-browns,2012,61,30,103841976.0,23508669.0,0.6703296703296703,0.3296703296703296,0.8154020421333555,0.1845979578666444,1.216419439903858,0.559947138862155,0.3406593406593406,2.0333271655742644,1.0,0.709674940984589,0.6308040842667111,4.417154092074601,1.0,1.4854968445327053,0.6564723010417032,2.1723787534604337,1.7763665787660132,0.7758235890000141,5,11,0.313,302,368,-66,0.333,0.417,1.87289418325666,0.9134629533284913,,2
431,tampa-bay-buccaneers,2011,54,13,81935451.0,5778848.0,0.8059701492537313,0.1940298507462686,0.9341173780571398,0.0658826219428602,1.1589974875894142,0.3395488977055103,0.6119402985074627,4.153824745672464,1.0,1.424030776009836,0.8682347561142796,14.17829424841404,1.0,2.651713291619356,0.8194485898839039,3.413334815946864,1.4985463852949246,1.2276906281168585,4,12,0.25,287,494,-207,0.333,0.25,3.3419138932283126,1.0102006363436524,,2
432,jacksonville-jaguars,2011,67,16,86274323.0,6981332.0,0.8072289156626506,0.1927710843373494,0.9251377088070424,0.0748622911929576,1.146066116880366,0.388348135563468,0.6144578313253013,4.187478277456436,1.0,1.432099948469843,0.8502754176140845,12.357694860389325,1.0,2.514280015587337,0.7577179813168979,2.951123131039039,1.5344142524438338,1.0821866928310937,5,11,0.313,243,329,-86,0.5,0.333,3.29727919430232,1.069365826657192,,2
433,baltimore-ravens,2011,53,23,106996060.0,13456129.0,0.6973684210526315,0.3026315789473684,0.8882865549251246,0.1117134450748753,1.2737693995152732,0.3691400793778488,0.3947368421052631,2.3043402117453877,1.0,0.8347958272418415,0.7765731098502493,7.951402831833976,1.0,2.073349495696239,0.9046293201374244,3.4506303163605825,1.642909478893122,1.2385576998211056,12,4,0.75,378,266,112,1.0,0.75,2.450206086130262,0.6482711799134863,,2
434,seattle-seahawks,2012,56,24,92835125.0,33650935.0,0.7,0.3,0.7339553860717932,0.2660446139282068,1.048507694388276,0.8868153797606894,0.3999999999999999,2.3333255555814816,1.0,0.8472959556298341,0.4679107721435864,2.7587577003613126,1.0,1.0147818323147555,0.1616923146275867,1.1823278395818757,1.935323074148965,0.1674861943150553,11,5,0.688,412,245,167,0.5,0.667,1.573404380689215,1.5554503524997023,,2
435,seattle-seahawks,2011,64,24,86281574.0,20367562.0,0.7272727272727273,0.2727272727272727,0.8090227191338897,0.1909772808661103,1.1124062388090985,0.7002500298424046,0.4545454545454546,2.666656888924741,1.0,0.9808269613508368,0.6180454382677794,4.236202752820219,1.0,1.4436685268684657,0.4121562089666937,1.5885820818563472,1.8126562686515029,0.4628427449009354,7,9,0.438,321,315,6,0.5,0.5,2.1646828132450353,1.2789929430847184,,2
436,kansas-city-chiefs,2011,51,7,102219859.0,1492693.0,0.8793103448275862,0.1206896551724138,0.9856074026603838,0.0143925973396161,1.120886850084358,0.1192529493853908,0.7586206896551724,7.285653918867529,1.0,1.985908335243308,0.9712148053207676,68.47540468202853,1.0,4.22647563965768,1.0016339006989672,9.399159154570288,1.240139799469749,2.240621125783776,7,9,0.438,212,338,-126,0.5,0.333,4.062810632478131,1.1359018620505321,,2
437,kansas-city-chiefs,2012,59,31,113243727.0,31167747.0,0.6555555555555556,0.3444444444444444,0.7841740262273066,0.2158259737726934,1.1961976671264,0.6265915367594326,0.3111111111111111,1.903220280973378,1.0,0.6435488616215466,0.5683480524546132,3.633345788618572,1.0,1.290155203847596,0.5696061303669673,1.9090518909031555,1.8227892038858324,0.6466075625997307,2,14,0.125,211,425,-214,0.0,0.0,1.6071330618240083,1.0086800040242887,,2
438,dallas-cowboys,2011,56,20,92371660.0,14011007.0,0.7368421052631579,0.2631578947368421,0.8682961482813737,0.1317038517186263,1.1784019155247214,0.50047463653078,0.4736842105263157,2.799989360040432,1.0,1.0296169743303143,0.7365922965627474,6.592742309420749,1.0,1.8859705455659808,0.6779272789939415,2.354563997746668,1.6788765520555011,0.8563564199735155,8,8,0.5,369,347,22,0.333,0.5,2.5624982019447327,0.9916410712765414,,2
439,san-francisco-49ers,2012,57,43,130707457.0,7909385.0,0.57,0.43,0.942940663732622,0.0570593362673779,1.6542818661975829,0.1326961308543673,0.1399999999999999,1.3255783126085754,1.0,0.2818505809467226,0.8858813274652442,16.525326091912852,1.0,2.804895179301981,1.5215857353432156,12.466598603500527,1.7869779970519502,2.52305356061694,11,4,0.719,397,273,124,0.583,0.625,2.030956648407958,-0.4027487921903568,,2
440,san-francisco-49ers,2011,65,21,108064664.0,6245894.0,0.7558139534883721,0.2441860465116279,0.945360305213452,0.054639694786548,1.2507844038208749,0.2237625596020539,0.5116279069767442,3.095225419553044,1.0,1.1298620600185525,0.8907206104269039,17.301396128040984,1.0,2.850788257087597,1.027021844218821,5.5897591459721925,1.474546963422929,1.720936999148572,13,3,0.813,380,229,151,0.833,0.833,3.117407371531384,0.6557322462248252,,2
441,las-vegas-raiders,2011,52,10,105625393.0,4642669.0,0.8387096774193549,0.1612903225806451,0.9578965212973454,0.0421034787026546,1.142107390777604,0.2610415679564586,0.6774193548387097,5.199967760199887,1.0,1.6486536179135831,0.9157930425946909,22.75046624047031,1.0,3.12458668322712,0.8810658228211454,4.375176813952065,1.4031489587340626,1.475947809184566,8,8,0.5,359,433,-74,0.5,0.5,3.6683139541332053,1.061727273094586,,2
442,las-vegas-raiders,2012,60,27,80880556.0,34697923.0,0.6896551724137931,0.3103448275862069,0.6997890671324719,0.300210932867528,1.0146941473420843,0.9673463392398128,0.3793103448275862,2.222215061751468,1.0,0.7985059239996898,0.3995781342649439,2.3309835170384847,1.0,0.8462917178320705,0.0473478081022715,1.0489449923328251,1.982040486581897,0.0477858753617972,4,12,0.25,290,443,-153,0.333,0.333,1.3162252999942983,1.6932145623480959,,2
443,los-angeles-chargers,2011,59,24,110231108.0,11515467.0,0.7108433734939759,0.2891566265060241,0.9054144480039787,0.0945855519960212,1.2737186302428851,0.3271083673195734,0.4216867469879518,2.458324831626624,1.0,0.8994815620090921,0.8108288960079575,9.572338021604432,1.0,2.2588785874703303,0.946610262923312,3.89386167898552,1.6008269975624587,1.359402169846177,8,8,0.5,406,377,29,0.5,0.583,2.6269740921188958,0.627050445451317,,2
444,pittsburgh-steelers,2011,69,23,112245403.0,12074620.0,0.75,0.25,0.9028746962184844,0.0971253037815155,1.2038329282913125,0.3885012151260621,0.5,2.999988000048,1.0,1.0986096220085544,0.805749392436969,9.295882382691,1.0,2.229572655137909,0.8153317131652503,3.098651388385752,1.5923341434173746,1.1309678115105957,12,4,0.75,325,227,98,0.667,0.75,2.838296081915576,0.8677305270315401,,2
445,los-angeles-chargers,2012,55,31,94427351.0,31540097.0,0.6395348837209303,0.3604651162790697,0.749617083613538,0.250382916386462,1.1721285307411686,0.6946106712656688,0.2790697674418605,1.774188626444456,1.0,0.5733447701927658,0.499234167227076,2.9938707502942035,1.0,1.096568449504721,0.4775178594754998,1.6874587330290676,1.8667392020068372,0.523224542112632,7,9,0.438,350,350,0,0.667,0.583,1.3149369102279516,1.1159425313464013,,2
446,denver-broncos,2011,58,19,96117160.0,13039594.0,0.7532467532467533,0.2467532467532467,0.8805424902979434,0.1194575097020565,1.1689960647058903,0.484117276160966,0.5064935064935066,3.0526192078063685,1.0,1.1160013063419376,0.7610849805958868,7.371115649225149,1.0,1.9975702075075303,0.6848787885449243,2.414691041982491,1.6531133408668564,0.8815722014284234,8,8,0.5,309,390,-81,0.5,0.5,2.7279616042918957,1.0155436978862726,,2
447,arizona-cardinals,2011,58,23,111028866.0,7441498.0,0.7160493827160493,0.2839506172839506,0.9371868394023,0.0628131605977002,1.3088298964066605,0.221211565583205,0.4320987654320987,2.5217302495586864,1.0,0.9249466694350896,0.8743736788045997,14.919993047501023,1.0,2.702703195812844,1.0876183308234553,5.916616413520903,1.5300414619898652,1.7777654977687554,8,8,0.5,312,348,-36,0.667,0.583,2.840657135403917,0.47346264432466906,,2
