,cluster,count,player_count_prop,cap_hit_prop,pct,div_win_pct,conf_win_pct,w,l,pf,pa,net_pts
0,0,65,0.37192974081205116,0.7112780672865728,0.4828923076923077,0.4756769230769231,0.48335384615384613,7.907692307692308,8.507692307692308,371.53846153846155,374.96923076923076,-3.4307692307692306
1,1,50,0.384666845904133,0.7302731448872956,0.531,0.57,0.5333,8.72,7.68,379.52,359.06,20.46
2,2,35,0.5890028842504104,0.8223220693747643,0.4822571428571429,0.4713714285714286,0.4784857142857143,7.685714285714286,8.257142857142858,353.4,361.2,-7.8
3,3,74,0.43270582938064395,0.7275442249636722,0.5028918918918919,0.5168918918918919,0.5016486486486487,8.067567567567568,7.986486486486487,375.47297297297297,377.3378378378378,-1.864864864864865
