,cluster,team,season,count,cap_hit_per_player_prop_active_offense,cap_hit_per_player_prop_active_defense,cap_hit_per_player_prop_active_special_team,delta_cap_hit_per_player_prop_offense,delta_cap_hit_per_player_prop_defense,delta_cap_hit_per_player_prop_special_team,ratio_cap_hit_per_player_prop_offense,ratio_cap_hit_per_player_prop_defense,ratio_cap_hit_per_player_prop_special_team,log_ratio_cap_hit_per_player_prop_offense,log_ratio_cap_hit_per_player_prop_defense,log_ratio_cap_hit_per_player_prop_special_team,position_level_one_player_count_prop_active_offense,position_level_one_player_count_prop_active_defense,position_level_one_player_count_prop_active_special_team,delta_position_level_one_player_count_prop_offense,delta_position_level_one_player_count_prop_defense,delta_position_level_one_player_count_prop_special_team,ratio_position_level_one_player_count_prop_offense,ratio_position_level_one_player_count_prop_defense,ratio_position_level_one_player_count_prop_special_team,log_ratio_position_level_one_player_count_prop_offense,log_ratio_position_level_one_player_count_prop_defense,log_ratio_position_level_one_player_count_prop_special_team,position_level_one_cap_hit_prop_active_offense,position_level_one_cap_hit_prop_active_defense,position_level_one_cap_hit_prop_active_special_team,delta_position_level_one_cap_hit_prop_offense,delta_position_level_one_cap_hit_prop_defense,delta_position_level_one_cap_hit_prop_special_team,ratio_position_level_one_cap_hit_prop_offense,ratio_position_level_one_cap_hit_prop_defense,ratio_position_level_one_cap_hit_prop_special_team,log_ratio_position_level_one_cap_hit_prop_offense,log_ratio_position_level_one_cap_hit_prop_defense,log_ratio_position_level_one_cap_hit_prop_special_team,pct,div_win_pct,conf_win_pct,w,l,pf,pa,net_pts
0,0,arizona-cardinals,2019,1,1.1869118707227255,0.8669211386219727,0.5513915887941835,0.0632503406241322,-0.0328066535107937,0.4802495591067759,1.056288555442516,0.963536063536408,7.750465382440424,0.0547622437393371,-0.0371442086001636,2.047754704501008,0.4716981132075472,0.4716981132075472,0.0566037735849056,-0.0171907756813416,-0.0283018867924528,0.0454926624737945,0.964835076216418,0.9433943396264152,5.09388117333591,-0.0357959777266178,-0.058268788124223,1.628057716006623,0.5598640899635497,0.4089250653877229,0.0312108446487273,0.0105184530264597,-0.0409388306786602,0.0304203776522006,1.0191453852982522,0.9089952760559048,39.43417070540159,0.0189662046928079,-0.0954129362435289,3.674664756855629,0.344,0.167,0.292,5.0,10.0,361.0,442.0,-81.0
1,0,atlanta-falcons,2011,1,1.185731864571445,0.8775555942563095,0.4726045097687118,0.1981013820157613,-0.2760819884619255,0.4243724143531939,1.2005812750147848,0.7606850251042999,9.798345009735,0.1828066787184484,-0.2735347633229375,2.2822156107894878,0.4716981132075472,0.4716981132075472,0.0566037735849056,-0.0838574423480084,0.0828092243186582,0.0010482180293501,0.849055075474449,1.2129348864154137,1.0188495852357675,-0.1636291037824294,0.1930450687294178,0.0186917996847637,0.5593074832884175,0.413941318045429,0.0267511986661535,0.0106238818685931,-0.034695519678329,0.0240716378097358,1.0193606342170063,0.9226625202761144,9.979702047094792,0.0191773894813105,-0.0804893290447365,2.3005906156810174,0.625,0.5,0.583,10.0,6.0,402.0,350.0,52.0
2,0,atlanta-falcons,2012,1,1.2376466565881128,0.8104984190759683,0.5987910361326594,0.7364703299502265,-0.6413047491199328,0.5780364993906654,2.469478547425081,0.5582697975603296,28.849701338782683,0.9040078219340292,-0.5829116914726665,3.3621013107222373,0.4716981132075472,0.4716981132075472,0.0566037735849056,0.0716981132075471,-0.0783018867924528,0.0066037735849056,1.1792423349130308,0.8576313737748607,1.1320528306415003,0.1648742631911117,-0.1535787861107133,0.1240503153805891,0.5837955927302418,0.3823105750358341,0.0338938322339241,0.3833250620750873,-0.4161811674719117,0.0328561053968244,2.9121122127533936,0.4787902941173262,32.630168994729445,1.068880377118227,-0.7364899610998341,3.485266793170942,0.813,0.5,0.75,13.0,3.0,419.0,299.0,120.0
3,0,atlanta-falcons,2013,1,1.090746488552953,0.9277524259422624,0.7915110250029765,0.253302021878513,-0.320517739205703,0.7905398864395081,1.3024686764194815,0.7432298781269133,814.1956864451658,0.2642623623448878,-0.2967488124167126,6.70220200155461,0.490566037735849,0.4528301886792453,0.0566037735849056,-0.0173704702006588,-0.0074872716382149,0.0248577418388739,0.9657999853737316,0.9837324107465716,1.7829627045993337,-0.0347964822274349,-0.0163991508796558,0.5782940879543028,0.5350831830637127,0.4201143060870622,0.044802510849225,0.1097145650703464,-0.1544862461239058,0.0447716810535594,1.2579252500164633,0.7311402213769428,1407.565141788066,0.22946560567864,-0.3131476360168956,7.249638960781216,0.25,0.167,0.25,4.0,12.0,353.0,443.0,-90.0
4,0,atlanta-falcons,2015,1,1.3468448573421052,0.6812832831701745,0.7655988290643355,0.2864546122198543,-0.1444495904383845,-2.7966309994924425,1.270139548527515,0.8250639884650515,0.2149211732510086,0.2391275176401189,-0.1922928660622758,-1.5374826479574766,0.4716981132075472,0.4716981132075472,0.0566037735849056,-0.0174323215750615,-0.0174323215750615,0.034864643150123,0.9643586154244828,0.9643586154244828,2.6036538168300862,-0.0362899258498022,-0.0362899258498022,0.9569334391736634,0.6353041779915591,0.3213600392312143,0.0433357827772265,0.1166350363556755,-0.0825310402512329,-0.0341039961044425,1.2248713141416088,0.7956581858277821,0.5595990045947807,0.2028373628461758,-0.2285824883821709,-0.5805117396197951,0.5,0.167,0.417,8.0,8.0,339.0,345.0,-6.0
5,0,atlanta-falcons,2016,1,1.3567554126901342,0.6236408872462906,1.0379111296118906,0.2841268290011616,-0.3559835155293458,1.0014684700066196,1.2648871831634554,0.6366115920221018,28.479882120888217,0.2349836719846747,-0.451593951543018,3.349198910994615,0.4807692307692308,0.4615384615384615,0.0576923076923076,0.0363247863247863,-0.0717948717948717,0.0354700854700854,1.0817283353420148,0.8653829927915039,2.596037024487744,0.0785621525034703,-0.1445809371450303,0.9540033940525844,0.6522862561010261,0.2878342556521341,0.0598794882468398,0.1755624411281493,-0.234632092494872,0.0590696513667227,1.3682657911108276,0.5509133856363909,73.84899443423176,0.3135456251439152,-0.5961742028223075,4.302039092627503,0.688,0.833,0.75,11.0,5.0,540.0,406.0,134.0
6,0,atlanta-falcons,2017,1,1.1673015707844152,0.8439230179241717,0.798668909808363,0.0962070766116602,-0.1727983887361077,0.7792607918662028,1.0898202607844631,0.8300427062449449,41.14916052282343,0.0860136409572284,-0.1862769412665059,3.7172047785800846,0.490566037735849,0.4528301886792453,0.0566037735849056,0.0788013318534961,-0.096189419163892,0.0173880873103958,1.1913717697413355,0.8247963413581464,1.4433594207498652,0.1751074293612442,-0.1926165737510722,0.3669909941161007,0.5726385064225432,0.3821538194373607,0.045207674140096,0.1315995970572911,-0.1760461685329888,0.0444465714756975,1.2983825142869472,0.6846168811468673,59.31966420269684,0.2611210163050171,-0.3788932780370282,4.082962976370076,0.625,0.667,0.75,10.0,6.0,353.0,315.0,38.0
7,0,atlanta-falcons,2019,1,1.1779256272240624,0.9043437088322268,0.1913427963443879,0.4771089780681619,-0.3992568095003419,-1.0569292900076026,1.6807876180670027,0.6937271061090579,0.1532860064327564,0.519263352780927,-0.3656755088955176,-1.8754445533011777,0.5,0.4423076923076923,0.0576923076923076,0.0056179775280899,0.0378133102852203,-0.0434312878133102,1.0113615906549644,1.0934802026568495,0.5705071788307188,0.0112995325267065,0.0893677172715953,-0.5612121931742784,0.5889628136120312,0.3999981789065618,0.0110390074814069,0.2424916612203501,-0.1273009071605445,-0.1151907540598055,1.699884996662642,0.7585778752474097,0.0874510091409289,0.5305622976505213,-0.2763073153864077,-2.4365859541994968,0.438,0.667,0.5,7.0,9.0,381.0,399.0,-18.0
8,0,atlanta-falcons,2021,1,1.0978684389253717,0.9815498956348884,0.2729349193809211,-0.1454552367195296,0.0660283643878626,0.024921719464068,0.8830102550292563,1.0721198683094422,1.1004810187175684,-0.1244175537404146,0.069638892646733,0.0957510378346577,0.4909090909090909,0.4545454545454545,0.0545454545454545,0.0561264822134387,-0.0237154150197628,-0.0324110671936758,1.129088312187791,0.9504112359170026,0.6272655137193195,0.1214125407445694,-0.050858308142816,-0.4663670279637525,0.5389535972906369,0.4461590434704037,0.0148873592389593,-0.0016219138593202,0.0083009198305219,-0.0066790059712018,0.9969978091429318,1.018955685476017,0.6902725063488692,-0.003004851026545,0.0187805063983504,-0.3706016537960969,0.412,0.333,0.333,7.0,10.0,313.0,459.0,-146.0
9,0,atlanta-falcons,2023,1,1.169696472899576,0.8365011199546678,0.8917879019147771,0.689444579667096,-0.7592980158185659,0.8297770230766355,2.4355844376628286,0.5241891520139188,14.38092053689342,0.890187598125007,-0.6459014872169163,2.665903486669249,0.4814814814814814,0.4629629629629629,0.0555555555555555,0.0168350168350168,-0.0218855218855218,0.005050505050505,1.036229653911542,0.9548591417141312,1.0999782204312354,0.0355908698520255,-0.0461892849695805,0.0953083798383442,0.5631871906553514,0.3872690370160498,0.0495437723285987,0.3400398463251082,-0.386451756086124,0.0464119097610158,2.523824195719219,0.5005275028680871,15.814218230078035,0.925777064816972,-0.6920901487703164,2.7609296073239555,0.412,0.5,0.333,7.0,10.0,321.0,373.0,-52.0
10,0,atlanta-falcons,2024,1,1.173194248015616,0.9066806282560566,0.334376031069396,0.1885803925611789,0.1252456724609815,-2.686835878912135,1.1915260485016168,1.160275031539278,0.1106760897137302,0.1752357316311837,0.1486581760935565,-2.201144463702498,0.4716981132075472,0.4716981132075472,0.0566037735849056,-0.0176635889201123,0.0142513046969088,0.0034122842232035,0.9639028703182528,1.0311517607731144,1.064130937734597,-0.0367626263814323,0.030678511846151,0.0621761116392221,0.5533935132149131,0.4276795416302153,0.0189269451548714,0.0715612009712523,0.0702146150431065,-0.1417758160143589,1.1485165079974062,1.1964204412808463,0.1177753713862384,0.1384729236029038,0.1793364714819309,-2.1389232677149086,0.471,0.667,0.583,8.0,9.0,389.0,423.0,-34.0
11,0,baltimore-ravens,2017,1,1.2053746226444064,0.7777200977110401,1.140877330371278,0.299700503401924,-0.3751528814476954,1.140877330371278,1.3309128152406309,0.6745924635045981,1140877.330371278,0.2858658636846737,-0.3936452424068755,,0.4716981132075472,0.4716981132075472,0.0566037735849056,-0.1467229394240318,0.0901191658391261,0.0566037735849056,0.7627446518123414,1.236171126026483,56603.77358490566,-0.2708298471298651,0.2120209209274675,,0.5685729352096257,0.3668491026938869,0.0645779620964874,0.0084849930465116,-0.073062955142999,0.0645779620964874,1.0151475817639706,0.833912738343652,64577.96209648744,0.0150357614645289,-0.1816237864681865,,0.563,0.5,0.583,9.0,7.0,395.0,303.0,92.0
12,0,baltimore-ravens,2022,1,1.1198782853373004,0.9145846555715516,0.7128088257595653,0.0629419577215639,-0.0072912810356291,-1.8153223434514831,1.059550321553642,0.9920897456633776,0.2819507755332312,0.0578454861195053,-0.0079406129787489,-1.2660213752274765,0.4716981132075472,0.4716981132075472,0.0566037735849056,0.0044083935813789,-0.0516663727737611,0.0472579791923822,1.0094318020800943,0.9012786013642358,6.055955786315771,0.0093897203498816,-0.1039387356718716,1.801059881812599,0.5282444742157079,0.4314078564016753,0.0403476693826169,0.0343489940214384,-0.0510692692992791,0.0167202752778407,1.0695449257057432,0.8941500835398845,1.7075925347995264,0.0672351479891415,-0.1118793212293048,0.5351092884138975,0.588,0.5,0.5,10.0,7.0,350.0,315.0,35.0
13,0,baltimore-ravens,2023,1,1.1428082680286302,0.8704156790638002,0.7990029112414703,-0.0230253060870038,0.0544551126748331,-0.0616710403484745,0.9802490794163736,1.066736124491524,0.928344562329197,-0.0199477019045714,0.0646047846040774,-0.074351067936624,0.490566037735849,0.4528301886792453,0.0566037735849056,-0.0341864375116757,-0.01251634597422,0.0467027834858957,0.9348504790834408,0.9731010802849928,5.716403775294167,-0.067366639440603,-0.0272651086759416,1.743357563568017,0.5606229239385734,0.394150496179834,0.0452265798815926,-0.0511511298052741,0.0144460741968492,0.0367050556084248,0.9163873559533996,1.0380428441643286,5.306711771298037,-0.0873143422886518,0.0373395966788075,1.6689945019755128,0.765,0.5,0.667,13.0,4.0,483.0,280.0,203.0
14,0,buffalo-bills,2017,1,1.1614659848686046,0.8697928053488359,0.6961076833042755,-0.1416134388428622,0.0612802297787511,0.3932306839062766,0.891323331802106,1.075792456218862,2.298310490322377,-0.1150471699360596,0.0730587082784461,0.8321757201400516,0.4807692307692308,0.4615384615384615,0.0576923076923076,0.0454751131221719,-0.0561085972850678,0.0106334841628959,1.104467317180072,0.891606669186417,1.2259354873324326,0.0993652328360437,-0.114728030813423,0.2037215488659992,0.5583971081099061,0.4014428332379242,0.0401600586521697,-0.0088256998586148,-0.0170813235277666,0.0259070233863815,0.9844387704912684,0.9591844761261744,2.817451893679531,-0.0156817855065438,-0.0416693685769231,1.0358577927225443,0.563,0.5,0.583,9.0,7.0,302.0,359.0,-57.0
15,0,carolina-panthers,2012,1,1.188403746469736,0.9154369185942428,0.2616133660298185,0.5703279985094192,-0.555142663541769,-0.4610708214186642,1.922744627413223,0.6225003442277028,0.3620018378313141,0.6537545001954933,-0.4740100052932357,-1.0161021678598074,0.490566037735849,0.4339622641509434,0.0754716981132075,0.0027611596870685,-0.005062126092959,0.0023009664058904,1.0056583157589434,0.9884673501681848,1.031432444637093,0.005644406081239,-0.0115973622448416,0.0309618089429078,0.582990517136097,0.3972650778805205,0.0197444049833825,0.2814901522774057,-0.2483552264718748,-0.0331349258055308,1.9336248026914744,0.6153221326532989,0.3733789991253617,0.6593980928262424,-0.4856068381672886,-0.9851106457788598,0.438,0.5,0.417,7.0,9.0,357.0,363.0,-6.0
16,0,carolina-panthers,2013,1,1.2577748622163671,0.7823450010694165,0.5071911855694868,0.751549803162024,-0.7633014870018252,-0.6497504468107358,2.4846110541325284,0.5061600443227044,0.4383892263750562,0.910116924901289,-0.680901088369279,-0.8246461468835603,0.490566037735849,0.4528301886792453,0.0566037735849056,-0.0171262699564586,0.0066763425253991,0.0104499274310595,0.9662645347162252,1.0149619410905095,1.2263885225882998,-0.034315598337052,0.0148533236590833,0.2040913564221804,0.6170216305212367,0.3542694344465282,0.0287089350322351,0.3600150620782625,-0.3353266910006412,-0.0246883710776213,2.400791674188163,0.5137339199562383,0.5376375605093571,0.8758001678931312,-0.6660469903104136,-0.6205357934401388,0.75,0.833,0.75,12.0,4.0,366.0,241.0,125.0
17,0,carolina-panthers,2017,1,1.1108356266551809,0.932027679113496,0.6570935538505865,0.3082611187295819,-0.2495900387025468,-0.7576029911987047,1.384088619308027,0.7887719321475715,0.4644763512526573,0.3250427866602818,-0.237276986375084,-0.7668431124377036,0.4705882352941176,0.4705882352941176,0.0588235294117647,-0.0436974789915965,0.042016806722689,0.0016806722689075,0.9150309005118112,1.0980366536007495,1.029393750315252,-0.088795318227943,0.0935258496779546,0.028987036881877,0.5227461772494969,0.4386012607592922,0.0386525619912109,0.1099935731734746,-0.0678063325904403,-0.0421872405830342,1.2664848279634062,0.8661015364255249,0.4781318438261666,0.2362471238604269,-0.1437508497155257,-0.7378428894473759,0.688,0.5,0.583,11.0,5.0,363.0,327.0,36.0
18,0,carolina-panthers,2020,1,1.3916801967561467,0.684335755160797,0.3665337340254686,0.4419637199424738,-0.5478864965549087,0.0707465002344805,1.4653623111425411,0.5553666952867115,1.2391761813097382,0.382103241808344,-0.5881252099116808,0.2144495171720766,0.4716981132075472,0.4716981132075472,0.0566037735849056,0.0179944095038434,0.036512928022362,-0.0545073375262054,1.0396588559848703,1.083899556707723,0.5094293773997544,0.038894756248221,0.0805673588582924,-0.6744463809966801,0.6564529229981824,0.3227998845098099,0.0207471924920076,0.2255630399993863,-0.2134449842923954,-0.012118055706991,1.523478330359607,0.6019624640294896,0.6312613586554656,0.4209976190891185,-0.5075570898380298,-0.4599871065138306,0.313,0.167,0.333,5.0,11.0,350.0,402.0,-52.0
19,0,carolina-panthers,2022,1,1.1221588765663733,0.9283983643400112,0.5141028217046772,-0.2361016725288189,0.1818983087657226,-0.1354159787712219,0.8261728952821354,1.2436665124683417,0.7915121622589446,-0.1909503199035524,0.2180649587072912,-0.2338080885564669,0.490566037735849,0.4528301886792453,0.0566037735849056,0.0695134061569017,-0.0840119165839126,0.0144985104270109,1.165091572530157,0.8435056429704356,1.3443076953337454,0.1528017254182458,-0.1701864787404294,0.2958968223892778,0.5504930337872774,0.4204068064935899,0.0291001597191326,-0.0214061447791192,0.0196541450800245,0.0017519996990948,0.9625683894123248,1.049040462938511,1.0640238931583972,-0.0381483448577618,0.0478782801838504,0.0620922101253836,0.412,0.667,0.5,7.0,10.0,347.0,374.0,-27.0
20,0,carolina-panthers,2024,1,1.3177374008361238,0.6996446964658287,0.7550307546390074,0.1383825476752,-0.1727940352873346,0.7535886503556103,1.117336550545205,0.8019404332490637,523.1990254104645,0.1109485321900677,-0.2207195173348742,6.259963261842154,0.4807692307692308,0.4615384615384615,0.0576923076923076,0.0478424015009381,-0.099437148217636,0.0515947467166979,1.1105066439868203,0.8227410082911122,9.45998702366658,0.1048184272110059,-0.1951116534011111,2.2470883445405234,0.6335275965558287,0.3229129368303824,0.0435594666137888,0.1229532393946971,-0.1665039126896847,0.0435506732949876,1.240811150930449,0.6597898649324646,4447.8758935576,0.2157668981896224,-0.4158307843181923,8.400204890771658,0.294,0.333,0.333,5.0,12.0,341.0,534.0,-193.0
21,0,chicago-bears,2013,1,1.061948495466501,0.9172957665272464,1.1316654864077684,0.7163048788008184,-0.6832763321066548,1.068360743638156,3.072370996865976,0.5731045756736534,17.87619000895736,1.1224505168674406,-0.5566859832205159,2.8834705439447714,0.4909090909090909,0.4545454545454545,0.0545454545454545,0.0623376623376623,-0.0760667903525046,0.0137291280148423,1.1454518727335092,0.85664174220315,1.336330896256678,0.135801244863413,-0.1547332848911545,0.2899460544517201,0.521320170501737,0.4169526211487484,0.0617272083495146,0.3731871919307301,-0.4323305332284238,0.0591433412976937,3.5192477480907343,0.4909459560734689,23.88022560233064,1.2582491770476034,-0.711418827991313,3.173066935993777,0.5,0.333,0.333,8.0,8.0,445.0,478.0,-33.0
22,0,chicago-bears,2017,1,1.2134103202743522,0.875131095283095,0.262154870354606,0.3869773815871422,-0.3324405320264066,-0.6114631639212753,1.4682484146305197,0.7247026601065861,0.3000791650240301,0.3840709597750243,-0.3219926895569343,-1.2037051411917945,0.4716981132075472,0.4716981132075472,0.0566037735849056,-0.0225547603556712,0.0234222511385816,-0.0008674907829104,0.9543640190555104,1.0522472898344202,0.9848885233170528,-0.0467079889789141,0.0509302730720263,-0.0152091520015376,0.5723633586199774,0.4127976864542901,0.0148389549257324,0.1638965038665288,-0.1285275257879003,-0.0353689780786285,1.4012445580704418,0.762567333926929,0.2955441200959906,0.3373625589120355,-0.2710620451187076,-1.2188697587757538,0.313,0.0,0.083,5.0,11.0,264.0,320.0,-56.0
23,0,chicago-bears,2022,1,1.2343883667200366,0.7524706465218817,1.1095082229840134,0.5217533477713946,-0.5235077857758473,1.083827272613514,1.7321442277660064,0.5897200436584349,43.20186773113999,0.5493608891729933,-0.5281060280134283,3.765884630132418,0.4716981132075472,0.4716981132075472,0.0566037735849056,0.0240790655884995,-0.0616352201257861,0.0375561545372866,1.0537913029511838,0.884432303953581,2.971542107246916,0.0523965457212387,-0.1228071842620363,1.0890987126022555,0.5822586635471871,0.3549389842084347,0.0628023522443781,0.263269655065414,-0.325582846350354,0.06231319128494,1.825319439685388,0.5215680771752923,128.12597787546028,0.6017567246098688,-0.6509126545954029,4.853029904905959,0.176,0.0,0.083,3.0,14.0,326.0,463.0,-137.0
24,0,cincinnati-bengals,2019,1,1.1747718175907316,0.835758975585517,0.7444921013913623,0.3230253440440538,-0.3939842157554643,0.7213725868099073,1.379248960609158,0.6796201856210105,32.2004987721389,0.3215399708075632,-0.3862199909002975,3.471983285445068,0.5,0.4423076923076923,0.0576923076923076,-0.0657894736842105,0.0212550607287449,0.0445344129554655,0.8837193683099537,1.0504782743448675,4.384282179169769,-0.1236137234094751,0.0492478207041567,1.47804324644398,0.5873859087953658,0.369662623816671,0.0429514673879632,0.1054767198150086,-0.1481239830637422,0.0426472632487335,1.2188700762649944,0.7139271371206211,140.7302911958264,0.1979259650484292,-0.33697166553487,4.946868512007845,0.125,0.167,0.167,2.0,14.0,279.0,420.0,-141.0
25,0,cincinnati-bengals,2020,1,1.199900512211689,0.8349417507119816,0.7822358567270603,0.3264527672469414,-0.2904078781443391,0.7357252142414332,1.3737503421109352,0.7419392048152336,16.81806564816079,0.3175453091720912,-0.2984867756951994,2.822454923235433,0.4629629629629629,0.4629629629629629,0.074074074074074,0.0124135124135124,-0.0754985754985754,0.063085063085063,1.0275496615270838,0.8597867630415141,6.740127389148328,0.0271791586044036,-0.1510687104333156,1.9080923251215909,0.5555094963943004,0.3865471068111025,0.057943396794597,0.1619780948167766,-0.2194103856499932,0.0574322908332165,1.4115978612370197,0.6379102060953786,113.14728037610672,0.3447240978315773,-0.4495551613362866,4.728707594301207,0.281,0.167,0.333,4.0,11.0,311.0,424.0,-113.0
26,0,cincinnati-bengals,2024,1,1.130836595771504,0.9660333224361368,0.1814284557483749,0.1384297404556458,-0.0837538543925673,-0.4916496896529266,1.1394877516478217,0.9202173769516232,0.2695499585568114,0.1305797050635011,-0.0831443223929214,-1.3109960190346632,0.4807692307692308,0.4615384615384615,0.0576923076923076,-0.0301003344481605,0.0267558528428094,0.0033444816053511,0.941078354288524,1.0615360200056156,1.0615189295901573,-0.0607267958213009,0.0597191013685868,0.0597181680540132,0.5436714402747614,0.4458615334320631,0.0104670262931754,0.0366809815807904,-0.0105676738847647,-0.0261133076960257,1.072348322544288,0.976844928939095,0.2861302514628183,0.0698527769620721,-0.0234251183497602,-1.2512126135862829,0.529,0.5,0.5,9.0,8.0,472.0,434.0,38.0
27,0,cleveland-browns,2019,1,1.1326607842767384,0.954930872282588,0.2108262246742292,0.2583537038006831,-0.1777024934329666,0.1446704547247784,1.2954938991985658,0.8431060377364584,3.186767202136952,0.2588928946600676,-0.170661495530781,1.1590117299169769,0.490566037735849,0.4528301886792453,0.0566037735849056,0.0262803234501347,-0.0709793351302785,0.0446990116801437,1.0566014978278335,0.8644923461749892,4.754317618452126,0.0550596617986538,-0.1456106190373157,1.559070843997717,0.5556449130414189,0.4324215270713605,0.0119335598872205,0.1497166256775361,-0.1608626168748821,0.0111459911973461,1.3688219360810203,0.7288595230871684,15.133190095489384,0.3139522689514905,-0.3162719510836598,2.7169741450596274,0.375,0.5,0.5,6.0,10.0,335.0,393.0,-58.0
28,0,cleveland-browns,2022,1,1.205490508315946,0.8546783646221024,0.4985927255162636,-0.1173474186560801,0.1188184866901236,0.4985927255162636,0.9112904706208712,1.1614673238561637,498592.7255162636,-0.0928927549039856,0.149685310151689,,0.4716981132075472,0.4716981132075472,0.0566037735849056,0.0216981132075471,-0.0783018867924528,0.0566037735849056,1.0482156999818828,0.8576313737748607,56603.77358490566,0.0470915053118501,-0.1535787861107133,,0.5686275982622386,0.4031501719915577,0.0282222297462036,-0.026649468875173,-0.0015727608710305,0.0282222297462036,0.955230218705469,0.9961115201171836,28222.2297462036,-0.0458011422273314,-0.0038935792141532,,0.412,0.5,0.333,7.0,10.0,361.0,381.0,-20.0
29,0,dallas-cowboys,2014,1,1.263600926656579,0.7802244870284978,0.6493966905193853,0.7097409117089527,-0.5644224467720227,0.6480750066510622,2.2814404562777657,0.5802444397644423,490.9689352624238,0.8248078139359526,-0.5443045346745654,6.196382397377993,0.4705882352941176,0.4705882352941176,0.0588235294117647,0.0901534526854219,-0.1163682864450128,0.0262148337595907,1.2369715384479223,0.801741553459924,1.803866250062449,0.2126682096130147,-0.2209668505961246,0.5899492779837622,0.5946357301913313,0.367164464483999,0.0381998053246697,0.3839281158090821,-0.4220848227467413,0.0381567069376591,2.822076031085256,0.4652066276368133,866.2404208920979,1.0374744770378663,-0.7652708880129885,6.76418867011099,0.75,0.667,0.667,12.0,4.0,467.0,352.0,115.0
30,0,dallas-cowboys,2017,1,1.220587343921392,0.7628402772547074,1.064574042225378,0.098237736567539,-0.1368198599763641,0.8252062425420392,1.0875276726576113,0.8479195618058327,4.447421901407804,0.0839077490562675,-0.1649681931608835,1.4923255196353993,0.4814814814814814,0.4629629629629629,0.0555555555555555,-0.0185185185185185,-0.0203703703703703,0.0388888888888888,0.9629610370408888,0.9578524243666316,3.333133345332613,-0.0377402510599271,-0.0430593984261567,1.2039308059638658,0.5876902026288182,0.3531667950253274,0.0591430023458543,0.0265153989518917,-0.0816689379696904,0.0551535390177986,1.0472479368821044,0.8121825232951831,14.821086546526862,0.046167412384596,-0.2080273501777372,2.696067841438428,0.563,0.833,0.583,9.0,7.0,354.0,332.0,22.0
31,0,dallas-cowboys,2023,1,1.1284235268683147,0.93463382902492,0.4745220342230453,0.064547063182941,-0.0116538915001446,0.4661417600193849,1.06067058038747,0.9876835776995444,56.61693230556792,0.0589022173011366,-0.0123918280793434,4.03631020519417,0.4716981132075472,0.4716981132075472,0.0566037735849056,-0.071780147662018,0.0260459392945037,0.0457342083675143,0.8679229313236931,1.0584421716686476,5.207068119544323,-0.1416502370635812,0.0568002977586428,1.6500346229073817,0.5322752485227898,0.440865013691,0.0268597377862101,-0.0459184817410002,0.0191498338917863,0.0267686478492138,0.920581286308074,1.0454069224967928,291.66854340758914,-0.0827480967924286,0.0444084774043407,5.675655261961432,0.706,0.833,0.75,12.0,5.0,509.0,315.0,194.0
32,0,denver-broncos,2014,1,1.21087797476628,0.8814182208663058,0.4462228262044834,0.3685774591654354,-0.2994219423015548,-0.9101009164040104,1.4375825667397928,0.7464324994410864,0.3289940913016925,0.362963755618621,-0.2924489542746148,-1.111713246917052,0.4615384615384615,0.4615384615384615,0.0769230769230769,-0.1018418201516793,0.0812567713976165,0.0205850487540628,0.8192293150987349,1.2136720221673036,1.3653603802378662,-0.1993890736402079,0.1936526598416519,0.3114314085329183,0.5588667575844369,0.4068084096306028,0.0343248327849602,0.0843312558374821,-0.0422434834050625,-0.0420877724324196,1.1777107883735591,0.9059253730234684,0.4491979234236318,0.1635743337018323,-0.0987958879064164,-0.8002625459587227,0.75,1.0,0.833,12.0,4.0,482.0,354.0,128.0
33,0,denver-broncos,2015,1,1.1369873893127451,0.915841524364431,0.4860437643740917,0.1814958225218594,0.0037428265641442,-4.577496292745996,1.1899489633199631,1.0041024315359035,0.0959889055684938,0.1739112977541492,0.0040951313990023,-2.3435206037617555,0.490566037735849,0.4528301886792453,0.0566037735849056,-0.0632801161103048,0.0220609579100145,0.0412191582002902,0.8857426355433021,1.051210497695307,3.6790061476192726,-0.1213268111855775,0.049944563421275,1.3026603136346464,0.5577673985307807,0.4147206902782329,0.0275119111909863,0.0285720692312132,0.0218166358411863,-0.0503887050723996,1.053989545371619,1.0555239378949803,0.3531622642843294,0.0525843239281579,0.0540396785069935,-1.0407913082398914,0.75,0.667,0.667,12.0,4.0,355.0,296.0,59.0
34,0,denver-broncos,2023,1,1.1713923547438132,0.8992635535933672,0.4112007638568297,0.3335178433002649,-0.2450545620069347,-1.5700638806825096,1.3980505919377684,0.785850329103014,0.2075444880347871,0.335079685638072,-0.24098781365341,-1.5724071302250264,0.4716981132075472,0.4716981132075472,0.0566037735849056,-0.0283018867924528,-0.0176635889201123,0.0459654757125652,0.9433943396264152,0.9639028703182528,5.320254613047506,-0.058268788124223,-0.0367626263814323,1.671538828314328,0.5525435635584025,0.4241809215063052,0.0232755149352922,0.1336063078366283,-0.1358045393193744,0.002198231482746,1.3189140786544893,0.7574842450313279,1.104241480939031,0.2768105401459355,-0.2777501829715741,0.0992016193518247,0.471,0.5,0.417,8.0,9.0,357.0,413.0,-56.0
35,0,detroit-lions,2016,1,1.1288341460216191,0.8890027099713887,0.7714157213748608,-0.0930562249289677,0.1491089861466968,0.3230344201704659,0.9238416547155311,1.201525948686216,1.720441951662163,-0.0792137055120068,0.1835934977255514,0.5425825027775553,0.490566037735849,0.4528301886792453,0.0566037735849056,-0.0636508297340304,0.0311434416912934,0.0325073880427369,0.8851501666219922,1.073851900876274,2.3489591219700228,-0.1219959301098744,0.0712543000081434,0.8539899697243545,0.5537676942747564,0.4025672648927043,0.0436650408325392,-0.123424559505087,0.090563887376268,0.0328606721288189,0.8177395317862796,1.2902615921518512,4.041050521256636,-0.2012096080754842,0.2548474664832326,1.396527589538946,0.563,0.5,0.583,9.0,7.0,346.0,358.0,-12.0
36,0,detroit-lions,2020,1,1.186849325608061,0.8453300601752782,0.6802818051972654,0.7990999386142054,-1.107559987738408,0.4897560090860929,3.0608591646018604,0.4328608403824482,3.5705308601332946,1.1186964918672857,-0.8373378044636696,1.272715755032168,0.4807692307692308,0.4615384615384615,0.0576923076923076,-0.0492307692307692,0.0615384615384615,-0.0123076923076923,0.9071100446399738,1.1538432692379808,0.8241640504036755,-0.0974894280700932,0.1431005103081177,-0.1933683454096726,0.5706006373115677,0.390152335465513,0.0392470272229191,0.3650934622048242,-0.3910036836999613,0.025910221495137,2.776534982198108,0.4994544321989458,2.942540026742878,1.0212054935448818,-0.6942363487857641,1.0792986423432385,0.313,0.167,0.333,5.0,11.0,377.0,519.0,-142.0
37,0,detroit-lions,2021,1,1.3184629228085536,0.7358842128904863,0.4228371830054702,0.509449883331901,-0.7138111939622185,0.229704365384352,1.629715750868132,0.5076126349020159,2.189348236438708,0.4884063720998579,-0.6780352930892476,0.7836062555756864,0.4821428571428571,0.4642857142857143,0.0535714285714285,-0.0446428571428571,0.0803571428571428,-0.0357142857142857,0.9152524998596612,1.2092991757788911,0.5999932800752631,-0.0885532215728049,0.1900431520839285,-0.5108181572108246,0.6356874806398384,0.34166052741344,0.0226519919467216,0.2095109687726731,-0.2149189591460805,0.0054079903734074,1.4916025903261998,0.6138564604113244,1.3135395697368075,0.399852679028966,-0.4879912291194339,0.2727696003614316,0.206,0.333,0.25,3.0,13.0,325.0,467.0,-142.0
38,0,detroit-lions,2022,1,1.2238903295911412,0.8607824712119774,0.2943933266406774,0.5439927823908021,-0.8123159068336505,0.1131627969485184,1.8001072875222797,0.5144837673763708,1.6244045787216816,0.5878470843712441,-0.6645901127616153,0.4851447323520297,0.4716981132075472,0.4716981132075472,0.0566037735849056,-0.1077411391289013,0.1165579262916593,-0.0088167871627578,0.8140582420802523,1.3281988419981965,0.8652158850693148,-0.2057212450743161,0.2838258902638428,-0.1447585585642665,0.5773067592411044,0.4060294675528195,0.016663773206076,0.1833474328259546,-0.1881550031549734,0.0048075703290189,1.465393138680535,0.6833379265722498,1.4053713492850268,0.3821252926965173,-0.3807633108549374,0.3403615820218111,0.529,0.833,0.583,9.0,8.0,453.0,427.0,26.0
39,0,detroit-lions,2024,1,1.3827859553818052,0.6132642004998631,0.6474961828587376,0.9251896543245044,-0.7474891959977993,0.1733430272507615,3.021840277874916,0.4506795657455122,1.3655815839650225,1.1058667325124116,-0.7969970586233208,0.3115819511436699,0.5,0.4423076923076923,0.0576923076923076,0.1307692307692307,-0.1576923076923077,0.0269230769230769,1.354162999141877,0.7371782585490563,1.8749390644804045,0.3031855506560804,-0.3049232846845554,0.6285934931336005,0.6913929776909026,0.2712514732980163,0.037355549011081,0.5224343434543608,-0.5452005646005811,0.0227662211462202,4.092060099532172,0.3322315683902268,2.560295379039956,1.4090499814161264,-1.1019193714419295,0.9401494036991908,0.882,1.0,0.917,15.0,2.0,564.0,342.0,222.0
40,0,green-bay-packers,2018,1,1.380067846754471,0.5307332584212567,0.8939895352023911,0.8797848932569218,-1.0314529431728596,0.86227953623864,2.7585690828303404,0.3397372977321002,28.19178090934032,1.014712821640213,-1.0795807295678903,3.339031596927297,0.5283018867924528,0.4150943396226415,0.0566037735849056,0.0344747262986256,-0.0663871418588399,0.0319124155602143,1.0698091543911794,0.862117222511255,2.2923599896091003,0.0674821650389863,-0.1483616194839264,0.8295995165591972,0.7290924473419845,0.2203043714201442,0.0506031812378711,0.4820391369728244,-0.5318593552733191,0.0498202183004946,2.951142387487758,0.2928937819094605,64.54792545066991,1.082193716952889,-1.22794071560707,4.167427739542538,0.406,0.25,0.292,6.0,9.0,376.0,400.0,-24.0
41,0,green-bay-packers,2019,1,1.2418208512688105,0.7612911094626623,0.6537138327002978,0.6415255694398498,-0.9429505368386932,0.6537138327002978,2.06867989834166,0.4467034733081347,653713.8327002978,0.7269114788399118,-0.8058589616144631,,0.5094339622641509,0.4339622641509434,0.0566037735849056,-0.1284970722186077,0.071893298633702,0.0566037735849056,0.7985709052488715,1.1985591335392844,56603.77358490566,-0.2249295542509004,0.1811224176442475,,0.6326257166841108,0.3303716135404006,0.0370026697754885,0.2496787265518429,-0.2866813963273315,0.0370026697754885,1.6519886067703498,0.5354014531259865,37002.66977548856,0.5019813591591205,-0.6247354069155996,,0.813,1.0,0.833,13.0,3.0,376.0,313.0,63.0
42,0,green-bay-packers,2022,1,1.172468355644541,0.8553795139104017,0.7679344203754785,0.5699130776632345,-0.6226616078039977,0.6141966171803896,1.945823815117424,0.5787247205906665,4.995059180999336,0.6656862956275861,-0.5469271847896077,1.6084505622719243,0.4716981132075472,0.4716981132075472,0.0566037735849056,-0.0055746140651801,-0.0055746140651801,0.0111492281303602,0.9883177854833102,0.9883177854833102,1.2452556232442131,-0.0117488677272303,-0.0117488677272303,0.2193584952269131,0.5530511111530854,0.4034809027879252,0.0434679860589893,0.2654679102983709,-0.3019478143939471,0.0364799040955762,1.9230928177187416,0.5719647088299523,6.219412833693782,0.6539365407357637,-0.5586755089264874,1.827698507739504,0.471,0.5,0.5,8.0,9.0,370.0,371.0,-1.0
43,0,houston-texans,2013,1,1.2726210956989703,0.7795780377760055,0.5650072210418697,0.4369770000327923,-0.3961127565118731,0.5650072210418697,1.5229205583794327,0.6630802745784231,565007.2210418697,0.4206306970579344,-0.4108579355856938,,0.4716981132075472,0.4716981132075472,0.0566037735849056,-0.0449685534591195,-0.0116352201257861,0.0566037735849056,0.9129623230552724,0.9759251116188322,56603.77358490566,-0.0910585464312119,-0.0243673054139185,,0.6002929696693255,0.3677254895169837,0.0319815408136907,0.1685435202418002,-0.2005250610554909,0.0319815408136907,1.3903702253588324,0.647117441468528,31981.540813690743,0.3295717267088429,-0.4352247645843781,,0.125,0.167,0.167,2.0,14.0,276.0,428.0,-152.0
44,0,houston-texans,2020,1,1.1936399608564454,0.8032367833272402,1.027068217074725,0.2020032270906764,-0.2853320322058634,0.9410687677775303,1.2037056681209255,0.7378826528768596,11.942591294208835,0.1854056930806248,-0.303969229004402,2.480112084377988,0.4727272727272727,0.4727272727272727,0.0545454545454545,-0.0272727272727272,0.0127272727272726,0.0145454545454545,0.9454526545492364,1.0276657501337447,1.363602273579524,-0.0560893512666657,0.0272920837597048,0.310148261781614,0.564266163313956,0.3797119339365135,0.0560219027495304,0.0684477964310714,-0.1210297212087141,0.0525819247776426,1.1380478476695708,0.7582975607028878,16.280808307178958,0.1293161524358275,-0.2766767765054411,2.7900048596619564,0.25,0.333,0.25,4.0,12.0,384.0,464.0,-80.0
45,0,indianapolis-colts,2021,1,1.1703023212536134,0.8962440650047577,0.4010825236746619,0.0452801720886124,-0.041648807101018,-0.3601585197419917,1.040247324797022,0.9555921961538087,0.5268791012573327,0.0394593516649434,-0.0454229142328976,-0.6407816728886271,0.4736842105263157,0.4736842105263157,0.0526315789473684,0.0921052631578946,-0.0921052631578947,0.0,1.2413760570834365,0.8372078226094297,0.9999810003609932,0.2162225988922974,-0.1776808335688683,0.0,0.5543537311201326,0.4245366623706746,0.0211096065091927,0.1250689636755928,-0.1061132521102248,-0.0189557115653679,1.2913396463621418,0.8000300212164349,0.5268666431966416,0.2556819689732622,-0.2231036699913755,-0.6407604407505335,0.529,0.5,0.583,9.0,8.0,451.0,365.0,86.0
46,0,indianapolis-colts,2022,1,1.1809478462873595,0.9004350081829737,0.3218095460805569,0.6570118683746882,-0.6718969876517591,-0.4803786597749413,2.253988353698901,0.5726744974304527,0.4011641439844128,0.8127020954331861,-0.557436680416658,-0.9133814913882732,0.4716981132075472,0.4716981132075472,0.0566037735849056,-0.0283018867924528,0.0341981132075471,-0.0058962264150943,0.9433943396264152,1.0781646515266188,0.9056458870242982,-0.058268788124223,0.0752623187866262,-0.0990892360056193,0.5570508708902638,0.424733494425931,0.0182156346838051,0.2950828819339281,-0.2631617537517646,-0.0319211281821635,2.1264000487596326,0.6174383063595585,0.3633116765201563,0.754432227074018,-0.4821737697858802,-1.0124393037232335,0.265,0.25,0.375,4.0,12.0,289.0,427.0,-138.0
47,0,indianapolis-colts,2024,1,1.182284763078678,0.8329011279095131,0.8734509084317391,-0.1036505350119063,-0.0234529180222762,0.8288166929108739,0.919396057825094,0.9726119229007912,19.56864996033085,-0.0840374375687379,-0.0277689216739285,2.9739299387472844,0.4716981132075472,0.4716981132075472,0.0566037735849056,0.063931122916285,-0.0816999450448799,0.0177688221285949,1.156780631237437,0.852365225732616,1.457509638938118,0.1456429488821539,-0.1597380553069939,0.3767469190678716,0.5576814920182444,0.3928778905233553,0.0494406174584003,0.0333195258065497,-0.0810267756719067,0.047707249865357,1.0635409591323015,0.829021298009716,28.506423699745454,0.0616056615767,-0.1875068876540433,3.3501496809310107,0.471,0.5,0.583,8.0,9.0,377.0,427.0,-50.0
48,0,kansas-city-chiefs,2014,1,1.107821998200985,0.89800870391715,0.8814730509209288,0.7596463512879622,-0.7431455457533567,-0.0166869442814631,3.18178145496854,0.5471808374603454,0.9814198741978296,1.1574421485719362,-0.6029748189737171,-0.0187537702034938,0.490566037735849,0.4528301886792453,0.0566037735849056,0.0082130965593784,-0.0412874583795782,0.0330743618201997,1.017025042937037,0.916440193817128,2.405558141137492,0.0168837795462469,-0.087256260473809,0.8777996184600715,0.5434598481740681,0.4066454508304075,0.0498947009955242,0.3755163008395513,-0.4042778254773723,0.0287615246378209,3.235948155503906,0.5014592147640534,2.360853820420488,1.1743238179616504,-0.690230542238078,0.8590433839293229,0.563,0.5,0.583,9.0,7.0,353.0,281.0,72.0
49,0,kansas-city-chiefs,2022,1,1.1722413273860424,0.8903984101858706,0.4780021869007234,0.0320985157281581,-0.0795828592859047,0.2408768405060456,1.0281521641392637,0.9179532845180316,2.0158122206510414,0.0277640287361791,-0.0856076548889651,0.701024293391019,0.4716981132075472,0.4716981132075472,0.0566037735849056,0.0326737229636447,-0.0283018867924528,-0.0043718361711918,1.0744210327915051,0.9433943396264152,0.9282866628911814,0.0717840623467912,-0.058268788124223,-0.0743970234087679,0.5529440223519069,0.4199992500876748,0.0270567275604183,0.0523935196728357,-0.0649913846482127,0.0125978649753769,1.1046695882290205,0.8659927718472801,1.871160766659594,0.0995480835781022,-0.1438763360974116,0.6265959278284272,0.824,1.0,0.75,14.0,3.0,496.0,369.0,127.0
50,0,kansas-city-chiefs,2024,1,1.3388710606613117,0.7045482536901201,0.4267314447476705,0.2177602187906839,-0.2347554535289292,0.0432979378919052,1.1942350536832638,0.7500742286026006,1.1129187308856163,0.1775066048744807,-0.287581686530807,0.1069883949467078,0.490566037735849,0.4528301886792453,0.0566037735849056,-0.0150519397922408,0.014627941488234,0.0004239983040067,0.9702286890697164,1.033379354402315,1.0075292357909238,-0.0302214348851809,0.032836566680534,0.0075186990830584,0.6568046712678134,0.3190407186521298,0.0241546100800568,0.0899508748163723,-0.0925642766461052,0.0026134018297329,1.1586823916450315,0.775111933005165,1.12126898966793,0.1472850127798405,-0.2547446959824319,0.1145024695136949,0.882,0.833,0.833,15.0,2.0,385.0,326.0,59.0
51,0,las-vegas-raiders,2014,1,1.1978486770113836,0.790038114684784,1.104981138633213,0.7065666353127535,-0.8076488349290621,1.0950550100519258,2.4382048133999814,0.4944883729490059,111.30924008742645,0.8912628711378612,-0.7042303751770357,4.712313179481399,0.4727272727272727,0.4727272727272727,0.0545454545454545,-0.0478206724782067,0.0069738480697384,0.0408468244084682,0.908132226722062,1.014971082829467,3.981527530308469,-0.096363171457392,0.0148622376471002,1.3816838804136802,0.5662557382235632,0.3734725633055343,0.0602716984709025,0.3105198809009887,-0.3706556050077639,0.0601357241067752,2.214212468832033,0.5018921165959354,440.0217431557055,0.7948985617157539,-0.6893674119963996,6.086840733351781,0.188,0.167,0.167,3.0,13.0,253.0,452.0,-199.0
52,0,las-vegas-raiders,2017,1,1.2563556397311293,0.809167762543096,0.4539716477147876,-0.2679973402899274,0.366163927661066,-3.624797843747282,0.8241889063810327,1.8265438632482949,0.1113011013159648,-0.1933547240782115,0.602426817720061,-2.195513922949138,0.4716981132075472,0.4716981132075472,0.0566037735849056,0.0966981132075471,-0.1116352201257862,0.0149371069182389,1.2578582809313767,0.8086239507147367,1.3584579630466227,0.2294126176624467,-0.2124191822377263,0.3063678722625418,0.5926205847788346,0.3816829068599509,0.0256965083612143,0.0209882172709383,0.1232640031787667,-0.1442522204497051,1.036714472009279,1.4769872653881877,0.1512006435138444,0.0360582383570649,0.3900070015401407,-1.8891086441660243,0.375,0.333,0.417,6.0,10.0,301.0,373.0,-72.0
53,0,las-vegas-raiders,2018,1,1.3147013846852578,0.7597679224061096,0.1944446201455537,0.0070311703959284,0.0133191067045932,-0.5429726693719596,1.0053760993735334,1.0178419318009702,0.2636829366854695,0.0053624603662016,0.0176859489827239,-1.333002752175414,0.490566037735849,0.4528301886792453,0.0566037735849056,0.0379344587884806,-0.0419066534260178,0.0039721946375372,1.083806293565297,0.9152932121632584,1.0754512645391814,0.0804812295359143,-0.0885086062573519,0.0727580209735389,0.6449478490908812,0.3440458516555968,0.0110062992535219,0.0530550152546583,-0.0252498782177849,-0.0278051370368735,1.0896343435625964,0.9316244196734628,0.2835766137217604,0.0858437258504981,-0.0708226221139677,-1.2601820969849276,0.25,0.167,0.25,4.0,12.0,290.0,467.0,-177.0
54,0,las-vegas-raiders,2019,1,1.31490808416751,0.7809467895766053,0.2331610100470777,0.0968443671943952,-0.0766770115063301,0.1756392366000669,1.079505929237529,0.9105925908281712,4.0533687107743965,0.0765042240443926,-0.0936584122006893,1.399552604691476,0.4705882352941176,0.4705882352941176,0.0588235294117647,0.0031969309462915,-0.0294117647058823,0.0262148337595907,1.0068377911158617,0.9411745882390588,1.803866250062449,0.0068166444442449,-0.0606244968166928,0.5899492779837622,0.6187802749023577,0.3675043715654613,0.013715353532181,0.0494678854475323,-0.0613075289760064,0.0118396435284741,1.0868886739075323,0.8570273214761233,7.308190133313357,0.083320803067008,-0.1542827594712884,1.9890685636565564,0.438,0.5,0.417,7.0,9.0,313.0,419.0,-106.0
55,0,las-vegas-raiders,2020,1,1.330232705077247,0.7619657277822686,0.2316797261707044,0.0325575018559423,-0.1036526217592174,0.1157437354349986,1.0250883092216112,0.8802549621676985,1.998324475221631,0.0247795159652569,-0.1275423713432946,0.6923133833458627,0.4716981132075472,0.4716981132075472,0.0566037735849056,0.0808935155063977,-0.0915202775970505,0.0106267620906527,1.2069891423823889,0.8375033262503514,1.2311052989314464,0.1881310665319983,-0.1773279236508391,0.2079300493978218,0.6274682571119089,0.3594177961237116,0.0131139467643794,0.1203308213702496,-0.1281143777559759,0.0077835563857263,1.2372721389067554,0.737217107224806,2.4597611191421414,0.2129106620351545,-0.304870065505596,0.9001404909763325,0.5,0.667,0.5,8.0,8.0,434.0,478.0,-44.0
56,0,las-vegas-raiders,2022,1,1.3485902934210214,0.6453050113816203,1.0508724599779822,0.6896194831475582,-0.6677709660722495,1.0508724599779822,2.0465068040791867,0.4914449209466021,1050872.4599779823,0.7161350831989718,-0.7104038592017473,,0.4716981132075472,0.4716981132075472,0.0566037735849056,-0.0069343654249314,-0.0496694081599742,0.0566037735849056,0.9855100703679426,0.9047307113408162,56603.77358490566,-0.0145938139070931,-0.100115816092671,,0.6361274968967083,0.3043891563120851,0.0594833467912065,0.3207226646290678,-0.3802060114202744,0.0594833467912065,2.016853944403021,0.4446258548602992,59483.34679120654,0.7015404160668595,-0.8105188407980194,,0.353,0.5,0.417,6.0,11.0,395.0,418.0,-23.0
57,0,las-vegas-raiders,2023,1,1.285020917212406,0.7136417399979204,0.9156917699132552,0.368779885730664,-0.386750345599795,0.8670430506076683,1.4024906881146642,0.6485334643940278,18.82213881156141,0.3382504970993836,-0.4330402725282416,2.9350348654427543,0.4807692307692308,0.4615384615384615,0.0576923076923076,0.0404022582921665,-0.0797459421312631,0.0393436838390966,1.0917443157024114,0.8526711757039688,3.144059417992489,0.0877787867751079,-0.1593791307016586,1.1455321064240649,0.6177985178905797,0.3293731107682709,0.0528283713411493,0.2143162287977025,-0.2662519630873733,0.0519357342896706,1.5311625898547925,0.5529863873086551,59.11613809402461,0.4260289281544589,-0.592418857775228,4.079522880376936,0.471,0.667,0.5,8.0,9.0,332.0,331.0,1.0
58,0,los-angeles-chargers,2011,1,1.3749817447802173,0.6371859630015122,0.6405028001109573,1.054266657845402,-1.0420989500636724,0.6405028001109573,4.2872241237455535,0.3794386399862444,640502.8001109574,1.4556401933880867,-0.96906081228556,,0.4915254237288136,0.4576271186440678,0.0508474576271186,-0.0084745762711864,-0.0423728813559322,0.0508474576271186,0.9830488813598643,0.915252406783322,50847.45762711865,-0.017094398876611,-0.0885532121566475,,0.6758384847224796,0.2915935762888276,0.0325679389886927,0.5154809412550718,-0.5480488802437645,0.0325679389886927,4.214546167038746,0.3472826162345123,32567.93898869274,1.4385433943713255,-1.0576129450924066,,0.5,0.5,0.583,8.0,8.0,406.0,377.0,29.0
59,0,los-angeles-chargers,2013,1,1.2541792753148988,0.738423679263626,1.0616420451789594,0.076136010598329,-0.1065033765390874,1.06089754915203,1.0646283105640744,0.8739485855539447,1424.074719152859,0.0626265314139315,-0.1347323774190927,7.261278503847189,0.4716981132075472,0.4716981132075472,0.0566037735849056,-0.0367764630636392,-0.0028781579788935,0.0396546210425327,0.9276711315549508,0.99393321561377,3.339425615398125,-0.075075873107337,-0.0060831420962899,1.2058164872727517,0.5915939977900467,0.3483130562564273,0.060092945953526,-0.0074110520658362,-0.0526692753109621,0.0600803273767983,0.9876260814600796,0.8686472200600429,4412.571677308201,-0.0124494225819745,-0.1408153259702146,8.392229586008606,0.563,0.667,0.5,9.0,7.0,396.0,348.0,48.0
60,0,los-angeles-chargers,2015,1,1.44147904385883,0.5470778329130198,1.0953593602345868,0.8988314256916026,-1.2744644573776245,0.8039992120529472,2.6563765125346936,0.3003375411548569,3.7594558062069448,0.9769636745364182,-1.2028464717437344,1.32427512747727,0.4716981132075472,0.4716981132075472,0.0566037735849056,-0.1389213558190014,0.1088662548004675,0.0300551010185339,0.7724898478420293,1.30004243628433,2.13199516654684,-0.2581342922509055,0.2623990272281015,0.757075905713536,0.6799429452164292,0.2580555815627452,0.0620014732208256,0.3485917447426356,-0.4028579927904973,0.0542662480478617,2.0520248371496947,0.3904522484093699,8.014434925899632,0.7188285018199446,-0.9404457252555803,2.081260410023916,0.25,0.0,0.25,4.0,12.0,320.0,398.0,-78.0
61,0,los-angeles-chargers,2016,1,1.1799557854500071,0.8884923345390006,0.3324445164546005,0.3488488692380908,-0.2844646196942415,-0.4916718566352956,1.4197383545906948,0.7574801222263798,0.4033946223074426,0.3504734447942285,-0.2777568577267488,-0.907836976453254,0.490566037735849,0.4528301886792453,0.0566037735849056,0.0070495542193655,-0.0416753058262492,0.0346257516068836,1.014577661531706,0.9157214186480496,2.5753545194825707,0.0144744673477304,-0.0880408803469284,0.9460048686185992,0.5788462343717016,0.4023361514893587,0.0188176141389396,0.1769923408186871,-0.1776975071974093,0.0007051663787221,1.440435947547663,0.6936415703162825,1.038875336603157,0.3649475366965548,-0.3657974356956839,0.0381918611861201,0.313,0.167,0.333,5.0,11.0,410.0,423.0,-13.0
62,0,los-angeles-chargers,2017,1,1.1225118119547988,0.9693154377777397,0.2347729188955115,-0.0749114195908347,0.1512785777665778,-0.2621599771156554,0.9374386974830652,1.1849273550303816,0.4724429562563705,-0.0646030217681195,0.1696825005914894,-0.749834007410255,0.4716981132075472,0.4716981132075472,0.0566037735849056,-0.0577136514983351,0.0599334073251942,-0.002219755826859,0.8909836419784876,1.145549778597438,0.96224779273092,-0.1154270908532766,0.1358867977462549,-0.0384656141726847,0.5294867037522637,0.4572242631027073,0.0132890331450289,-0.1044432423601304,0.1203855560392878,-0.0159423136791573,0.8352435024656253,1.3573941952651742,0.4546002832052424,-0.1800300883049671,0.3055690160237432,-0.7882614973990012,0.563,0.5,0.5,9.0,7.0,355.0,272.0,83.0
63,0,los-angeles-chargers,2018,1,1.2324850582549318,0.8459691294147214,0.2173764598061517,0.3968575284334374,-0.2905918186640317,-0.7585570117241098,1.474919793030778,0.7443229388813778,0.2227367370939426,0.3886044220755488,-0.2952790986130173,-1.501760155766145,0.490566037735849,0.4528301886792453,0.0566037735849056,0.0712111990261716,-0.0632988435788192,-0.0079123554473524,1.1698085312112965,0.8773567906872558,0.8773448917202161,0.1568421253398891,-0.1308393301260393,-0.1308374343280745,0.6046153115967591,0.3830803604896852,0.0123043279135557,0.2541908636071002,-0.2035317417445099,-0.0506591218625901,1.725375012189758,0.6530375114887,0.1954170640305866,0.5454460791694482,-0.4261180960881353,-1.6325379455591216,0.75,0.667,0.75,12.0,4.0,428.0,329.0,99.0
64,0,los-angeles-chargers,2019,1,1.132606686746095,0.9658379489254858,0.1796280360701591,-0.3032099545313989,0.4520617275627164,-0.3141904272329408,0.7888234927510558,1.879876936473842,0.3637524427827296,-0.2372118103191591,0.631207350746718,-1.0112761779208876,0.4716981132075472,0.4716981132075472,0.0566037735849056,-0.0568733153638814,0.0574123989218328,-0.0005390835579514,0.8924001474734589,1.1385789042760346,0.9905487031335444,-0.1138385311711361,0.1297830295865263,-0.0094785772908075,0.5342484371443845,0.4555839381723989,0.0101676246832165,-0.224683216102291,0.2427337893221088,-0.0180505732198177,0.7039470957783891,2.1403874991195657,0.3603087769593647,-0.351050201903314,0.7609890819795024,-1.020695554830438,0.313,0.0,0.25,5.0,11.0,337.0,345.0,-8.0
65,0,los-angeles-rams,2020,1,1.1184591585323471,0.9093733254325264,0.6983673559261127,-1.464887451044224,0.5921628389986342,0.426982429743707,0.4329495397313838,2.866773002629091,2.573336671322896,-0.8371332001008858,1.0531881075015477,0.9452048044240564,0.490566037735849,0.4528301886792453,0.0566037735849056,0.1879344587884806,-0.1787487586891757,-0.0091857000993048,1.6209954640117072,0.7169799968571434,0.8603642809534956,0.4830424829436358,-0.3327051288269209,-0.1503817304056495,0.5486780777705854,0.4117916945354837,0.0395302276939309,-0.2331241856539032,0.2114482294193412,0.0216759562345621,0.7018109330565363,2.055418373034475,2.2139247663573944,-0.3540894148007349,0.7204818434876419,0.7947921496176192,0.625,0.5,0.75,10.0,6.0,372.0,296.0,76.0
66,0,los-angeles-rams,2023,1,1.2969893027400197,0.798580990123878,0.1364412228421467,0.5103000810292992,-0.5916819294911942,-0.0655231637766836,1.648665849588944,0.574409634643316,0.6755673589735082,0.4999671558479729,-0.5544112357643342,-0.3921950802096284,0.4807692307692308,0.4615384615384615,0.0576923076923076,0.0168517049960348,0.0182394924662966,-0.0350911974623314,1.036322552473951,1.0411425529861194,0.6217881703001474,0.0356805194644408,0.040320885429249,-0.4751384732827392,0.6235525493942402,0.3685758415956359,0.0078716090101238,0.2585936321057616,-0.2477262774089836,-0.0108673546967779,1.70855077463578,0.5980431223371323,0.4200439837151229,0.5356471146830214,-0.5140897035575857,-0.8672688192951669,0.588,0.833,0.667,10.0,7.0,404.0,377.0,27.0
67,0,los-angeles-rams,2024,1,1.573305886459959,0.3757807510225129,0.2267528855419555,1.1270805829040322,-1.090111560007815,0.1609369868285391,3.5258026564603284,0.2563493183268495,3.4452076894308807,1.2601087499081032,-1.3612115787834966,1.236988599933708,0.5283018867924528,0.4150943396226415,0.0566037735849056,0.1304524244268614,-0.1440454453235949,0.0135930208967336,1.3278905939965642,0.7423789335320162,1.316007138683082,0.2835935564771105,-0.2978930649939093,0.2746199239302431,0.8311804683184688,0.1559844626885902,0.0128350689929408,0.6536499712048206,-0.663654248855249,0.0100042776504283,4.681876071750704,0.1903085715488143,4.532491077380317,1.5437001027422637,-1.659102052524635,1.511349603563864,0.588,0.667,0.5,10.0,7.0,367.0,386.0,-19.0
68,0,miami-dolphins,2014,1,1.09996127568514,0.9217303300767516,0.8264671539048668,0.3519978552666004,-0.2860893057184874,0.8264671539048668,1.4706064161041683,0.7631351069522644,826467.1539048669,0.385675752808899,-0.2703191051259496,,0.4705882352941176,0.4705882352941176,0.0588235294117647,0.0186651583710407,-0.0774886877828054,0.0588235294117647,1.041299322882099,0.858615564466132,58823.52941176471,0.0404714072891667,-0.1524318706315546,,0.5176288356165364,0.4337554494478831,0.0486157149355804,0.1796069052350809,-0.2282226201706614,0.0486157149355804,1.531342370863413,0.6552404288217574,48615.71493558041,0.4261466492049846,-0.4227507383521311,,0.5,0.5,0.5,8.0,8.0,388.0,373.0,15.0
69,0,miami-dolphins,2019,1,1.3794391446678884,0.6888126808752603,0.5349638935153418,0.5945927410827346,-0.4877006916816274,0.460542154993413,1.7575889763623624,0.5854689895358285,7.1881780238134345,0.5639436950174572,-0.5353406096465863,1.972439604705564,0.4629629629629629,0.4814814814814814,0.0555555555555555,0.0419103313840156,-0.0869395711500974,0.0450292397660818,1.0995344256427764,0.8470492642789006,5.277276436516309,0.0948890007910184,-0.1659943458433176,1.6634281380545923,0.6386292336425409,0.3316505500510512,0.0297202163064078,0.3081675900277393,-0.3371044196128637,0.0289368295851244,1.9325307897341304,0.4959216292569666,37.88974940546914,0.6588319997971194,-0.7013343550543586,3.6347142578352543,0.313,0.333,0.333,5.0,11.0,306.0,494.0,-188.0
70,0,miami-dolphins,2024,1,1.2017088765977737,0.8045901233385665,0.8151354161107616,0.6774319681338705,-0.8197430523763455,0.5469760223799671,2.2921219017575902,0.4953353413157396,3.0397308296357672,0.8294788153442465,-0.702519045712401,1.1117701954042822,0.490566037735849,0.4528301886792453,0.0566037735849056,0.0135018175523627,0.0032889042755755,-0.0167907218279383,1.028299731318016,1.0073138932412933,0.7712159072776029,0.027908730424888,0.0072894847579141,-0.2597692427312719,0.5895175621045683,0.3643426973608603,0.0461397405345714,0.3394038076080273,-0.3658621247495129,0.0264583171414855,2.3569883483731915,0.4989589049124133,2.344210345092957,0.8573863768286383,-0.6952287968419713,0.8519702784118595,0.471,0.5,0.5,8.0,9.0,345.0,364.0,-19.0
71,0,minnesota-vikings,2020,1,1.097758403817352,0.9417646097288956,0.6512297570242357,-0.0799757364489848,-0.0303526540230972,0.4777238382692439,0.9320927654150674,0.9687757599513208,3.753335957419853,-0.070322024595707,-0.0317210459147228,1.3226465687333306,0.4807692307692308,0.4615384615384615,0.0576923076923076,0.1144325971058644,-0.1127189642041126,-0.0017136329017517,1.3123664799642658,0.8037121282837872,0.9711374986726186,0.2718340607556411,-0.2185119566521162,-0.0292698823086546,0.527768463373727,0.4346605891056441,0.0375709475206289,0.0963213030781381,-0.1235849682964903,0.0272636652183522,1.2232488441071308,0.7786175899201024,3.644734051601484,0.2015122010192117,-0.2502329516890771,1.2933100162312885,0.438,0.667,0.417,7.0,9.0,430.0,475.0,-45.0
72,0,minnesota-vikings,2021,1,1.1864705383660905,0.8765303333989806,0.3918355985806918,0.6264019171661701,-0.6963100695335424,-0.6538911271329308,2.1184340186567137,0.5572909841797857,0.3747013576725208,0.7506779881231143,-0.5846666213548027,-0.981623397742841,0.4821428571428571,0.4642857142857143,0.0535714285714285,-0.0554915514592933,0.0556835637480798,-0.0001920122887864,0.8967840462673883,1.1362754146041545,0.9964100382018608,-0.1089381229320573,0.127757887191611,-0.0035777546824596,0.5720482952836505,0.4069605119352409,0.0209911927811084,0.2709361333482096,-0.2357054591554673,-0.0352306741927422,1.8997784474339867,0.6332370111452345,0.373356854798449,0.6417390208622477,-0.4569080444897909,-0.9851729635290396,0.471,0.667,0.5,8.0,9.0,425.0,426.0,-1.0
73,0,new-england-patriots,2012,1,1.1150953379502926,0.9012391471892596,0.8366551486044771,0.3555076631169376,-0.4164485682095213,0.8366551486044771,1.4680252285158564,0.683954515704046,836655.1486044772,0.3839190124660618,-0.379862751496561,,0.4761904761904761,0.4761904761904761,0.0476190476190476,-0.093040293040293,0.0454212454212453,0.0476190476190476,0.8365493669370838,1.105439610671652,47619.04761904762,-0.1784676442353835,0.1002451935629737,,0.5309977799763299,0.4291614986615522,0.0398407213621179,0.0986171035327278,-0.1384578248948457,0.0398407213621179,1.22807650949471,0.7560714105031712,39840.721362117954,0.2054510151781862,-0.2796171188035521,,0.75,1.0,0.917,12.0,4.0,557.0,331.0,226.0
74,0,new-england-patriots,2016,1,1.1328619364815815,0.87200525314756,0.9594400864238178,-0.0541024096980373,0.0637635569215282,0.9594400864238178,0.9544187116564312,1.0788903595655834,959440.086423818,-0.0466519199956895,0.0759342148875975,,0.4716981132075472,0.4716981132075472,0.0566037735849056,-0.0346310007165034,-0.0219727728684022,0.0566037735849056,0.9316019336710866,0.9554891143527228,56603.77358490566,-0.0708475453311329,-0.0455297879877672,,0.5343688379630103,0.4113232326167736,0.0543079294202161,-0.0666257676975562,0.0123178382773401,0.0543079294202161,0.8891393430001449,1.0308687741652138,54307.92942021611,-0.1174994431035035,0.0304043479589442,,0.875,0.833,0.917,14.0,2.0,441.0,250.0,191.0
75,0,new-england-patriots,2017,1,1.08006823932517,0.923027448397887,0.9485450851071532,0.072699862847775,-0.0701304877302463,0.9485450851071532,1.0721670367844525,0.9293854335101122,948545.0851071532,0.069682794273204,-0.0732306520672363,,0.4807692307692308,0.4615384615384615,0.0576923076923076,-0.0007122507122506,-0.0569800569800569,0.0576923076923076,0.9985186362127736,0.8901081734726984,57692.307692307695,-0.0014803820935175,-0.1164101137496606,,0.5192635765986394,0.4260126684913325,0.054723754910028,0.0342343582947085,-0.0889581132047366,0.054723754910028,1.0705798463741432,0.8272543926353632,54723.75491002809,0.0682023399938523,-0.1896406749243464,,0.813,0.833,0.833,13.0,3.0,458.0,296.0,162.0
76,0,new-orleans-saints,2013,1,1.3182388932874944,0.7367156521395183,0.5237272729658902,1.151048599115028,-0.8545563838096483,-0.7429546744059798,7.884614446058792,0.4629724978027296,0.4134635853845875,2.064914080668029,-0.7700862692793752,-0.8831839233735508,0.4727272727272727,0.4727272727272727,0.0545454545454545,0.0727272727272727,-0.0606060606060606,-0.0121212121212121,1.1818152272801137,0.8863619744349343,0.8181695456386335,0.167053700048669,-0.1206277474044791,-0.2006673621843725,0.6231674768268155,0.3482655810114086,0.0285669421617758,0.5562913591578289,-0.5004128381614801,-0.0558785209963488,9.318097109256868,0.4103617610414347,0.3382846491543959,2.2319600397286417,-0.8907132929491597,-1.083832575769013,0.688,0.833,0.75,11.0,5.0,414.0,304.0,110.0
77,0,new-orleans-saints,2014,1,1.3711087992193889,0.6346204137516773,0.8285536255013196,0.8640772555509199,-0.8755317570884327,0.1236328846699915,2.704183027975241,0.4202357919750836,1.175383844062165,0.994800573087122,-0.8669377400277277,0.1615959769685448,0.4814814814814814,0.4629629629629629,0.0555555555555555,0.0116019634091922,-0.0189647478804105,0.0073627844712182,1.0246891772759297,0.960646154807377,1.1527538581352212,0.0243914018422155,-0.040146983013592,0.1421717388338228,0.6601634959204464,0.293805747107258,0.0460307569722955,0.4219197585340575,-0.4339784316108674,0.0120586730768098,2.7709468136111783,0.4036984479743717,1.3549184146456617,1.0191905865385886,-0.9070836920294566,0.3037629662940661,0.438,0.5,0.5,7.0,9.0,401.0,424.0,-23.0
78,0,new-orleans-saints,2015,1,1.2816063673064944,0.7318495701780175,0.8878671876290659,0.3125846988121178,-0.3703028299806988,0.7566136485739692,1.3225762502520153,0.6640178854165192,6.764468444450257,0.2795823195039325,-0.4094448276001278,1.911684810468927,0.4716981132075472,0.4716981132075472,0.0566037735849056,-0.0328063912969572,0.0122386537480876,0.0205677375488696,0.9349711925756314,1.0266348354817842,1.5707111297472816,-0.0672374402498761,0.0262884234336202,0.4515461322040685,0.6045313053332522,0.3452120614047252,0.0502566332620225,0.1156555086153685,-0.1611822846141444,0.0455267759987758,1.23657189171551,0.6817046485886576,10.623155691561085,0.2123446017603108,-0.3831558847586678,2.363056015445595,0.438,0.5,0.417,7.0,9.0,408.0,476.0,-68.0
79,0,new-orleans-saints,2016,1,1.1228020442576294,0.8796536106006158,0.8984867316289525,0.1482497975596196,-0.1711485281487247,0.8376260395819533,1.1521197513444417,0.8371250314759948,14.762762936908048,0.1416043983195634,-0.1777807023413434,2.6921091054836053,0.490566037735849,0.4528301886792453,0.0566037735849056,0.1334231805929919,-0.1662174303683737,0.0327942497753818,1.3735810596334104,0.731493738530434,2.377258645702918,0.3174232801138993,-0.3126644099947058,0.8659656607919445,0.5508085500131766,0.3983337104606562,0.0508577395261671,0.2027541761924588,-0.2521628516222688,0.04940867542981,1.58253137702421,0.6123523494618061,35.0727527520561,0.4590275178542832,-0.4904449172718451,3.55744421664162,0.438,0.333,0.5,7.0,9.0,469.0,454.0,15.0
80,0,new-orleans-saints,2017,1,1.2813174227265385,0.6763954313143431,1.3667870401461524,0.2817741381745536,-0.3239797278036694,1.3667870401461524,1.281901605090814,0.6761410946765176,1366787.0401461525,0.2483453849001838,-0.3913520263584393,,0.4901960784313725,0.4705882352941176,0.0392156862745098,0.0392156862745097,-0.0784313725490196,0.0392156862745098,1.086954111536535,0.8571412959212109,39215.68627450981,0.0833814315481242,-0.1541503762564289,,0.6280967758463424,0.3183037323832203,0.0535994917704373,0.1773223534013296,-0.2309218451717669,0.0535994917704373,1.3933696128318973,0.5795490338436007,53599.491770437344,0.3317265875572777,-0.5455018640806371,,0.688,0.667,0.667,11.0,5.0,448.0,326.0,122.0
81,0,new-orleans-saints,2018,1,1.218802892253286,0.8313926813299178,0.469298674359916,0.3501129527637314,-0.3496022669412369,0.469298674359916,1.4030339639198477,0.7039758964008159,469298.67435991607,0.3386378293725055,-0.3510099586769147,,0.4901960784313725,0.4509803921568627,0.0588235294117647,-0.089349376114082,0.0305258467023172,0.0588235294117647,0.8458270680231136,1.0725994627311135,58823.52941176471,-0.1674383115930328,0.0700873240521017,,0.5974523981633754,0.3749417974625119,0.0276058043741127,0.0940070923228381,-0.1216128966969509,0.0276058043741127,1.1867251606224196,0.7550850828469282,27605.80437411271,0.1711992214124418,-0.28092217649289,,0.813,0.667,0.75,13.0,3.0,504.0,353.0,151.0
82,0,new-orleans-saints,2020,1,1.162790301209737,0.8324000528662426,1.0400803827001692,-0.0027542855463686,0.0408690361945102,-0.4322345797492466,0.99763605509928,1.051631564275004,0.7064247140062527,-0.0023658834297921,0.0503440302442636,-0.3475376829881246,0.4716981132075472,0.4716981132075472,0.0566037735849056,-0.0640161725067385,0.0193171608265947,0.0446990116801437,0.8805015010512861,1.0426987874404163,4.754317618452126,-0.1272615262780989,0.0418144599068869,1.559070843997717,0.5484859911366684,0.3926415343708692,0.0588724744924624,-0.075912894625531,0.0345679792098473,0.0413449154156836,0.8784210305662313,1.096535703840512,3.3586602432401107,-0.1296274434130666,0.0921583968368104,1.2115591430497787,0.75,1.0,0.833,12.0,4.0,482.0,337.0,145.0
83,0,new-york-giants,2014,1,1.1104692636592428,0.8913186622536463,0.9482775295061764,-0.0390789327997334,0.0182530612712644,0.4858916419184695,0.9660041232509984,1.0209056917888362,2.0508313599751564,-0.0345862758831625,0.0206912883756441,0.718246306934948,0.4814814814814814,0.4629629629629629,0.0555555555555555,0.0020294266869609,-0.0438863521055302,0.0418569254185692,1.004230709694467,0.9134116112769912,4.055259521610478,0.0042238623249945,-0.0905665061652666,1.4000326857545986,0.534670386206302,0.4126475288211326,0.0526820849725653,-0.0164828586712892,-0.0298651730466499,0.0463480317179392,0.9700921133702776,0.9325079134937756,8.31596560519751,-0.0303623794465076,-0.0698752178069941,2.1181962156127305,0.375,0.333,0.333,6.0,10.0,380.0,400.0,-20.0
84,0,new-york-giants,2018,1,1.1549912661504411,0.9253281735899958,0.3306713354963606,0.3857205930107242,-0.3988402242033083,-0.0138209927363578,1.5014088084596209,0.6987989415342422,0.9598773282279054,0.4064047387772982,-0.3583911347168499,-0.0409467616348661,0.4716981132075472,0.4716981132075472,0.0566037735849056,-0.0144129979035639,0.0133647798742138,0.0010482180293501,0.9703484081673718,1.0291572742915045,1.0188495852357675,-0.0300979683002678,0.0287424070476051,0.0186917996847637,0.544807201014359,0.4364755535801866,0.0187172454054543,0.1708561793492188,-0.1704349620750777,-0.000421217274141,1.4568906422498584,0.719174941192106,0.9779399619932264,0.3763063031113154,-0.3296483479691797,-0.0222535741488105,0.313,0.167,0.333,5.0,11.0,369.0,412.0,-43.0
85,0,new-york-giants,2019,1,1.3080340190485595,0.7831616213363716,0.2400363301255754,0.294902385604199,-0.2915661406541415,0.0237043167079508,1.2910787550111962,0.7287063015656826,1.1095686522065509,0.2554788776167554,-0.316483229786724,0.103975504210701,0.4716981132075472,0.4716981132075472,0.0566037735849056,-0.0231472476171951,0.0180898657848667,0.0050573818323283,0.9532213441387852,1.0398776389318432,1.0980919045642212,-0.0479060219219678,0.0391051713559288,0.0935917078840609,0.6169971787964903,0.3694158591209299,0.0135869620825797,0.1156536900817551,-0.1180895174520862,0.002435827370331,1.2306850732083374,0.7577662095781853,1.2183283679004355,0.2075726051737757,-0.2773776645772133,0.1975533261921414,0.25,0.333,0.25,4.0,12.0,341.0,451.0,-110.0
86,0,new-york-giants,2021,1,1.0870262498145633,0.911839087700205,1.0086990790534425,0.1359805334044362,-0.1839359012702658,0.666263524979355,1.1429788159278989,0.8321400513228233,2.945652463361744,0.1336387708351142,-0.183753424726008,1.0803313334691338,0.4693877551020408,0.4693877551020408,0.0612244897959183,-0.1056122448979591,0.0610544217687075,0.0445578231292517,0.8163251109163999,1.1495182177563017,3.673248992815533,-0.2029404526930996,0.1393450439458627,1.3010928877794576,0.5102368111374481,0.4280061023898922,0.0617570864726597,-0.0366144757983748,-0.0194353514397166,0.0560498272380916,0.93304320623117,0.9565612264250672,10.818900112081572,-0.0693018104052219,-0.0444081448387017,2.381310807366712,0.235,0.167,0.25,4.0,13.0,258.0,416.0,-158.0
87,0,new-york-jets,2011,1,1.0790994755940253,0.983629458481052,0.2836152333094736,0.6423120259655661,-1.1427956422620302,0.2836152333094736,2.470531161050455,0.4625740147458317,283615.23330947367,0.9044340991789268,-0.7709476863080339,,0.4857142857142857,0.4714285714285714,0.0428571428571428,-0.1809523809523809,0.1380952380952381,0.0428571428571428,0.728570335715925,1.4142814714413,42857.14285714286,-0.3166690505024981,0.3466237292996023,,0.5241340310028123,0.4637110304267817,0.012154938570406,0.2329423979171729,-0.2450973364875789,0.012154938570406,1.799956356892673,0.6542112055395677,12154.938570406017,0.587764326344552,-0.4243228788969834,,0.5,0.5,0.5,8.0,8.0,377.0,363.0,14.0
88,0,new-york-jets,2020,1,1.4461870522391167,0.5976474936268735,0.3518655982460034,0.6125855549881453,-0.6010960259396229,0.0357843700745167,1.7348641073033102,0.498561189537702,1.1132090541170918,0.5509297774836993,-0.6960272765699941,0.1072497260412774,0.490566037735849,0.4528301886792453,0.0566037735849056,0.021816037735849,-0.0471698113207547,0.0253537735849056,1.0465386478873626,0.9056585660413584,1.8112627943075632,0.0454902312952796,-0.0990906943113359,0.5940419449383164,0.7094502520418307,0.2706328273027351,0.0199169206554341,0.3186995502054378,-0.328738932480513,0.0100393822750751,1.8156037419867117,0.45152673838665,2.016180925614871,0.5964194621584977,-0.7951169916092977,0.7012552983352652,0.125,0.0,0.083,2.0,14.0,243.0,457.0,-214.0
89,0,philadelphia-eagles,2013,1,1.3467888252196785,0.7276905931439346,0.379338180303225,0.565024579465168,-0.5998658193579449,0.3640352291453143,1.7227535152446474,0.5481424654716426,24.786943998259115,0.5439246342442114,-0.6012186781234924,3.210319699030202,0.4716981132075472,0.4716981132075472,0.0566037735849056,-0.0455432661027976,0.0234222511385816,0.022121014964216,0.9119479224352744,1.0522472898344202,1.6414618315691487,-0.0921702731333689,0.0509302730720263,0.4956048720335667,0.6352777477451313,0.3432502797848748,0.0214719724699938,0.230916930975557,-0.2518612154745883,0.0209442844990314,1.5710626508218122,0.5767821756712083,40.6136958836149,0.4517538121727498,-0.5502876822627041,3.704151918012625,0.625,0.667,0.75,10.0,6.0,442.0,382.0,60.0
90,0,philadelphia-eagles,2015,1,1.114857374645702,0.9357756999742756,0.5183638199430446,0.2907151245124323,-0.3316062154476119,0.1195886121897913,1.3527470794251142,0.7383527808269167,1.2998865274926017,0.3021382955228379,-0.3033324771658852,0.26227890325877,0.490566037735849,0.4528301886792453,0.0566037735849056,-0.0443176831943834,0.0225976305397104,0.0217200526546731,0.917143486324852,1.0525217759335774,1.6225949950441043,-0.086489306870236,0.0511911844143791,0.4840443829562132,0.546911164920533,0.423747486780804,0.0293413482986629,0.1060908915934353,-0.1215214768309382,0.0154305852375029,1.2406641829980711,0.7771333744004503,2.109103509718369,0.2156486961165227,-0.2521409304269343,0.746297061307438,0.438,0.5,0.333,7.0,9.0,377.0,430.0,-53.0
91,0,philadelphia-eagles,2018,1,1.2689510989884618,0.8250003942502511,0.2170708896773926,0.7684332464667586,-0.6002586272757029,-0.3166144695265048,2.535271334127096,0.5788420230625461,0.4067386882460296,0.930301454526032,-0.5467244709696241,-0.8995797365799894,0.4716981132075472,0.4716981132075472,0.0566037735849056,0.0334958660165359,-0.067627729489082,0.0341318634725461,1.0764368275024117,0.8746052965750063,2.5187558398934264,0.0736584728676468,-0.133980464026867,0.9237827317888908,0.5985618391455009,0.389151129363326,0.0122870314911731,0.3792337914112714,-0.3795278934821322,0.0002941020708608,2.7290586692867254,0.5062589345340176,1.0244375350720742,1.0039584106209842,-0.6807044425624235,0.0242250990141947,0.563,0.667,0.5,9.0,7.0,367.0,348.0,19.0
92,0,philadelphia-eagles,2023,1,1.1012473261224371,0.9481939220163688,0.5879895988432843,0.3852545911032584,-0.4276862994796283,0.478890976968416,1.538068382809158,0.6891539089292872,5.3894742139223775,0.4305282403204579,-0.3722895981194651,1.6844495324342506,0.4716981132075472,0.4716981132075472,0.0566037735849056,0.0087351502445842,-0.0097833682739342,0.0010482180293501,1.0188657237783385,0.9796786619446078,1.0188495852357675,0.018692093012238,-0.020528537064296,0.0186917996847637,0.5194562859068099,0.4472612839699852,0.0332824301232047,0.1879781678423753,-0.2151995634169763,0.0272213955746009,1.5670860020987367,0.6751502531567346,5.490306902139048,0.4492197702351505,-0.3928177797844059,1.703014201419538,0.647,0.667,0.583,11.0,6.0,433.0,428.0,5.0
93,0,philadelphia-eagles,2024,1,1.2032684808932417,0.8139890287438871,0.7264276023074754,0.7083328142023084,-0.8421151014978157,0.7125811159214137,2.431156472883896,0.4915080654481689,52.459167104772646,0.8883678899773527,-0.7102757011484977,3.960036474143834,0.490566037735849,0.4528301886792453,0.0566037735849056,-0.0620655412115194,0.0142336974511751,0.0478318437603442,0.8876893191318159,1.0324504762015936,6.452094649889159,-0.1191314245903887,0.0319372880956674,1.8644224965186027,0.5902826510042317,0.36859880546893,0.0411185435268382,0.3167655720434528,-0.3577626551633957,0.0409970831199429,2.1581120094400608,0.5074585010189692,335.7701037364729,0.7692354638729587,-0.6783376298277521,5.816451030343062,0.824,0.833,0.75,14.0,3.0,463.0,303.0,160.0
94,0,pittsburgh-steelers,2016,1,1.2878887157524332,0.8015599807445819,0.254594195858207,0.6684189260414863,-0.7673952090537404,-1.1516977733244478,2.0790144380389246,0.5108874205388849,0.1810392296892293,0.7318947300197302,-0.6716047775411801,-1.7090376047746034,0.4716981132075472,0.4716981132075472,0.0566037735849056,-0.1228964813870474,0.0933197348291687,0.0295767465578786,0.793309128920067,1.2466274331045872,2.0942621349425163,-0.2315401912170274,0.220443971489147,0.7392189549553084,0.6074946772417138,0.3780943305398971,0.014410992218389,0.2391612887649345,-0.2155643899243329,-0.0235968988406016,1.6493020913794256,0.6368872899853049,0.3791479261003138,0.5003538696154074,-0.4511599330249461,-0.9697594546490428,0.688,0.833,0.75,11.0,5.0,399.0,327.0,72.0
95,0,pittsburgh-steelers,2017,1,1.3620330862628784,0.7322328321549393,0.2144506798515178,0.4946216030944405,-0.2547899969040771,-1.8972272027576704,1.5702253687746304,0.7418593255777997,0.1015545884450683,0.4512198902448294,-0.2985942762740537,-2.2871541448133623,0.4716981132075472,0.4716981132075472,0.0566037735849056,-0.0074685534591195,0.0133647798742138,-0.0058962264150943,0.9844113992267436,1.0291572742915045,0.9056458870242982,-0.015709260661771,0.0287424070476051,-0.0990892360056193,0.6424684369164522,0.3453928453561034,0.0121387177274444,0.2268337678982423,-0.1069926179626124,-0.1198411499356298,1.5457490413035373,0.7634906730459944,0.0919733135747567,0.4355101657373996,-0.2698514751980853,-2.386174436219927,0.813,1.0,0.833,13.0,3.0,406.0,308.0,98.0
96,0,pittsburgh-steelers,2018,1,1.162108590937334,0.916163051422708,0.347736313666318,0.3691553626672166,-0.1561287923201151,-1.8601436584679245,1.4655430912734413,0.8543963123215984,0.1574977628119959,0.3822267450440375,-0.1573590353803506,-1.848341149447523,0.4716981132075472,0.4716981132075472,0.0566037735849056,0.0193171608265947,-0.0283018867924528,0.008984725965858,1.0426987874404163,0.9433943396264152,1.1886542835430645,0.0418144599068869,-0.058268788124223,0.1728394795705207,0.5481644296874217,0.4321523827465603,0.019683187566018,0.1894474930890353,-0.1039935391248512,-0.085453953964184,1.5281210493277784,0.8060335052155851,0.1872126259751681,0.4240407326392571,-0.2156276535972206,-1.675459467275737,0.594,0.75,0.542,9.0,6.0,428.0,360.0,68.0
97,0,seattle-seahawks,2011,1,1.214501049709042,0.8114915474305093,0.5971147443369542,-0.0609320559882848,-0.0750948208117678,0.5971147443369542,0.9522256338323568,0.9152978899748472,597114.7443369542,-0.0489524385621186,-0.0885044715786817,,0.484375,0.484375,0.03125,0.1927083333333333,-0.2239583333333333,0.03125,1.6607085918562563,0.6838225640152037,31250.0,0.5072464383665536,-0.3800547398325076,,0.5882739459528172,0.3930662182866529,0.0186598357605298,0.2162726234577636,-0.2349324592182933,0.0186598357605298,1.581371702217368,0.6259019428932063,18659.83576052982,0.4582943362480002,-0.4685590167997989,,0.438,0.5,0.5,7.0,9.0,321.0,315.0,6.0
98,0,seattle-seahawks,2012,1,1.2999748267529292,0.766752445013922,0.5662727335154663,0.9096002308064524,-0.9537139415947872,0.5662727335154663,3.330061715566782,0.4456652017829308,566272.7335154663,1.2029916062692216,-0.8081859733019454,,0.4642857142857143,0.4642857142857143,0.0714285714285714,-0.0773809523809523,0.0059523809523809,0.0714285714285714,0.8571412747281961,1.0129848028383523,71428.57142857143,-0.154150372135566,0.0129033768639406,,0.6035597409924315,0.3559922066136066,0.0404480523939618,0.3921068348547565,-0.4325548872487184,0.0404480523939618,2.854332426469632,0.4514527514358057,40448.05239396188,1.0488396464966243,-0.7952817505374776,,0.688,0.5,0.667,11.0,5.0,412.0,245.0,167.0
99,0,seattle-seahawks,2020,1,1.162738539256141,0.8844468594831346,0.5682706303337486,0.2522617514908176,-0.2050763527515421,0.5682706303337486,1.277064146847521,0.811773478323243,568270.6303337486,0.2445646682839496,-0.2085328146718265,,0.4807692307692308,0.4615384615384615,0.0576923076923076,-0.0192307692307692,-0.0384615384615384,0.0576923076923076,0.9615365384653846,0.9230750769267692,57692.307692307695,-0.0392206331534446,-0.080042541007217,,0.5590089131039139,0.4082062428383698,0.0327848440577162,0.1037705192212522,-0.1365553632789685,0.0327848440577162,1.2279449463637564,0.7493286768483606,32784.84405771626,0.2053437856472727,-0.2885751210872565,,0.75,0.667,0.75,12.0,4.0,459.0,371.0,88.0
100,0,seattle-seahawks,2021,1,1.1632355933422822,0.8150433064909091,1.0794258058841577,0.3294791951964457,-0.3859954678443582,1.0794258058841577,1.3951727396112594,0.6786147502417282,1079425.8058841578,0.3330190949563484,-0.387700463657195,,0.4912280701754385,0.4561403508771929,0.0526315789473684,-0.056140350877193,0.0035087719298245,0.0526315789473684,0.8974342578925415,1.0077497115607148,52631.57894736842,-0.1082133758494274,0.0077220290993144,,0.5714139756769104,0.3717741398028708,0.0568118845202188,0.1150420524812946,-0.1718539370015134,0.0568118845202188,1.2520768578375638,0.6838746411216107,56811.88452021882,0.2248054088860794,-0.3799779615686504,,0.412,0.5,0.333,7.0,10.0,395.0,366.0,29.0
101,0,seattle-seahawks,2024,1,1.1472102678744651,0.8414146026422564,1.0419309465747366,0.4148380567860263,-0.3544229368337899,0.988900263351519,1.566428496434903,0.7036189041130253,19.647329355719425,0.4487990566183674,-0.3515172103066189,2.9779423781842107,0.4807692307692308,0.4615384615384615,0.0576923076923076,0.0961538461538461,-0.1384615384615384,0.0423076923076923,1.24999675000845,0.769229487181624,3.74975626584272,0.2231430313154265,-0.2623637644684494,1.3217081752778408,0.5515433980165699,0.388345201219503,0.0601114007639271,0.2698617783671703,-0.3291573224661248,0.0592955440989545,1.9580313428746745,0.541245009118109,73.58867637560995,0.6719413646693797,-0.6138806457115642,4.298507795946882,0.588,0.667,0.5,10.0,7.0,375.0,368.0,7.0
102,0,tampa-bay-buccaneers,2014,1,1.0894874285184848,0.9383307259192762,0.7681820463519919,0.6366713274025146,-0.7250076626784122,0.6239518785435566,2.4060209427458403,0.564124635267824,5.326047469658393,0.8779752397601419,-0.5724790016583876,1.6726107019420065,0.4716981132075472,0.4716981132075472,0.0566037735849056,-0.0495784825371337,0.0142513046969088,0.0353271778402248,0.904888522081395,1.0311517607731144,2.6602523266312144,-0.099941402892298,0.030678511846151,0.9784386444411248,0.5139091643955117,0.4426088329807907,0.0434820026236976,0.2778667287073997,-0.3182800043564497,0.0404132756490501,2.1771804960276384,0.5816989677897594,14.164778490989384,0.7780326351226972,-0.5417999432100161,2.6507814931466416,0.125,0.0,0.083,2.0,14.0,277.0,410.0,-133.0
103,0,tampa-bay-buccaneers,2022,1,1.0831356437534407,0.951642863051124,0.6663481830611895,-0.133680078337314,0.1038708989810723,0.6629875840331613,0.890138690642235,1.122520891067823,198.22357678751527,-0.1163770729692651,0.1155780024711877,5.289397070065495,0.490566037735849,0.4528301886792453,0.0566037735849056,0.0523637905448378,-0.0977316090735637,0.0453678185287258,1.119494300602508,0.8224859916571341,5.037287530466393,0.1128791044826362,-0.1954216195766492,1.6168854153190058,0.5313495610865935,0.4309326172306976,0.0377178216827088,-0.0018618227509282,-0.0358182393921398,0.037680062143068,0.9965064150657538,0.9232584961711596,973.1235724749922,-0.0034978197541981,-0.0798437022861271,6.8805375879522375,0.471,0.667,0.667,8.0,9.0,313.0,358.0,-45.0
104,0,tennessee-titans,2012,1,1.1379383971372654,0.8546688439618,1.064070577141434,-0.5421822359450492,0.437629386603784,1.064070577141434,0.6772952473980283,2.049366743399895,1064070.5771414342,-0.3896471109861849,0.7175320098136849,,0.4727272727272727,0.4727272727272727,0.0545454545454545,0.0111888111888111,-0.0657342657342657,0.0545454545454545,1.0242402050553132,0.8779204474983897,54545.454545454544,0.0239531897405513,-0.1301971805635201,,0.5379345150103436,0.4040252716910327,0.0580402132986236,-0.2375057771814939,0.1794655638828702,0.0580402132986236,0.6937140444118408,1.7991806119358291,58040.21329862367,-0.3656935841788242,0.5873338207584771,,0.375,0.167,0.417,6.0,10.0,330.0,471.0,-141.0
105,0,tennessee-titans,2013,1,1.1849262082386254,0.8221531592703701,0.7584388516894104,-0.2547528646582921,0.416279830389644,0.7573824197667429,0.8230482803407304,2.0256347858649013,717.2460329892353,-0.1947395722511709,0.7058843422544643,6.575420242481172,0.5,0.4444444444444444,0.0555555555555555,-0.0818181818181817,0.0444444444444444,0.0373737373737373,0.8593735229517574,1.1111083333402778,3.055387509242547,-0.1515496168777237,0.1053602656584199,1.1169244286867526,0.5924631041193127,0.3654014041201645,0.0421354917605227,-0.2451683564752574,0.203052072567874,0.0421162839073833,0.7073067627999626,2.250696999669967,2085.1048089988585,-0.3462891256877679,0.8112426825888549,7.642598133754261,0.438,0.333,0.5,7.0,9.0,362.0,381.0,-19.0
106,0,tennessee-titans,2020,1,1.1584305165695927,0.870563129586708,0.768050830749594,0.0889068103309427,-0.2685735554064568,0.3986669181942816,1.083126467123523,0.7642299443301551,2.079269630793555,0.0798525992517246,-0.2688854121640376,0.7320179950042298,0.4705882352941176,0.4705882352941176,0.0588235294117647,0.0366259711431742,0.0460599334073251,-0.0826859045504994,1.08439647815543,1.108494120906659,0.4156833370142223,0.081025715899163,0.1030045714103281,-0.8778145178325553,0.5451437725033378,0.4096767668643332,0.045179460632329,0.0810108433809048,-0.0739189956327651,-0.0070918477481396,1.1745398004711167,0.8471453877170887,0.8643096513642798,0.1608782460809069,-0.1658805079172305,-0.1458020478959434,0.688,0.833,0.667,11.0,5.0,491.0,439.0,52.0
107,0,washington-commanders,2013,1,1.1865601780166213,0.8895221377146743,0.3659807022392055,0.4590597478527767,-0.5177853824577368,-0.7143997841653197,1.6310073476410754,0.6320732980467552,0.3387513640734233,0.4891986713920943,-0.4587487894396348,-1.082486147630548,0.4716981132075472,0.4716981132075472,0.0566037735849056,-0.1060796645702305,0.0939203354297694,0.0121593291404612,0.8163991675529648,1.2486093474658229,1.2735562506447378,-0.2028497477050635,0.2220325299726154,0.2418308510900964,0.5596981971776516,0.4195859140163557,0.0207158888059927,0.139364615305208,-0.1120635936043329,-0.027301021700875,1.3315540079628754,0.7892137936520385,0.4314200386339147,0.2863484738693899,-0.2367156436688368,-0.8406248249037852,0.188,0.0,0.083,3.0,13.0,334.0,478.0,-144.0
108,0,washington-commanders,2014,1,1.3283641781684064,0.7223799182703576,0.3751377763776156,0.9355345676645236,-0.880466578728512,0.1864438331850874,3.3815190126464887,0.4506853706437594,1.9880648099554905,1.2183257733704995,-0.7969844246886449,0.6871643739679578,0.490566037735849,0.4528301886792453,0.0566037735849056,0.0180385652083765,-0.0526643168152601,0.0346257516068836,1.038172440936515,0.8958144706672715,2.5753545194825707,0.0374639374752782,-0.110019743104439,0.9460048686185992,0.6516503515543126,0.3271154346884638,0.0212342137572235,0.4660275685689615,-0.48311466269558,0.0170870941266185,3.5105973010244003,0.4037310290170378,5.118997436948668,1.255787728796412,-0.9070033354837588,1.63300569948136,0.25,0.333,0.167,4.0,12.0,301.0,438.0,-137.0
109,0,washington-commanders,2016,1,1.4036992316429762,0.6689647033804735,0.3944672081379184,0.7017971838274207,-0.5364361355111404,0.2380784084151894,1.999847751069799,0.5549723600849964,2.5223333544597426,0.6930717656003019,-0.5888354732784388,0.9251869424817688,0.4716981132075472,0.4716981132075472,0.0566037735849056,0.087977182974989,-0.1329530495831504,0.0449758666081614,1.229270667229445,0.7801148201148947,4.867505922792527,0.2064231600436489,-0.2483120448588741,1.5825993415778967,0.6621222790768755,0.3155493883870158,0.0223283325361085,0.392787772356953,-0.4132976304776811,0.020509858120728,2.4583549608459365,0.4329426440350856,12.271858481416617,0.8994939214452289,-0.8371468524952244,2.507353497876091,0.531,0.5,0.5,8.0,7.0,396.0,383.0,13.0
110,0,washington-commanders,2020,1,1.1235017338093336,0.8823328537869016,0.9513784366980416,0.3434262035268368,-0.4622005213320773,0.8417808040042949,1.4402455274516064,0.6562367389891562,8.680568482605942,0.3648144943021673,-0.421232539176599,2.161088071021328,0.4716981132075472,0.4716981132075472,0.0566037735849056,-0.0921316740264953,0.0568044961862705,0.0353271778402248,0.8365951698408202,1.1369106608181363,2.6602523266312144,-0.1784128735516191,0.1283167572006837,0.9784386444411248,0.5299536480232705,0.416194742352312,0.0538516096244174,0.0901238277576074,-0.1416435728566261,0.0515197450990185,1.2049033937712057,0.7460835602747481,23.08389923122952,0.186401279540212,-0.2929152712405148,3.139153940905829,0.438,0.667,0.417,7.0,9.0,335.0,329.0,6.0
111,0,washington-commanders,2022,1,1.2320518828514222,0.7917591145840166,0.6548107652822093,0.3802617244593365,-0.3149519713736817,0.6548107652822093,1.4464248316185264,0.7154156213075638,654810.7652822093,0.3690956900400627,-0.334890353619216,,0.490566037735849,0.4528301886792453,0.0566037735849056,0.0719613865730583,-0.128565160157964,0.0566037735849056,1.171904957262686,0.7788665848777758,56603.77358490566,0.1586326318401832,-0.2499133040464405,,0.6044028104554147,0.3585324292455923,0.0370647602989929,0.2478394883377974,-0.2849042486367903,0.0370647602989929,1.6950737159172218,0.5572139176331081,37064.76029899298,0.5277278846277509,-0.5848032704390477,,0.5,0.417,0.458,8.0,8.0,321.0,343.0,-22.0
112,0,washington-commanders,2023,1,1.1315896546859558,0.884457780821121,0.7838940794860779,0.545163587344186,-0.5039860629233964,0.434416299461196,1.9296340801855676,0.6370132632966635,2.2430377015459046,0.6573312728946507,-0.450963671489333,0.8078323396143949,0.490566037735849,0.4528301886792453,0.0566037735849056,0.0439640959882762,-0.0714416559809488,0.0274775599926726,1.0984388858171132,0.8637300086994698,1.943329505435408,0.0938920155414337,-0.1464928406135082,0.6644204084441689,0.5551194532421672,0.4005091837680548,0.044371362989778,0.2932204328759398,-0.3274128313989737,0.0341923985230338,2.119585376381098,0.5502081613344157,4.358695271946202,0.7512222937899424,-0.5974561003872616,1.4721952998277046,0.235,0.0,0.167,4.0,13.0,329.0,518.0,-189.0
113,1,atlanta-falcons,2014,1,1.3100602252428408,0.7359915433116344,0.895594308252564,0.1659460714229366,-0.1424908970269872,0.894355209899285,1.1450422808131586,0.8377978565286761,722.1961918459646,0.1354423261222063,-0.1769770702144188,6.5822979524149146,0.4444444444444444,0.5,0.0555555555555555,-0.1035007610350076,0.0753424657534246,0.0281582952815829,0.8111096308360348,1.1774165822125646,2.0277037665902973,-0.2093498041827399,0.1633247012653627,0.706922003196392,0.5822489889968182,0.3679957716558171,0.0497552393473646,-0.0446628761099786,-0.0050584153372961,0.0497212914472748,0.9287558469511228,0.9864378903880796,1423.6975388926062,-0.0739076699872464,-0.0136521976487305,7.261032765132176,0.375,0.833,0.5,6.0,10.0,381.0,417.0,-36.0
114,1,atlanta-falcons,2018,1,1.3351062205019395,0.7798987389423826,0.5037974289883601,0.4142017996054433,-0.3145244136154166,-0.6758655822530047,1.4497756123557413,0.7126110449222696,0.4270685756177407,0.3714095433617567,-0.3388182442436705,-0.8508086950888896,0.4339622641509434,0.490566037735849,0.0754716981132075,-0.1274412446209863,0.0870572658060245,0.0403839788149619,0.7729939061234726,1.2157476023186986,2.150882096086677,-0.257481809491391,0.1953612365764228,0.7658912851607105,0.5793857183310305,0.3825918341981499,0.0380224474708196,0.0623867451961552,-0.0590175080620147,-0.0033692371341405,1.1206687590675757,0.8663561460993925,0.918578918804008,0.11392733938472,-0.143456587057037,-0.0849011567125827,0.438,0.667,0.583,7.0,9.0,414.0,423.0,-9.0
115,1,atlanta-falcons,2020,1,1.2526111352066602,0.8420600263506436,0.2637203115722528,-0.138722903954221,0.1353953219103432,0.1458742377938476,0.9002943934784494,1.1915959994373568,2.2378180731762733,-0.1050326669476499,0.1752947721111178,0.805505108562061,0.4629629629629629,0.4814814814814814,0.0555555555555555,-0.0069165551093262,-0.000446229361892,0.0073627844712182,0.9852780550730093,0.999072000999672,1.1527538581352212,-0.0148292282343185,-0.0009263529370578,0.1421717388338228,0.5799125625956761,0.4054363089836432,0.0146511284206807,-0.0738468052028101,0.0648750056389201,0.0089717995638901,0.887041477519523,1.190490858799641,2.5792746846277854,-0.1198618117916253,0.1743681749361765,0.947576481219016,0.25,0.167,0.167,4.0,12.0,396.0,414.0,-18.0
116,1,atlanta-falcons,2022,1,1.139452588394852,0.8748132437319256,0.9693311804978292,-0.390636435466289,0.3330907968218229,0.7797229443665686,0.7446964365661793,1.6148705556713667,5.112257188920858,-0.2947777337224853,0.4792559452757225,1.6316420582700737,0.4528301886792453,0.490566037735849,0.0566037735849056,-0.0203840970350404,-0.0094339622641509,0.0298180592991913,0.9569221501282013,0.9811301132114716,2.113128657033282,-0.0440310303356228,-0.0190481565092337,0.7481872916171239,0.5159785305938952,0.4291536667364163,0.0548678026696884,-0.2080814539118233,0.158292443281365,0.0497890106304582,0.712617502717853,1.5843983751674142,10.801190727091903,-0.3388085262780075,0.4602070914108763,2.3796746060203104,0.412,0.333,0.5,7.0,10.0,365.0,386.0,-21.0
117,1,baltimore-ravens,2024,1,1.111263188720654,0.9450142551933088,0.5493498823192071,0.1281725548181237,-0.0948612965475598,0.5442137770715935,1.1303759999556984,0.9087754249398644,106.9376342979156,0.1225512205775226,-0.0956562144156739,4.672247627837744,0.4629629629629629,0.4814814814814814,0.0555555555555555,-0.057037037037037,0.0114814814814814,0.0455555555555555,0.8903116781755476,1.0244265043722918,5.555000055550001,-0.1161815173668165,0.0241350249988495,1.7147164329295954,0.5144736984817843,0.4550068636115931,0.0305194379066226,0.0032665688524686,-0.0337346457066151,0.0304680768541464,1.0063879438983816,0.930974603061076,582.8652493288226,0.0063695711911118,-0.0715210835145245,6.367988791874775,0.706,0.667,0.667,12.0,5.0,518.0,361.0,157.0
118,1,carolina-panthers,2011,1,1.2134659175141125,0.8053846811467812,0.9412375592932094,0.0477396754049994,0.0122708672541288,-0.3880419926926657,1.0409518399163662,1.015470480489335,0.7080804408723577,0.0401363493592941,0.0153532743156462,-0.3451965122605163,0.4615384615384615,0.4923076923076923,0.0461538461538461,-0.009049773755656,0.0217194570135746,-0.0126696832579185,0.9807671466390444,1.0461516230816472,0.7846020463805962,-0.0194180441905242,0.0451203415306643,-0.242556970594865,0.5600611926988212,0.3964970737953384,0.0434417335058404,0.0114841375886503,0.0232670437282078,-0.0347511813168581,1.020932550038561,1.0623368419394903,0.55556412035825,0.0207182598720037,0.0604735715807999,-0.5877482293018222,0.375,0.333,0.25,6.0,10.0,406.0,429.0,-23.0
119,1,carolina-panthers,2014,1,1.254323338266461,0.8037440356661213,0.6662983180952621,0.6962835456082598,-0.8023779456778185,0.6640347867479267,2.2477269668612405,0.5004249643408877,294.23232267431365,0.8099202658747674,-0.6922963686866043,5.684371169290684,0.4528301886792453,0.490566037735849,0.0566037735849056,-0.1056113697623131,0.0619946091644205,0.0436167605978926,0.8108805137326124,1.144651417197008,4.358154988103652,-0.209632359409231,0.1351021899854135,1.4720664664446326,0.5679954739319822,0.3942895269305501,0.0377149991374676,0.2563628624475322,-0.2940484650739956,0.0376856026264633,1.822638678884368,0.5728130056708254,1240.7673739944848,0.6002870352479555,-0.557193421958412,7.123511831484384,0.469,0.667,0.5,7.0,8.0,339.0,374.0,-35.0
120,1,carolina-panthers,2016,1,1.2150313761574738,0.8126996194787877,0.9030189552573824,-0.2194644850995286,0.2934544672784415,-1.9142819913809768,0.84700873802734,1.5651528972047446,0.3205261531639787,-0.1660434449164813,0.4479847475805594,-1.1377902974190917,0.4528301886792453,0.490566037735849,0.0566037735849056,-0.0096698113207547,-0.0219339622641508,0.0316037735849056,0.97909018289527,0.9572001571428136,2.264060380980987,-0.0211293150034488,-0.0437407203192138,0.8171774965405157,0.550202887316592,0.3986828321971411,0.0511142804862669,-0.1132514485147716,0.1325696916944637,-0.019318243179692,0.8292990614464543,1.4981647778808282,0.7257095460491751,-0.1871726217577931,0.4042433858873104,-0.3205858547079869,0.375,0.167,0.417,6.0,10.0,369.0,402.0,-33.0
121,1,chicago-bears,2014,1,1.4513669907968034,0.6717728021935891,0.6201733881116536,0.6543208787442626,-0.577385771220114,-0.032424650631484,1.8209299912765131,0.5377798133170196,0.9503130579322738,0.5993480438039629,-0.6203045829237975,-0.0509622015556312,0.4259259259259259,0.5,0.074074074074074,-0.0925925925925925,0.0432098765432099,0.0493827160493827,0.8214269872479532,1.0945921983251876,2.9998785049205505,-0.1967098749922923,0.0903838722794762,1.0985852893970882,0.6181748294134534,0.3358864010967946,0.0459387694897521,0.2048916602010248,-0.2347168978699586,0.0298252376689339,1.4957621788211075,0.5886503163488526,2.85076662484257,0.4026375132027706,-0.5299199848512925,1.047609717150748,0.313,0.167,0.333,5.0,11.0,319.0,442.0,-123.0
122,1,chicago-bears,2015,1,1.4030150516805913,0.7002416840599457,0.8423005697828381,0.5351612125301213,-0.4802247597517008,0.4068602225784998,1.616647149255953,0.5931901703268617,1.9343605635768304,0.4803550563336983,-0.5222388113668748,0.6597780009925525,0.4150943396226415,0.5283018867924528,0.0566037735849056,-0.0574331329048309,0.0447854032759693,0.0126477296288617,0.8784536038693589,1.092622097034145,1.2877065537325063,-0.1295897765593415,0.088582293897343,0.2528804372823374,0.5823836063579813,0.3699390028995939,0.0476773907424247,0.1722988252209459,-0.2008359809214218,0.0285371557004758,1.4201506932116004,0.6481334418155891,2.490821027898017,0.3507647050424566,-0.4336559719578293,0.9126333602893352,0.375,0.167,0.25,6.0,10.0,335.0,397.0,-62.0
123,1,cleveland-browns,2018,1,1.3771305184127167,0.7146251338746302,0.4562046924514721,0.4359027177185649,-0.3585306620812433,0.2810209523258897,1.4631198252721225,0.6659093401520186,2.6041348814082705,0.3805717486400706,-0.4066003442715141,0.957102712776792,0.4528301886792453,0.490566037735849,0.0566037735849056,-0.0155242417005015,-0.0284213040363028,0.0439455457368044,0.9668515817401464,0.945235178233,4.471344876962268,-0.0337080701833399,-0.0563194781358773,1.4977068972139582,0.6236062724887773,0.350570820391328,0.0258229071198946,0.182778062037086,-0.2063834534591885,0.0236053914221024,1.4146210316911745,0.6294416030351102,11.639722516091746,0.3468632766727028,-0.4629193445341029,2.4544623277523776,0.469,0.583,0.458,7.0,8.0,359.0,392.0,-33.0
124,1,cleveland-browns,2020,1,1.1949597083939023,0.8961304015476323,0.3059023199518471,0.1645837112101567,-0.1182207676329702,0.1424830842422213,1.159730575954237,0.8834509638516669,1.8718754052918605,0.1481885528807854,-0.1239183750029388,0.6269440878502084,0.4615384615384615,0.4807692307692308,0.0576923076923076,-0.0652472527472527,0.0343406593406593,0.0309065934065934,0.876139145164804,1.0769206646207885,2.1537657465916147,-0.1322281924830702,0.0741078121540673,0.7672351532603184,0.5515198654125701,0.430831923820977,0.0176482107664527,0.0087325097532755,-0.0220034195632204,0.0132709098099448,1.0160863984317974,0.951407567248746,4.030835463747804,0.0159601965370231,-0.0498104201239144,1.394030326938894,0.688,0.5,0.583,11.0,5.0,408.0,419.0,-11.0
125,1,cleveland-browns,2021,1,1.463049568512156,0.6584239962428928,0.329296297465034,0.1259157768325325,-0.0533372718970154,-0.0088098652235936,1.094167601962078,0.925061675387194,0.9739406135216728,0.0899945768315411,-0.0778933488211712,-0.0264019121679735,0.4464285714285714,0.5,0.0535714285714285,-0.043767507002801,0.0392156862745098,0.0045518207282913,0.910712427860933,1.0851040280721094,1.0928348490262227,-0.0935258580112513,0.0816778608018562,0.0887937654836548,0.6531471288000696,0.3292119981214463,0.0176408730784839,-0.0023106122193535,0.0012435706452141,0.0010670415741394,0.9964732910331496,1.0037886782764354,1.064316887556899,-0.0035314114176243,0.0037845568629581,0.0623898581592453,0.471,0.5,0.417,8.0,9.0,349.0,371.0,-22.0
126,1,dallas-cowboys,2016,1,1.3188321602374349,0.762279517262928,0.7221416753134353,0.4552038664685649,-0.4209699629851531,0.7221416753134353,1.527081318052638,0.6442249802451869,722141.6753134354,0.4233590365374765,-0.4397059538249657,,0.4313725490196078,0.5098039215686274,0.0588235294117647,-0.1419607843137255,0.0831372549019607,0.0588235294117647,0.7523926685353592,1.1948501407464531,58823.52941176471,-0.2844946075286562,0.1780227338230244,,0.5689079906906581,0.388613087232081,0.0424789220772609,0.0737611022631727,-0.1162400243404336,0.0424789220772609,1.1489658019090492,0.7697532382605199,42478.92207726091,0.1388639928240484,-0.2616827120371344,,0.813,0.5,0.75,13.0,3.0,421.0,306.0,115.0
127,1,dallas-cowboys,2019,1,1.3460252450573609,0.7663008616739827,0.3725323200523838,0.7645866940851829,-0.741952384536997,-0.5377742558029819,2.314987418394193,0.5080714101081271,0.4092378553505234,0.8394049956323459,-0.6771319652342288,-0.8934560542244836,0.4423076923076923,0.5,0.0576923076923076,-0.0961538461538461,0.0538461538461538,0.0423076923076923,0.8214270459212004,1.1206871432874377,3.74975626584272,-0.1967098905201774,0.1139440179704193,1.3217081752778408,0.5953573199292173,0.3831504308369914,0.0214922492337913,0.2822750232518907,-0.2897625559340611,0.0074875326821703,1.9015940046869104,0.5693899047566562,1.534534070754408,0.6426941639480589,-0.5631872239738144,0.4282733253136968,0.5,0.833,0.583,8.0,8.0,434.0,321.0,113.0
128,1,dallas-cowboys,2021,1,1.281947400500479,0.7967564975012192,0.5211430531507306,0.4750483848562308,-0.5333352517133373,-0.0381602612349613,1.5887314111364117,0.5990232620783161,0.9317701289737492,0.4629366232084498,-0.5124535916776393,-0.0706672185928089,0.4482758620689655,0.5,0.0517241379310344,-0.0938928126298296,0.1024096385542168,-0.0085168259243872,0.8268183983510461,1.257572594590141,0.8586064367883217,-0.19016796817466,0.2291853506198203,-0.1524252932315868,0.5746660760864216,0.3983782487506096,0.0269556751629688,0.1371907061588171,-0.1304534105756599,-0.0067372955831571,1.313593408900051,0.7533162744867946,0.8000147968926479,0.272768182257701,-0.2832676099528042,-0.223087958118299,0.706,1.0,0.833,12.0,5.0,530.0,358.0,172.0
129,1,dallas-cowboys,2022,1,1.4805886902721586,0.6560982556814876,0.4106024067800631,0.697676453902942,-0.7584581687118188,0.0131373485217419,1.8911274219074805,0.4638187495024343,1.0330502397596033,0.6371738461590627,-0.7682599049816666,0.0325182592087734,0.4339622641509434,0.5094339622641509,0.0566037735849056,-0.1030747728860936,0.120545073375262,-0.0174703004891684,0.808066159606149,1.3099696773286464,0.7641406274977552,-0.2131090387672328,0.2700059528288298,-0.2689857728378912,0.6425196203067858,0.3342387340264182,0.023241645666796,0.2220667526270213,-0.2158665421265342,-0.006200210500487,1.5281572360184736,0.6075893850254599,0.7893814898509125,0.4240641449751084,-0.4982529868774803,-0.236462539118136,0.706,0.667,0.667,12.0,5.0,467.0,342.0,125.0
130,1,denver-broncos,2013,1,1.212059872104447,0.8186439107664558,0.8611163250829688,0.3198212971052224,-0.3835870341114871,0.7386389062306508,1.3584466617113462,0.6809367478998148,7.030759648532738,0.3063427115206107,-0.384284636819155,1.9502959193800984,0.4528301886792453,0.4716981132075472,0.0754716981132075,-0.0573738929534077,0.0227185213708124,0.0346553715825953,0.8875454302222775,1.0505980030848938,1.8490113029966613,-0.1192933616289346,0.0493616487958956,0.6146643153307897,0.5488573005755987,0.3861527880973848,0.0649899113270165,0.0936335378208921,-0.1536243708274058,0.0599908330065137,1.205684192692622,0.7153916506488157,12.997778666891271,0.187049022539365,-0.3349225334652255,2.564793857968925,0.813,0.833,0.75,13.0,3.0,606.0,399.0,207.0
131,1,denver-broncos,2024,1,1.1096270197311984,0.9335122327005836,0.677048569645549,-0.361654146071144,0.3677656920507708,0.094432358694939,0.7541904914793006,1.650050889533447,1.1620813064222095,-0.2821094004600524,0.500807200801031,0.150214104083127,0.4615384615384615,0.4807692307692308,0.0576923076923076,-0.0176282051282051,-0.0192307692307692,0.0368589743589743,0.9632086921664752,0.9615365384653846,2.769097852533848,-0.037483013544765,-0.0392206331534446,1.0185389153296494,0.5121355475682454,0.4488039580291267,0.0390604944026278,-0.1928533443787103,0.1659306877042203,0.0269226566744901,0.7264438163132969,1.586584589378296,3.217811727731229,-0.319592181093502,0.4615858769956415,1.1687271418575875,0.588,0.5,0.5,10.0,7.0,425.0,311.0,114.0
132,1,detroit-lions,2012,1,1.1303428495375445,0.8940435061688289,0.8158416299197001,0.3557639471832058,-0.553215226906269,0.7735545878977002,1.4592979318232542,0.6177491750352162,19.29249004943917,0.3779563361385863,-0.4816716510358306,2.9597171293032933,0.4655172413793103,0.4827586206896552,0.0517241379310344,-0.0344827586206896,0.0617059891107078,-0.0272232304900181,0.9310326206933792,1.1465490010840536,0.6551641150476462,-0.0714588158343042,0.1367586335446355,-0.4228501842600317,0.5261940851295465,0.431607209874607,0.0421987049958465,0.1389046339523771,-0.1777648882622764,0.0388602543098991,1.3586549410918334,0.7082807088042063,12.636421065722438,0.3064970968855883,-0.34491246558575,2.53660690222029,0.25,0.0,0.25,4.0,12.0,372.0,437.0,-65.0
133,1,detroit-lions,2013,1,1.1719852033747438,0.9167292290119698,0.3180414645689683,0.1604013808223194,-0.1522038451790527,0.3137736429949137,1.158563451374842,0.8576106339446214,74.50333986831012,0.1471816869279005,-0.1536039982528525,4.310847099066937,0.4615384615384615,0.4807692307692308,0.0576923076923076,-0.1692307692307691,0.1423076923076923,0.0269230769230769,0.7317061570512144,1.4204503486694244,1.8749390644804045,-0.3123741037424299,0.3509760482808416,0.6285934931336005,0.5409162477114202,0.4407352062557547,0.0183485460328251,-0.0971597018985704,0.0789424734526393,0.0182172284459311,0.8477288641159069,1.2181946957483607,138.6705007515415,-0.1651925813156425,0.1973722741728155,4.932155119607512,0.438,0.667,0.5,7.0,9.0,395.0,376.0,19.0
134,1,detroit-lions,2015,1,1.284169533980883,0.80114129557565,0.4500858331639691,0.7087448657421078,-0.7839691618812471,0.4006140800976597,2.231686219197319,0.5054163805370355,9.097650833393264,0.8027582305525548,-0.6823714252998883,2.2080184518157147,0.4528301886792453,0.490566037735849,0.0566037735849056,-0.086643495531281,0.0563555114200595,0.0302879841112214,0.8393909889245728,1.1297858486121222,2.150861663483203,-0.1750764549480767,0.1220301387210207,0.7658862020749683,0.5815107323687018,0.3930127110371113,0.0254765565941869,0.2710842666083098,-0.2952589349639097,0.0241746683555998,1.87325799585514,0.5710131200485458,19.553907879170698,0.6276808783503637,-0.5603405478284295,2.973214408975441,0.438,0.5,0.5,7.0,9.0,358.0,400.0,-42.0
135,1,detroit-lions,2017,1,1.0352061836697115,0.9384985334262884,1.2308627520899038,0.2992134454503986,-0.3668122425907357,0.5864082038542734,1.4065421075107551,0.7189841926424545,1.9099265348241936,0.3411352522868038,-0.329914841169825,0.6470655903139069,0.4615384615384615,0.4807692307692308,0.0576923076923076,-0.0384615384615384,0.0120192307692307,0.0264423076923076,0.9230750769267692,1.0256388376115055,1.8460947711211704,-0.080042541007217,0.0253177546510688,0.6130898065815108,0.4777874693860207,0.4512012179934079,0.0710113126205713,0.1097911002763641,-0.1606632082645721,0.0508721079882079,1.2983447967087198,0.7374190444994493,3.52584861558272,0.2610923128949166,-0.3045967506599685,1.2601352314639302,0.563,0.833,0.667,9.0,7.0,410.0,376.0,34.0
136,1,detroit-lions,2018,1,1.1995146582731937,0.8185313418892292,1.1036055429024545,0.194827668026267,-0.1982593688843194,1.0708745786424347,1.1939175842824434,0.805013783271809,33.7164471443119,0.1772408213691722,-0.2168946579338026,3.517986670248412,0.4339622641509434,0.5094339622641509,0.0566037735849056,-0.0078982009653356,-0.0370776656428257,0.0449758666081614,0.9821229014318844,0.932154055095069,4.867505922792527,-0.0180365199060128,-0.0702552198288672,1.5825993415778967,0.5205440969864802,0.4169876647360224,0.0624682382774974,0.0766126361796988,-0.1387002818495216,0.0620876456698227,1.1725749814295368,0.7503976231635019,163.70400532171536,0.1592040904050816,-0.2871496505715765,5.098075959535691,0.375,0.333,0.333,6.0,10.0,324.0,360.0,-36.0
137,1,detroit-lions,2023,1,1.479458508568063,0.6926322232374721,0.2502809280302909,0.6014751114709124,-0.5082674781318107,-0.6843731425816739,1.685062415072005,0.5767606118038933,0.2677789228345165,0.521803280626811,-0.5503265390177184,-1.3175895581950865,0.4230769230769231,0.5192307692307693,0.0576923076923076,-0.1523947750362844,0.1513062409288825,0.001088534107402,0.7351815724083143,1.4112387678756964,1.0192127631386203,-0.3076354093541936,0.3444698033843696,0.0190478616431944,0.6259247536249496,0.3596359620656105,0.0144392843094398,0.1206701571822497,-0.0822044940985595,-0.0384656630836902,1.2388279477393864,0.813947983033952,0.2729236507598165,0.214167326829367,-0.2058560373424776,-1.298493937345873,0.706,0.667,0.667,12.0,5.0,461.0,395.0,66.0
138,1,green-bay-packers,2011,1,1.1237041723665817,0.927116861470234,0.5911994544885059,0.9729173611915256,-0.5824110518247327,0.5911994544885059,7.452221526460301,0.6141762859291934,591199.4544885058,2.008513069325946,-0.4874722027974044,,0.4576271186440678,0.4915254237288136,0.0508474576271186,0.0826271186440678,-0.1334745762711864,0.0508474576271186,1.2203357288222374,0.7864394196630302,50847.45762711865,0.1991281936300223,-0.2402375501915408,,0.5142375026084356,0.4557015081802844,0.0300609892112799,0.4576924484177896,-0.4877534376290696,0.0300609892112799,9.094135921043682,0.4830130227112574,30060.98921127996,2.2076317461490635,-0.7277094691414404,,0.938,1.0,1.0,15.0,1.0,560.0,359.0,201.0
139,1,green-bay-packers,2021,1,1.215868755374908,0.8539493136574462,0.5409607547288188,0.2243128750349133,-0.1969408718951765,-0.1347152270367677,1.226221893551885,0.8125953718113904,0.8006203693890152,0.203938633440747,-0.2075208199468724,-0.2223665415318188,0.4482758620689655,0.5,0.0517241379310344,-0.0459770114942528,0.0517241379310344,-0.0057471264367816,0.9069749091437884,1.1153821272244857,0.8999843402724792,-0.0976382620509405,0.1091990611962494,-0.1053585823600011,0.545044614478407,0.4269746568287231,0.0279807286928699,0.0549652713218578,-0.044114047039694,-0.0108512242821637,1.1121535929554724,0.9063553147575988,0.7205408435165661,0.1063001441621713,-0.0983215281207081,-0.3277174391646195,0.765,0.667,0.75,13.0,4.0,450.0,371.0,79.0
140,1,houston-texans,2012,1,1.2170294107323871,0.8535822865554242,0.4133006288912212,0.5710487341546442,-0.7511005698466909,0.2021181634651608,1.8839998948266132,0.5319317466489963,1.9570690728906808,0.6333979420021468,-0.6312389221111343,0.671450402628595,0.4655172413793103,0.4827586206896552,0.0517241379310344,0.0109717868338558,0.0585161964472309,-0.0694879832810867,1.0241356779359914,1.1379283522230714,0.4267206174859402,0.0238511639704408,0.1292114457663531,-0.8516064383512421,0.5665481739616286,0.4120742073026186,0.0213776187357528,0.2729205936990181,-0.2687003378376727,-0.0042202558613454,1.929472170096416,0.6053011308120654,0.8350999437364364,0.6572482435891404,-0.5020267811573329,-0.1801570913956656,0.75,0.833,0.833,12.0,4.0,416.0,331.0,85.0
141,1,houston-texans,2014,1,1.2439718037944727,0.8174833923436029,0.6300361693329928,-0.0367257234024938,0.0276263955934759,0.6208406417751187,0.9713228971357712,1.0349751419965876,68.50804995343624,-0.0290955212742996,0.0343786323000016,4.226952843141147,0.4528301886792453,0.490566037735849,0.0566037735849056,-0.0122860903905221,-0.0210618692408951,0.0333479596314172,0.9735828124573308,0.9588317451307484,2.4338576082737875,-0.0267701827313985,-0.0420376292794769,0.8894951582446368,0.5633079866239122,0.4010295886968618,0.035662424679226,-0.0323652818397931,-0.0030832933613427,0.0354485752011359,0.9456644620166847,0.9923677619149482,165.98795117515348,-0.0558656889361595,-0.0076590190844869,5.111943242765086,0.563,0.667,0.667,9.0,7.0,372.0,307.0,65.0
142,1,houston-texans,2022,1,1.1020470862481473,0.9256332248255632,0.7422030422899087,0.3395403317459481,-0.3475171043025398,-2.488777205941612,1.445292955699336,0.7270410073400058,0.2297144382054689,0.3683129459259484,-0.3187713164536093,-1.470916967129683,0.4615384615384615,0.5,0.0384615384615384,-0.1098901098901098,0.0809523809523809,0.0289377289377289,0.8076908942332428,1.1931789708229106,4.038037544519364,-0.2135736836322083,0.1766231493165279,1.3957848173101617,0.5086371167299142,0.4628166124127816,0.0285462708573041,0.0729189713000861,-0.0706940016980424,-0.0022249696020436,1.1673508544779552,0.8674911663996928,0.927663063565869,0.1547389206662505,-0.142147789356835,-0.0750516599469581,0.206,0.583,0.292,3.0,13.0,289.0,420.0,-131.0
143,1,houston-texans,2023,1,1.2210917764970315,0.7883185558139986,1.0658383043024264,-0.1074528086981942,0.0009174775731534,0.8967121069162812,0.919119215858593,1.0011639257737304,6.301992351170712,-0.0843386226421302,0.0011645174591848,1.840866767847944,0.4528301886792453,0.490566037735849,0.0566037735849056,0.0153301886792452,-0.0328714622641509,0.0175412735849056,1.035038065465554,0.9371989980405512,1.4490195088741578,0.0344404125995132,-0.0648576029884642,0.370904793439792,0.5529472195458256,0.3867223103993201,0.0603304700548543,-0.0282910364770857,-0.0254329414923722,0.053723977969458,0.9513246289132774,0.938290535747943,9.130615561113592,-0.0498981108718207,-0.063693052500534,2.21164968937774,0.588,0.667,0.583,10.0,7.0,377.0,353.0,24.0
144,1,houston-texans,2024,1,1.2223382908643583,0.8225026609844589,0.7596039445531557,0.4890864256286832,-0.479476359503456,0.7596039445531557,1.667007861566945,0.6317321679607859,759603.9445531558,0.5110311378582963,-0.4592885437288418,,0.4528301886792453,0.490566037735849,0.0566037735849056,-0.0781432626481883,0.0215394890632826,0.0566037735849056,0.8528285825187482,1.0459215863209752,56603.77358490566,-0.1591945017146013,0.0449004360158409,,0.5535116788819736,0.4034918714263383,0.042996449691688,0.1641744053055088,-0.2071708549971969,0.042996449691688,1.421672916452345,0.6607431454778931,42996.44969168806,0.3518360950086319,-0.4143876210410341,,0.588,0.833,0.667,10.0,7.0,372.0,372.0,0.0
145,1,indianapolis-colts,2011,1,1.1561697546502994,0.8638203947519704,0.7882277109922429,-0.4082296295654164,0.2024600252813998,0.7882277109922429,0.7390497767167991,1.3061246613836417,788227.7109922429,-0.3023891385214977,0.2670656367668463,,0.4745762711864407,0.4915254237288136,0.0338983050847457,0.0995762711864406,-0.1334745762711864,0.0338983050847457,1.2655333484082465,0.7864394196630302,33898.30508474576,0.2354957597587367,-0.2402375501915408,,0.5486907310204809,0.4245896855560532,0.0267195834234658,-0.0379590380604125,0.0112394546369467,0.0267195834234658,0.9352936362465106,1.0271886323211314,26719.583423465858,-0.0668929270165043,0.0268279424389938,,0.125,0.333,0.167,2.0,14.0,243.0,430.0,-187.0
146,1,indianapolis-colts,2016,1,1.3285194324782057,0.691454133303674,1.0459087182091769,0.5558248399342564,-0.5074380982203704,1.0459087182091769,1.7193309309612017,0.5767437125528609,1045908.7182091768,0.5419359742378539,-0.5503558372733779,,0.4528301886792453,0.490566037735849,0.0566037735849056,-0.0138364779874213,-0.0427672955974842,0.0566037735849056,0.9703483249948291,0.9198095961117242,56603.77358490566,-0.0300979656812314,-0.083586552647047,,0.6015937052731499,0.3392039144508589,0.0592023802759911,0.2410028954193069,-0.300205275695298,0.0592023802759911,1.66835099642721,0.5304950088038531,59202.38027599115,0.5118373735621401,-0.6339417813728192,,0.5,0.5,0.417,8.0,8.0,411.0,392.0,19.0
147,1,indianapolis-colts,2017,1,1.1158632302920368,0.8928205506411131,0.9450424630150706,0.1282942902417635,-0.1061292743932483,-0.4422377371507912,1.1299080551552962,0.8937582594322421,0.681219108931976,0.122137158461333,-0.1123188236485561,-0.3838702205668413,0.4716981132075472,0.490566037735849,0.0377358490566037,-0.0508244093149753,0.0311065782763895,0.0197178310385857,0.9027308683260578,1.0677002289010555,2.094223393243184,-0.1023286917115257,0.0655090550486096,0.7392092889491614,0.5263505803264324,0.4379874399371498,0.0356619797364177,0.0103235666064698,-0.0209895067002594,0.0106659400937896,1.0200038880293651,0.95426685126368,1.4266481249884648,0.0198083389550186,-0.0468096451740895,0.355355765012618,0.25,0.333,0.25,4.0,12.0,263.0,404.0,-141.0
148,1,indianapolis-colts,2018,1,1.446373129856023,0.5929285396251787,0.935451426600402,0.2945676500717487,-0.2390473745486357,0.929968275874224,1.2557431784260489,0.7126742695907372,170.57361719383567,0.2277282627468328,-0.3387291213045814,5.139168044936577,0.4615384615384615,0.5,0.0384615384615384,-0.0862876254180601,0.0565217391304347,0.0297658862876254,0.8424893046135405,1.1274484381064631,4.422568327719236,-0.1713921449926042,0.1199590601775606,1.4867465966157671,0.6675568291643184,0.2964642698125893,0.0359789010230923,0.0365677402390202,-0.0724989616905805,0.0359312214515604,1.0579513702050385,0.8035040919950052,739.0965016907227,0.0563358664890412,-0.2187696280223293,6.605456290259225,0.625,0.667,0.583,10.0,6.0,433.0,344.0,89.0
149,1,indianapolis-colts,2020,1,1.3054099242988366,0.7951983230501951,0.3316684725076175,-0.2115307606985026,0.3293754233291036,0.214731208788564,0.8605537953168756,1.7070792707851918,2.836269856926024,-0.1501783828946771,0.5347851389368439,1.042492773261619,0.4528301886792453,0.490566037735849,0.0566037735849056,-0.0715600552231937,0.0637367694431661,0.0078232857800276,0.8635349921355524,1.1493234528519,1.1603535712423556,-0.1467186502775165,0.1391755058492621,0.1487424279810854,0.5911290223240014,0.3900972905529259,0.0187736871230726,-0.2043398734672862,0.1912704431109966,0.0130694303562895,0.7431192876708179,1.9619851825175536,3.290594602573551,-0.2968970067921816,0.6739593723407796,1.1911215433361035,0.688,0.667,0.583,11.0,5.0,451.0,362.0,89.0
150,1,jacksonville-jaguars,2011,1,1.02983589117819,0.9544072546077904,1.2749060401204193,0.2652829785985111,-0.5583398421189824,1.245456072693,1.3469761572515195,0.6309095722367134,43.28910563846071,0.2978631676696929,-0.4605916875985353,3.767901785839477,0.4776119402985074,0.4925373134328358,0.0298507462686567,0.0401119402985074,0.0550373134328358,-0.0951492537313432,1.091681939695012,1.1257970003104811,0.2388040597167759,0.087721664629363,0.1184932598492777,-1.432078397680297,0.4918619181746578,0.4700811851053296,0.0380568967200125,0.1573700189210483,-0.1917456697126334,0.0343756507915851,1.4704704323236848,0.7102771237010359,10.335240355949171,0.3855844046722855,-0.3420979427381513,2.3355857254664016,0.313,0.5,0.333,5.0,11.0,243.0,329.0,-86.0
151,1,jacksonville-jaguars,2013,1,1.1361836509909993,0.8563676393224982,1.155344584610355,0.1559167990899568,-0.1868960048239878,0.8840435537276309,1.1590542817328833,0.8208536962575861,4.258518009803535,0.1476052783721962,-0.197409219566154,1.448922080274866,0.4528301886792453,0.490566037735849,0.0566037735849056,-0.0788153809410078,0.0348698352042035,0.0439455457368044,0.8517504194613629,1.0765175537845926,4.471344876962268,-0.1604595216402399,0.0737333824976958,1.4977068972139582,0.5144982570525279,0.4201048796676406,0.0653968632798314,-0.006656271806254,-0.0553064012092391,0.0619626730154931,0.987225940362118,0.8836643405441131,19.03733366932699,-0.0128544058330197,-0.1236756133624918,2.946417272317615,0.25,0.5,0.333,4.0,12.0,247.0,449.0,-202.0
152,1,jacksonville-jaguars,2020,1,1.1104966146561486,0.971977168060553,0.3220594213406363,0.075133738349747,-0.1176693718800253,-0.14487892041182,1.0725665054278102,0.8920106111684131,0.6897243229322347,0.0700552801180236,-0.1142762217139474,-0.371460188195021,0.4629629629629629,0.4814814814814814,0.0555555555555555,0.0239385727190605,0.026196928635953,-0.0501355013550135,1.0545243469990695,1.0575373597344102,0.5256360523152999,0.0530919693345529,0.0559450365892366,-0.6431282216409836,0.5141188030815502,0.4679890068439699,0.0178921900744797,0.0595692476299593,-0.0281102308525535,-0.0314590167774058,1.1310486741585408,0.9433355827784348,0.3625408308118278,0.1231471776730537,-0.0583310556449811,-1.014562285562754,0.063,0.167,0.083,1.0,15.0,306.0,492.0,-186.0
153,1,kansas-city-chiefs,2019,1,1.3117332858719992,0.7458236391393622,0.7089955071495352,0.8207901453802354,-1.117585418688124,0.6523523001770009,2.6718585225563056,0.4002466531756857,12.516646362324623,0.9827750684773096,-0.9156729481762608,2.5270608778014463,0.4528301886792453,0.490566037735849,0.0566037735849056,-0.134471398622342,0.1096136567834681,0.0248577418388739,0.7710338732880658,1.2877324687588734,1.7829627045993337,-0.2600207638272263,0.2528849339758534,0.5782940879543028,0.5939924313382637,0.3658757475023286,0.0401318211594076,0.3056607456526247,-0.3439943697652852,0.0383336241126605,2.0600939845782067,0.515411514290977,22.305406309978338,0.7227532888641371,-0.6627869073541217,3.104854002080343,0.75,1.0,0.75,12.0,4.0,451.0,308.0,143.0
154,1,kansas-city-chiefs,2023,1,1.204481478315745,0.8316741071652775,0.8229725780416343,0.3274810233591465,-0.2719044570817975,0.8229725780416343,1.3734087572013811,0.7536149944319539,822972.5780416343,0.3172966237099593,-0.2828724564545958,,0.4528301886792453,0.490566037735849,0.0566037735849056,-0.0043126684636118,-0.0522911051212937,0.0566037735849056,0.9905638708773816,0.903672615379641,56603.77358490566,-0.0094787231212562,-0.1012860968517722,,0.5454255750863751,0.4079910714395701,0.0465833534740547,0.14451108139193,-0.1910944348659849,0.0465833534740547,1.3604502287009828,0.6810219678549735,46583.35347405477,0.3078175289072883,-0.3841582640913798,,0.647,0.667,0.75,11.0,6.0,371.0,294.0,77.0
155,1,las-vegas-raiders,2015,1,1.1472490912695958,0.8581187409010824,1.0025618182773208,0.5071617929410923,-0.3765435012186062,-1.3464337954639272,1.7923294243395296,0.6950225062405285,0.4268042841835093,0.5835169998544941,-0.3638098855225564,-0.8514287242424373,0.4629629629629629,0.4814814814814814,0.0555555555555555,0.0472326258843112,-0.091552226383687,0.0443196004993757,1.1136109349278511,0.8402309229666609,4.944004428050349,0.1076099899869965,-0.1740764397105747,1.5981936156342422,0.5311338385507388,0.4131682826560767,0.0556978787931844,0.2650301302568665,-0.294334799906891,0.0293046696500244,1.995958064613356,0.5839800685804591,2.1102310166250344,0.6911260507186657,-0.5378860055609889,0.7468153818908393,0.438,0.5,0.583,7.0,9.0,359.0,399.0,-40.0
156,1,las-vegas-raiders,2021,1,1.261702141551561,0.7849248822289968,0.8420589275265417,0.1166227144839553,-0.1159864266372134,0.8067485753577208,1.1018458718944375,0.8712555867027918,23.846691667334703,0.0969876313641193,-0.1378186306371022,3.171646681119417,0.4444444444444444,0.5,0.0555555555555555,-0.0710194730813287,0.0463917525773195,0.0246277205040091,0.8622205495143561,1.1022702972677538,1.7962382179272498,-0.1482419331417414,0.0973739594801518,0.585712598966488,0.5607565073562493,0.3924624411144984,0.0467810515292523,-0.0294906199981866,-0.0161983587835763,0.045688978781763,0.9500352163244096,0.9603599876777896,42.79774757600023,-0.0512544419558331,-0.0404445296347286,3.756506850421676,0.588,0.5,0.667,10.0,7.0,374.0,439.0,-65.0
157,1,las-vegas-raiders,2024,1,1.2071950272198957,0.7607929149775782,1.49530354744263,0.4915017236177019,-0.5658573319475612,1.49530354744263,1.6867467313123874,0.5734686615950608,1495303.54744263,0.522802491028405,-0.556050673612186,,0.4444444444444444,0.5,0.0555555555555555,-0.0902090209020902,0.0346534653465346,0.0555555555555555,0.8312741653740403,1.074465776148013,55555.55555555556,-0.1847933663104964,0.0718255856353942,,0.5365311232088426,0.3803964574887891,0.0830724193023683,0.1538832183126202,-0.2369556376149885,0.0830724193023683,1.4021498986240517,0.6161732410604406,83072.41930236833,0.3380085644263169,-0.4842244906673728,,0.235,0.0,0.25,4.0,13.0,309.0,434.0,-125.0
158,1,los-angeles-chargers,2012,1,1.1348481691496357,0.8967256880508732,0.8057340646285135,-0.1792221096711155,0.27133704997242,0.2749810996011707,0.8636123378086838,1.433867198065699,1.518093349687938,-0.1466304127835035,0.360376243618374,0.4174564133692963,0.4545454545454545,0.4909090909090909,0.0545454545454545,-0.0938416422287389,0.0715542521994134,0.0222873900293255,0.8288754938687518,1.1706265791352204,1.690856674352186,-0.1876831234655092,0.1575411802178884,0.5252536415665549,0.5158400768861979,0.4402107923158831,0.0439491307979189,-0.2047791082735687,0.1779510408636285,0.0268280674099401,0.715827959734201,1.6785233393797585,2.566812760941832,-0.3343134820106803,0.5179167138807345,0.9426877117388178,0.438,0.667,0.583,7.0,9.0,350.0,350.0,0.0
159,1,los-angeles-chargers,2014,1,1.2108807580601029,0.8547242838515131,0.5017165561193636,0.0874904511711787,0.1494802401931573,-2.5363781561390564,1.077879765167018,1.211953620287433,0.1651417873686422,0.0749967570155814,0.1922347897925865,-1.8009488635423716,0.4629629629629629,0.4814814814814814,0.0555555555555555,-0.0538909696213067,0.0320432792342904,0.0218476903870162,0.8957309561662739,1.0712939126673406,1.6480992545369302,-0.1101130232360987,0.0688692589988066,0.4996406567792475,0.5605929435463439,0.4115339144470248,0.0278731420066313,-0.020035754396246,0.0945702993196739,-0.0745345449234277,0.9654913373062994,1.2983591694665275,0.2721755628569626,-0.0351163655657248,0.2611037198477884,-1.301272093033221,0.563,0.333,0.5,9.0,7.0,348.0,348.0,0.0
160,1,los-angeles-rams,2019,1,1.1441355740109114,0.9068422290362051,0.6542827562655973,0.6352416255230787,-0.5646195804154756,0.6542827562655973,2.248274574960272,0.6162862039130481,654282.7562655973,0.8101639404808865,-0.4840427038805522,,0.4528301886792453,0.490566037735849,0.0566037735849056,-0.0369657296881016,-0.019638043896804,0.0566037735849056,0.92452641431203,0.9615075494074672,56603.77358490566,-0.0784714487751826,-0.0392508238268324,,0.5180991278539976,0.4448659991498365,0.0370348729961658,0.2688449490028142,-0.3058798219989802,0.0370348729961658,2.078589220259797,0.5925646124869212,37034.87299616589,0.7316913342314207,-0.5232931134422238,,0.563,0.5,0.583,9.0,7.0,394.0,364.0,30.0
161,1,minnesota-vikings,2015,1,1.1294712748939009,0.9362592455850248,0.5166496724452436,-0.601174201035424,0.6008630880579247,-0.2317463174550138,0.652629691045016,2.791494276481384,0.6903417296134503,-0.4267445139436145,1.026578103507814,-0.3705666081367308,0.4528301886792453,0.490566037735849,0.0566037735849056,-0.0193920335429769,-0.0233228511530397,0.0427148846960167,0.958932486522548,0.954613134725282,4.075178285276668,-0.0419323981182038,-0.0464470766434007,1.404932163234532,0.5114586905179929,0.4592969884002009,0.0292443210818062,-0.3057905620041882,0.2869406296709966,0.0188499323331915,0.6258287335360735,2.6647947716686478,2.8132012942472597,-0.4686765787245427,0.980129223135872,1.0343572796024143,0.688,0.833,0.667,11.0,5.0,365.0,302.0,63.0
162,1,minnesota-vikings,2022,1,1.2064348423338105,0.8763150983534577,0.461685376148396,0.3150665540132765,-0.262344740571277,0.0269214398214421,1.3534624292552244,0.7696015076631454,1.0619195283982086,0.3026669003595652,-0.2618812794694106,0.0600803122872995,0.4444444444444444,0.5,0.0555555555555555,-0.0133868808567603,-0.0060240963855421,0.0194109772423025,0.9707581135780384,0.988093285434698,1.5369945135221628,-0.0296757023567887,-0.0119761672372391,0.4298468947863739,0.5361932632594714,0.4381575491767288,0.0256491875637997,0.1280969384862149,-0.138031766905667,0.009934828419452,1.313885758887017,0.7604389330175271,1.6321095387135904,0.272990839793948,-0.2738571866901961,0.4899123604289828,0.765,0.667,0.667,13.0,4.0,424.0,427.0,-3.0
163,1,minnesota-vikings,2024,1,1.1699010371703944,0.9168466284818418,0.3337364652881622,0.0209298783087268,-0.0051011349105554,0.1933235095611859,1.0182153049987408,0.9944659235814995,2.376804097287067,0.0180522485726903,-0.0055483554561103,0.8657597654034732,0.4615384615384615,0.4807692307692308,0.0576923076923076,-0.0431344356578,0.0321710999281092,0.0109633357296908,0.9145281024094154,1.0717123545642866,1.2345889644115462,-0.0893449151510488,0.0692597806744433,0.2107554255265778,0.5399543248478743,0.4407916483085778,0.0192540268435478,-0.0399002786897897,0.0272076049175958,0.0126926737721937,0.9311875604092562,1.0657823713704175,2.9340126375698143,-0.0712927087544407,0.0637114191074932,1.076422922833714,0.824,0.667,0.75,14.0,3.0,432.0,332.0,100.0
164,1,new-england-patriots,2011,1,1.2398510756146166,0.7934098794436968,0.7362538229356353,0.4794918166905052,-0.6059913556827841,0.7362538229356353,1.6306100444662526,0.5669634216155063,736253.8229356353,0.4889550117576118,-0.5674592290955497,,0.46875,0.484375,0.046875,-0.15625,0.109375,0.046875,0.74999880000192,1.2916632222314075,46875.0,-0.2876815391194432,0.2559327719880874,,0.5811801916943515,0.3843079103555406,0.0345118979501079,0.1059556548667818,-0.1404675528168896,0.0345118979501079,1.2229565683151122,0.7323268807299105,34511.8979501079,0.2012730642936328,-0.3115257042473446,,0.813,0.833,0.833,13.0,3.0,513.0,342.0,171.0
165,1,new-england-patriots,2013,1,1.249399685019295,0.7977032661407321,0.9086063529188164,0.4248796999749989,-0.5241200490589709,0.8608273945330241,1.5153036826008413,0.603486603301146,19.016474346469828,0.4156166698194802,-0.5050301834338448,2.9453067749305,0.4339622641509434,0.5094339622641509,0.0566037735849056,-0.1483162168617148,0.1170288989730117,0.0312873178887031,0.7452817389275468,1.2982316276957853,2.2357607440543834,-0.2939906546897043,0.2610050150112694,0.8045992143137815,0.5421923161404488,0.4063771355811276,0.0514305482784235,0.0620920716842764,-0.1123130260795153,0.0502209543952389,1.1293291204745974,0.7834664741154824,42.483733804378026,0.1216256020826657,-0.2440245472335152,3.749140712162407,0.75,0.667,0.75,12.0,4.0,444.0,338.0,106.0
166,1,new-england-patriots,2015,1,1.28254292359548,0.7583432839803989,0.9281957912711988,0.3623192696470575,-0.3162018262645177,0.9281957912711988,1.3937280620470802,0.7057335899783334,928195.7912711988,0.3319829955678303,-0.3485161453461455,,0.4423076923076923,0.5,0.0576923076923076,-0.0407431551499348,-0.0169491525423728,0.0576923076923076,0.9156526253561036,0.967211243755299,57692.307692307695,-0.0881159553274494,-0.0333363546939502,,0.5672786008210776,0.3791716419901993,0.053549757188723,0.1227637849307379,-0.1763135421194609,0.053549757188723,1.2761719168188677,0.6825941901650354,53549.75718872301,0.2438666696971617,-0.3818521165528197,,0.75,0.667,0.75,12.0,4.0,465.0,315.0,150.0
167,1,new-orleans-saints,2019,1,1.327790593763463,0.7367098351137525,0.7687868768275945,0.4855390989047309,-0.4581559653548724,0.7687868768275945,1.5764757027952387,0.6165623103971222,768786.8768275946,0.4551925408962671,-0.4835945328957217,,0.4423076923076923,0.5,0.0576923076923076,-0.1103238866396761,0.0526315789473684,0.0576923076923076,0.8003648520870441,1.1176445605592176,57692.307692307695,-0.2226853293044779,0.1112253998166052,,0.587291993395378,0.3683549175568762,0.0443530890477458,0.1218372199208154,-0.1661903089685613,0.0443530890477458,1.261756813136778,0.689098340383378,44353.08904774584,0.2325067487044801,-0.3723685742353683,,0.813,0.833,0.75,13.0,3.0,458.0,341.0,117.0
168,1,new-orleans-saints,2023,1,1.1940256597083083,0.8944859382517761,0.3974212780675474,0.3310885606442361,-0.3021554865035599,-0.2858572491357662,1.3836747514141834,0.7474964281286129,0.5816379128088415,0.324743660876157,-0.2910246341920378,-0.541904651583636,0.4444444444444444,0.5,0.0555555555555555,-0.0601427115188583,0.0596330275229357,0.0005096839959225,0.880806335210071,1.1354140883305075,1.0092409247157934,-0.1269152510384053,0.1269994199285526,0.009216488441271,0.5306780709814704,0.447242969125888,0.0220789598926415,0.0952510943895071,-0.0797183922342599,-0.0155327021552473,1.2187505156076948,0.8487190014321033,0.5870087010733345,0.1978280507723931,-0.1640248874707117,-0.53267034534807,0.529,0.667,0.5,9.0,8.0,402.0,327.0,75.0
169,1,new-york-giants,2022,1,1.2507208882066507,0.823425784982623,0.6669744589054045,0.4828258519666643,-0.4449840406963041,0.1116168419633688,1.6287633080264652,0.6491790895444918,1.2009797607498336,0.4878218196614035,-0.4320454389967514,0.1831391902640397,0.4339622641509434,0.5094339622641509,0.0566037735849056,-0.0906278997834828,0.0422208475100525,0.0484070522734302,0.8272389891134128,1.0903650942400862,6.904817989563764,-0.1896593381523996,0.0865145519633633,1.932237093801252,0.5427656684670371,0.4194810602741664,0.0377532712587964,0.1399354855214704,-0.1731366451659879,0.0332011596445175,1.347377490735069,0.7078430978019942,8.291751763870385,0.2981619461153775,-0.3455304392272731,2.115287744723336,0.559,0.25,0.375,9.0,7.0,365.0,371.0,-6.0
170,1,new-york-jets,2021,1,1.1767003464758174,0.9011837213367386,0.4168436206708739,0.0441392362209125,-0.0488099846820218,0.245883337745289,1.0389720226566457,0.948619729801886,2.438234046549097,0.038232634405009,-0.0527461572404501,0.8912764248346118,0.4545454545454545,0.4909090909090909,0.0545454545454545,-0.0306030603060306,0.0255625562556255,0.005040504050405,0.9369182914355813,1.0549300347635036,1.1017959255404857,-0.0651570028584227,0.0534764840041599,0.0969598412120948,0.5348637938526443,0.4423992813834899,0.0227369247638658,-0.0145965467660719,0.0003230023450568,0.0142735444210151,0.9734329866599268,1.0007283847424986,2.6861889285339267,-0.0269244244409155,0.0007303799980221,0.9881674142297922,0.235,0.0,0.333,4.0,13.0,310.0,504.0,-194.0
171,1,pittsburgh-steelers,2020,1,1.1234138496176993,0.9355891639750396,0.5297784987354953,0.655039753252556,-0.7386650553187688,0.1873489930336944,2.398534547067145,0.5588091667229002,1.5471124503050058,0.8748588356133362,-0.5819461785891289,0.4363921458015241,0.4629629629629629,0.4814814814814814,0.0555555555555555,0.0004629629629629,0.0314814814814814,-0.0319444444444444,1.000998836679192,1.069956470055581,0.6349133787677347,0.0010004981714261,0.0676200423761461,-0.4542487009457173,0.5200990044526386,0.4504688567287228,0.0294321388186386,0.3034759848837598,-0.3029455419534909,-0.0005304429302689,2.4009295252102256,0.5979023756570815,0.982263704829336,0.8758578872517049,-0.5143255698612037,-0.0178614922682982,0.75,0.667,0.75,12.0,4.0,416.0,312.0,104.0
172,1,san-francisco-49ers,2014,1,1.227017057273652,0.8383888661863916,0.6883700261465414,0.5148802487660372,-0.525119779577808,0.6844272309775574,1.7230050737581806,0.6148756400740414,174.5450756571324,0.5440707172489823,-0.4863340501215741,5.162184474212765,0.4444444444444444,0.4814814814814814,0.074074074074074,-0.0872011251758086,0.0257852789498359,0.0614158462259728,0.8359772635454117,1.0565820435293225,5.851389592074078,-0.1791516129858189,0.0550412879470025,1.7666926700518493,0.5453409143438454,0.4036687133490034,0.0509903723071512,0.1667365351372652,-0.2176769986448091,0.0509404635075438,1.44039399410194,0.6496674168495853,1001.6023300566544,0.3649185168932304,-0.4312922361477559,6.909375938030715,0.5,0.333,0.583,8.0,8.0,306.0,340.0,-34.0
173,1,san-francisco-49ers,2018,1,1.183387152452764,0.8848574735428215,0.5691855184924935,-0.2282301651449119,0.2812401316304947,-0.2025760996850796,0.8383194930954702,1.4659221102186846,0.7375137187086858,-0.1763551494511088,0.382485601358384,-0.3044688324073974,0.4444444444444444,0.5,0.0555555555555555,-0.0436507936507936,0.0,0.0436507936507936,0.9105672401386624,0.999998000004,4.666274699591901,-0.0936852828582432,0.0,1.5403790443129532,0.5259498455345618,0.4424287367714107,0.0316214176940274,-0.163053845197637,0.1406200658152473,0.0224337793823896,0.7633472639723828,1.4659196816647793,3.441360582664098,-0.2700403202028368,0.38248507480738,1.235898535040438,0.25,0.167,0.167,4.0,12.0,342.0,435.0,-93.0
174,1,san-francisco-49ers,2021,1,1.240508532140063,0.8204492189662039,0.6117192614703078,0.4069320948613856,-0.4086518054453102,0.4394796799749862,1.4881743155019471,0.6675192153873716,3.5515396903541205,0.3975508831851077,-0.4041858831811518,1.2673828597880967,0.4545454545454545,0.4909090909090909,0.0545454545454545,-0.0707070707070707,0.0363636363636363,0.0343434343434343,0.8653829678285804,1.0799976240052274,2.699866356615347,-0.1445809326578694,0.0769608781735105,0.9932206074006475,0.5638675146091195,0.4027659802197728,0.0333665051711076,0.126029385937491,-0.1559163036036426,0.0298869176661517,1.28784176124197,0.7209200487678742,9.58645778150881,0.2529695374207943,-0.327224554382552,2.2603814245399843,0.588,0.333,0.583,10.0,7.0,427.0,365.0,62.0
175,1,seattle-seahawks,2018,1,1.2966923263185943,0.7893087226071462,0.4524524601893098,0.9180121403678998,-0.8317182620283503,-0.5598463751906535,3.424232241861171,0.4869186282336944,0.4469549874217685,1.230878054818343,-0.7196569907455028,-0.8052951785447302,0.4528301886792453,0.490566037735849,0.0566037735849056,-0.0412874583795782,-0.0035516093229744,0.0448390677025527,0.916440193817128,0.9928102099685552,4.810911827211669,-0.087256260473809,-0.0072137226717067,1.5709043017292126,0.5871814307857787,0.3872080525997321,0.0256105166144892,0.4000688683160236,-0.4137699868672191,0.0137011185511955,3.1381019261000405,0.4834184585621837,2.1502653797455813,1.1436198380631142,-0.7268700439924162,0.7656303126594359,0.625,0.5,0.667,10.0,6.0,428.0,347.0,81.0
176,1,tampa-bay-buccaneers,2011,1,1.2477067153115762,0.7779890538467897,1.0742602734926057,-0.2866672142823001,0.3676173673099575,0.8667362133339027,0.8131693833408915,1.895811001488187,5.176532765108344,-0.2068150460720275,0.6396480014690809,1.6441364126639133,0.4259259259259259,0.5,0.074074074074074,-0.1125356125356125,0.1153846153846153,-0.0028490028490028,0.791003821998193,1.299996620008788,0.9629504446071828,-0.2344501315467032,0.2623636644688711,-0.037739827989472,0.5314306380030788,0.3889945269233948,0.0795748350735263,-0.2947707087013163,0.231159262870767,0.0636114458305492,0.6432209253857494,2.464544692933756,4.984521102711894,-0.4412651466862442,0.9020096524118604,1.606349897846407,0.25,0.333,0.25,4.0,12.0,287.0,494.0,-207.0
177,1,tampa-bay-buccaneers,2018,1,1.125700136108825,0.9491002713688412,0.4355298925994419,0.3231941338108863,0.0085612641552874,-4.341286919978142,1.4027293629656052,1.0091014354409529,0.0911757386795601,0.3384207720357734,0.0090613206124696,-2.394964144491735,0.4528301886792453,0.490566037735849,0.0566037735849056,0.1007175126229072,-0.1291522721233058,0.0284347595003986,1.2860340835122597,0.7915939199108403,2.0093626298907896,0.2515653373038663,-0.2337047075831865,0.697835238738081,0.5097510050304114,0.4655963595394315,0.024652635430157,0.2271784690100104,-0.1172728843675595,-0.1099055846424509,1.8039587578137852,0.7987993286782487,0.183210302622552,0.5899855215969733,-0.2246433700728287,-1.6970800285088663,0.313,0.333,0.333,5.0,11.0,396.0,464.0,-68.0
178,1,tampa-bay-buccaneers,2019,1,1.2398938197272598,0.844101855995449,0.4319666902213647,0.1503467309601731,-0.0567267145540595,0.0675803794402906,1.137989073185656,0.9370272508711548,1.1854602985362812,0.1292635404083176,-0.0650417293692813,0.1701334517387416,0.4528301886792453,0.490566037735849,0.0566037735849056,-0.1164005805515239,0.0751814223512336,0.0412191582002902,0.7955110961062081,1.1809894699449868,3.6790061476192726,-0.2287682743770823,0.1663546594156194,1.3026603136346464,0.5614613523293251,0.4140877029411636,0.0244509447295112,-0.0587423751227086,0.0398973736359832,0.0188450014867254,0.9052838965545424,1.106620251490234,4.360833286652461,-0.0995049055598671,0.1013129669006657,1.4727040572704555,0.438,0.333,0.417,7.0,9.0,458.0,449.0,9.0
179,1,tampa-bay-buccaneers,2020,1,1.181187653452032,0.8949329964787851,0.4006835850835943,0.0326538275048291,-0.0309155173560021,0.1068156301761499,1.0284299846788714,0.9666074055297078,1.3634770818502822,0.0280341992202865,-0.0339617407778618,0.3100406105700536,0.4629629629629629,0.4814814814814814,0.0555555555555555,-0.0802469135802468,0.0987654320987654,-0.0185185185185185,0.852271158319004,1.258061228936789,0.7499898751366857,-0.1598483818516253,0.2295739056656081,-0.2876775725226547,0.5468461358574223,0.4308936649712669,0.0222601991713107,-0.0770487819410583,0.0765565794295582,0.0004922025115001,0.8765021861131241,1.2160523594648902,1.0225643156263122,-0.1318142518183526,0.1956121621429342,0.0223584295435669,0.688,0.667,0.667,11.0,5.0,492.0,355.0,137.0
180,1,tennessee-titans,2011,1,1.078400771106991,0.91298889900778,1.1640501688893192,-2.061797952224496,0.524474248531062,1.1640501688893192,0.3434178925291091,2.3499411101908527,1164050.1688893193,-1.0688063005323567,0.8543913636517889,,0.4745762711864407,0.4915254237288136,0.0338983050847457,0.2523540489642185,-0.2862523540489642,0.0338983050847457,2.135583610212737,0.631960446559329,33898.30508474576,0.7587420701965207,-0.4589264368711095,,0.511783416796538,0.4487572554445019,0.0394593277589599,-0.1860385217215702,0.1465791939626101,0.0394593277589599,0.7334001055960665,1.4850706506393527,39459.32775895997,-0.3100619254137348,0.3954645756848129,,0.563,0.5,0.583,9.0,7.0,325.0,317.0,8.0
181,1,tennessee-titans,2019,1,1.2575057274234545,0.8314946755963877,0.4861689012514892,0.587563597278219,-0.4608928544352424,-1.2037291931946783,1.8770335433559004,0.6433782537330609,0.2876910833607031,0.6296934233970863,-0.4410212610805956,-1.24586594484603,0.4423076923076923,0.5,0.0576923076923076,-0.0633102852203976,0.0617977528089887,0.0015125324114088,0.874784594656793,1.1410230371525565,1.0269047980176722,-0.1337753395992703,0.1319272609918699,0.0265665607262527,0.5562044563603741,0.4157473377981938,0.028048205841432,0.2174696714554798,-0.1505797821033069,-0.0668898893521728,1.6420008784030238,0.7341103561491933,0.2954336754972717,0.495917343887702,-0.3090935073876427,-1.2192752634612858,0.563,0.5,0.583,9.0,7.0,402.0,331.0,71.0
182,1,tennessee-titans,2021,1,1.243387424774541,0.7995214553726441,0.6949492202668504,0.1561910875789076,-0.2201804782947226,0.3522696687318162,1.143663051991823,0.7840729186657934,2.027979753020217,0.1342371188557111,-0.2432520037070729,0.7070415409142795,0.4642857142857143,0.4821428571428571,0.0535714285714285,-0.0357142857142857,0.0610902255639098,-0.025375939849624,0.9285695714322856,1.1450865661336913,0.6785628334422049,-0.0741078183078876,0.135482311830528,-0.3877595311027619,0.5772870186453225,0.385483558840382,0.0372294225142955,0.0336888500475058,-0.0438646237564039,0.0101757737088981,1.061971857194708,0.8978322877171996,1.376082268969178,0.0601291548910412,-0.1077693959887106,0.3192673863339302,0.706,0.833,0.667,12.0,5.0,419.0,354.0,65.0
183,1,tennessee-titans,2023,1,1.4740311787343825,0.6224899103661442,0.4795046802850264,0.5732627715803289,-0.4762220002625966,0.0668911312157357,1.6364134561269432,0.5665628430723755,1.1621128759676935,0.492507608456723,-0.5681656660495495,0.1502418785821989,0.4528301886792453,0.490566037735849,0.0566037735849056,0.0884891034079274,-0.1063331870703524,0.017844083662425,1.2428709363674864,0.8218560110194689,1.4603396817267775,0.2174261831012479,-0.1961880298864627,0.3786867338869867,0.6674858167853807,0.3053724088588631,0.0271417743557562,0.3392988777447566,-0.3504478788807728,0.0111490011360162,2.03385236744717,0.4656335720838896,1.6970213334185011,0.7099332107741693,-0.7643530054884523,0.5289114003236697,0.353,0.167,0.333,6.0,11.0,305.0,367.0,-62.0
184,1,washington-commanders,2015,1,1.1787309236039365,0.9036980756901782,0.3726686470836911,0.1295545647883798,-0.087862711173353,0.2189800332064395,1.123481090875461,0.9113885666658452,2.4248134775153587,0.1164328303198542,-0.092784838471154,0.8857572882879983,0.4615384615384615,0.4807692307692308,0.0576923076923076,0.0089068825910931,-0.0455465587044534,0.0366396761133603,1.0196757436501906,0.913459802887913,2.740254453298084,0.0194868450379309,-0.09051382754119,1.00806811543848,0.5440296570479706,0.4344702286972011,0.0215001142548283,0.0691393051630344,-0.0874038696520259,0.0182645644889914,1.1455876273354129,0.8325176466006879,6.64291168384647,0.1359195551381907,-0.1832985585832209,1.89359688427492,0.563,0.667,0.667,9.0,7.0,388.0,379.0,9.0
185,2,arizona-cardinals,2012,1,0.9124598443001808,1.1301223314524262,0.6451485353949415,-0.1978357534107137,0.4034799713328013,0.5418014434632593,0.8218163022217713,1.555264099938074,6.242481339872381,-0.1962372895783884,0.4416462552581948,1.8313793039892987,0.4716981132075472,0.4716981132075472,0.0566037735849056,-0.2949685534591195,0.2716981132075471,0.0232704402515723,0.6152576060216624,2.3584787736438675,1.6980622656791995,-0.4857121073001382,0.8580189437604319,0.5295054237387472,0.4304055869340475,0.5330765714398237,0.0365178416261287,-0.4208210379776381,0.3877480994158987,0.0330729385617393,0.505629251610228,3.668055515622224,10.597466308182268,-0.6819492591940752,1.2996635653016,2.3606423285161986,0.313,0.167,0.25,5.0,11.0,250.0,357.0,-107.0
186,2,arizona-cardinals,2014,1,0.8515397198194521,1.2166986656481245,0.3591138992208211,-0.3826027668927054,0.5688411412442012,-0.6120785538000618,0.6899843729581332,1.8780314217020997,0.3697655684393285,-0.3710851551914107,0.6302249340127223,-0.9948832883370774,0.4629629629629629,0.4814814814814814,0.0555555555555555,-0.1184323858742463,0.0977605512489233,0.0206718346253229,0.7962949266690224,1.254766651438648,1.5925469395803244,-0.2277834908715656,0.2269516971079449,0.4653525832714495,0.3942313517682648,0.5858178760528007,0.0199507721789345,-0.3232933498085709,0.3372213841303649,-0.0139280343217939,0.5494316801501344,2.356491497651876,0.588869130008329,-0.5988683072267632,0.8571755663480594,-0.5295011880400086,0.688,0.5,0.667,11.0,5.0,310.0,299.0,11.0
187,2,arizona-cardinals,2015,1,1.0825481861416073,1.0074075806377936,0.2528378037175934,0.3630418064590897,-0.2682663651558976,-1.486477394297649,1.5045685655361607,0.7897055468240863,0.1453662100117909,0.4085071134320299,-0.2360941358932344,-1.9284951791097256,0.4807692307692308,0.4615384615384615,0.0576923076923076,-0.0257242757242756,-0.0189810189810189,0.0447052947052947,0.9492091712852456,0.9604969616269052,4.441965660951799,-0.0521240123483776,-0.0403022934386184,1.491114328087827,0.5204558587219266,0.4649573449097507,0.0145867963683226,0.15603054953208,-0.1480288368352696,-0.0080017126968103,1.428151166909294,0.7585107140187403,0.6457332174092028,0.3563826388855688,-0.276396204288794,-0.4373002838451054,0.813,0.667,0.833,13.0,3.0,489.0,313.0,176.0
188,2,arizona-cardinals,2017,1,0.7987270868802355,1.2319245109139538,0.7445700183817553,-0.60283204079668,0.7576214584298708,0.5072098847766361,0.5698842818853052,2.5973307722377004,3.1368657836815155,-0.5623207010087148,0.954485103361245,1.1432254864215792,0.4716981132075472,0.4716981132075472,0.0566037735849056,-0.1014726184997698,0.0692590888173032,0.0322135296824666,0.8229612297914474,1.1720954294301107,2.3206595699387647,-0.1948440678113029,0.1587952322662069,0.8418691091713855,0.3767580598491677,0.5810964674122424,0.0421454727385899,-0.4265746108924789,0.3902184097052334,0.0363562011872455,0.4689932385148757,3.044317561040143,7.278669465649618,-0.7571642732326906,1.1132784790418688,1.9849718068568707,0.5,0.5,0.417,8.0,8.0,295.0,361.0,-66.0
189,2,arizona-cardinals,2018,1,0.84734001030696,1.2004785771150592,0.6015117714831735,-0.4901928342647498,0.5630078389534123,-0.6796979227665636,0.6335092108105017,1.8831871363850925,0.4694870048953284,-0.4564795596047426,0.6329664597797243,-0.7561129968446045,0.4716981132075472,0.4716981132075472,0.0566037735849056,-0.0070252910477719,-0.0070252910477719,0.0140505820955439,0.985322889359063,0.985322889359063,1.3301574205459,-0.0147837650731913,-0.0147837650731913,0.2853149630528347,0.3996886841070566,0.5662634797712544,0.034047836121689,-0.2406195925496129,0.2610913178853596,-0.0204717253357465,0.6242119217669363,1.8555480969292515,0.6244953318808047,-0.471262848109568,0.6181818884202616,-0.470782054404318,0.188,0.333,0.25,3.0,13.0,225.0,425.0,-200.0
190,2,arizona-cardinals,2021,1,0.952828288319145,1.0985199165071668,0.5221422526695747,-0.4544910729191873,0.3804981959602994,0.2664430235372226,0.6770514479593902,1.5299236153286366,2.0420093264731123,-0.3900069654191735,0.4252187198516149,0.7139362022398832,0.4642857142857143,0.4821428571428571,0.0535714285714285,0.0286421499292786,-0.0426096181046676,0.0139674681753889,1.06574430687914,0.9187987881651124,1.352644417157038,0.0636755886012545,-0.0846860530283211,0.3020801704655517,0.4423845624338887,0.5296435311730984,0.0279719063930129,-0.1707050602838005,0.1528598560346432,0.0178452042491574,0.7215647182351281,1.4056928694843362,2.761920324639827,-0.3263309447532351,0.34053221483041,1.0159619571068712,0.647,0.667,0.583,11.0,6.0,449.0,366.0,83.0
191,2,arizona-cardinals,2022,1,0.8775527301366931,1.0919275162610047,1.4886843130909315,-0.3274842255081674,0.1522486382230253,1.3379096276651692,0.7282365887529925,1.1620207495992287,9.873503866934277,-0.3171281594986637,0.1501614308795333,2.289855463896785,0.5,0.4615384615384615,0.0384615384615384,-0.003875968992248,0.0584376863446631,-0.054561717352415,0.9923057229624882,1.1449675738008562,0.4134570937977802,-0.0077220307093256,0.1353784834449288,-0.8831755337280235,0.4387763650683465,0.5039665459666176,0.0572570889650358,-0.1684127986286761,0.1251812617962693,0.0432315368324067,0.7226341783877913,1.3304772823822026,4.082050130612094,-0.3248498831439906,0.2855397210499073,1.4066168101407122,0.235,0.167,0.25,4.0,13.0,340.0,449.0,-109.0
192,2,baltimore-ravens,2012,1,1.0028473846498964,1.0442601857144007,0.5769809949379563,0.5478871183187963,-0.3755237831751605,-0.4094304873114466,2.20424783133092,0.7355058749009964,0.5849287243630736,0.79038732828668,-0.3071957937284361,-0.5362635447109805,0.4642857142857143,0.4821428571428571,0.0535714285714285,0.0387537993920972,-0.071048632218845,0.0322948328267477,1.091068864559597,0.8715643585457474,2.517738809133113,0.087159979288996,-0.1374634946609943,0.9233798672399308,0.4656077143017377,0.5034825895408718,0.0309096961573905,0.2720076009693546,-0.2819298187810132,0.0099222178116585,2.404984693979324,0.6410415001911072,1.472698289424875,0.8775456870161432,-0.4446590951053288,0.3871286410105102,0.625,0.667,0.667,10.0,6.0,398.0,344.0,54.0
193,2,baltimore-ravens,2019,1,0.8202220807673558,1.1632744599309,1.25187962056905,-0.2482238168729599,0.1696579750723925,1.250374871233659,0.7676769735387236,1.1707467689103237,831.399749709414,-0.2643850225047496,0.1576426688737184,6.723111524569889,0.490566037735849,0.4528301886792453,0.0566037735849056,0.0563555114200595,-0.086643495531281,0.0302879841112214,1.1297858486121222,0.8393909889245728,2.150861663483203,0.1220301387210207,-0.1750764549480767,0.7658862020749683,0.4023730962254953,0.5267657931762566,0.0708611105982481,-0.0615573593288523,-0.0092641526026749,0.0708215119315273,0.8673115207174371,0.9827152654606324,1745.4048697102676,-0.1423545726990324,-0.017433961157005,7.464755936764106,0.875,0.833,0.833,14.0,2.0,531.0,282.0,249.0
194,2,baltimore-ravens,2021,1,0.8395815702193264,1.1479598044729489,1.161447562593841,0.0441663026886576,-0.1276138414895078,1.1531968494950882,1.0555247667058238,0.8999550187882428,140.7522957589734,0.0540392435297034,-0.1054096249207384,4.947002438779507,0.4821428571428571,0.4642857142857143,0.0535714285714285,0.0050786369593708,-0.0219528178243774,0.0168741808650065,1.0106434859313742,0.9548497882738856,1.4597816495214788,0.01058931683717,-0.0461990867944697,0.3783055359059344,0.4047982570700323,0.5329813377910119,0.0622204051389557,0.0253340927434747,-0.0872517194200909,0.0619176266766162,1.0667599957124754,0.8593229146228686,204.82164752486145,0.0646284836537831,-0.1516086321662689,5.322155660153173,0.471,0.167,0.417,8.0,9.0,387.0,392.0,-5.0
195,2,buffalo-bills,2011,1,0.8119118469186377,1.207537172927256,0.7666117618492779,0.1393601049011673,-0.3607163917007374,0.2603213392916047,1.2072091840457433,0.7699879854733257,1.514170945216736,0.1883124678277133,-0.2613795394060223,0.4148693627362177,0.48,0.48,0.04,-0.0328205128205127,0.0953846153846153,-0.0625641025641025,0.9359981748035592,1.2479967552084363,0.389996197537074,-0.0661396691714806,0.221541753281779,-0.9415932901234088,0.389717686520946,0.5796178430050828,0.0306644704739711,0.0448193572812176,-0.0235566049287607,-0.0212627523524569,1.129946200185463,0.9609440254747494,0.5905164630121894,0.122172587092214,-0.0398373925590946,-0.5267251534504364,0.375,0.167,0.333,6.0,10.0,372.0,434.0,-62.0
196,2,buffalo-bills,2014,1,0.8491695915630514,1.245947360204952,0.4670058915012178,-0.5490963424700287,0.6268656540613444,-0.82680930645637,0.6073014893613738,2.0125701264798885,0.3609522683658089,-0.498728746030196,0.6994133777611417,-1.0190074086861798,0.4716981132075472,0.4528301886792453,0.0754716981132075,0.0079299972655181,-0.0544161881323489,0.0464861908668307,1.0170968634886617,0.892720612032734,2.6036837578160155,0.0169544768636891,-0.1134794031920639,0.9569405221124136,0.4005516941335147,0.5642025782060159,0.0352457276604692,-0.2479194636789281,0.2501756258143309,-0.0022561621354028,0.6176852611293853,1.7966635578424233,0.939813647756518,-0.481773740899572,0.585933138333864,-0.0620452986085803,0.563,0.667,0.417,9.0,7.0,343.0,289.0,54.0
197,2,buffalo-bills,2016,1,0.9492087949132872,1.0966943181821012,0.6666358986280359,0.0708413474982131,-0.1685382691807071,0.5786793238859922,1.080649922827587,0.8667919735422119,7.579061844111806,0.0775636940432661,-0.1429553574049613,2.0253909247950146,0.490566037735849,0.4528301886792453,0.0566037735849056,0.0097968069666182,0.0009071117561683,-0.0107039187227866,1.0203752361100749,1.0020050088110766,0.8409578561733068,0.0201724766442108,0.0020052097945235,-0.1731960653198307,0.4656495975046315,0.4966162950258571,0.0377341074695114,0.0433575554781535,-0.0751715088784889,0.0318139534003354,1.1026693579181328,0.8685309884258166,6.372762307595635,0.0977360767010629,-0.1409499999143185,1.85205951972456,0.438,0.167,0.333,7.0,9.0,399.0,378.0,21.0
198,2,buffalo-bills,2018,1,0.842904741769937,1.215771620340046,0.6353192752735105,-0.5076140447196872,0.5029176186006284,0.3593438220685009,0.6241335744964392,1.7054963735591049,2.302077832711193,-0.471389685454657,0.5338570190756134,0.8338136946470441,0.490566037735849,0.4528301886792453,0.0566037735849056,-0.0031048483401003,0.009792213995701,-0.0066873656556006,0.9937086789268318,1.0221001188500285,0.894325492298731,-0.0063091563727779,0.0218616589640168,-0.1116678182156593,0.413500439358837,0.5505380922294548,0.0359614684117081,-0.2532113666297116,0.2347166990537635,0.018494667575948,0.6202077350917709,1.7431889065674702,2.058729015165308,-0.4776983820881052,0.5557179571987767,0.7221166166139105,0.375,0.333,0.333,6.0,10.0,269.0,374.0,-105.0
199,2,buffalo-bills,2019,1,0.9432027865992844,1.0933967814957364,0.7450682641736426,-0.372109058627722,0.4963283725530514,0.743158308185484,0.7170938761998478,1.8312724871166457,389.89294823665546,-0.3325474575871374,0.6050119879426403,5.965873551901064,0.490566037735849,0.4528301886792453,0.0566037735849056,-0.0967355495657382,0.0718778077268643,0.0248577418388739,0.8352866960620713,1.188676125008191,1.7829627045993337,-0.179978226025124,0.1728423961737512,0.5782940879543028,0.4627032538034226,0.4951230708659938,0.0421736753305835,-0.309781480694978,0.2676684388878281,0.0421130418071499,0.5989796744969931,2.17678967348464,684.2652014859201,-0.512525452624693,0.7778531842763037,6.52836927514139,0.625,0.5,0.583,10.0,6.0,314.0,259.0,55.0
200,2,buffalo-bills,2020,1,1.0156994202877467,1.0801860708152362,0.2061873809043921,-0.3165645877923357,0.5150089926570246,-1.2752274477048011,0.7623854219150167,1.9112313668203835,0.1391826500854714,-0.2713020635898927,0.6477486547685616,-1.9719633290950584,0.4615384615384615,0.4807692307692308,0.0576923076923076,-0.0659340659340659,0.0412087912087912,0.0247252747252747,0.8749983411489782,1.0937475117244109,1.7499469182768124,-0.1335311217917395,0.0896119636901117,0.5596027882452485,0.4687843478251138,0.519320226353479,0.0118954258214072,-0.2339483157775669,0.2708907414487705,-0.0369424256712035,0.6670867956172941,2.090404591661434,0.2435648148525153,-0.4048329799959652,0.7373595573609706,-1.4122881293928984,0.813,1.0,0.833,13.0,3.0,501.0,375.0,126.0
201,2,carolina-panthers,2015,1,1.0692052930295668,0.9671422865608862,0.6971035034128905,-0.2506534801115401,0.2603478504064723,0.6433228257961658,0.8100900677387776,1.368348233575173,12.96172849758985,-0.2106089074844522,0.3136053774867828,2.562002488264701,0.4716981132075472,0.4716981132075472,0.0566037735849056,-0.0349685534591195,0.0050314465408805,0.0299371069182389,0.9309812807097364,1.0107795052029471,2.122561913362211,-0.0715139885585066,0.0107239405058815,0.7526414753060734,0.5043421193535693,0.456199191774003,0.0394586888724277,-0.1643863257045915,0.1263617882352765,0.0380245374693151,0.7541796208924306,1.383099077850225,27.494443294865583,-0.2821227325706549,0.3243288819440721,3.3140092648898984,0.938,0.833,0.917,15.0,1.0,500.0,308.0,192.0
202,2,carolina-panthers,2018,1,1.004442458563635,1.0776239185545808,0.3161135240148717,-0.1538153043604235,0.3771599545120976,-1.4335248868362611,0.8672003965917687,1.538440855536099,0.1806735273876201,-0.1424841953957094,0.4307704000676424,-1.7110604290459008,0.4716981132075472,0.4716981132075472,0.0566037735849056,-0.0751768867924528,0.0654481132075471,0.0097287735849056,0.8625321155207892,1.161100189802726,1.2075214093545878,-0.147880775385667,0.1493701151165895,0.1885875032123819,0.4737936125300164,0.5083131691295192,0.0178932183404644,-0.1596286015690778,0.2237496837372603,-0.0641210821681824,0.7479890253215363,1.7862846392403229,0.2181692712151674,-0.2903648625239122,0.5801398095200653,-1.5224281584947883,0.438,0.333,0.417,7.0,9.0,376.0,382.0,-6.0
203,2,chicago-bears,2011,1,0.9210533815127993,1.0578025313561286,1.1710292737276071,0.1145831818544388,-0.1679822357091176,1.1710292737276071,1.142078454758184,0.862958732086358,1171029.2737276072,0.132850894024922,-0.1473874628216575,,0.4655172413793103,0.4827586206896552,0.0517241379310344,-0.0729442970822281,0.0212201591511936,0.0517241379310344,0.8645304141479501,1.0459747452156385,51724.137931034486,-0.1455666451311586,0.0449512926243729,,0.4287662293249238,0.5106632909995104,0.0605704796755658,-0.005486955106501,-0.0550835245690648,0.0605704796755658,0.9873623437533792,0.9026341365300632,60570.47967556588,-0.0127158583840079,-0.102436013849396,,0.5,0.5,0.583,8.0,8.0,353.0,341.0,12.0
204,2,chicago-bears,2012,1,1.04408217827179,1.0101360578565923,0.4973418154206302,-0.0215647812878425,0.360422102937354,-4.356311462755915,0.9797627527042286,1.5547372739513985,0.1024674991082131,-0.0204438679245721,0.4413075656634784,-2.278207601868304,0.4827586206896552,0.4655172413793103,0.0517241379310344,-0.0333704115684093,0.0139043381535038,0.0194660734149054,0.9353430153591148,1.03078589488542,1.6033985705063831,-0.0668398841975475,0.0303236641903755,0.4721448162337735,0.5040396722691399,0.4702357510711723,0.0257245766596877,-0.0459716616971219,0.1768165456237744,-0.1308448839266524,0.9164152167904984,1.6026018056737834,0.1643003192514852,-0.0872837396061846,0.4716305636670191,-1.806020438263758,0.625,0.5,0.583,10.0,6.0,375.0,277.0,98.0
205,2,chicago-bears,2018,1,1.0019775373055133,1.0364927592246274,0.690919269555197,-0.085887553485803,0.1243578500159438,0.690919269555197,0.9210485976051268,1.1363358779765929,690919.269555197,-0.0822414799637009,0.127809908622543,,0.490566037735849,0.4528301886792453,0.0566037735849056,-0.0094339622641509,-0.0471698113207547,0.0566037735849056,0.9811301132114716,0.9056585660413584,56603.77358490566,-0.0190481565092337,-0.0990906943113359,,0.4915361503762896,0.4693552117243596,0.0391086378993507,-0.0523963950193685,0.0132877571200177,0.0391086378993507,0.9036694914977994,1.029133251786828,39108.637899350775,-0.1012895577543336,0.0287190754396832,,0.75,0.833,0.833,12.0,4.0,421.0,283.0,138.0
206,2,chicago-bears,2020,1,0.927175965578466,1.1463140229909812,0.3875834285879416,-0.4172330528885213,0.4968818597917227,-0.3695472540814737,0.689652675034148,1.7650993018957828,0.5119101966799761,-0.3715660990961871,0.5682078228608846,-0.6696034863495823,0.4716981132075472,0.4716981132075472,0.0566037735849056,-0.0231472476171951,0.0283991441353822,-0.0052518965181871,0.9532213441387852,1.064060785284556,0.9150795458366504,-0.0479060219219678,0.0620946383122429,-0.0887266156340588,0.437347153574748,0.5407141617881986,0.0219386846370533,-0.2279274122645859,0.2528215533596613,-0.0248941410950754,0.657392479194657,1.8781735542503997,0.4684367397729585,-0.4194717715341347,0.6303016403242188,-0.7583086330408141,0.5,0.333,0.5,8.0,8.0,372.0,370.0,2.0
207,2,chicago-bears,2021,1,1.0422669816220218,1.0177773974329711,0.4996301745417245,0.3079173930274526,-0.2504909867416267,0.4170081561396989,1.419304345648794,0.8024930745256069,6.047106293195835,0.3501678135903983,-0.2200310713572012,1.7995818604545435,0.4716981132075472,0.4716981132075472,0.0566037735849056,-0.0060796645702306,-0.0394129979035638,0.0454926624737945,0.9872730542814968,0.9228858071512304,5.09388117333591,-0.0128065070705311,-0.0802476513648234,1.628057716006623,0.491635368689633,0.4800836780344203,0.0282809532759466,0.1407794541388943,-0.1681423849881519,0.0273629308492574,1.401241783475058,0.7406103592711356,30.772865225748934,0.3373608657018264,-0.300278539958719,3.4266686613695656,0.353,0.333,0.333,6.0,11.0,311.0,407.0,-96.0
208,2,cincinnati-bengals,2013,1,0.9461323837428888,1.1125724276223388,0.548317381163882,0.5196126174137501,-0.2600373606871964,-0.9980632644475248,2.2182563158314657,0.810552005782024,0.3545808906358875,0.7967225008767965,-0.2100388759863084,-1.036816952950257,0.4807692307692308,0.4615384615384615,0.0576923076923076,0.0772604588394062,-0.0823211875843454,0.0050607287449392,1.1914686191362986,0.8486336753410585,1.0961330196264734,0.175188759932212,-0.1641254969277455,0.0918058826167335,0.4548713383379273,0.5134949665949257,0.031633695067147,0.2827668712226608,-0.2330121112576285,-0.0497547599650322,2.6429801793180707,0.6878625721935565,0.3886706828868664,0.9719093347033496,-0.3741642632832316,-0.9449912561028074,0.688,0.5,0.667,11.0,5.0,430.0,305.0,125.0
209,2,cincinnati-bengals,2014,1,0.8634486108188637,1.1823699587800254,0.7092128461300127,0.0644316712696787,-0.1447146763240152,0.7021586363573215,1.0806373274998446,0.8909522697737062,100.52328264925303,0.0775521432861957,-0.1154635764651455,4.610390778832926,0.4909090909090909,0.4545454545454545,0.0545454545454545,-0.091180461329715,0.0515603799185888,0.0396200814111261,0.8433551945156681,1.127943328975645,3.6543006164041554,-0.1703650268791023,0.1203981115415442,1.2959230582362844,0.4238747725838059,0.5374408903545571,0.038684337061637,-0.0412246399896003,0.0026455896409885,0.0385790503486118,0.9113618503120684,1.0049450410136718,363.9621168118149,-0.0928129001804256,0.0049347151251997,5.897075637449246,0.656,0.5,0.583,10.0,5.0,365.0,344.0,21.0
210,2,cincinnati-bengals,2015,1,0.9441241783130376,1.0929835719548993,0.7403885456478149,0.5790544782344225,-0.806067313801895,0.7357196204911488,2.5861406519606427,0.5755417111835955,158.54398535508685,0.9501677278287024,-0.5524426603558277,5.0660334155865225,0.490566037735849,0.4528301886792453,0.0566037735849056,-0.0730703259005145,0.0346483704974271,0.0384219554030874,0.8703575550260055,1.08285220958639,3.113036330171652,-0.1388491305158288,0.0796007031285513,1.1356162283715163,0.463155257285641,0.4949359571116524,0.0419087856027065,0.2573886990595126,-0.2992125951139161,0.0418238960544034,2.2508662749288018,0.6232276473928828,487.9381302001016,0.8113173122989221,-0.4728414013524797,6.190212476499259,0.75,0.833,0.75,12.0,4.0,419.0,279.0,140.0
211,2,cincinnati-bengals,2017,1,0.9466213162244644,1.0961967033819506,0.6752487377405259,-0.1230959048889283,0.0185786954160158,0.6289773333298823,0.8849258594839999,1.0172395765838265,14.592903618062357,-0.1222503556897682,0.0170935734305171,2.6805368379292567,0.4807692307692308,0.4615384615384615,0.0576923076923076,-0.0192307692307692,0.032967032967033,-0.0137362637362637,0.9615365384653846,1.0769205641084276,0.8076810001583056,-0.0392206331534446,0.0741078054874302,-0.213570767016947,0.4551064020309925,0.5059369400224387,0.0389566579465687,-0.0797522085257037,0.0441006508941809,0.0356515576315228,0.850889454070584,1.0954874193407411,11.783265549831654,-0.1614708627703637,0.0912013725736706,2.466706020392041,0.438,0.5,0.5,7.0,9.0,290.0,349.0,-59.0
212,2,cincinnati-bengals,2018,1,0.7652956215807039,1.2654230967475926,0.7440106805975295,-0.4872002081377551,0.5249567677304914,0.5639722853314828,0.6110160149089798,1.7089519647373494,4.132488222914183,-0.4926308024899742,0.5358810867537994,1.4188810449052782,0.4716981132075472,0.4716981132075472,0.0566037735849056,-0.0537256156060121,0.0140709945634793,0.0396546210425327,0.8977463132971869,1.0307454764911916,3.339425615398125,-0.1078656324895905,0.0302844240324243,1.2058164872727517,0.360988500745615,0.5968976871450908,0.0421138121092941,-0.2971025284284904,0.2580402145440446,0.0390623138844458,0.5485380231677468,1.76149553695193,13.796506666727954,-0.6004959094094917,0.5661648604601386,2.6244391649225443,0.375,0.167,0.333,6.0,10.0,368.0,455.0,-87.0
213,2,cincinnati-bengals,2022,1,0.9828690181528896,1.1108309347297756,0.1822234144011991,0.0635305012279291,-0.014899858299028,-0.7048137639383059,1.0691034161573134,0.986763402800469,0.2054290546347318,0.0668213858193326,-0.0133240815326299,-1.582649049819548,0.4629629629629629,0.4814814814814814,0.0555555555555555,-0.0159102764736567,0.0730307772561293,-0.0571205007824726,0.9667735802778288,1.178796603125047,0.4930511797263354,-0.0337887975063661,0.164496167160104,-0.7071242976573008,0.4550319528485599,0.5348445241291512,0.0101235230222888,0.0147853391098465,0.0750389889483722,-0.0898243280582187,1.033581872220257,1.1631946986548811,0.101287037448129,0.0330325130512567,0.1511721399346716,-2.289698062964747,0.75,0.5,0.727,12.0,4.0,418.0,322.0,96.0
214,2,cincinnati-bengals,2023,1,1.0371039005366205,1.050178868674989,0.2770019126160472,0.0001647475753445,0.0623064847180674,0.267794474847818,1.000157914200619,1.0630703142021127,30.0813145061104,0.0001588659565646,0.0611621963350883,3.4039078085397843,0.490566037735849,0.4528301886792453,0.0566037735849056,-0.045665846322122,0.0035548263604047,0.0421110199617172,0.914837661620944,1.0079101120345224,3.905390905386019,-0.0890066099812702,0.0078811994348573,1.3623755486042508,0.5087679512066439,0.4755526952490516,0.0156793535443045,-0.0472718844392575,0.0317259720220288,0.0155459124172287,0.914983070651016,1.0714803748431037,116.62616853446951,-0.0888477503678474,0.0690433229858735,4.759037454811388,0.529,0.167,0.333,9.0,8.0,366.0,384.0,-18.0
215,2,cleveland-browns,2012,1,0.917486239219228,1.119297957760999,0.8135919909690471,0.3397580828527405,-0.1622166046613424,0.8135919909690471,1.5880905941974175,0.8734173743823165,813591.9909690472,0.4625335003744134,-0.1353408518994159,,0.4918032786885246,0.4426229508196721,0.0655737704918032,0.0918032786885245,-0.1573770491803278,0.0655737704918032,1.229505122958504,0.7377036885266394,65573.77049180328,0.2066137826973901,-0.3042107818115622,,0.4512227405996203,0.4954269649106061,0.0533502944897735,0.2201314780530252,-0.2734817725427988,0.0533502944897735,1.9525653331151247,0.6443239573885985,53350.29448977358,0.6691462796323403,-0.4395516214774608,,0.313,0.333,0.417,5.0,11.0,302.0,368.0,-66.0
216,2,cleveland-browns,2013,1,0.8566918735999516,1.2203012087436518,0.4318247167178548,0.1661855312128846,-0.2866660666683993,0.0005562045365847,1.240670186993796,0.8097723280936251,1.0012873725614793,0.2156528742760528,-0.2110013277831842,0.0012888603596838,0.4807692307692308,0.4615384615384615,0.0576923076923076,-0.0955019556714472,0.0717079530638852,0.0237940026075619,0.834274570387793,1.183943451221983,1.7018728716733629,-0.1811906297184438,0.1688529411933063,0.5317466670506857,0.4118710930768998,0.5632159424970701,0.02491296442603,0.0139521839046917,-0.0242458767313566,0.010293692826665,1.0350602811850111,0.9587261083804376,1.7040014788173965,0.0344620956533006,-0.0421480706458652,0.5330194351951786,0.25,0.333,0.25,4.0,12.0,308.0,406.0,-98.0
217,2,cleveland-browns,2014,1,0.7864087664223571,1.376430956426746,0.1831550880886134,-0.5073129725893728,0.7179620905382085,-0.2657685482987639,0.6078649951094559,2.0903476798735405,0.4079862703961045,-0.4978011975869985,0.7373311326642857,-0.8965162962952476,0.4909090909090909,0.4363636363636363,0.0727272727272727,-0.0590909090909091,0.0238636363636363,0.0352272727272727,0.892560360634055,1.0578486751877847,1.93934222360131,-0.1136590996177246,0.0562395857474311,0.6623626054875438,0.3860552126073389,0.6006244173498528,0.0133203700428082,-0.3254917438491126,0.329006010170831,-0.0035142663217184,0.5425568425913488,2.2112721016064474,0.7912008643091623,-0.6114598297865184,0.7935696264480758,-0.2341283360997096,0.438,0.333,0.333,7.0,9.0,299.0,337.0,-38.0
218,2,cleveland-browns,2016,1,0.9651951457782448,1.0844373230229982,0.6095993294708137,0.1347116052373138,-0.1454701390495092,0.333237230478469,1.162207240064422,0.8817219788825771,2.205791336446476,0.1503220263188915,-0.1258775672162106,0.7910879676783739,0.4909090909090909,0.4545454545454545,0.0545454545454545,-0.0271631982475356,-0.0032858707557502,0.0304490690032858,0.9475668813349626,0.9928207979775394,2.2635424266256585,-0.0538557203208394,-0.0072028965046189,0.8169493646986722,0.4738230715638655,0.4929260559195446,0.0332508725165898,0.0435725626089254,-0.0701641074389527,0.0265915448300273,1.1012699820966547,0.8753929878415061,4.992377865082344,0.0964661535170084,-0.1330803357912357,1.6079423962761017,0.063,0.0,0.083,1.0,15.0,264.0,452.0,-188.0
219,2,dallas-cowboys,2011,1,0.9484232059919676,1.1787432050046518,0.4701399541807519,-0.526412614160003,0.8909969352326076,0.4701399541807519,0.6430699268100996,4.096453133815873,470139.954180752,-0.4415007554053245,1.4101223583521956,,0.4464285714285714,0.4464285714285714,0.1071428571428571,-0.1535714285714285,0.0464285714285714,0.1071428571428571,0.7440463789703208,1.1160686383998326,107142.85714285714,-0.2956496687687444,0.1098146060078228,,0.4234032169606998,0.5262246450913625,0.0503721379479377,-0.4614982751304824,0.4111261371825447,0.0503721379479377,0.4784744316406235,4.57191046818584,50372.137947937714,-0.7371501421026092,1.5199330634315864,,0.5,0.333,0.5,8.0,8.0,369.0,347.0,22.0
220,2,dallas-cowboys,2015,1,0.8212074041056834,1.2021926959711042,0.9993918286389456,-0.4550191955276417,0.4934561258677533,0.9970856550908144,0.6434646957499006,1.6962451924141622,433.16716657414713,-0.4408868985920644,0.528417929732307,6.071124720097333,0.5,0.4423076923076923,0.0576923076923076,-0.0350877192982456,-0.0050607287449392,0.0401484480431848,0.9344244832067036,0.9886855728023848,3.288274106837449,-0.0678224651914738,-0.0113766614067179,1.1903801727287835,0.4106037020528417,0.5317390770641423,0.057657220883016,-0.2722894784527095,0.2146727167547484,0.0576167616979611,0.6012698801282345,1.6770539753611728,1390.6983653106774,-0.5087089580110681,0.5170405486085446,7.237578664771322,0.25,0.5,0.25,4.0,12.0,275.0,374.0,-99.0
221,2,dallas-cowboys,2020,1,1.006053772604354,1.0559075039831316,0.4856739526390698,-0.5161559712912243,0.528692913505173,-0.5444619361701037,0.6609162211204102,2.0028002264232665,0.4714654507717934,-0.4141271988386726,0.6945472615792064,-0.7519073957403497,0.4615384615384615,0.4807692307692308,0.0576923076923076,0.0015384615384615,-0.0292307692307692,0.0276923076923076,1.0033423004264372,0.9426829178163,1.9230128226495016,0.0033388940191535,-0.0590232212340157,0.6539104678119868,0.4643325104327788,0.5076478384534288,0.0280196511137924,-0.2358839717591871,0.2387683973096698,-0.0028844255504827,0.6631261318686715,1.8880058225656184,0.906635871451562,-0.4107879091178211,0.6355231215721523,-0.0979786856465638,0.375,0.333,0.417,6.0,10.0,395.0,473.0,-78.0
222,2,dallas-cowboys,2024,1,1.0474710371183509,0.9449495361218976,1.0631618896645971,-0.6566034874820634,0.3720111330106734,1.0631618896645971,0.6146858058793905,1.6493010098285306,1063161.889664597,-0.486643071790777,0.5003526260058373,,0.4716981132075472,0.4716981132075472,0.0566037735849056,0.0941470927993839,-0.1507508663842895,0.0566037735849056,1.2493592610035689,0.7578088660503401,56603.77358490566,0.2226329486950383,-0.2773219607449942,,0.4940901118482786,0.445730913265046,0.0601789748866753,-0.1492849637661634,0.0891059888794881,0.0601789748866753,0.7679646952622675,1.2498556128049578,60178.97488667533,-0.2640094926814327,0.2230302783899423,,0.412,0.5,0.417,7.0,10.0,350.0,468.0,-118.0
223,2,denver-broncos,2012,1,0.9354044954446972,1.1601627788112006,0.3788127173366641,0.213439497946049,-0.0672714688065594,-0.0155931202106525,1.2956351111901896,0.9451926535944576,0.960461841108975,0.2590020773355235,-0.0563656440811308,-0.0403383858923688,0.4642857142857143,0.4642857142857143,0.0714285714285714,0.0588803088803088,-0.1032818532818532,0.0444015444015443,1.1452352703244284,0.8180257696008549,2.6427593607607944,0.135612246008557,-0.2008592858522412,0.9718375836154496,0.4342949443136094,0.5386470044480575,0.0270580512383331,0.1416064318141574,-0.158004865821482,0.0163984340073245,1.4838076725226792,0.7731928302249749,2.538131765919646,0.3946138382003218,-0.257224948048846,0.931465242064204,0.813,1.0,0.833,13.0,3.0,481.0,289.0,192.0
224,2,denver-broncos,2016,1,0.8481623347589174,1.247735363075139,0.2008525180495294,-0.2662439035874208,0.3815641268042731,-0.7160039456287619,0.7610883217319193,1.4405164594596311,0.2190662409440829,-0.2730046887415113,0.3650025031417088,-1.5183761460710608,0.4716981132075472,0.4716981132075472,0.0566037735849056,-0.0560796645702306,0.0550314465408804,0.0010482180293501,0.8937421000397945,1.132072754723502,1.0188495852357675,-0.1123359041315459,0.1240523686706116,0.0186917996847637,0.4000765729994893,0.588554416544877,0.0113690104556337,-0.1880822750166336,0.2276497347653494,-0.0395674597487157,0.6802174176781313,1.630770714506005,0.2231954278456283,-0.3853403005173381,0.489054433131397,-1.4996195787127993,0.563,0.333,0.5,9.0,7.0,333.0,297.0,36.0
225,2,denver-broncos,2017,1,0.823228777121504,1.255732374812165,0.4861582664496465,-0.2158786616150302,0.2644998267293459,0.4826480106389358,0.7922453003292697,1.2668380496613767,138.45709132518175,-0.2328829977554781,0.2365248676236463,4.930562524641105,0.490566037735849,0.4528301886792453,0.0566037735849056,0.0248126130783148,-0.0677177565262341,0.0429051434479193,1.0532718784079371,0.8699089544797692,4.131773852206902,0.0519034324045321,-0.1393645145020623,1.4187244854393624,0.4038480793426246,0.5686335282168293,0.027518392440546,-0.0801197688360351,0.0526494620915262,0.0274703067445089,0.834450566110697,1.1020348563319484,560.6193792124008,-0.1809792991936024,0.0971600988961399,6.3290785455035214,0.313,0.333,0.333,5.0,11.0,289.0,382.0,-93.0
226,2,denver-broncos,2019,1,0.8014473854730422,1.2172135107190374,0.9168970353056832,-0.0037063967950343,-0.0286917154031094,0.5442748384009222,0.9953954234928708,0.9769704053150012,2.460654738948079,-0.0046139624828349,-0.0232980972368281,0.900428559209909,0.4807692307692308,0.4615384615384615,0.0576923076923076,-0.0541144901610017,0.0080500894454383,0.0460644007155635,0.8988277510210274,1.0177492350223971,4.961111805923153,-0.1066617835144467,0.0175957234289254,1.601647203221091,0.3853112430158857,0.5617908511010942,0.0528979058830201,-0.0453524079647133,-0.0032126816752281,0.0485650896399415,0.8946897362914598,0.9943121134631668,12.205848821463428,-0.1112756888692881,-0.0057023441443072,2.501934152614901,0.438,0.5,0.5,7.0,9.0,282.0,316.0,-34.0
227,2,denver-broncos,2020,1,0.994484584221835,0.982766461428242,1.1895746195826922,0.4694049730755413,-0.5458006739853795,1.159166222753934,1.8939655418827863,0.642932715042049,39.11865224691724,0.6386738068401822,-0.4417141849209903,3.6666002334434986,0.4716981132075472,0.4716981132075472,0.0566037735849056,-0.0229255427064313,-0.0121728545343883,0.0350983972408196,0.9536486051952524,0.9748407526247088,2.63195308587962,-0.0474578937590941,-0.0254790319677632,0.9677438553010028,0.4690965019914316,0.4635690855793594,0.067334412429209,0.2093797050803615,-0.2760601734917478,0.0666804684113862,1.8061777343354528,0.6267578697517733,102.8094166781621,0.59121499516108,-0.4671928284043288,4.632891801890373,0.313,0.167,0.333,5.0,11.0,323.0,446.0,-123.0
228,2,denver-broncos,2022,1,0.9599989818271856,1.0476444516121062,0.9655198779342088,-0.0818128490490266,0.0445291911744594,0.6959134730811205,0.9214697240960092,1.0443898608073927,3.5812068235304206,-0.0817843157680897,0.0434338041668493,1.2757008808623804,0.490566037735849,0.4528301886792453,0.0566037735849056,-0.050417568821528,0.026600680482524,0.023816888339004,0.9068022117258144,1.062406796254592,1.7263624402851938,-0.0978288828474881,0.0605391051274541,0.5460342257050822,0.4709428967454118,0.4744050346922744,0.0546520685623137,-0.0926602248761456,0.0468477105713102,0.0458125143048354,0.8355916478936526,1.1095680002666874,6.181973094739281,-0.1796131212925379,0.1039728585228466,1.821655788908556,0.294,0.167,0.25,5.0,12.0,287.0,359.0,-72.0
229,2,green-bay-packers,2012,1,1.0166643762510692,1.0137247096272397,0.7320530191789103,0.3825927328995683,-0.413191706462676,0.7320530191789103,1.6033878561253063,0.7104298386132817,732053.0191789103,0.4721197843790217,-0.3418840991731584,,0.4642857142857143,0.4821428571428571,0.0535714285714285,-0.0741758241758241,0.0206043956043955,0.0535714285714285,0.8622432966502042,1.044640593754904,53571.42857142857,-0.1482156476047421,0.0436749709102652,,0.4720227461165678,0.4887601278559905,0.0392171260274416,0.1305995535426827,-0.1698166795701243,0.0392171260274416,1.382511129507675,0.742144849621013,39217.12602744164,0.3239036231984779,-0.2982087937527746,,0.688,0.833,0.667,11.0,5.0,433.0,336.0,97.0
230,2,green-bay-packers,2015,1,0.8971267704015439,1.1466206204611105,0.6843119496315853,-0.0471390225240782,0.1757255399650171,-2.9989595494361847,0.9500776444991524,1.1809921200580271,0.1857891181835673,-0.0512104520065641,0.1663557370581639,-1.6831415603618425,0.4807692307692308,0.4615384615384615,0.0576923076923076,-0.043040293040293,0.0012210012210012,0.0418192918192918,0.9178304156104652,1.0026503417224673,3.634386418271034,-0.0857405578794242,0.002649002424463,1.2904576316457446,0.4313109473084345,0.5292095171358971,0.0394795355556683,-0.0633044680335579,0.0822895594472192,-0.0189850914136613,0.8720109845327582,1.1841232952528955,0.6752606206785199,-0.1369509397010385,0.1690045551533065,-0.3926312286620928,0.625,0.5,0.583,10.0,6.0,368.0,323.0,45.0
231,2,green-bay-packers,2016,1,1.0779752796837323,0.9913029200235568,0.4457744023416854,0.6754375853157304,-0.8559891213537126,-0.8263434985161398,2.6779420084724683,0.53662461657111,0.3504188185877023,0.9850495199091728,-0.6224554581840389,-1.0486239720622257,0.4705882352941176,0.4705882352941176,0.0588235294117647,-0.1104928457869633,0.0651828298887122,0.0453100158982511,0.809848127511704,1.160781450464579,4.352619082658472,-0.2109064207967824,0.1490955674997519,1.4707947517413202,0.5072824845570506,0.4664954917757914,0.0262220236671579,0.2733754459378061,-0.2824066871609395,0.0090312412231333,2.168726169273751,0.6229049427165031,1.525264977761043,0.7741419477078423,-0.4733592081043465,0.4222062860292777,0.625,0.833,0.667,10.0,6.0,432.0,388.0,44.0
232,2,green-bay-packers,2017,1,0.9997465102836084,1.0405115478862983,0.6781045277850056,-0.2934737608811369,0.3395032454500398,0.2310707970003219,0.7730668622417434,1.4843049076098531,1.5168945074910023,-0.2573887368037365,0.3949475480547205,0.4166666324292993,0.490566037735849,0.4528301886792453,0.0566037735849056,-0.0436805376066167,0.0555699147066425,-0.0118893771000258,0.9182372749588694,1.139880019391155,0.8264030288554014,-0.0852974138455543,0.1309252190504249,-0.1906550295525293,0.490441684290072,0.4711750405522861,0.0383832751576418,-0.2004568167431482,0.1926922902693888,0.0077645264737593,0.7098596591206545,1.6919301039060402,1.2535463812557652,-0.3426859527187491,0.5258720729338126,0.226002692006861,0.438,0.333,0.417,7.0,9.0,320.0,384.0,-64.0
233,2,green-bay-packers,2020,1,1.0638246529466449,0.988783196694889,0.5828761373027658,-0.4500361954167535,0.5699259388079533,0.5026587708900171,0.7027224142656885,2.36066301207268,7.266118264035507,-0.3527923839416687,0.8589435282444877,1.9832239256559605,0.4615384615384615,0.4807692307692308,0.0576923076923076,-0.0784615384615384,0.0507692307692307,0.0276923076923076,0.8546992719244252,1.118065378381052,1.9230128226495016,-0.1570034339954826,0.111601931000448,0.6539104678119868,0.4909959936676822,0.4753765368725428,0.0336274694597749,-0.3264888644485529,0.2952679159811604,0.0312209484673924,0.6006171101223741,2.63937336895082,13.96767445275628,-0.5097955987820302,0.9705436323313272,2.6367754293295893,0.813,0.833,0.833,13.0,3.0,509.0,369.0,140.0
234,2,green-bay-packers,2023,1,0.7820178867806458,1.2902176303665078,0.3980373571070516,-0.7999867339403195,0.762491052415427,-0.0834268380301743,0.4943205488892371,2.4448554221399967,0.8267209366891081,-0.704569809095184,0.8939867641921262,-0.1902855691014936,0.4716981132075472,0.4716981132075472,0.0566037735849056,0.0222599109603561,-0.0451558193767225,0.0228959084163663,1.0495259666915169,0.9126315402448828,1.6791954668866838,0.0483407219345105,-0.0914209302238606,0.5183324564640113,0.3688763616889839,0.6085932218709943,0.0225304164400217,-0.3421369509945959,0.335835664727739,0.0063012862668568,0.5188030045369053,2.231252534274684,1.3881845801381083,-0.6562283243046854,0.8025647454868459,0.3280412195103574,0.529,0.667,0.583,9.0,8.0,383.0,350.0,33.0
235,2,green-bay-packers,2024,1,0.9386647903746804,1.1425871186159913,0.3024556885359616,0.0844882901687645,-0.1691255878275779,0.179615629747034,1.0989106949649192,0.8710644045291496,2.462170967246855,0.0943204771936616,-0.1380384864546565,0.9010467740388032,0.4615384615384615,0.4807692307692308,0.0576923076923076,-0.0384615384615384,0.0505366726296959,-0.0120751341681574,0.9230750769267692,1.117461020121787,0.8269112245288587,-0.080042541007217,0.1110612455722705,-0.1900406029353641,0.4332299032498524,0.5493207301038421,0.0174493666463054,0.0061416531468946,-0.0150207831335074,0.0088791299866128,1.014377915495214,0.973381797789192,2.035805023137845,0.0142778417020668,-0.0269770609498841,0.7109486364636941,0.647,0.167,0.5,11.0,6.0,460.0,338.0,122.0
236,2,houston-texans,2011,1,0.9897122472481382,1.0363679750545838,0.6479169989132527,-0.0101683627528158,-0.2395964504841492,0.3835435570187671,0.9898294331537848,0.8122226153714257,2.45075505132165,-0.0102216300465556,-0.2079798546254469,0.8963977046969318,0.4821428571428571,0.4821428571428571,0.0357142857142857,0.0932539682539682,0.0376984126984127,-0.1309523809523809,1.2397927303288976,1.0848189877287062,0.2142844285791428,0.2149462867566891,0.081415215559963,-1.5404230413211415,0.4771826906374952,0.4996774165441743,0.0231398928183304,0.0883402311926797,-0.0674178836952625,-0.0209223474974171,1.2271845624427091,0.8811156347399951,0.5251518647406547,0.2047246676871324,-0.1265644064084389,-0.6440245775690664,0.625,0.667,0.667,10.0,6.0,381.0,278.0,103.0
237,2,houston-texans,2016,1,0.9992717689303188,1.059000965830445,0.514393876993637,0.2800537720279924,-0.2021393555098902,-0.3896440204922118,1.3893845591317509,0.8397163330632476,0.5689952925965654,0.328861886607719,-0.1746901986263086,-0.5638811739730929,0.4716981132075472,0.4716981132075472,0.0566037735849056,-0.0012748597654257,-0.0418154003059663,0.0430902600713921,0.9973024736278698,0.91856822113974,4.188369305954378,-0.0026990512548913,-0.0849369825749093,1.4323291375686356,0.4713546079859994,0.4995287574671909,0.0291166345468096,0.1311839337754397,-0.1480838399778459,0.0168999062024062,1.3856374405067011,0.7713376609724227,2.3831463367040127,0.3261624011546037,-0.2596270474324303,0.8684559488743102,0.563,0.833,0.583,9.0,7.0,279.0,328.0,-49.0
238,2,houston-texans,2017,1,0.9658788173060932,1.0815070929005126,0.6051174149449514,-0.1105179711603024,0.1568403257438714,0.1888184928694155,0.8973251595790019,1.169616949259682,1.4535612015684105,-0.108335950539789,0.1566772260446819,0.3740181990430368,0.4716981132075472,0.4716981132075472,0.0566037735849056,-0.0583018867924528,0.0116981132075471,0.0466037735849056,0.8899947607788422,1.0254284516936858,5.659811377352831,-0.1165375830408717,0.0251126469021475,1.733408232614359,0.4556032157104213,0.5101448551417512,0.0342519291478274,-0.1148870821767684,0.0847981422496962,0.030088939927072,0.798615539619525,1.1993595820067715,8.225748754847652,-0.2248734310755027,0.1817896928998155,2.107298521541787,0.25,0.167,0.25,4.0,12.0,338.0,436.0,-98.0
239,2,indianapolis-colts,2012,1,0.6473255083656215,1.346217075910059,1.171369961580787,-0.625459402297899,0.6060122289229356,1.171369961580787,0.5085894673583887,1.818706352279703,1171369.961580787,-0.6761125904788248,0.5981261957251119,,0.4814814814814814,0.4629629629629629,0.0555555555555555,-0.006323396567299,-0.0492321589882565,0.0555555555555555,0.9870350136152592,0.9038783058319496,55555.55555555556,-0.0130476884694542,-0.1010583850965682,,0.3116752447686326,0.623248646254657,0.0650761089767104,-0.309195443359914,0.2441193343832036,0.0650761089767104,0.5019962268018616,1.6438903109017924,65076.10897671042,-0.6891594671869137,0.4970671780401728,,0.688,0.667,0.667,11.0,5.0,357.0,387.0,-30.0
240,2,jacksonville-jaguars,2016,1,0.8146065534873383,1.2709552562188982,0.5294195720981808,-0.3133310296534453,0.4144004251949283,0.5294195720981808,0.7222082528811441,1.4837973313421198,529419.5720981808,-0.3254405152005228,0.3946053530517507,,0.5,0.4423076923076923,0.0576923076923076,-0.0285714285714285,-0.0291208791208791,0.0576923076923076,0.9459441563218663,0.9382264480511242,57692.307692307695,-0.055569743046913,-0.0637616824122608,,0.4073032767436692,0.5621532864045127,0.0305434368518181,-0.1888923029164593,0.1583488660646411,0.0305434368518181,0.6831694287408676,1.3921390305542811,30543.436851818125,-0.3810099294981459,0.3308432140691367,,0.188,0.333,0.167,3.0,13.0,318.0,400.0,-82.0
241,2,jacksonville-jaguars,2017,1,0.8477842447463096,1.2536978566969266,0.2896203586232351,-0.3438894791279477,0.5671680879502408,-1.1012401874683178,0.711422528112433,1.8261349873446275,0.208230905108488,-0.3404875731312122,0.602202502241832,-1.569104241505303,0.490566037735849,0.4528301886792453,0.0566037735849056,-0.0467473950999718,0.0498451140523796,-0.0030977189524077,0.9129962043765608,1.1236869390549822,0.948097326916944,-0.0910215172457022,0.1166173970349531,-0.053280449962044,0.4158941578000765,0.5677122369948348,0.0163936052050887,-0.2244081415950469,0.2910509869028867,-0.0666428453078397,0.6495268073629482,2.052004698169544,0.1974242357372999,-0.4315087654222435,0.7188189783164368,-1.6223393872259506,0.625,0.667,0.75,10.0,6.0,417.0,268.0,149.0
242,2,jacksonville-jaguars,2019,1,1.0056535910768418,1.0589402040487186,0.4617183739536633,-0.1002097132333859,0.1376084705158997,0.4252120867081237,0.909382450592895,1.1493569755068276,12.647293425234594,-0.0949885411863017,0.1392035785982765,2.537445399621731,0.4716981132075472,0.4716981132075472,0.0566037735849056,-0.0030493615399275,-0.0434534019439679,0.0465027634838955,0.99357478390731,0.9156475011459716,5.603218866237903,-0.0064438266423972,-0.0881216924504907,1.723358896661367,0.4743649014513405,0.4995000962493955,0.0261350022992639,-0.0506409096858382,0.0248746577627919,0.0257662519230463,0.9035404710728484,1.0524068103793465,70.6828281464287,-0.1014322682123649,0.0510817434467357,4.258240922171832,0.375,0.333,0.5,6.0,10.0,300.0,397.0,-97.0
243,2,jacksonville-jaguars,2021,1,1.0918181931840505,1.0312345330945285,0.1693940976195954,0.2268313228257802,-0.0388324346948474,-1.6478244506933415,1.2622352643301566,0.9637093756062316,0.0932160881588891,0.2328850844623231,-0.0369645377009481,-2.3728290490811053,0.4655172413793103,0.4655172413793103,0.0689655172413793,-0.1014930678990401,0.0943832207607536,0.0071098471382865,0.8210016868478087,1.2543069651671523,1.1149245041228155,-0.197227966760146,0.2265853492102089,0.1088011932076875,0.508260193378782,0.4800574550612458,0.011682351559972,0.0178037204952268,0.0829191989744672,-0.1007229194696941,1.0362981939913345,1.2087887251225269,0.1039297136446141,0.0356569019538312,0.1896208876839138,-2.2639548431162058,0.176,0.167,0.25,3.0,14.0,253.0,457.0,-204.0
244,2,kansas-city-chiefs,2011,1,0.970364211468928,1.0796914545734209,0.5995546716612082,-0.5509635163357849,0.7747950916463711,0.5995546716612082,0.6378399314585809,3.541163636865399,599554.6716612083,-0.4496668877061822,1.2644563103010924,,0.4705882352941176,0.4705882352941176,0.0588235294117647,-0.1008403361344537,0.042016806722689,0.0588235294117647,0.8235279705907573,1.0980366536007495,58823.52941176471,-0.1941556394416841,0.0935258496779546,,0.4566419818677308,0.5080900962698451,0.035267921862424,-0.4126881483063907,0.3774202264439666,0.035267921862424,0.5252796845964417,3.888319538600189,35267.92186242402,-0.6438222357804805,1.357979037228017,,0.438,0.5,0.333,7.0,9.0,212.0,338.0,-126.0
245,2,kansas-city-chiefs,2012,1,0.7631146488627776,1.259478158147371,0.9545883043334784,-0.171340334360745,0.1895634735857954,0.9545883043334784,0.8166405508265016,1.177175151576055,954588.3043334784,-0.2025549327843673,0.1631184230603672,,0.4915254237288136,0.4576271186440678,0.0508474576271186,-0.0246036085292509,-0.0262438490978677,0.0508474576271186,0.9523286633377912,0.9457607572921752,50847.45762711865,-0.0488430346913144,-0.0557634560001876,,0.3750902511359415,0.5763713605081189,0.0485383883559395,-0.1072090950439411,0.0586707066880015,0.0485383883559395,0.7777109307652141,1.1133272537475554,48538.388355939576,-0.2513977121120178,0.1073547925908175,,0.125,0.0,0.0,2.0,14.0,211.0,425.0,-214.0
246,2,kansas-city-chiefs,2013,1,0.8896914805792211,1.1665126898756737,0.5871361428344357,-0.5114768240174434,0.6406206862171865,0.5871361428344357,0.6349635819600862,2.2181559400117106,587136.1428344358,-0.454186508993545,0.7966770503001999,,0.4807692307692308,0.4615384615384615,0.0576923076923076,-0.0608974358974358,0.0032051282051282,0.0576923076923076,0.8875723259019782,1.0069908099221492,57692.307692307695,-0.1192631869811229,0.0069686541646113,,0.4277362887400101,0.5383904722503109,0.0338732390096789,-0.3312298762498499,0.2973566372401709,0.0338732390096789,0.5635768034124701,2.233662500391952,33873.23900967898,-0.5734493198095587,0.8036444724897046,,0.688,0.333,0.583,11.0,5.0,430.0,305.0,125.0
247,2,kansas-city-chiefs,2016,1,1.080070577147008,0.9685612090164544,0.6881916387324724,-0.0439096594891461,0.018761324967958,0.6732124717027617,0.960932924805256,1.0197518503962564,45.94018460325309,-0.0398497438718117,0.0195603462313443,3.827341668690978,0.4716981132075472,0.4528301886792453,0.0754716981132075,0.1180395766221813,-0.1813161527841693,0.063276576161988,1.3337633073940576,0.7140772484108412,6.188171815194173,0.2880066210094016,-0.3367619231122891,1.8226529481060576,0.5094672533712302,0.438593755026319,0.0519389916024507,0.1119620477316146,-0.1637183665654104,0.0517563188337957,1.281658615999369,0.728182301370506,282.780033114259,0.2481569956976228,-0.3172015681516961,5.644688580438904,0.75,1.0,0.75,12.0,4.0,389.0,311.0,78.0
248,2,kansas-city-chiefs,2018,1,0.908717642368798,1.185172426283674,0.3714584979622484,-0.4383215351439257,0.4671417580127621,0.3714584979622484,0.6746032208532359,1.6505851742412436,371458.4979622484,-0.3936294814510166,0.5011307198526953,,0.5,0.4423076923076923,0.0576923076923076,0.0517241379310344,-0.1094164456233421,0.0576923076923076,1.1153821272244857,0.8016812392604461,57692.307692307695,0.1091990611962494,-0.2210419465369329,,0.454358821184399,0.5242108808562405,0.0214302979593604,-0.1494863273557875,0.128056029396427,0.0214302979593604,0.7524413665348748,1.323244069031294,21430.297959360487,-0.2844300027197144,0.2800882572507461,,0.75,0.833,0.833,12.0,4.0,565.0,421.0,144.0
249,2,kansas-city-chiefs,2021,1,0.7830278799048579,1.2652182894765018,0.6702726285203833,-0.6695657217000214,0.6814530511828234,0.5723338995881395,0.5390546536795195,2.1673372087681466,6.843725583354316,-0.6179370378284353,0.7735001117011718,1.923333751210482,0.4814814814814814,0.4629629629629629,0.0555555555555555,-0.0245426149040606,0.0171798304328424,0.0073627844712182,0.9514972378260051,1.0385362088492052,1.1527538581352212,-0.0497164182971662,0.0378143902132399,0.1421717388338228,0.3770134236578945,0.5857492080909731,0.0372373682511324,-0.3580339410096346,0.3255165115022249,0.0325174295074098,0.5129096829273568,2.250858423675404,7.887704177616531,-0.6676528535610493,0.8113133723027949,2.0653319681430675,0.706,0.833,0.583,12.0,5.0,480.0,364.0,116.0
250,2,las-vegas-raiders,2012,1,0.9371528997180348,0.8891892561738995,2.6417555784359346,0.6231222011082074,-0.514927697488614,2.338020078187116,2.9842621106935203,0.6332724781807187,8.697524256293947,1.093353584249351,-0.4568533695761064,2.1630387954573216,0.4833333333333333,0.4666666666666667,0.05,0.15,-0.1629629629629629,0.0129629629629629,1.4499956500130502,0.7411752934274751,1.3499635509841237,0.37156262540036,-0.2995159754779699,0.3000975926148342,0.4529572348637168,0.4149549862144864,0.1320877789217967,0.3482803353271076,-0.4691186512767259,0.1208383159496182,4.327152501806777,0.46936646366423,11.740652740108525,1.4649119125686303,-0.7563690333329127,2.463064983217324,0.25,0.333,0.333,4.0,12.0,290.0,443.0,-153.0
251,2,los-angeles-chargers,2021,1,1.0330454436456151,1.0556831266575188,0.2605952474738823,-0.5361377564571344,0.4330996044272324,0.0337791037023832,0.6583328098625846,1.695646276068255,1.1489221808401402,-0.4180437174496241,0.5280648992317805,0.1388281062058155,0.4716981132075472,0.4716981132075472,0.0566037735849056,0.0431266846361186,-0.0283018867924528,-0.0148247978436657,1.1006263626894306,0.9433943396264152,0.7924417360043753,0.0958815583704243,-0.058268788124223,-0.2326186286601413,0.4872855866252902,0.4979637389893957,0.014750674385314,-0.1852214991330308,0.1866719778742525,-0.0014504787412215,0.7245795209671364,1.599663728785538,0.9104144535676346,-0.3221617112730147,0.4697954458243247,-0.0937875484605228,0.529,0.5,0.5,9.0,8.0,474.0,459.0,15.0
252,2,los-angeles-chargers,2022,1,1.0778128867153345,1.011240541837594,0.2578880953922656,0.231364871418497,-0.1960106230897871,-0.4285156097828236,1.2733346808104693,0.8376382094940558,0.3757085192568473,0.2416401199823288,-0.1771680137527774,-0.9789377733256376,0.4716981132075472,0.4716981132075472,0.0566037735849056,0.028516295025729,0.0057890222984562,-0.0343053173241852,1.0643420589785375,1.0124230455862475,0.6226346604526972,0.062358943254681,0.0123486327485703,-0.473777685514529,0.508402305054403,0.4770002555837707,0.0145974393618263,0.1332719346387592,-0.0854690371664865,-0.0478028974722726,1.3552647023124076,0.8480452420899033,0.2339283115141473,0.3039987544572766,-0.1648191966595255,-1.4526720687940493,0.588,0.333,0.583,10.0,7.0,391.0,384.0,7.0
253,2,los-angeles-rams,2012,1,0.972721655242253,1.120405945880156,0.2421222204850904,-0.6832204715238576,0.8304268324903517,-1.075353329942326,0.5874124778318203,3.863733732575156,0.1837772523590959,-0.5320269899220301,1.3516348967200889,-1.6940267095910333,0.4909090909090909,0.4545454545454545,0.0545454545454545,-0.009090909090909,-0.0191387559808612,0.0282296650717703,0.9818162181857454,0.959593933786544,2.0726485120838136,-0.0183491016312344,-0.0412428696453518,0.728845597049286,0.4775179034825605,0.5092754299455254,0.013206666571914,-0.3504531599004948,0.3719169025503549,-0.0214637426498601,0.5767319026821323,3.707609072360795,0.3809094256145797,-0.5503756663581845,1.310389177551842,-0.9651179436953008,0.469,0.75,0.542,7.0,8.0,299.0,348.0,-49.0
254,2,los-angeles-rams,2013,1,0.6838649510382602,1.4151757900540065,0.4184307705696952,-0.390413526280106,0.5005960389701277,0.4184307705696952,0.6365801129751961,1.547349196204783,418430.7705696953,-0.4516435417819174,0.4365439775053602,,0.490566037735849,0.4528301886792453,0.0566037735849056,-0.0443176831943834,-0.0122860903905221,0.0566037735849056,0.917143486324852,0.9735828124573308,56603.77358490566,-0.086489306870236,-0.0267701827313985,,0.3354809193772597,0.6408343200244556,0.0236847605982846,-0.2391331498860525,0.2154483892877678,0.0236847605982846,0.5838359230769296,1.506473926960226,23684.760598284636,-0.538132308473158,0.409773332873582,,0.438,0.167,0.333,7.0,9.0,348.0,364.0,-16.0
255,2,los-angeles-rams,2014,1,0.8262900421180283,1.245328296016489,0.4031805155456892,-0.7268204786695892,0.8319606665488106,0.4031805155456892,0.5320223506545094,3.01263377828206,403180.5155456892,-0.6310685677864567,1.1028155085600484,,0.4716981132075472,0.4716981132075472,0.0566037735849056,-0.0430077691453939,-0.0135960044395116,0.0566037735849056,0.9164402680049996,0.9719819879799402,56603.77358490566,-0.0872562678547307,-0.0284158855804793,,0.3897594538292586,0.5874190075549477,0.0228215386157937,-0.409635667164368,0.3868141285485743,0.0228215386157937,0.4875673569003546,2.9282242896594526,22821.53861579373,-0.7183242644060781,1.0743978971858543,,0.375,0.333,0.333,6.0,10.0,324.0,354.0,-30.0
256,2,los-angeles-rams,2016,1,0.992524429794881,1.042490084716842,0.7248675973762924,-0.0347321943448357,0.0610741466302855,0.7248675973762924,0.9661884287557144,1.0622295624419915,724867.5973762923,-0.0343953954364193,0.0603710191932288,,0.490566037735849,0.4528301886792453,0.0566037735849056,0.0851606323304436,-0.1417644059153493,0.0566037735849056,1.210059908267321,0.7615767637632643,56603.77358490566,0.1906719078072108,-0.2723620974041404,,0.4868987768805077,0.4720709817585701,0.0410302413609222,0.0704433887157576,-0.1114736300766798,0.0410302413609222,1.1691470961129564,0.8089701510630979,41030.24136092221,0.1562765591078696,-0.2119911403711771,,0.25,0.333,0.25,4.0,12.0,224.0,394.0,-170.0
257,2,los-angeles-rams,2017,1,0.9538722785624404,1.129760064869378,0.3030638047348449,0.1213844927721805,0.0965814752947784,-4.861278558954514,1.1458079614333234,1.0934788842804612,0.0586838990733449,0.1361110796881601,0.0893651358770611,-2.835586581909035,0.4716981132075472,0.4716981132075472,0.0566037735849056,-0.0203653788559448,-0.0203653788559448,0.0407307577118897,0.9586103464394724,0.9586103464394724,3.5658130896244105,-0.0422684790357812,-0.0422684790357812,1.2714097700025502,0.449939754038887,0.5329056909761217,0.0171545549849912,0.0403029070627273,0.0245162262648108,-0.0648191333275382,1.098384237101688,1.048221255051925,0.2092664862547482,0.0938424471045334,0.0470965613515281,-1.5640884935013826,0.688,0.667,0.583,11.0,5.0,478.0,329.0,149.0
258,2,los-angeles-rams,2021,1,1.033118397007495,0.9900372561059356,0.795996758385579,-0.7772298368257728,0.5704982260943254,0.7590645599270867,0.5706735350835874,2.359815953863896,21.552337506868398,-0.5609370073008723,0.8585846404080771,3.070485535949368,0.4814814814814814,0.4629629629629629,0.0555555555555555,0.0462962962962962,-0.037037037037037,-0.0092592592592592,1.1063804364024017,0.9259240740777778,0.8571296328570931,0.1010958959225885,-0.0769608811364612,-0.1541481084416657,0.497427376336942,0.4583505815305257,0.0442220421325321,-0.2904093550534616,0.2485810665247206,0.0418282885287409,0.6313830329743979,2.1850095639887304,18.46621801195896,-0.4598405649485682,0.7816223873832189,2.9159656223104493,0.706,0.5,0.667,12.0,5.0,460.0,372.0,88.0
259,2,miami-dolphins,2011,1,0.9393160865962566,1.1008193519914409,0.6322520647868388,-0.5672263244732167,0.7632209664669058,0.6322520647868388,0.6234908862861441,3.2607267643010545,632252.0647868388,-0.4724200663881082,1.1819510127810908,,0.4838709677419355,0.4677419354838709,0.0483870967741935,-0.0827956989247311,0.0344086021505375,0.0483870967741935,0.8538884362120576,1.0794019755736046,48387.09677419355,-0.157952663816791,0.0764092993811052,,0.4545077838368984,0.5148993743185771,0.0305928418445244,-0.3991995824358031,0.3686067405912787,0.0305928418445244,0.5323923271611868,3.519629400130874,30592.841844524464,-0.6303724041785238,1.2583576421386802,,0.375,0.5,0.417,6.0,10.0,329.0,313.0,16.0
260,2,miami-dolphins,2016,1,0.937888863166952,1.136625798218745,0.3831789966367411,0.0181155587896738,0.037185494278926,-0.1811425538742357,1.0196945693127817,1.0338212637142852,0.6790070612804401,0.0195042068281447,0.0332627818639331,-0.3871211422051725,0.46,0.48,0.06,-0.0129729729729729,-0.02,0.0329729729729729,0.9725693722818988,0.95999808000384,2.2199178630390675,-0.0278116981570389,-0.0408219111870921,0.7974868630964503,0.4314288770567978,0.5455803831449977,0.0229907397982044,-0.0035990371756985,-0.0041397688249119,0.0077388060006104,0.9917246025311904,0.9924675104640348,1.5072995204261015,-0.0083075107800626,-0.0075591690966295,0.4103631474938929,0.625,0.667,0.583,10.0,6.0,363.0,380.0,-17.0
261,2,miami-dolphins,2017,1,0.9193577951552118,1.1623416563156268,0.3191712377430126,-0.226909698012924,0.2741361718503926,0.3188875891107479,0.8020440242706379,1.3086390120372091,1121.2814732450752,-0.2205906918014515,0.2689885353822728,7.022230615872336,0.4716981132075472,0.4716981132075472,0.0566037735849056,-0.0198273105212664,-0.0198273105212664,0.0396546210425327,0.959659726183498,0.959659726183498,3.339425615398125,-0.0411743892476119,-0.0411743892476119,1.2058164872727517,0.433659337337364,0.5482743661866164,0.0180662964760195,-0.1297602779486689,0.111698789076586,0.0180614888720828,0.7696902200094458,1.2558492482944976,3110.8003701633816,-0.2617648508046681,0.2278138595018507,8.042690675969595,0.375,0.333,0.417,6.0,10.0,281.0,393.0,-112.0
262,2,miami-dolphins,2018,1,0.922669639973536,1.1683361327647546,0.2416185605142481,-0.3588407125379764,0.370158240944241,0.2195111332186166,0.7199855375180901,1.4637522299042185,10.928799108292532,-0.3285230701432594,0.3810040152650921,2.391405563745026,0.4716981132075472,0.4716981132075472,0.0566037735849056,0.0305216426193118,-0.0724195338512763,0.0418978912319644,1.0691799664625163,0.8669030472623241,3.848794885721356,0.0668940881636853,-0.142826013990435,1.3477777491146028,0.4352215282894037,0.5511019494173369,0.0136765222932593,-0.1301506860539105,0.1167992729855869,0.0133514130683235,0.7697950968457485,1.2689322686494493,41.93847106273534,-0.2616286098621391,0.2381776280537664,3.736276684792138,0.438,0.667,0.5,7.0,9.0,319.0,433.0,-114.0
263,2,miami-dolphins,2020,1,0.8001785407067843,1.2911923231149611,0.4022473956215119,0.1152937126262683,-0.0623736154745064,0.2903695483109467,1.1683385871034762,0.9539183370277158,3.5953838039188124,0.1555839783361847,-0.0471764373200067,1.2796532319817924,0.490566037735849,0.4528301886792453,0.0566037735849056,0.0100465572163685,-0.0406763048272482,0.0306297476108796,1.0209055755657044,0.9175751019741852,2.1791613853055334,0.0206920910593647,-0.0860186390597196,0.7789577836614452,0.3925404161957809,0.584690863297341,0.022768720506878,0.0634399143908577,-0.083302716785773,0.0198628023949153,1.1927639772013603,0.8752928253169238,7.832597833829153,0.1762758313174254,-0.1331950808007608,2.0583381534587235,0.625,0.5,0.583,10.0,6.0,404.0,338.0,66.0
264,2,minnesota-vikings,2013,1,1.0408337454798369,1.0405505275120417,0.3082808825636614,-0.204236083544514,0.3118778382175728,0.3082808825636614,0.8359634819293325,1.4280061745052777,308280.8825636614,-0.179169387986457,0.3562801488205676,,0.4629629629629629,0.4814814814814814,0.0555555555555555,-0.0624607658505964,0.0069052102950407,0.0555555555555555,0.8811213815694613,1.014548126752426,55555.55555555556,-0.1265577255018287,0.014445394968006,,0.4818674747591838,0.501005809542835,0.0171267156979811,-0.1723217574400513,0.1551950417420702,0.0171267156979811,0.7365861656773101,1.4487818408524589,17126.715697981188,-0.3057269812135385,0.370725089568433,,0.344,0.417,0.375,5.0,10.0,391.0,480.0,-89.0
265,2,minnesota-vikings,2017,1,0.8336458375533369,1.2579533725010807,0.2366732495465214,-0.5495913744839023,0.9011290925063988,-1.8364335319001888,0.6026769867248967,3.5254042889557304,0.11416350450499,-0.5063727033048698,1.2599959165316614,-2.170119382872406,0.4716981132075472,0.4716981132075472,0.0566037735849056,-0.0972674040338321,0.0751463890696161,0.022121014964216,0.8290437115606807,1.1894965902276309,1.6414618315691487,-0.1874802771804423,0.1735323041951506,0.4956048720335667,0.3932291686572343,0.5933742323118305,0.0133965990309351,-0.3937851071570569,0.4518749488656635,-0.0580898417086065,0.4996461704639428,4.193449072047807,0.1873979386077691,-0.6938525470978201,1.4335252481462954,-1.674446266171666,0.813,0.833,0.833,13.0,3.0,382.0,252.0,130.0
266,2,minnesota-vikings,2019,1,0.9733018786868656,1.1199213091664006,0.3030876406670461,-0.1323026147181479,0.2016485095647385,-0.2310122471183888,0.8803337940093958,1.2195941010755302,0.567472639717472,-0.1274531046260092,0.198518992269928,-0.5665594433701358,0.4901960784313725,0.4509803921568627,0.0588235294117647,-0.0303518667741068,0.0126242277733011,0.0177276390008058,0.9416906574229528,1.0287966726654338,1.4313377198017594,-0.0600764074869869,0.0283920576949365,0.3586264752422844,0.4771087640621891,0.5050625511926906,0.0178286847451203,-0.0984113831897356,0.1025320089015511,-0.0041206257118153,0.8290030111670991,1.2547154648253462,0.8122292748477732,-0.1875293956090719,0.2269108055747095,-0.2079165326749762,0.625,0.333,0.583,10.0,6.0,407.0,303.0,104.0
267,2,minnesota-vikings,2023,1,0.86510868068236,1.191505535674673,0.5920500422496117,-0.3700828998147478,0.4257825412007433,0.5785451127899442,0.7003836440907003,1.5560509325468703,43.83630493685328,-0.3561258751602215,0.4421519974937301,3.7804640429330343,0.4807692307692308,0.4615384615384615,0.0576923076923076,-0.0335164835164834,-0.0146520146520146,0.0481684981684981,0.9348272421094224,0.9692287338504284,6.057056316779046,-0.0673914545646948,-0.0312524768375798,1.8012412589394329,0.4159176349434423,0.5499256318498492,0.0341567332067083,-0.2193237493122131,0.1852956344813111,0.034028114830902,0.6547384829033305,1.5081702757542332,263.5176763650923,-0.4235169814971807,0.4108989965937819,5.574149725086862,0.412,0.333,0.5,7.0,10.0,344.0,362.0,-18.0
268,2,new-england-patriots,2014,1,1.0404235029385445,0.9809148610641818,0.8087057989977645,-0.3583757804459762,0.2509080666458084,0.7286809291930969,0.7437970347140251,1.343704640641154,10.10555462841837,-0.2959861230236218,0.2954314759781128,2.313086472425472,0.4814814814814814,0.4629629629629629,0.0555555555555555,0.0249597423510467,-0.0261674718196457,0.001207729468599,1.0546714111077733,0.9465001225462516,1.0222034136794105,0.0532313366700084,-0.0549820188620404,0.021978506726055,0.500944649563003,0.4541272504926767,0.0449280999443202,-0.1376376319821042,0.0970587097445594,0.0405789222375448,0.7844625188917008,1.271817387563241,10.327876921980597,-0.2427544887899037,0.2404490933988438,2.3348689940841347,0.75,0.667,0.75,12.0,4.0,468.0,313.0,155.0
269,2,new-england-patriots,2019,1,0.9835407180832731,1.1179523853879576,0.1990280268413065,-0.0840689859189203,0.2426854803910784,-0.8932803813235708,0.921254081095512,1.2772687985079765,0.1822084707442751,-0.0820183887997737,0.2447249415675036,-1.7025987793701545,0.490566037735849,0.4528301886792453,0.0566037735849056,-0.079201404124616,0.0923650724001755,-0.0131636682755594,0.8609919428566516,1.2562351029095564,0.8113091259528425,-0.1496680940287986,0.2281214427053799,-0.2090884645785585,0.482491673021983,0.5062425896096412,0.0112657373683758,-0.1257975769327551,0.1907394029247195,-0.0649418259919644,0.7931931722691337,1.6045510993969807,0.147827709533213,-0.231686417631202,0.472846003948131,-1.911619047334589,0.75,0.833,0.667,12.0,4.0,420.0,225.0,195.0
270,2,new-england-patriots,2020,1,1.070474129405823,0.997887471538913,0.4303199921271951,0.1022802938751044,-0.0908875825599058,-0.0585708954839392,1.1056391648887898,0.9165222432861694,0.8801945850029578,0.1004245316723769,-0.0871679400645983,-0.1276099527822564,0.4716981132075472,0.4716981132075472,0.0566037735849056,-0.0537256156060121,0.0394947233770386,0.0142308922289734,0.8977463132971869,1.0913774230579345,1.335817531310035,-0.1078656324895905,0.0874427093323571,0.2895611539366409,0.5049406270782186,0.4707016375183552,0.0243577354034261,-0.0037713882006337,0.0001293683739505,0.0036420198266831,0.992584447247598,1.0002727914702507,1.175752754494088,-0.0074412042234413,0.0002748787552075,0.1619496384721862,0.438,0.5,0.5,7.0,9.0,326.0,353.0,-27.0
271,2,new-england-patriots,2024,1,0.9638572347754336,1.10232681940555,0.4946227433685094,-0.070152161259485,0.0690459182255718,0.4028596320558822,0.9321542979369466,1.0668209886834603,5.390154563622377,-0.070255884775535,0.0646840947351886,1.6845760822473044,0.490566037735849,0.4528301886792453,0.0566037735849056,0.0173517520215633,-0.0382412398921832,0.0208894878706199,1.0366656626388846,0.9221250518921758,1.5848612842613992,0.0360115074664793,-0.0810722251722204,0.4605145521937975,0.4728356246068164,0.4991668616176075,0.027997513775576,-0.0164723931597076,-0.0082478666404174,0.024720259800125,0.9663333546663392,0.9837433761292024,8.540373621212352,-0.034244301754721,-0.0163882092237902,2.144840473219323,0.235,0.333,0.25,4.0,13.0,289.0,417.0,-128.0
272,2,new-orleans-saints,2011,1,1.1079578183366712,1.0246466043514724,0.3038267808872462,-0.3134807553262455,0.5514448214301182,0.3038267808872462,0.7794617786541341,2.1653435722117638,303826.78088724625,-0.2491507222824212,0.7725800186719233,,0.4565217391304347,0.4565217391304347,0.0869565217391304,-0.0990338164251208,0.0120772946859903,0.0869565217391304,0.8217376513070102,1.027171601907374,86956.52173913043,-0.1963319033881417,0.0268111979269793,,0.5058068301102194,0.4677734498126287,0.0264197200771518,-0.2838812663691787,0.2574615462920269,0.0264197200771518,0.6405138837109614,2.224178554820848,26419.720077151847,-0.4454825044791765,0.7993897963913763,,0.813,0.833,0.75,13.0,3.0,547.0,339.0,208.0
273,2,new-orleans-saints,2021,1,0.8917838746456807,1.1881479265599155,0.3699736984048027,-0.302650599185667,0.4393083053573751,-0.7609130542987861,0.7466153628082877,1.5866499398121654,0.3271533337595306,-0.2922040143391529,0.4616256790301484,-1.1173236045183037,0.4814814814814814,0.4629629629629629,0.0555555555555555,-0.0276094276094275,0.0356902356902357,-0.008080808080808,0.9457653380138532,1.0835278029333535,0.8730021544105895,-0.0557587208483903,0.0802243619611581,-0.1357992554833059,0.4293774211256981,0.5500684845184796,0.0205540943558223,-0.1786983110066243,0.230109737277394,-0.0514114262707696,0.7061237479355846,1.7191802695856304,0.2856063371810076,-0.3479624475360082,0.5418494077250506,-1.2530922088301224,0.529,0.667,0.583,9.0,8.0,364.0,335.0,29.0
274,2,new-orleans-saints,2024,1,1.0204058783107683,1.054287089308518,0.3843605626095359,-0.1936811473293924,0.3050408081362503,0.2720561710104576,0.8404710834477852,1.4071283484125388,3.422458682853569,-0.1737917507119411,0.3415519438105109,1.2303618076157,0.4615384615384615,0.4807692307692308,0.0576923076923076,-0.1032763532763532,0.0641025641025641,0.0391737891737891,0.8171486162967753,1.1538433846220308,3.115216393699356,-0.2019321291084898,0.1431005236413902,1.1363159512920171,0.4709565592203547,0.5068687929367874,0.0221746478428578,-0.214777779335662,0.1946828424483426,0.0200949368873193,0.6867905629773562,1.623606599006606,10.657245680296354,-0.3757237672861737,0.4846519432983595,2.3662851019210254,0.294,0.333,0.333,5.0,12.0,338.0,398.0,-60.0
275,2,new-york-giants,2013,1,1.0535968712641082,0.9836793659538644,0.6769392774442375,-0.0713782193594956,0.1253178019939486,0.6769392774442375,0.9365504565346556,1.1459951857823574,676939.2774442376,-0.0655509316469201,0.1362744339866286,,0.4727272727272727,0.4727272727272727,0.0545454545454545,-0.0585227272727272,0.0039772727272727,0.0545454545454545,0.8898378972035303,1.0084826970550949,54545.454545454544,-0.11671385543627,0.0084490365378477,,0.4980639755066693,0.4650120639054632,0.0369239605878674,-0.0995790413871201,0.0626550807992527,0.0369239605878674,0.833379003935018,1.1557172553544537,36923.9605878675,-0.1822647458014725,0.1447233020192734,,0.438,0.5,0.5,7.0,9.0,294.0,383.0,-89.0
276,2,new-york-giants,2015,1,1.0457312655443791,1.0234714115579782,0.4233110241470214,-0.2981434671773719,0.3205732003171829,-1.094683934093304,0.7781458062543178,1.4560713615701628,0.278861759709642,-0.2508404044570037,0.3757429377072456,-1.2770367425392346,0.4716981132075472,0.4716981132075472,0.0566037735849056,0.0459555389501214,-0.0728563422379974,0.0269008032878759,1.1079394774901172,0.8662076717634075,1.9055962222856735,0.102504083627078,-0.1436284734393301,0.6448126036997935,0.4932694648794241,0.4827695337537633,0.0239610013668125,-0.078875223309044,0.1000031810978847,-0.0211279577888406,0.8621396176928597,1.2612609994138928,0.5314043706293397,-0.1483360246653771,0.2321140850689933,-0.6321902873335703,0.375,0.333,0.333,6.0,10.0,420.0,442.0,-22.0
277,2,new-york-giants,2017,1,0.8183059239303944,1.25271812001197,0.6135017245306891,-0.176082718399177,0.2312717502213355,0.2673495182384887,0.8229228152591542,1.226414749365637,1.772341591465168,-0.1948916452852899,0.2040958733208541,0.5723032352979566,0.5,0.4444444444444444,0.0555555555555555,-0.0057471264367816,-0.0383141762452107,0.0440613026819923,0.9886344088365095,0.9206330136093924,4.832912869913651,-0.0114286730963953,-0.0826915372740707,1.5754673643807016,0.4091529619651972,0.556763608894209,0.0340834291405938,-0.0937562364543562,0.0636515683056266,0.0301046681487294,0.8135706200649779,1.12907906112086,8.564189962731154,-0.2063201018603233,0.1214041063734743,2.147618891364493,0.188,0.167,0.083,3.0,13.0,246.0,388.0,-142.0
278,2,new-york-giants,2023,1,1.042546054309438,0.9937701669317598,0.5491621510191471,0.0118651292158307,-0.0198808066087434,-0.1708068767566359,1.0115109510771263,0.9803859636959026,0.7627569618636543,0.0114461633283893,-0.0198079380779306,-0.2708140071524519,0.4716981132075472,0.490566037735849,0.0377358490566037,-0.0926583224360171,0.1341303941714926,-0.0414720717354754,0.8358144739771999,1.3763064112325896,0.4764090796749917,-0.1793464916077136,0.3194054357623505,-0.7414518831021771,0.4917670067497349,0.4875098932118066,0.0207231000384583,-0.0899044064219048,0.1262085561082609,-0.0363041496863561,0.8454363583590209,1.3493128694379055,0.3633830625778649,-0.1679003510076598,0.2995975285099647,-1.0122494781482134,0.353,0.5,0.417,6.0,11.0,266.0,407.0,-141.0
279,2,new-york-jets,2012,1,0.848943372858969,1.2613788027811104,0.3134566969651981,-0.0985611268156867,0.051578271566959,0.2921024124277133,0.8959772509504905,1.0426328370697269,14.678179371245978,-0.1098390779595372,0.0417498810059349,2.686365184691069,0.4923076923076923,0.4461538461538462,0.0615384615384615,-0.0461538461538461,0.0423076923076923,0.0038461538461538,0.914284016329684,1.1047591691677716,1.0666481780982462,-0.0896119845828828,0.0996296061382293,0.0645374378224286,0.4179413527921078,0.5627690043177261,0.019289642890166,-0.0922533778019377,0.0741957128658573,0.0180576649360803,0.8191784598147822,1.1518596335582396,15.644758956351826,-0.1994509265366614,0.1413794859067237,2.750187809877512,0.375,0.333,0.333,6.0,10.0,281.0,375.0,-94.0
280,2,new-york-jets,2022,1,0.9608865592595992,1.1031246133976929,0.4796113747693661,-0.3659602303728434,0.5271027875434824,0.0248405104777798,0.7241874816144357,1.9150710074063804,1.0546197168913984,-0.3227039269076727,0.6497556080462431,0.0531823290438798,0.4814814814814814,0.4629629629629629,0.0555555555555555,-0.0884109916367981,0.0651135005973715,0.0232974910394265,0.844862249162049,1.1636607387866718,1.7221688349883375,-0.1685796067361799,0.1515730053002705,0.5436024469074735,0.4626490840879551,0.510705839535969,0.0266450763760758,-0.2935109143047272,0.281535865809025,0.0119750484957021,0.6118393901184739,2.2284926892376538,1.816169704899852,-0.4912833038956037,0.8013273908960857,0.5967672553293585,0.412,0.333,0.417,7.0,10.0,296.0,316.0,-20.0
281,2,philadelphia-eagles,2014,1,1.0946007240686089,0.974370830853978,0.4252370423117769,-0.4268354979221176,0.5528457852664294,0.2833721316842836,0.7194517843045651,2.311531733456329,2.997457531769913,-0.32926485410577,0.8379114191670459,1.0977667915626996,0.4716981132075472,0.4716981132075472,0.0566037735849056,-0.0656153196282737,0.0537876654463531,0.0118276541819205,0.8778809657466932,1.1287034986346878,1.2641227113223403,-0.1302421488606915,0.1210717476753139,0.2343960392655091,0.5163210962587778,0.4596088824782915,0.0240700212629307,-0.3011670230198215,0.2834491619342413,0.0177178610855803,0.6315938452054383,2.60903157672634,3.7886690388733535,-0.4595068046372919,0.9589812848417284,1.332056324931579,0.625,0.667,0.5,10.0,6.0,474.0,400.0,74.0
282,2,philadelphia-eagles,2019,1,1.0763243415659849,1.009995477227562,0.2840000024629641,0.0212685426262133,0.0704225736248721,0.2840000024629641,1.020157722927889,1.0749505423201395,284000.0024629641,0.0199581747511443,0.072275643480162,,0.4807692307692308,0.4615384615384615,0.0576923076923076,-0.0424865831842576,-0.01520572450805,0.0576923076923076,0.918801662871352,0.9681030350108948,57692.307692307695,-0.0846829183414869,-0.032414589578738,,0.5174636257528773,0.4661517587204132,0.0163846155267094,-0.0346004550877008,0.0182158395609913,0.0163846155267094,0.9373235941041292,1.0406638497116345,16384.615526709465,-0.0647247726308822,0.0398609717678625,,0.563,0.833,0.583,9.0,7.0,385.0,354.0,31.0
283,2,pittsburgh-steelers,2013,1,0.9827943665176004,1.0778703659229243,0.5001957741564282,0.3019754495854705,-0.3606591653411375,0.3155138648608993,1.4435452636964703,0.7492857068356977,2.7084031547067333,0.3671030940434096,-0.2886339893949566,0.9963612186300088,0.4814814814814814,0.4629629629629629,0.0555555555555555,0.0045584045584045,0.0014245014245014,-0.0059829059829059,1.0095558282312085,1.0030842464038858,0.9027631078772748,0.0095125370166231,0.0030816598707558,-0.1022770991503865,0.4731972875825483,0.4990140582976501,0.0277886541198015,0.1484990348918402,-0.1649226484396092,0.016423613547769,1.4573402422742618,0.7515977074866232,2.4448842975432226,0.3766151357265045,-0.2855520576753848,0.8940337850011998,0.5,0.667,0.5,8.0,8.0,379.0,370.0,9.0
284,2,pittsburgh-steelers,2019,1,0.827955191074536,1.1867428059886391,0.8775166911402075,-0.5182641836027437,0.6111889103897424,0.8763149509613551,0.6150220325353611,2.061910714448476,729.5978853700311,-0.4860959787624771,0.7236339268380272,6.592494679993221,0.4716981132075472,0.4716981132075472,0.0566037735849056,-0.0979221399570098,0.0666348220683066,0.0312873178887031,0.8280907894271968,1.1645018421172095,2.2357607440543834,-0.1886303615434813,0.152295512234174,0.8045992143137815,0.3905449014502527,0.5597843424474713,0.0496707561022758,-0.3762889195684509,0.3266485872681712,0.0496403323002796,0.5092946886937559,2.4010986256412217,1580.6730232129962,-0.6747259132639816,0.8759281796979218,7.3656261317507985,0.5,0.5,0.5,8.0,8.0,289.0,303.0,-14.0
285,2,pittsburgh-steelers,2021,1,0.9977314986552114,1.017885240489316,0.8698605071289394,-0.2496631074088185,0.0144755142366126,0.7765068023471512,0.79985170206219,1.0144253134413548,9.317800416831624,-0.2233279386469063,0.0143232409202959,2.231927743674746,0.4716981132075472,0.4716981132075472,0.0566037735849056,0.0846013390139988,-0.0336782308784743,-0.0509231081355244,1.2185503111978595,0.9333582494890358,0.5264101987247745,0.1976640026809812,-0.0689640559644175,-0.6416568581709442,0.4706280654034016,0.4801345474006207,0.0492373871959777,-0.0122343627504163,-0.026964991673326,0.0391993544237424,0.9746608211825089,0.946823184762196,4.904594726710362,-0.0256636193994288,-0.0546408313977287,1.5901927746434203,0.559,0.667,0.583,9.0,7.0,343.0,398.0,-55.0
286,2,san-francisco-49ers,2013,1,1.0102143480272536,0.981129210014338,1.0692515356672674,0.0644128481191982,-0.0304593126074833,-0.7885641832609427,1.0681028524723288,0.96988866340911,0.5755419922607476,0.0658850296025705,-0.0305729748298172,-0.5524421516794324,0.4705882352941176,0.4705882352941176,0.0588235294117647,-0.1075367647058823,0.0799632352941176,0.0275735294117647,0.8139890530682198,1.2047027983137777,1.8822927078098208,-0.2058062363914244,0.1862350211161098,0.6325075591110011,0.4753949873069428,0.4617078635361591,0.062897149156898,-0.0713965048274016,0.0665560968870102,0.0048404079403915,0.8694248625311051,1.1684287761702643,1.0833550847654336,-0.1399212599803117,0.1556620857951222,0.0800786845623876,0.75,0.833,0.75,12.0,4.0,406.0,272.0,134.0
287,2,san-francisco-49ers,2015,1,0.9639632952376592,1.0046936722706443,1.2627564948543517,0.0010317531017702,-0.0959204313435295,0.9564619760565168,1.0010704312676817,0.912847433195724,4.122673749229132,0.0010708961480048,-0.0911855219564832,1.4165027130500991,0.4807692307692308,0.4615384615384615,0.0576923076923076,-0.0981781376518218,0.0668016194331984,0.0313765182186234,0.8304181460609644,1.169227807186991,2.1922243877809566,-0.1858238346185555,0.1563457037248889,0.7849340637181628,0.4634438919411822,0.4637047718172205,0.0728513362415972,-0.0940427903480164,0.0292518361800465,0.0647909541679699,0.8313078596430209,1.0673278195469609,9.037077709035769,-0.1847529260926623,0.0651603164892894,2.2013495863587464,0.313,0.167,0.333,5.0,11.0,238.0,387.0,-149.0
288,2,san-francisco-49ers,2019,1,0.9305858673084356,1.0875384850348533,0.729676353191461,-0.4536602013988986,0.3724306908252018,0.5990226537150833,0.6722686204981125,1.52080144146013,5.584769289706158,-0.3970962108555118,0.419238379529075,1.7200444932219638,0.4716981132075472,0.490566037735849,0.0377358490566037,-0.0012748597654257,0.017593064762876,-0.0163182049974502,0.9973024736278698,1.0371945725729843,0.6981002926917549,-0.0026990512548913,0.0365215803600978,-0.3593660010878934,0.4389555977869979,0.533509445488796,0.027534956724206,-0.21575538065566,0.1952827860653122,0.0204725945903478,0.6704560359978861,1.5773678781864684,3.89827906348128,-0.3997948692595179,0.4557594323819796,1.360571506786994,0.813,0.833,0.833,13.0,3.0,479.0,310.0,169.0
289,2,san-francisco-49ers,2020,1,1.008908281906714,1.0092121303207509,0.8845203531016651,-0.0901592167203155,0.0945626662373484,0.4570783564093985,0.9179666992248938,1.1033855772785417,2.069329384143512,-0.0855931732038757,0.0983842414790471,0.7272257163307798,0.4727272727272727,0.4545454545454545,0.0727272727272727,-0.0566844919786096,0.0091673032849503,0.0475171886936592,0.8929276062882587,1.0205808989015497,2.884734057064221,-0.1132476539957193,0.0203741739122191,1.0594464643563437,0.4769384605377194,0.4587327865094322,0.0643287529528483,-0.1049208034412962,0.0513678991445554,0.0535529042967408,0.8196786927435206,1.126095239532284,5.969161765707025,-0.198840756925747,0.1187582882344322,1.7866220548195555,0.375,0.5,0.333,6.0,10.0,376.0,390.0,-14.0
290,2,san-francisco-49ers,2023,1,0.9993133091915016,1.068836039593092,0.4550341066594187,0.1278809203519341,-0.0753485118588888,0.4305485823914949,1.1467466383428613,0.9341457233372074,18.583041908299457,0.1369299237128149,-0.0681218966228537,2.922251637119599,0.4807692307692308,0.4615384615384615,0.0576923076923076,-0.0027472527472527,-0.0439560439560439,0.0467032967032967,0.9943161253916498,0.9130416720262576,5.249522293471294,-0.0056980092964803,-0.09097158980032,1.658154413926894,0.4804390909574526,0.4933089413506579,0.0262519676918895,0.059087166683376,-0.0850700626800136,0.0259828959966376,1.140229634777478,0.8529149312093052,97.20369869712935,0.1312317575637604,-0.1590934382842348,4.576846854839226,0.706,0.833,0.833,12.0,5.0,491.0,298.0,193.0
291,2,seattle-seahawks,2013,1,0.9990512320764812,1.0615621457017468,0.4952047744892726,-0.6411108350073755,0.7728533313504764,0.4952047744892726,0.609117015329917,3.6769174199604953,495204.7744892727,-0.495743885381372,1.3020756855377469,,0.4814814814814814,0.4629629629629629,0.0555555555555555,-0.0448343079922027,-0.0107212475633527,0.0555555555555555,0.9148130766699692,0.977364191819628,55555.55555555556,-0.0890334454476725,-0.022893770977068,,0.4810246672960836,0.4914639563434012,0.0275113763605151,-0.3822185259059462,0.354707149545431,0.0275113763605151,0.5572289638136109,3.593681178796849,27511.376360515147,-0.584776978533409,1.2791791098674632,,0.813,0.667,0.833,13.0,3.0,417.0,231.0,186.0
292,2,seattle-seahawks,2015,1,0.7558408423612877,1.2594892090136636,0.8722495718754066,-0.7127621168518516,0.699901027946209,0.8695859072531417,0.5146662159117822,2.2507390271754395,327.3393449168886,-0.6642353898560053,0.8112594127810583,5.790998531304469,0.4716981132075472,0.4716981132075472,0.0566037735849056,-0.0186865021770681,-0.0283018867924528,0.046988388969521,0.9618922301331956,0.9433943396264152,5.886180290080021,-0.0388507414827284,-0.058268788124223,1.7726249461755983,0.3565286992270224,0.5940986834970111,0.0493726172759664,-0.3636515980794208,0.3143045929632838,0.0493470051161369,0.4950540934074222,2.1233349104293766,1855.2653220311363,-0.7030854379537158,0.7529896068817026,7.525803249495024,0.625,0.5,0.583,10.0,6.0,423.0,277.0,146.0
293,2,seattle-seahawks,2016,1,0.903492752576136,1.0856965336895426,1.0868802979670849,0.1289170153765173,-0.2290927993437179,0.4220705807264512,1.1664341429134528,0.8257564011630724,1.6348718060357017,0.153952460704108,-0.1914545417356912,0.491565315245023,0.4705882352941176,0.4901960784313725,0.0392156862745098,-0.0728900255754475,0.0662830349531116,0.0066069906223358,0.8658807597205785,1.1563572520722842,1.2025775000416328,-0.1440059457560509,0.1452768040896113,0.1844926696949766,0.4251730600358287,0.5322041831811484,0.0426227567830229,0.0042079854708185,-0.0251521645177338,0.0209441790469153,1.009993644915842,0.9548706684830088,1.966032609206875,0.0099463906515223,-0.0461774943682078,0.6760410695326835,0.656,0.583,0.542,10.0,5.0,354.0,292.0,62.0
294,2,tampa-bay-buccaneers,2013,1,0.7907346424672475,1.2231592297638958,0.8888490221508524,-0.4791116721687289,0.7488246348315746,-1.4410062421000052,0.6227005667164994,2.5786789834703794,0.3815038016676333,-0.4736882423626384,0.9472780634495512,-0.963633338204676,0.4705882352941176,0.4705882352941176,0.0588235294117647,-0.108359133126935,0.0846233230134159,0.023735810113519,0.8128328206149675,1.2192481779372075,1.676422810185204,-0.2072276982818036,0.1982365461918619,0.5166792434800076,0.372110419984587,0.575604343418304,0.0522852365971089,-0.3630637621730834,0.3925278330935484,-0.0294640709204649,0.5061520424186216,3.144047252976388,0.6395723537293014,-0.6809154883705425,1.1455126413296228,-0.4469363975947983,0.25,0.167,0.167,4.0,12.0,288.0,389.0,-101.0
295,2,tampa-bay-buccaneers,2015,1,0.9243272683021416,1.1683679046419042,0.3088871042462057,-0.2332502798078596,0.2747764520813726,0.0624623774002877,0.7985006890558805,1.307495269565025,1.2534693848720704,-0.2250183665222691,0.2681141549213188,0.2259184520255442,0.490566037735849,0.4528301886792453,0.0566037735849056,0.0657872766739021,-0.1135414927366839,0.0477542160627817,1.1548714950765,0.7995268902221269,6.395503723173622,0.1439911165693751,-0.2237329051440538,1.8556128667229608,0.4534435655821826,0.529072258705768,0.0174841757120493,-0.0382707911371099,0.0229673652201571,0.0153034259169527,0.9221667767456808,1.0453785769258388,8.013831719541923,-0.0810269805984415,0.044380984480571,2.081226206622774,0.375,0.5,0.417,6.0,10.0,342.0,417.0,-75.0
296,2,tampa-bay-buccaneers,2016,1,0.7992602144801729,1.2734993890631994,0.4605832323118415,-0.623490437774553,0.8447840542722886,0.4605832323118415,0.5617707160722913,2.9704942072811336,460583.2323118416,-0.5766602396971771,1.0887291239672643,,0.4814814814814814,0.4629629629629629,0.0555555555555555,-0.0932311621966794,0.0376756066411239,0.0555555555555555,0.8377763200469809,1.0885860289403586,55555.55555555556,-0.1770020583939209,0.0848817929633659,,0.3848289921571202,0.5895830504922218,0.0255879573506578,-0.4328437964950212,0.4072558391443632,0.0255879573506578,0.4706387773435598,3.233635903811801,25587.957350657864,-0.7536618077350434,1.1736088670739775,,0.563,0.667,0.583,9.0,7.0,354.0,369.0,-15.0
297,2,tampa-bay-buccaneers,2024,1,0.7510529912372579,1.2835003172589812,0.7120557625313407,-0.7528039573340679,0.5198518504906294,0.4810512071105131,0.499417509446795,1.6807453853016607,3.0824183480530323,-0.6943115093212482,0.5192381558638115,1.1257158712172486,0.4716981132075472,0.4716981132075472,0.0566037735849056,0.0863770122901159,-0.0512376666089665,-0.0351393456811493,1.2241657358466056,0.90201747403014,0.6169744070544347,0.2022617000248795,-0.103119266570448,-0.4829100690788967,0.354270278885499,0.6054246779523497,0.0403050431621513,-0.2251975361603329,0.2060855714771565,0.0191119646831763,0.611370741076858,1.5160627949348195,1.9017124619093413,-0.4920489035860938,0.4161183595550665,0.6427795864741969,0.588,0.667,0.667,10.0,7.0,502.0,385.0,117.0
298,2,tennessee-titans,2014,1,0.9105777842745526,1.1504192012237229,0.521499192756186,-0.4704595822418334,0.5342794851500595,-0.0033850216713894,0.6593428584981667,1.867137118538005,0.9935490244756044,-0.4165105107082098,0.6244071743555215,-0.006469955441498,0.4814814814814814,0.4629629629629629,0.0555555555555555,-0.0250120250120249,0.0084175084175084,0.0165945165945165,0.9506154070945572,1.0185162777827077,1.425889328099838,-0.0506436302548601,0.0183490986682838,0.3548137087901279,0.4384263405766364,0.5326014820480199,0.0289721773753436,-0.2610601177888058,0.2525379747418093,0.0085221430469965,0.626782275126345,1.9017100280604144,1.416660737554259,-0.4671537663740405,0.6427553737452776,0.3483370242811602,0.125,0.167,0.167,2.0,14.0,254.0,438.0,-184.0
299,2,tennessee-titans,2015,1,0.8124738115756276,1.1867779258210789,0.9439762130870862,0.0304139938526865,-0.1992910915180292,0.9403274630784124,1.0388882720671742,0.8562178757025436,258.6413345691358,0.0381524030402128,-0.1552295649199123,5.555443352700747,0.4629629629629629,0.4814814814814814,0.0555555555555555,-0.1159844054580896,0.0867446393762182,0.0292397660818713,0.7996619184290769,1.219749996386429,2.1110308919372174,-0.2235640826015721,0.198647993672179,0.7471944023902047,0.3761452831368646,0.5714115939138528,0.0524431229492825,-0.0766261902816802,0.024279087069468,0.0523471032122122,0.8307600510624557,1.0443732412030344,540.5407655480403,-0.1854116144957601,0.0434186863500528,6.292589124250987,0.188,0.167,0.083,3.0,13.0,299.0,423.0,-124.0
300,2,tennessee-titans,2017,1,0.8785545647805002,1.137873865577167,0.8630964136861065,0.1011855871320455,-0.2262316360350391,0.4777940211412006,1.130162715362547,0.8341532455364299,2.240043639339395,0.1223627564864769,-0.1813372670256773,0.8064965061435644,0.4716981132075472,0.4716981132075472,0.0566037735849056,-0.097532656023222,0.0716981132075471,0.0258345428156748,0.8286573917773,1.1792423349130308,1.839562855716623,-0.1879463681899693,0.1648742631911117,0.6095456314904061,0.4144125305568397,0.5367329554609278,0.0488545139822324,-0.0280898105661268,-0.0089092451839547,0.0369990557500814,0.9365184215449333,0.983670198449419,4.1204981306942505,-0.0655836736099879,-0.0164627391652,1.415994530289418,0.563,0.833,0.667,9.0,7.0,334.0,356.0,-22.0
301,2,tennessee-titans,2024,1,0.7100190462401449,1.3474833200364564,0.7333017056270918,-0.4603279295887234,0.3764239104877103,0.6978692447580814,0.6066734517460866,1.387641084721634,20.69517590556409,-0.4997631950331715,0.3276059862753166,3.029901988765275,0.490566037735849,0.4528301886792453,0.0566037735849056,0.066837224176527,-0.0641189638631275,-0.0027182603133994,1.1577331168064482,0.8759649000047991,0.9541618131321312,0.1464659219691245,-0.1324270490052861,-0.0469043399638248,0.3483112302310145,0.6101811260542445,0.041507643714741,-0.1475985052896924,0.1081927872197231,0.0394057180699692,0.70236678757375,1.2155260656947695,19.73804628705511,-0.3532966509936486,0.1951785978222686,2.982572148478219,0.176,0.167,0.25,3.0,14.0,311.0,460.0,-149.0
302,2,washington-commanders,2011,1,0.7569748397473884,1.3363558282729764,0.5028454762241583,-0.3298610232135833,0.5100275541949201,0.5028454762241583,0.6964935268068575,1.6172195155060454,502845.4762241584,-0.3616954586466833,0.4807090744810979,,0.5151515151515151,0.4393939393939394,0.0454545454545454,-0.1515151515151515,0.106060606060606,0.0454545454545454,0.7727261136381023,1.3181778636482273,45454.545454545456,-0.2578286681263882,0.2762526524921374,,0.3899567356274425,0.5871866518169139,0.0228566125556435,-0.3346005063465386,0.3117438937908951,0.0228566125556435,0.5381992958427293,2.1317842017006154,22856.612555643565,-0.6195237846625661,0.7569609855006437,,0.313,0.333,0.417,5.0,11.0,288.0,367.0,-79.0
303,2,washington-commanders,2019,1,0.9134427221848256,1.0415195758690126,1.418006467446077,-0.4730403105809981,0.3850600494386338,1.418006467446077,0.658819503577439,1.5865684743185715,1418006.4674460771,-0.4173045816564308,0.4615744518616494,,0.490566037735849,0.4528301886792453,0.0566037735849056,0.0199778024417314,-0.076581576026637,0.0566037735849056,1.0424506149811226,0.855344296299348,56603.77358490566,0.0415763403074589,-0.1562489970403896,,0.4481039769208578,0.4716315060538925,0.0802645170252496,-0.2043586267336475,0.1240941097083977,0.0802645170252496,0.686787698824867,1.3570630209878578,80264.51702524966,-0.3757278293516737,0.305324941477455,,0.188,0.0,0.167,3.0,13.0,266.0,435.0,-169.0
304,2,washington-commanders,2021,1,0.984704029874136,1.0913248693347664,0.505812155142135,0.0225447480031084,-0.0614683277379133,0.1821071310209377,1.0234303456792766,0.9466779691518192,1.5625663949731017,0.0231610843088388,-0.0547953810043772,0.4463315715249807,0.4642857142857143,0.4642857142857143,0.0714285714285714,-0.1130338733431516,0.0931516936671575,0.0198821796759941,0.8042077906706891,1.2509886927725302,1.38568740337866,-0.2178954432429563,0.2239363467366255,0.3262103365442023,0.4571840138701345,0.5066865464768558,0.0361294396530096,-0.0982893859729329,0.078845772305552,0.0194436136673809,0.8230514565555102,1.184284885360407,2.1651475052311078,-0.1947343698051556,0.1691410937595411,0.7725161687563507,0.412,0.333,0.5,7.0,10.0,335.0,434.0,-99.0
305,2,washington-commanders,2024,1,0.9560826688685278,1.1080453196786022,0.5162543123772746,-0.2374122018780902,0.3416623519433959,-0.2373673299822029,0.8010774836367293,1.445809628498705,0.6850302570009854,-0.2217965570291863,0.3686703636855477,-0.3782903338631064,0.490566037735849,0.4528301886792453,0.0566037735849056,-0.0584535701072882,0.0704772475027747,-0.0120236773954865,0.8935293698046585,1.1843220113958426,0.8247858253580272,-0.1125740359489699,0.1691726769001482,-0.1926138654668507,0.4690216866147494,0.5017563711752161,0.0292219422100344,-0.1862303992853545,0.2087275893941078,-0.0224971901087532,0.715787070228699,1.7123050364553918,0.5650013041327692,-0.3343704121035002,0.5378424303449477,-0.5708930193640593,0.706,0.667,0.75,12.0,5.0,485.0,391.0,94.0
306,3,arizona-cardinals,2011,1,1.0995549391632982,0.9284960411868164,0.6573365644690393,-0.1273877543642685,0.0714010606690049,0.2119032659584437,0.8961739197680579,1.0833046266602124,1.4757205870023575,-0.1096198685010538,0.0800172858648851,0.3891479253485738,0.5,0.4482758620689655,0.0517241379310344,0.0652173913043478,-0.073463268365817,0.0082458770614692,1.1499973550060836,0.8591937555108192,1.1896278109741407,0.1397616423758037,-0.1517585922818752,0.1736598274617828,0.5497774695816492,0.4162223632906419,0.0340001671277089,0.0163241245696637,-0.0309576265447379,0.0146335019750743,1.0305989157690654,0.9307693590549664,1.7555119246309292,0.030141923788978,-0.0717413644721679,0.5627899205171473,0.5,0.667,0.583,8.0,8.0,312.0,348.0,-36.0
307,3,arizona-cardinals,2013,1,0.9788336823896024,1.0389151360159223,0.8850920431680405,-0.3974057262647679,0.3502856811091944,0.8850920431680405,0.7112374235157538,1.508668587938997,885092.0431680405,-0.3407479543018433,0.4112284945747647,,0.5,0.4423076923076923,0.0576923076923076,0.0471698113207547,-0.1048621190130624,0.0576923076923076,1.104164228303996,0.8083539603292342,57692.307692307695,0.0990906943113361,-0.2127529858041573,,0.4894168411948012,0.4595201563147348,0.0510630024904638,-0.1337859098939703,0.0827229074035063,0.0510630024904638,0.7853239656208147,1.2195389910715726,51063.00249046388,-0.2416569080305997,0.1984750873418679,,0.625,0.333,0.5,10.0,6.0,379.0,324.0,55.0
308,3,arizona-cardinals,2020,1,1.080320186595306,0.9753209787179564,0.4313244145121301,0.7396329374059902,-0.5446340935220148,-1.1662181642138014,3.1709933910722783,0.6416770829966278,0.2699922682898696,1.1540458370273348,-0.4436690625156608,-1.3093596379193928,0.5283018867924528,0.4150943396226415,0.0566037735849056,0.0849056603773584,-0.1037735849056603,0.0188679245283018,1.191486674519415,0.7999984581847897,1.4999602510533472,0.1752037265638363,-0.2231430694970727,0.4054562749698961,0.5707351929182749,0.4048502175810385,0.0244145895006866,0.4196757522399933,-0.3838057161283805,-0.0358700361116127,3.778190970154712,0.5133413532254644,0.4049819381107262,1.3292470678762272,-0.6668117791518653,-0.9038718518504943,0.5,0.333,0.5,8.0,8.0,410.0,367.0,43.0
309,3,baltimore-ravens,2016,1,1.0361527882753392,0.938013567193195,1.1498542237074512,0.2922448700570811,-0.3821015350339826,1.1498542237074512,1.392848993875536,0.7105538411437187,1149854.2237074513,0.3313522504945968,-0.3417094890028584,,0.5094339622641509,0.4339622641509434,0.0566037735849056,-0.0461215932914046,-0.010482180293501,0.0566037735849056,0.9169794815124048,0.9764128974106036,56603.77358490566,-0.0866682196830174,-0.023867427058941,,0.5278514204421539,0.407062491423462,0.065086088134384,0.1145692436542327,-0.1796553317886168,0.065086088134384,1.277214873696696,0.6937948388888194,65086.08813438402,0.244683721811571,-0.3655765267553135,,0.5,0.667,0.583,8.0,8.0,343.0,321.0,22.0
310,3,buffalo-bills,2013,1,0.7784935498185956,1.413467415531983,0.3946280764839631,-0.0911704087455544,0.282905309863835,-0.4995658535877302,0.8951649047742685,1.2502330992807715,0.4413222030372317,-0.1107460420036713,0.2233307208335016,-0.8179775171471245,0.5636363636363636,0.3818181818181818,0.0545454545454545,0.1288537549407114,-0.1109354413702239,-0.0179183135704874,1.2963606547341304,0.7748647376408132,0.7527168852342564,0.2595626163823989,-0.2550641778934661,-0.2840477711407034,0.4387872735341175,0.5396875586576663,0.0215251678082161,0.0606725089410087,-0.0174010151498269,-0.0432714937911818,1.1604574964132943,0.9687626263925728,0.3321905031279111,0.1488165998314235,-0.031733811781731,-1.1020002138602694,0.375,0.5,0.417,6.0,10.0,339.0,388.0,-49.0
311,3,chicago-bears,2023,1,0.9929440542600498,1.0453562831016048,0.713420025967265,0.1923188722037202,-0.1718795323842121,0.6697323789678924,1.2402093217958108,0.8587945006283662,16.32964339631553,0.2152811803759214,-0.15222465994019,2.7929834711065213,0.5,0.4423076923076923,0.0576923076923076,0.0714285714285714,-0.0961538461538461,0.0247252747252747,1.1666639444507965,0.8214270459212004,1.7499469182768124,0.1541503464946473,-0.1967098905201774,0.5596027882452485,0.4964720271300249,0.4623691252180175,0.0411588476519576,0.1533469491058836,-0.1930655446589608,0.0397185955530771,1.4469084658004183,0.7054378430530057,28.557701795494605,0.3694312019459899,-0.3489344521963541,3.3519509607056515,0.412,0.333,0.5,7.0,10.0,360.0,379.0,-19.0
312,3,cleveland-browns,2011,1,1.0490900828036631,0.9769187542180258,0.7611543094505199,-0.8582261580485748,0.480983332469269,0.7611543094505199,0.5500343940344727,1.9698467613514712,761154.3094505199,-0.5977735148961596,0.6779567772344486,,0.5106382978723404,0.425531914893617,0.0638297872340425,0.1534954407294832,-0.2173252279635258,0.0638297872340425,1.4297832306495073,0.6619375045983971,63829.78723404255,0.3575248041543811,-0.4125817814341354,,0.5357055741976154,0.4157101081778833,0.0485843176245012,-0.1454787975353266,0.0968944799108255,0.0485843176245012,0.7864314126928112,1.303916017296508,48584.31762450128,-0.2402478993218569,0.265374463036281,,0.25,0.0,0.25,4.0,12.0,218.0,307.0,-89.0
313,3,cleveland-browns,2017,1,1.096074360755904,0.8668119010595083,1.1564395117406328,-0.0771183002722792,0.0246096588851861,1.1564395117406328,0.934265498669084,1.0292193827485796,1156439.5117406328,-0.0679937089840123,0.0288017877302231,,0.5094339622641509,0.4339622641509434,0.0566037735849056,0.0326897762176393,-0.089293549802545,0.0566037735849056,1.0685665575120251,0.8293485198446316,56603.77358490566,0.0663200474036677,-0.1871124979038982,,0.5583775045360265,0.3761636551767678,0.0654588402872056,-0.0009352757215956,-0.06452356456561,0.0654588402872056,0.9983260277957672,0.8535822795460009,65458.840287205625,-0.0016735839597715,-0.1583106804658619,,0.0,0.0,0.0,0.0,16.0,234.0,410.0,-176.0
314,3,dallas-cowboys,2012,1,0.9776632261400966,1.086351629657966,0.4675413569433596,-0.1186500886386192,0.09778306259456,0.2108052881994799,0.8917727452436228,1.0989126773192366,1.8210901886154112,-0.1145429259211645,0.0943221362880815,0.5994374653366555,0.5,0.4482758620689655,0.0517241379310344,0.0094339622641509,-0.0045543266102797,-0.0048796356538711,1.0192286915722826,0.9899403426173756,0.9137769600553148,0.0190481565092338,-0.0101083668849134,-0.0901494303584635,0.4888316130700483,0.4869852132949503,0.0241831736350013,-0.048982465878001,0.039331522549257,0.009650943328744,0.908921360156336,1.087859064949685,1.663991633339024,-0.0954946553342403,0.0842136575997496,0.5092606645556175,0.5,0.5,0.417,8.0,8.0,376.0,400.0,-24.0
315,3,detroit-lions,2011,1,1.1251888746037717,0.8860601803051649,0.7318400063478762,0.4984232415067776,0.0773884990882065,-2.1437540988302324,1.7952277852507272,1.0956969375690389,0.2545003658651545,0.58513280248955,0.0913917620623061,-1.3684516389905446,0.5081967213114754,0.4426229508196721,0.0491803278688524,-0.0632318501170959,0.1569086651053864,-0.0936768149882903,0.8893427059453466,1.5491749057566826,0.3442598852627704,-0.1172706540112114,0.437724729589218,-1.0663380932987745,0.5718172969297856,0.3921905716104828,0.0359921314597316,0.2136655065886462,0.161141519834209,-0.3748070264228553,1.596573619837309,1.6974268934171963,0.0876146972417151,0.4678615941894224,0.5291160620945071,-2.43477873491628,0.625,0.5,0.5,10.0,6.0,474.0,387.0,87.0
316,3,jacksonville-jaguars,2012,1,0.91206592976737,1.1365228602908426,0.7123388431584022,-0.0866061411552662,0.024780465423037,0.6442221569903372,0.9132777846154866,1.0222888352990698,10.457472695136294,-0.0907140934704275,0.0220449494384394,2.347318217124447,0.5087719298245614,0.4385964912280701,0.0526315789473684,-0.078184591914569,0.0690312738367658,0.0091533180778032,0.8667951444204881,1.1867872943691582,1.210498474324564,-0.1429506455502528,0.1712521835852384,0.1910512368467073,0.4640335432149777,0.4984749387240538,0.0374915180609685,-0.122143541891787,0.0876136188816039,0.0345299230101831,0.7916255400958226,1.213240822169334,12.654958716355422,-0.2336646468692621,0.193297150725768,2.538075804095896,0.125,0.333,0.167,2.0,14.0,255.0,444.0,-189.0
317,3,las-vegas-raiders,2011,1,0.9651780202484423,0.9780748168112464,1.4741824944815431,0.7962019420485966,-0.5759411310555229,1.4741824944815431,5.711887260276484,0.629384909961162,1474182.4944815433,1.7425505235737062,-0.4630112474992882,,0.5192307692307693,0.4230769230769231,0.0576923076923076,0.1192307692307692,-0.1769230769230769,0.0576923076923076,1.2980736778927284,0.7051270299164886,57692.307692307695,0.2608833052242532,-0.3493749444888284,,0.5011501258982298,0.4138008840355273,0.0850489900662428,0.4335596946182914,-0.5186086846845344,0.0850489900662428,7.414403222542428,0.4437968615087235,85048.99006624288,2.003426485296824,-0.8123859237499111,,0.5,0.5,0.5,8.0,8.0,359.0,433.0,-74.0
318,3,las-vegas-raiders,2013,1,1.045793885808704,0.8157125325143144,2.062154767607148,0.2514868785229462,-0.4222398496539659,1.9896909843002424,1.316610025602414,0.6589202342059042,28.457337116064284,0.2750612270006937,-0.4171515665430375,3.348406507369144,0.5,0.4444444444444444,0.0555555555555555,0.0483870967741935,-0.07168458781362,0.0232974910394265,1.1071404056176737,0.8611094427115658,1.7221688349883375,0.1017824800246796,-0.1495314214716181,0.5436024469074735,0.5228969429043521,0.3625389033396953,0.1145641537559526,0.1641776492914292,-0.2764042616503849,0.1122266123589557,1.4576731570937664,0.5674031053172288,48.98957696582633,0.3768433487877276,-0.5666825254124812,3.891616289196144,0.25,0.167,0.333,4.0,12.0,322.0,453.0,-131.0
319,3,los-angeles-chargers,2020,1,1.1043204224230485,0.9670883070848107,0.2896362673730652,0.4743710065788052,-0.4836231801109621,0.2207749125710913,1.7530275314495458,0.6666298909125629,4.206017470735158,0.5613452166830957,-0.4055192392296888,1.436519683637113,0.509090909090909,0.4363636363636363,0.0545454545454545,0.0485645933014353,-0.0504784688995215,0.0019138755980861,1.1054521450441734,0.8963126552398532,1.0363439458286656,0.1002563965972216,-0.1094636896303224,0.0357174159478566,0.5621994877790063,0.422002170364281,0.0157983418567126,0.2720912041665259,-0.2842652641915558,0.0121740600250298,1.9378886493338705,0.5975096007648604,4.357824464471812,0.6616008340602871,-0.5149825574266046,1.4720362525712531,0.438,0.5,0.5,7.0,9.0,384.0,426.0,-42.0
320,3,los-angeles-chargers,2024,1,0.8064749084149719,1.2878439318474215,0.5349223467683537,-0.1976387263957192,0.2954377891225329,-0.7324284615258656,0.8031701565300053,1.2976971611785677,0.4220788128975234,-0.2191874464861845,0.2605920556708307,-0.862561352534538,0.5094339622641509,0.4339622641509434,0.0566037735849056,0.0548885077186964,-0.1032278184936846,0.0483393107749883,1.1207522513261792,0.8078359417556185,6.848227968189435,0.114002075779934,-0.213393979113426,1.9240075945432515,0.4108457080604573,0.5588756685375603,0.0302786234019822,-0.0455695804898568,0.0257649307101407,0.019804649779716,0.9001556657090399,1.0483274497296495,2.8905679855479645,-0.1051851347142755,0.0471977784331262,1.0614860436607658,0.647,0.667,0.667,11.0,6.0,402.0,301.0,101.0
321,3,los-angeles-rams,2011,1,1.1412696957089845,0.8339813684249032,0.970791639369296,-0.3226489439636293,0.297900008097517,0.970791639369296,0.779598595974991,1.5556963447101482,970791.639369296,-0.2489752360892869,0.4419244545640017,,0.5172413793103449,0.4310344827586206,0.0517241379310344,0.0172413793103448,-0.0689655172413793,0.0517241379310344,1.0344806896593104,0.8620672413827585,51724.137931034486,0.0339014850091457,-0.1484196851189646,,0.5903119115736126,0.3594747277693548,0.0502133606570325,-0.1416474082626942,0.0914340476056617,0.0502133606570325,0.8064807552759525,1.3411150368473423,50213.36065703256,-0.2150735497094206,0.2935041668284781,,0.125,0.0,0.083,2.0,14.0,193.0,407.0,-214.0
322,3,los-angeles-rams,2015,1,0.9332527543111656,1.1120382517579102,0.7417652810555336,0.0345874926209182,4.846624456233961e-05,0.605271264049149,1.0384864705567856,1.000042685825441,5.434376267529509,0.0377654078994619,4.358416366489854e-05,1.692746099937852,0.5094339622641509,0.4339622641509434,0.0566037735849056,0.0395544441918617,-0.0841100250056831,0.0445555808138213,1.0841776636199605,0.8376464744156029,4.697723296513559,0.0808237488773316,-0.1771568314054608,1.5470956528675082,0.4754306484226692,0.4825826375553194,0.0419867140220113,0.0531662483513481,-0.0935084561443669,0.0403422077930187,1.125904818018167,0.8376831462069797,25.515986073001063,0.118589098431183,-0.1771132849703514,3.2393289773395155,0.438,0.667,0.5,7.0,9.0,280.0,330.0,-50.0
323,3,miami-dolphins,2012,1,0.8612903651957147,1.1989834501734669,0.8406337568199254,-0.3720674112686595,0.6396445657619061,-3.3459474824635773,0.6983291331211388,2.143568666544898,0.2007923668457047,-0.3590635888878066,0.7624728753594995,-1.6054827160257334,0.5555555555555556,0.4126984126984127,0.0317460317460317,0.0138888888888889,-0.0248015873015873,0.0109126984126984,1.025639132153397,0.9433085014626542,1.5237363844630696,0.0253177618305278,-0.0583594778232687,0.421196965732152,0.4784946473309526,0.4948185667382561,0.0266867859307912,-0.1895741482539166,0.2501078048081983,-0.0605336565542816,0.7162345169520036,2.02204652050882,0.3059658860303582,-0.3337455381224187,0.7041121484498163,-1.184244195778864,0.438,0.333,0.417,7.0,9.0,288.0,317.0,-29.0
324,3,miami-dolphins,2022,1,1.020464112339959,1.027335634060996,0.6062497944727349,0.0934484032264169,-0.0850246880893634,0.5974167179371401,1.1008044432292658,0.9235628869898173,68.62627825670283,0.0960422044983806,-0.0795154119085784,4.228677175831435,0.5094339622641509,0.4339622641509434,0.0566037735849056,-0.0298918804324782,-0.0154759380962475,0.0453678185287258,0.9445737203010068,0.9655638893561952,5.037287530466393,-0.0570195799274551,-0.0350407026571221,1.6168854153190058,0.5198590760977149,0.4458248978000548,0.0343160261022302,0.0198955475870404,-0.054112325638309,0.0342167780512685,1.0397919181312796,0.891759975330271,342.3111549104083,0.0390225380113231,-0.114556025534281,5.835749273594959,0.529,0.5,0.583,9.0,8.0,397.0,399.0,-2.0
325,3,miami-dolphins,2023,1,0.9565185765685568,1.118321700060423,0.4841997770864134,0.0284119468662946,0.0282755086588923,0.4811691095601476,1.0306116941150554,1.025938793184301,159.71400982838583,0.0301535492049847,0.0256089833999946,5.07338684254788,0.5094339622641509,0.4339622641509434,0.0566037735849056,0.0255629945222154,-0.071414079935078,0.0458510854128626,1.0528280128346854,0.8586895895299129,5.2636614228838985,0.0514818521316487,-0.1523454805560503,1.6608445391040887,0.4872830484405854,0.4853094170073534,0.0274075345520611,0.0381991953588457,-0.0655741420880438,0.027374946729198,1.085057857321884,0.8809639133909939,815.9961621743984,0.0816353624845722,-0.1267365543095881,6.704446137387013,0.647,0.667,0.583,11.0,6.0,496.0,391.0,105.0
326,3,minnesota-vikings,2011,1,0.8584292588323096,1.168814023404658,1.0133858249571268,0.2909872887950184,-0.6312504972424642,-0.3769234107126469,1.5128027029322355,0.6493174887236718,0.7288918681296583,0.4139651899864375,-0.431832629527326,-0.3162289002250666,0.5263157894736842,0.4385964912280701,0.0350877192982456,-0.1052631578947368,0.1228070175438596,-0.0175438596491228,0.833332013890978,1.3888844907546682,0.6666540002406621,-0.1823212401278394,0.3285031803077841,-0.4054556083337839,0.4518048730696367,0.5126377295634466,0.0355573973669167,0.0934204709408211,-0.0558036980093288,-0.0376167729314924,1.260667623139525,0.901828759954438,0.4859216209803583,0.2316436536143054,-0.1033286710888164,-0.7216798186428973,0.188,0.0,0.25,3.0,13.0,340.0,449.0,-109.0
327,3,minnesota-vikings,2016,1,0.99183021149315,1.105033063613989,0.2682746088544059,-0.1426420698430627,0.3267746603543759,-2.899185043330159,0.8742649366981531,1.419877561370589,0.0846970612466423,-0.134370809791431,0.3505715484586123,-2.468670646434631,0.5094339622641509,0.4339622641509434,0.0566037735849056,-0.0129540974373415,-0.0287243030132356,0.0416784004505773,0.975200289522249,0.937916414764949,3.792198752872237,-0.0251104409690859,-0.0640921396599682,1.3329636632619666,0.5052719945342462,0.4795426502475798,0.0151853552181739,-0.0873627792981036,0.1194529412767143,-0.0320901619786106,0.8525843643674168,1.331727362858393,0.3212029167666084,-0.1594811344559007,0.2864789539472008,-1.1356163653553155,0.5,0.333,0.417,8.0,8.0,327.0,307.0,20.0
328,3,new-york-giants,2011,1,1.0381852863083108,0.9973603943149828,0.592749610127644,0.3531430767182181,-0.2753474047351438,0.5568308322488073,1.515503360626736,0.7836516845482271,16.502039966034438,0.415748598235617,-0.2437896346201774,2.803485694621125,0.5151515151515151,0.4393939393939394,0.0454545454545454,0.2424242424242424,-0.1969696969696969,-0.0454545454545454,1.8888819629883584,0.6904751054438819,0.4999945000604993,0.6359870412346389,-0.3703730838647519,-0.6931361807414421,0.5348227232497359,0.438234112653553,0.026943164096711,0.3479930297251651,-0.3716708503783456,0.0236778206531804,2.862606315698333,0.5410925868640541,8.248723553573418,1.051734378822664,-0.6141625926664257,2.1100955820740674,0.563,0.5,0.417,9.0,7.0,394.0,400.0,-6.0
329,3,new-york-giants,2024,1,0.9430101795978648,0.98497009790557,1.6091410262091337,-0.4390890665572523,0.2340100712883771,1.4803140407034543,0.6823023020372345,1.3116128041191473,12.490617002919718,-0.3822814007960448,0.2712585434128772,2.5249783441201163,0.5,0.4423076923076923,0.0576923076923076,0.0606060606060606,-0.0728438228438228,0.0122377622377622,1.137928444714574,0.8585956183822611,1.2692028467681404,0.1292114556185271,-0.1524549655495907,0.2384063568701075,0.4715050897989324,0.4356598509966944,0.0928350592043731,-0.1357809426025585,0.0488016554666254,0.0869792871359331,0.7764122476555863,1.1261457812829276,15.850891603692023,-0.253069532016159,0.1188032849829894,2.763236523074581,0.176,0.0,0.083,3.0,14.0,273.0,415.0,-142.0
330,3,new-york-jets,2013,1,0.9829102010251036,1.0975603739679134,0.3733251990307593,0.1843824544808472,-0.2846462289694629,0.3229349200888354,1.230901461317183,0.7940633314673213,7.408527960979477,0.2077478137139008,-0.2305911472513677,2.002634442461272,0.5,0.4444444444444444,0.0555555555555555,-0.0846153846153846,0.0598290598290597,0.0247863247863247,0.8552616949471007,1.1555525511189226,1.805496876907056,-0.1563457809175468,0.1445808788119561,0.5908538318056424,0.4914551005125518,0.487804610652406,0.0207402888350421,0.024623494840525,-0.0438133135542772,0.0191898187137522,1.052743734138021,0.917583231974558,13.368152277272175,0.0514018709147026,-0.0860099371202766,2.592923396580486,0.5,0.5,0.417,8.0,8.0,290.0,387.0,-97.0
331,3,new-york-jets,2014,1,1.128661904918985,0.8459495938484963,0.928858532533832,0.2278358388477861,-0.259422710950855,0.928858532533832,1.2529173993865974,0.7653066979051517,928858.532533832,0.2254756374682324,-0.2674774311023158,,0.5283018867924528,0.4150943396226415,0.0566037735849056,0.0131503716409376,-0.0697541452258433,0.0566037735849056,1.0255252012834883,0.8561303097029345,56603.77358490566,0.0252067657141111,-0.1553302743769728,,0.5962742139194639,0.3511488880125833,0.0525768980679527,0.1322123010949069,-0.1847891991628597,0.0525768980679527,1.2848995199598952,0.6552029818598256,52576.89806795275,0.250682197785422,-0.4228073475947139,,0.25,0.167,0.333,4.0,12.0,283.0,401.0,-118.0
332,3,philadelphia-eagles,2020,1,1.096862292150674,0.9346190949477589,0.5536182752927319,0.1010431440337018,-0.0695617569352693,0.5536182752927319,1.1014662579631127,0.930726932771364,553618.2752927319,0.0966431656751462,-0.0717882800673689,,0.5384615384615384,0.4038461538461538,0.0576923076923076,0.0384615384615384,-0.0961538461538461,0.0576923076923076,1.0769209230812309,0.807690692310923,57692.307692307695,0.0741078292968545,-0.2135736241086487,,0.5906181573119013,0.3774423268058257,0.0319395158822729,0.0927085832534152,-0.1246480991356882,0.0319395158822729,1.1861932404804192,0.7517402355518256,31939.515882272997,0.1707509150807932,-0.2853617967466418,,0.281,0.333,0.333,4.0,11.0,334.0,418.0,-84.0
333,3,pittsburgh-steelers,2011,1,0.8153894544497887,1.3054713150441355,0.4468278758819192,-0.1415571232242322,0.105207114183156,0.446193570206047,0.8520732728449905,1.08765239057809,703.3273790108613,-0.1600815284518578,0.0840223694373023,6.555824709900568,0.5217391304347826,0.4202898550724637,0.0579710144927536,-0.0869565217391304,0.072463768115942,0.0144927536231884,0.8571414489819051,1.2083298593849876,1.333302667371984,-0.1541504060182218,0.1892415039501755,0.2876763225674974,0.4254205849303245,0.5486763498011584,0.025903065268517,-0.1570686362625578,0.1311931495016873,0.0258754867608704,0.7303480289490616,1.3142445855617535,906.382712100187,-0.3142317558525863,0.273263863482125,6.80950024111007,0.75,0.667,0.75,12.0,4.0,325.0,227.0,98.0
334,3,san-francisco-49ers,2011,1,0.9267849612818532,1.1018346055151889,0.8793141206639017,-0.0956536680000399,0.1222333594078188,0.8793141206639017,0.9064446787266818,1.1247775409800576,879314.1206639017,-0.098224198979643,0.1175861823287437,,0.5230769230769231,0.4307692307692308,0.0461538461538461,0.0468864468864469,-0.093040293040293,0.0461538461538461,1.098459231697152,0.8223760523869769,46153.84615384616,0.0939104112149852,-0.1955551824585907,,0.484779825901277,0.4746364454526967,0.0405837286460262,-0.0020957118520053,-0.0384880167940208,0.0405837286460262,0.9956935450993784,0.9249910214443522,40583.72864602623,-0.0043136915956901,-0.0779691411899722,,0.813,0.833,0.833,13.0,3.0,380.0,229.0,151.0
335,3,san-francisco-49ers,2012,1,0.8526150960155241,1.1736470861031287,0.977661687657193,-0.1068868121606488,0.1312205137162623,0.977661687657193,0.8886008460737012,1.1258787825573402,977661.687657193,-0.1181059634769302,0.1185647228207734,,0.5087719298245614,0.4385964912280701,0.0526315789473684,-0.0028559771521827,-0.0497756017951856,0.0526315789473684,0.9944159192078006,0.8980766907385389,52631.57894736842,-0.0055977645410641,-0.1074975326157604,,0.433786627797372,0.514757493904881,0.051455878297747,-0.0571213252229955,0.0056654469252486,0.051455878297747,0.8836396751952789,1.0111265454495104,51455.87829774701,-0.1237036014058882,0.0110670434608227,,0.719,0.583,0.625,11.0,4.0,397.0,273.0,124.0
336,3,san-francisco-49ers,2022,1,0.9115672215677972,1.1136392787319835,0.8951829428005502,-0.0437866248478117,0.0436015700832379,0.8723359483346609,0.954166114285076,1.040746722273531,39.17993520774893,-0.0469164016919234,0.0399393556555457,3.668165875897224,0.5,0.4423076923076923,0.0576923076923076,-0.0057471264367816,-0.0404509283819629,0.0461980548187444,0.9886344088365095,0.916206893351655,5.0187941341411,-0.0114286730963953,-0.0875108128404789,1.6132070257086597,0.4557836107838986,0.4925712194391465,0.0516451697769548,-0.027383851771122,-0.023998708874041,0.0513825606451629,0.9433223525676544,0.9535403415898572,195.91570832886893,-0.0583450234471626,-0.0475715157191214,5.27770386988935,0.765,1.0,0.833,13.0,4.0,450.0,277.0,173.0
337,3,seattle-seahawks,2014,1,0.9446022167900632,1.0946143970404083,0.7416648725661651,0.0706557651338735,-0.0285076734349414,0.7416648725661651,1.0808455531279118,0.9746166077570864,741664.8725661652,0.0777447130234804,-0.0257101945665961,,0.5,0.4444444444444444,0.0555555555555555,0.0058823529411764,-0.061437908496732,0.0555555555555555,1.011902714006412,0.8785512349051816,55555.55555555556,0.0118344338375269,-0.1294788021643383,,0.4723011083950315,0.4864952875735148,0.0412036040314536,0.0404687440472672,-0.0816723480787208,0.0412036040314536,1.0937114808356443,0.8562515722379448,41203.604031453615,0.0895790578389557,-0.155188997700831,,0.75,0.833,0.833,12.0,4.0,394.0,254.0,140.0
338,3,seattle-seahawks,2023,1,1.020201460599285,1.0061392555140265,0.769072810494222,0.3190723363410102,-0.2379386263417158,0.769072810494222,1.4550814824545664,0.8087423315258027,769072.8104942221,0.375062880940484,-0.2122739211989026,,0.5,0.4444444444444444,0.0555555555555555,0.0504587155963302,-0.1060142711518858,0.0555555555555555,1.1122424237872617,0.8074059406199485,55555.55555555556,0.1063801790692502,-0.2139264628768337,,0.5101007302996425,0.4471730024506784,0.042726267249679,0.1949142432477574,-0.2376405104974365,0.042726267249679,1.61840412851057,0.6529841205111238,42726.26724967901,0.4814425182461423,-0.4262002314800571,,0.529,0.333,0.583,9.0,8.0,364.0,402.0,-38.0
339,3,tampa-bay-buccaneers,2012,1,1.0496933310693422,0.8920708657202813,1.3142804389955114,-0.3161512277151477,0.2421224030668435,1.267071856695478,0.768530032050987,1.3725234298654172,27.83927276972705,-0.2632746853171704,0.3166520861825835,3.3264484742203235,0.5,0.4310344827586206,0.0689655172413793,-0.0161290322580645,-0.0205784204671857,0.0367074527252502,0.9687481230505116,0.9544313841531666,2.137864760675177,-0.0317486358147033,-0.0466372050942849,0.7598220554339836,0.5248466655346711,0.3845133041897764,0.0906400302755525,-0.1801053648057108,0.0909881920237077,0.089117172782003,0.7445129575246344,1.3099798902123905,59.48064740911424,-0.2950231173616841,0.2700143867991895,4.0856620386089375,0.438,0.5,0.333,7.0,9.0,389.0,394.0,-5.0
340,3,tampa-bay-buccaneers,2021,1,0.9909555681186074,1.0211513617456782,0.911168160306144,-0.6394915688075554,0.5519721162774136,0.5420609700082019,0.6077811036583032,2.176458560667915,2.468566626957408,-0.4979394795925258,0.7777000216794043,0.9036387667120864,0.5087719298245614,0.4385964912280701,0.0526315789473684,0.0444862155388471,-0.0137844611528822,-0.0307017543859649,1.0958141040225238,0.9695269427077554,0.6315713685119989,0.0914995265370665,-0.0309447343758934,-0.4595253294869384,0.5041703767620984,0.4478734042744203,0.0479562189634812,-0.2528229368107628,0.2356256503721101,0.0171972864386527,0.6660160687106292,2.110134434431398,1.559048249692109,-0.4064394980851555,0.7467538912303517,0.4440963908611836,0.765,0.667,0.667,13.0,4.0,511.0,353.0,158.0
341,3,washington-commanders,2012,1,1.0606081448031068,0.9746121029153768,0.6224096257305393,0.0425876304014094,-0.1144447969974544,0.5325676474040335,1.0418327410560062,0.8949130280340332,6.927749250126025,0.0409823560810293,-0.1110277147613774,1.9355365835742864,0.5,0.45,0.05,0.0277777777777777,-0.0222222222222222,-0.0055555555555555,1.0588212872019802,0.952939158481782,0.8999838002915949,0.0571582961931321,-0.0482019972429411,-0.1053585156958255,0.5303040724015534,0.4385754463119196,0.0311204812865269,0.0495721628229741,-0.0757014230913618,0.0261292602683877,1.103115808872809,0.8527985985879585,6.233794772597377,0.098140614913613,-0.1592295887719044,1.830017392804813,0.625,0.833,0.667,10.0,6.0,436.0,388.0,48.0
342,4,baltimore-ravens,2015,1,0.5882987786479056,1.2872264424218518,1.4341043081186935,-0.6228221100953245,0.6100048434567645,1.4325586520951148,0.4857469624782174,1.9007434843269488,927.2289935550052,-0.7220657441905528,0.6422458940358542,6.83220125884762,0.4230769230769231,0.5192307692307693,0.0576923076923076,-0.1923076923076923,0.1431623931623932,0.0491452991452991,0.6874988828143154,1.3806781468331095,6.749210342389941,-0.3746927108065203,0.3225767151390945,1.9094428449115173,0.2488956371202677,0.6683675758728845,0.0827367870068477,-0.4964095251832585,0.4136859489116551,0.0827235762716034,0.3339508643682794,2.624315540669489,5822.132745752985,-1.0967573917572522,0.9648216118132824,8.669434011207965,0.313,0.5,0.333,5.0,11.0,328.0,401.0,-73.0
343,4,baltimore-ravens,2020,1,0.573308442235536,1.4031062175911757,0.8332860428030244,-0.842909762335838,0.7108392754451888,0.7734906476868205,0.404816175620956,2.026825354994245,13.935389268595165,-0.9043204580090556,0.7064714171104663,2.634432795207123,0.4339622641509434,0.490566037735849,0.0754716981132075,-0.0387650085763293,0.0178387650085763,0.020926243567753,0.9179951553295518,1.0377336538507975,1.383622432330879,-0.08556086144919,0.0370411947574319,0.3247182608790697,0.2487942296493835,0.6883162576862372,0.0628895126643792,-0.4206907397843569,0.361062794126316,0.0596279456580408,0.3716197814568344,2.1033059418002558,19.27608307881486,-0.9898800208823112,0.743511817703817,2.9588810095060785,0.688,0.667,0.583,11.0,5.0,468.0,303.0,165.0
344,4,buffalo-bills,2015,1,0.7885244949710953,1.26481413925437,0.6137646598336145,-0.1891012267171058,0.158617627920232,0.5022478056116478,0.8065701125777768,1.1433890659624892,5.503734483735394,-0.21496318262445,0.1339975076911754,1.7054284881546848,0.4528301886792453,0.4716981132075472,0.0754716981132075,-0.0573738929534077,0.0227185213708124,0.0346553715825953,0.8875454302222775,1.0505980030848938,1.8490113029966613,-0.1192933616289346,0.0493616487958956,0.6146643153307897,0.3570676958359677,0.5966104430445143,0.046321861119518,-0.1417209376784206,0.0999507848944931,0.0417701527839276,0.7158683177116743,1.2012436122216517,10.174572519262918,-0.334256242160754,0.1833590398129699,2.319913305443281,0.5,0.667,0.583,8.0,8.0,379.0,359.0,20.0
345,4,carolina-panthers,2019,1,0.8754145118382894,1.1658750762156185,0.4622797232992124,-0.0283168123964735,0.0750788973940999,-1.4752808188562625,0.96866570815595,1.0688284667872108,0.2385884077699752,-0.0318345707207012,0.0665640155143384,-1.4330131916757307,0.4339622641509434,0.5094339622641509,0.0566037735849056,-0.1771488469601677,0.1483228511530398,0.0288259958071278,0.7101189065978784,1.4107362965386738,2.0376624932068483,-0.3423205445423046,0.3441137271808822,0.7118209807306952,0.3798968636279369,0.5939363595815416,0.0261667767905214,-0.1723833900710848,0.2000377394515488,-0.0276543493804639,0.6878684747734899,1.5078368427609392,0.486171369510622,-0.3741549974216329,0.4106777529573651,-0.721155889403482,0.313,0.167,0.167,5.0,11.0,340.0,470.0,-130.0
346,4,carolina-panthers,2023,1,0.8971640458135715,1.1297172730390994,0.6209535247440577,-0.4990459502552715,0.4871881600962303,0.3807756034483078,0.6425705343530578,1.7582324163218617,2.5853789391427573,-0.4422775725212768,0.5643098806627529,0.9498736991866736,0.4339622641509434,0.5094339622641509,0.0566037735849056,-0.0578410145375811,0.0340241261985772,0.023816888339004,0.8823881429176944,1.0715657356070116,1.7263624402851938,-0.1251209440979113,0.0691228461540174,0.5460342257050822,0.3893353406360781,0.5755163466425601,0.0351483127213617,-0.297325313168271,0.2700516863910322,0.0272736267772388,0.5669973537607965,1.8840623399981065,4.462889070327949,-0.5673980738772085,0.6334320023463035,1.495824780396457,0.118,0.167,0.083,2.0,15.0,236.0,416.0,-180.0
347,4,cincinnati-bengals,2011,1,0.9960922225489992,1.0684235699687237,0.3457239274371013,-0.2370450829690846,0.6018055163529701,0.3419037484571318,0.8077700758233333,2.2897126932337777,90.47572208718351,-0.2134768166577973,0.8284272841831815,4.50508444296371,0.4107142857142857,0.5357142857142857,0.0535714285714285,-0.3092857142857143,0.2957142857142857,0.0135714285714285,0.5704357156646807,2.232133556586372,1.3392522329798895,-0.5613523619422434,0.8029597465740902,0.2921300896061026,0.4091093056897675,0.572369769626102,0.0185209246841304,-0.4787495542832528,0.4603814367583211,0.0183681175249316,0.4607813959538606,5.11093114825378,120.41653184813316,-0.774829099447963,1.6313833555295183,4.791010822684592,0.563,0.333,0.5,9.0,7.0,344.0,323.0,21.0
348,4,cincinnati-bengals,2016,1,0.8042642304196999,1.2271054408581528,0.5976390025384097,-0.8212568897361792,0.8811605825561167,-0.2136190896943506,0.4947728612530817,3.547102563623699,0.7366808067365729,-0.703655244508435,1.2661319058963216,-0.3055989054081302,0.4528301886792453,0.490566037735849,0.0566037735849056,-0.0377358490566037,0.0377358490566037,0.0,0.923075041423954,1.0833309409775054,0.9999823336454388,-0.0800425378021022,0.0800425378021022,0.0,0.3641951232089206,0.6019762540058863,0.033828622785193,-0.4332303319618878,0.4453219785483605,-0.0120916465864726,0.4567131186172023,3.842681022057896,0.7366656725318208,-0.7836970886243566,1.3461719670046826,-0.305591562314652,0.406,0.5,0.417,6.0,9.0,325.0,315.0,10.0
349,4,cleveland-browns,2015,1,0.8440773123134293,1.1877712424464244,0.5054660902458883,-0.1468078285217287,0.1725798105050211,0.5054660902458883,0.8518408700337736,1.1699961554825524,505466.09024588834,-0.1603543571328633,0.1570013048045211,,0.4339622641509434,0.5094339622641509,0.0566037735849056,-0.1910377358490566,0.1344339622641509,0.0566037735849056,0.6943385116998907,1.3584869434058868,56603.77358490566,-0.3647933640307855,0.3063735017618588,,0.3662977015699787,0.6050910103028955,0.0286112881271257,-0.253005511451995,0.2243942233248692,0.0286112881271257,0.5914665101058856,1.5894261301230554,28611.288127125757,-0.5251474857372923,0.4633746792749142,,0.188,0.167,0.167,3.0,13.0,278.0,432.0,-154.0
350,4,denver-broncos,2011,1,0.6272333481027017,1.4052156280641548,0.5864738408833552,-0.1835113388527015,0.2348858463240177,0.5864738408833552,0.7736499351086945,1.2006995372494371,586473.8408833552,-0.2566341936215682,0.1829050462881122,,0.4482758620689655,0.4827586206896552,0.0689655172413793,-0.0254083484573502,-0.0435571687840289,0.0689655172413793,0.9463581553894882,0.9172396365550354,68965.51724137932,-0.0551319510368562,-0.0863844427705896,,0.2811735698391421,0.6783799583757989,0.0404464717850589,-0.102863387139733,0.0624169153546741,0.0404464717850589,0.732150467758604,1.1013304527461412,40446.47178505898,-0.3117656725817853,0.0965204255409959,,0.5,0.5,0.5,8.0,8.0,309.0,390.0,-81.0
351,4,denver-broncos,2018,1,0.8150102913903178,1.1540792133677775,0.692472590386773,-0.4368787106317114,0.5032000295457582,-0.0336693545445383,0.6510238839466155,1.7731054686454488,0.953631230903547,-0.4292077223789014,0.5727333777957635,-0.047476788579853,0.3773584905660377,0.5660377358490566,0.0566037735849056,-0.1991120976692563,0.1778024417314095,0.0213096559378468,0.6546003276956195,1.4579722308948542,1.6037281459415254,-0.4237277663143252,0.3770483540447173,0.4723486765168555,0.3075510533548369,0.6532523849251571,0.039196561720006,-0.4141261360460976,0.4005581135589614,0.0135680224871362,0.4261609369269358,2.585138935894413,1.5293510103270425,-0.8529349663551481,0.9497807842779052,0.4248689812756849,0.375,0.333,0.333,6.0,10.0,329.0,349.0,-20.0
352,4,detroit-lions,2019,1,0.8708498052045751,1.0860463786709798,1.215734085392773,-0.380459368111265,0.3671792500010074,1.1867625610324373,0.6959503916578212,1.5107727486546791,41.96162095758392,-0.3624757492387231,0.4126221947718866,3.736756236349531,0.4339622641509434,0.5094339622641509,0.0566037735849056,-0.1241772707327775,0.0908293111013602,0.0333479596314172,0.7775143302239319,1.2169782248497123,2.4338576082737875,-0.2516508995972459,0.1963728843246058,0.8894951582446368,0.3779159532019854,0.5532689098889897,0.0688151369090248,-0.3204891667882509,0.2523477862596989,0.0681413805285519,0.5411120297847171,1.838578377741903,101.98515923746248,-0.6141262964015726,0.6089944596408984,4.624841836607495,0.219,0.0,0.208,3.0,12.0,341.0,423.0,-82.0
353,4,houston-texans,2015,1,0.6811735287739827,1.32915058354225,0.5916978886999645,-0.93114843092727,1.0919150438804304,0.4072221348058637,0.4224795812001569,5.602638554064866,3.207438748838944,-0.8616126938194859,1.7232384095038435,1.1654744111445143,0.4423076923076923,0.5,0.0576923076923076,-0.1132478632478632,0.0777777777777777,0.0354700854700854,0.7961524130795025,1.184207721613291,2.596037024487744,-0.2279623768815294,0.1690759616236861,0.9540033940525844,0.3012882915731077,0.6645752917711251,0.0341364166557671,-0.5944461304831439,0.5644091750250234,0.0300369554581205,0.3363585766000744,6.634665280978941,8.325018823579791,-1.0895741767269695,1.892309723752241,2.119294590754352,0.563,0.833,0.583,9.0,7.0,339.0,313.0,26.0
354,4,houston-texans,2018,1,0.8020528156225291,1.2690494034493565,0.2518159784586779,-0.4250290310353464,0.5731102976004948,-1.4025693597065594,0.6536256437835697,1.8235037653153412,0.1522111085237497,-0.4252192547311116,0.6007605841391959,-1.8824828787135224,0.4528301886792453,0.490566037735849,0.0566037735849056,-0.0988939492517891,0.0537844285404467,0.0451095207113424,0.8207532293659039,1.1231354623745695,4.924099905195041,-0.197530579624946,0.1161263323859554,1.594159164065465,0.3631937278290698,0.6225525375411938,0.0142537346297364,-0.3138169461890684,0.3185791349865186,-0.0047621887974501,0.5364659750598912,2.0480426388179733,0.7495289490075622,-0.6227493857800431,0.7168861329847178,-0.2882401831680256,0.688,0.667,0.75,11.0,5.0,402.0,316.0,86.0
355,4,indianapolis-colts,2014,1,0.8491076937414386,1.1281538601642749,1.0461742265585894,-0.0202515664420709,-0.0679673784254859,1.0319045431881877,0.9767040577196432,0.9431760599103808,73.30932930152633,-0.0235704043111588,-0.0585014254519805,4.29468883225766,0.4423076923076923,0.5,0.0576923076923076,-0.1158318425760286,0.0697674418604651,0.0460644007155635,0.7924665288820845,1.1621594609266586,4.961111805923153,-0.2326027481047132,0.1502818787257149,1.601647203221091,0.3755668645394824,0.5640769300821373,0.0603562053783801,-0.1096569085861972,0.0494666297586356,0.0601902788275615,0.7740059562915301,1.09612231547877,361.57342904641337,-0.2561730473167574,0.0917805568192834,5.8904817123661095,0.688,1.0,0.75,11.0,5.0,458.0,369.0,89.0
356,4,jacksonville-jaguars,2018,1,0.6227738495786984,1.447919560878716,0.1358396757548753,-0.7346461381254349,0.8821210763873678,-0.738872537388454,0.4587919703761348,2.559068363557084,0.1552962430585998,-0.7791567895218205,0.93964396241669,-1.8624133790370927,0.4528301886792453,0.490566037735849,0.0566037735849056,-0.0820535322509872,0.0603334795963141,0.0217200526546731,0.8465939873767866,1.1402319239280423,1.6225949950441043,-0.1665318446723382,0.1312337222164812,0.4840443829562132,0.2820107998092219,0.7103001619405022,0.0076890382502759,-0.4440510540790354,0.4668752325663175,-0.022824178487282,0.3884110009195209,2.917931396078423,0.2519821601978731,-0.9456876733231846,1.0708763470818998,-1.3782669400216196,0.313,0.167,0.333,5.0,11.0,245.0,316.0,-71.0
357,4,jacksonville-jaguars,2024,1,0.8166529952422988,1.2025209759489164,0.5829715862687959,-0.5711870963070446,0.6363011077629089,0.5664865168661798,0.5884340795318378,2.123766613903534,35.36146621924864,-0.5302891484357413,0.7531920484686425,3.5656244177342584,0.4339622641509434,0.5094339622641509,0.0566037735849056,-0.120493181393611,0.1034933682047449,0.016999813188866,0.7826805290805686,1.2549439863252836,1.429209195486682,-0.2450283707414932,0.2270929021385953,0.3571389476667455,0.3543965828409975,0.6126050254834102,0.0329983916755922,-0.4150989134635889,0.3827533958237438,0.032345517639845,0.4605564606764867,2.665207817680703,50.46597642906183,-0.7753170017765667,0.9802836673173164,3.92132967919062,0.235,0.5,0.333,4.0,13.0,320.0,435.0,-115.0
358,4,los-angeles-rams,2018,1,0.9353800336717064,1.0674709965309912,0.8441504521182361,0.0877400800356966,-0.1757012105059336,0.5368544589288886,1.1035097226712964,0.858666347125743,2.747018261900451,0.0984968265173102,-0.1523739157690773,1.010517239656664,0.4150943396226415,0.5283018867924528,0.0566037735849056,-0.1245882000598981,0.0997304582210242,0.0248577418388739,0.7691439688281289,1.2327015262121623,1.7829627045993337,-0.2624747022698872,0.2092100165350262,0.5782940879543028,0.3882709573731611,0.5639469415635425,0.0477821010632963,-0.0691855255415108,0.0311588528334317,0.0380266727080789,0.8487585663684161,1.0584806511478977,4.897499302369628,-0.163977931719469,0.0568363051393219,1.5887456565101397,0.813,1.0,0.75,13.0,3.0,527.0,384.0,143.0
359,4,los-angeles-rams,2022,1,0.5250633778399788,1.4915474246736526,0.697727504161852,-0.8837665556450177,0.9369125714824073,0.4464824966385224,0.3726943846563194,2.6892373006390344,2.7770690210751474,-0.9869946347389056,0.9892582924946096,1.0213974957853726,0.4629629629629629,0.4814814814814814,0.0555555555555555,-0.0754985754985754,0.068019943019943,0.0074786324786324,0.8597867630415141,1.1645105340692683,1.155531520499929,-0.1510687104333156,0.1523029332242117,0.1445784288654265,0.2430848971481383,0.7181524637317588,0.0387626391201028,-0.5155158362668596,0.4888322840469169,0.0266835522199428,0.3204380987291486,3.131644729539252,3.208804658482153,-1.1380620471852911,1.1415597316968853,1.165924284960203,0.294,0.167,0.25,5.0,12.0,307.0,384.0,-77.0
360,4,miami-dolphins,2013,1,0.7970238333693775,1.2070726519065802,0.6924967436755518,-0.2227404188960873,0.2203276680621316,-0.0531699601663824,0.7815757907015807,1.223286105714583,0.9286934918966888,-0.2464418980920445,0.2015415954204531,-0.073975083931998,0.4339622641509434,0.5094339622641509,0.0566037735849056,-0.0732841126606508,0.0311730926989335,0.0421110199617172,0.8555239198647034,1.065177875725848,3.905390905386019,-0.1560389215965837,0.0631437676371178,1.3623755486042508,0.3458782673112393,0.6149238038014653,0.0391979288872953,-0.1713934548524022,0.143002289788903,0.0283911650634992,0.6686574653782326,1.3030185794125864,3.626830630864712,-0.4024804686873092,0.2646851832080356,1.288384673680644,0.5,0.333,0.583,8.0,8.0,317.0,335.0,-18.0
361,4,new-england-patriots,2023,1,0.9209508924287704,1.1264974060931396,0.4675665032078371,-0.22439748844582,0.2342360222013985,-0.0098098523172707,0.8040785700914519,1.2625180960557207,0.97944843381505,-0.2180572047498688,0.2331091032810676,-0.0207635496684326,0.4339622641509434,0.5094339622641509,0.0566037735849056,-0.0986464315012305,0.1072600492206726,-0.0086136177194421,0.8147847620752792,1.2666975133008287,0.8679112203298418,-0.2048289918886453,0.2364150933346644,-0.1416481837681928,0.3996579344502212,0.5738760370663163,0.0264660284834624,-0.2103645727547237,0.2150317848489856,-0.0046672120942619,0.655151694532898,1.5992298449548794,0.8500617966701938,-0.4228859733174756,0.4695239089930105,-0.1624084466029124,0.235,0.333,0.333,4.0,13.0,236.0,366.0,-130.0
362,4,new-york-jets,2016,1,0.7724885603088986,1.2000545029702716,0.8770790099092424,-0.5352337560028125,0.5463737774460229,0.8742798281706236,0.5907125388630503,1.83583914940843,313.222173337172,-0.5264244832519962,0.6075025124008545,5.746913897853907,0.4259259259259259,0.5185185185185185,0.0555555555555555,-0.1230936819172113,0.0871459694989106,0.0359477124183006,0.7757922377435034,1.202017415525284,2.833188840702457,-0.2538681816895848,0.1840032533673771,1.0414208759666186,0.3290229053167531,0.6222504830216223,0.0487266116616245,-0.3889422879524215,0.3402705622072405,0.048671725745181,0.4582707492376291,2.206711295305076,871.8942939923231,-0.7802920746934219,0.7915049126033631,6.770688716530969,0.313,0.333,0.333,5.0,11.0,275.0,409.0,-134.0
363,4,new-york-jets,2017,1,0.8506266768348245,1.18750423117934,0.3453648788707787,-0.4604878345336198,0.5176377271984725,0.0345136694404799,0.6487808812108431,1.772744944518546,1.111025974380982,-0.4326590689360594,0.572530003526321,0.1052867851492201,0.4150943396226415,0.5283018867924528,0.0566037735849056,-0.1260821309655937,0.1165371809100999,0.0095449500554938,0.7670207319817894,1.2830157520291303,1.2028046290808774,-0.265239038928957,0.2492152559108569,0.1846736872228047,0.3530903186861536,0.6273607259060665,0.0195489554077799,-0.3564540051132399,0.3515333419139446,0.0049206631992952,0.4976289841436277,2.2744603612802408,1.3362885318841329,-0.6978976592438957,0.8217444144107864,0.2899471710961545,0.313,0.333,0.417,5.0,11.0,298.0,382.0,-84.0
364,4,new-york-jets,2023,1,0.8510029092565564,1.1752088781919583,0.6150968222199255,-0.5050345184523376,0.5726576133381585,0.1978885454317674,0.6275654818236792,1.9503849653226428,1.474312428897037,-0.4659060848333509,0.6680276221176418,0.3881933569688165,0.4444444444444444,0.5,0.0555555555555555,-0.0933706816059757,0.0798319327731092,0.0135387488328664,0.8263873523249056,1.1899971678067407,1.3221907540822748,-0.1906894158402739,0.1739529271242702,0.2793080229024816,0.3782235152251361,0.587604439095979,0.0341720456788847,-0.3510739248872102,0.3344316387372396,0.0166422861499705,0.5186128125639099,2.320952793153801,1.949262131085843,-0.6565950561846985,0.8419794898974212,0.6674801699089051,0.412,0.333,0.333,7.0,10.0,268.0,355.0,-87.0
365,4,pittsburgh-steelers,2012,1,0.7539446642024549,1.2807589409476718,0.5110194281515664,-0.4492368208215195,0.5341095928841889,0.5081043132496759,0.6266253653014505,1.7153396422695797,175.2398123339623,-0.4674050940756237,0.5396118839365927,5.166157348907289,0.4285714285714285,0.5,0.0714285714285714,-0.1815980629539952,0.1440677966101695,0.0375302663438256,0.7023798012585002,1.404757958060975,2.107080698262258,-0.3532786604945293,0.3398670161004885,0.7453174340676327,0.3231191418010521,0.640379470473836,0.0365013877251118,-0.4110254931288306,0.37462292285802,0.0364025702708105,0.4401294871581069,2.4096379433767976,365.6814129411188,-0.8206832115397625,0.8794780668256658,5.901789893732538,0.5,0.5,0.417,8.0,8.0,336.0,314.0,22.0
366,4,pittsburgh-steelers,2022,1,0.7587297338601594,1.2504448282400051,0.7596402843720147,-0.6069021883955302,0.4194527662939695,0.6281564443303483,0.5555883440528986,1.5047596490296673,5.7773982470624885,-0.5877263293569701,0.4086339835208483,1.7539547674909193,0.4528301886792453,0.490566037735849,0.0566037735849056,0.0792038150528716,-0.0918515446817334,0.0126477296288617,1.2119834376270149,0.8422911846314048,1.2877065537325063,0.1922604305604008,-0.1716274610861089,0.2528804372823374,0.3435757285404495,0.6134257647969836,0.0429985066625668,-0.1666603742803575,0.1294413770701716,0.0372189972101859,0.6733648467369723,1.2674468699935937,7.438532367567739,-0.3954650657033199,0.2370061686276133,2.0066968233137152,0.529,0.5,0.417,9.0,8.0,308.0,346.0,-38.0
367,4,pittsburgh-steelers,2024,1,0.5834808422917134,1.4270820562990547,0.6342964066047427,-0.813700619740653,0.8814812556686733,-0.4105341502768889,0.417612486663318,2.6156109724165537,0.6070800622617506,-0.8731996279961824,0.9614984124167648,-0.4990930217821561,0.4509803921568627,0.4901960784313725,0.0588235294117647,-0.0644835253689103,0.0365878310086921,0.0278956943602183,0.8749002634778026,1.0806571541840724,1.9018992895700293,-0.1336431663292115,0.0775713721838913,0.6428700128239363,0.2631384190727335,0.6995500275975758,0.0373115533296907,-0.4570582108408575,0.4520610046312172,0.0049972062096402,0.3653697376153608,2.826578700882281,1.1546078459587494,-1.0068416580752917,1.0390684701698834,0.1437875600037228,0.588,0.5,0.583,10.0,7.0,380.0,347.0,33.0
368,4,san-francisco-49ers,2024,1,0.9116812530975767,1.14454077145964,0.37624344978182,-0.0990600715060735,0.1180506180325842,-0.2213660610208965,0.9019917647705916,1.1150030544719869,0.6295797061474805,-0.1031487920532885,0.1088580180575755,-0.4627001574780565,0.4339622641509434,0.5094339622641509,0.0566037735849056,-0.1038528618994767,0.0892658950372601,0.0145869668622165,0.8068970845813938,1.2124499445578112,1.3471377494423178,-0.2145568428992148,0.1926450230994593,0.2979998225872453,0.3956352607781936,0.5830679401775524,0.0212967990442539,-0.1479567121178872,0.1517695563846717,-0.0038128442667845,0.7278152597712618,1.3518867916063482,0.8481184165796342,-0.3177054994620797,0.30150295516044,-0.1646880564354546,0.353,0.167,0.333,6.0,11.0,389.0,436.0,-47.0
369,5,arizona-cardinals,2016,1,1.117026807966342,0.9847243390501982,0.1961745978342145,0.0412923426936258,0.0087517257276635,-0.3399226169046552,1.0383842905868663,1.0089661499124687,0.3659303322428895,0.0376668336069933,0.0089272081666869,-1.005307215275652,0.4528301886792453,0.490566037735849,0.0566037735849056,-0.0414226848839731,0.0422901756668835,-0.0008674907829104,0.91618945829329,1.0943371814277971,0.9848885233170528,-0.087529895166027,0.0901509046870157,-0.0152091520015376,0.5058234602111737,0.4830723172699085,0.0111042225189178,-0.0258613904408584,0.0455673526770482,-0.0197059622361896,0.9513577605852362,1.1041502433445722,0.3603958305133689,-0.0498631161116838,0.0990780986628154,-1.0204622705902535,0.469,0.75,0.542,7.0,8.0,418.0,362.0,56.0
370,5,arizona-cardinals,2023,1,1.22160296447256,0.8526777354997145,0.749919395870559,-0.1350703890228231,0.2004559380863579,0.3867900029912374,0.900439343697461,1.3073412013216037,2.065151831341692,-0.1048716565089098,0.2679966302122742,0.7252050832593012,0.4150943396226415,0.5283018867924528,0.0566037735849056,-0.0849056603773584,0.0436865021770682,0.0412191582002902,0.8301870188712452,1.0901445010195832,3.6790061476192726,-0.1861018705438535,0.0863121500525487,1.3026603136346464,0.5070804758187984,0.4504712564904152,0.0424482676907863,-0.171256200928893,0.1343945392824039,0.0368616616464891,0.7475339984799453,1.4251914385788842,7.596861223619963,-0.2909735197636801,0.3543083674547947,2.0277587229033776,0.235,0.0,0.25,4.0,13.0,330.0,455.0,-125.0
371,5,arizona-cardinals,2024,1,1.2348402636365532,0.9003973726786693,0.2074625883310297,0.0259143499136342,0.163368109761854,-0.8353821509168187,1.0214350012556457,1.2216559047593578,0.1989389039271157,0.0212093123874014,0.2002083480507598,-1.6147526967036128,0.4150943396226415,0.5283018867924528,0.0566037735849056,-0.0941649196366177,0.1116352201257861,-0.0174703004891684,0.8150927390768993,1.267921485290322,0.7641406274977552,-0.2044509728484858,0.2373808268352135,-0.2689857728378912,0.5125752037736636,0.4756816308491082,0.011743165377228,-0.1030815115481932,0.1685861046337686,-0.0655045930855754,0.8325652241776857,1.5489645445079208,0.1520175289662759,-0.1832417619046177,0.4375887741386714,-1.883674290348333,0.471,0.5,0.333,8.0,9.0,400.0,379.0,21.0
372,5,baltimore-ravens,2011,1,1.0033340824121766,1.025798693295008,0.7347622582239632,0.3527076766937231,-0.4283869792710026,0.7347622582239632,1.5421023977682708,0.7054106000606627,734762.2582239633,0.4331476754288683,-0.3489742594223551,,0.4150943396226415,0.5283018867924528,0.0566037735849056,-0.1501230516817062,0.0935192780968006,0.0566037735849056,0.7343963784772346,1.2150915449120885,56603.77358490566,-0.3087039618673899,0.1948213124161825,,0.4164782983597714,0.5419313851369855,0.0415903165032432,0.0487329386058629,-0.0903232551091061,0.0415903165032432,1.1325150808793154,0.8571396609859433,41590.31650324321,0.124443295818725,-0.1541525634335946,,0.75,1.0,0.75,12.0,4.0,378.0,266.0,112.0
373,5,baltimore-ravens,2013,1,0.9997386385485466,1.0408165875077962,0.6346544835576446,0.0131940331005354,0.1827959940749319,-4.460471923747555,1.013372958155892,1.2130424169671374,0.1245610625256791,0.013285329689745,0.1931325587797557,-2.0829576456016694,0.4339622641509434,0.5094339622641509,0.0566037735849056,-0.0923535253227407,0.0532936113869579,0.0390599139357828,0.8245267352859954,1.1168335457517116,3.2262311991612704,-0.1929434071036013,0.1104994529210226,1.171332311085589,0.4338488431437088,0.530227318164349,0.0359238386919421,-0.0853851597236654,0.138849503616025,-0.0534643438923595,0.8355539221120745,1.3547675511671855,0.4018812752657499,-0.1796580893478468,0.3036317766431248,-0.9115707328615832,0.5,0.5,0.5,8.0,8.0,320.0,352.0,-32.0
374,5,baltimore-ravens,2014,1,0.9754198902676204,1.065996732136104,0.6164758294353434,-0.0780363425352699,0.1426821501521439,-0.5584397476699952,0.9259226287453178,1.1545312923730366,0.5246975329552036,-0.0769635768985341,0.1436953922311303,-0.6449316879979263,0.4423076923076923,0.5,0.0576923076923076,-0.0845740281224152,0.0591397849462365,0.0254342431761786,0.8394803533253576,1.1341437688934024,1.7884060978725045,-0.1749699447000215,0.1258799775968926,0.5813421082354316,0.4314357206952935,0.532998366068052,0.0355659132366544,-0.1236111116417131,0.1259457008923276,-0.0023345892506145,0.7772946682428264,1.309405642712878,0.9383773967430687,-0.2519334442597437,0.2695752025803442,-0.0635749525361299,0.625,0.5,0.5,10.0,6.0,409.0,302.0,107.0
375,5,baltimore-ravens,2018,1,0.9856992457462896,0.9964083193806482,1.1455339327307323,-0.1531323076914923,0.2579820451856842,-0.1946574509065659,0.865534834573151,1.3493655424184272,0.8547533523670232,-0.1444066427499395,0.2996355170056735,-0.1569414554715273,0.4528301886792453,0.490566037735849,0.0566037735849056,-0.1762020693852708,0.1357273280584296,0.0404747413268411,0.7198827452662308,1.3825003920271972,3.5092163908479184,-0.3286647257001623,0.3238957764377495,1.255410428593613,0.446354375432282,0.488804081205601,0.0648415433621169,-0.2700074081818066,0.2267818548783556,0.0432255533034508,0.6230842607154999,1.865499055397193,2.99956391644462,-0.4730712790256725,0.623530653132598,1.098482339009667,0.625,0.5,0.667,10.0,6.0,389.0,287.0,102.0
376,5,buffalo-bills,2012,1,0.9311629021983634,1.1207398013921,0.6282138777611694,0.2258080666815574,-0.2082519358435504,-0.4802244326708316,1.320132130921,0.8433001701147567,0.5667553215126686,0.2777329046966348,-0.1704314184091165,-0.5678260083013857,0.4444444444444444,0.4814814814814814,0.074074074074074,-0.07168458781362,0.029868578255675,0.041816009557945,0.8611094427115658,1.0661352054096114,2.296225113317784,-0.1495314214716181,0.0640422289647526,0.8312800194301284,0.4138501787548282,0.5396154599295296,0.0465343613156421,0.0497960701009928,-0.0605743568865704,0.0107782867855776,1.1367789351593496,0.899073169416501,1.3014029231199014,0.128201184015256,-0.1063890048679246,0.2634643434767996,0.375,0.333,0.417,6.0,10.0,344.0,435.0,-91.0
377,5,buffalo-bills,2021,1,1.0054058920620526,1.06076930171781,0.408027184022605,0.2878491760963169,-0.5401631385441255,-0.4538389484956244,1.4011498583203332,0.6625942559762217,0.4734223740849925,0.3372942215108033,-0.4115915153583694,-0.7477648696680442,0.4545454545454545,0.4909090909090909,0.0545454545454545,-0.191919191919192,0.1777777777777777,0.0141414141414141,0.703123912355198,1.5677369288401306,1.3499665883269387,-0.3522199404655758,0.4496351699129763,0.3000981759218939,0.4570026782100239,0.5207412935705613,0.0222560282194148,-0.0068723704950981,0.0194392163168239,-0.0125668458217257,0.9851827432904012,1.0387753780074749,0.6391025936149942,-0.0149259406661639,0.0380444185213944,-0.4476453534663775,0.647,0.833,0.583,11.0,6.0,483.0,289.0,194.0
378,5,buffalo-bills,2022,1,1.0287838623622578,1.0510638314062095,0.3271758955814551,0.0936272597061543,-0.0345186200729159,-0.3548252743450325,1.1001181613026834,0.9682017812394964,0.4797285258149854,0.0954185654223489,-0.032313810318351,-0.734531849839498,0.4528301886792453,0.490566037735849,0.0566037735849056,-0.0313803376365441,0.0063555114200595,0.0250248262164846,0.9351908495955998,1.013123420395233,1.7923960709797648,-0.0670024449770941,0.0130400928250081,0.5835709783937435,0.4658643905036639,0.5156162191804047,0.0185193903159314,0.0130517197438664,-0.0100342310094877,-0.0030174887343787,1.0288213907543209,0.980908963523524,0.859852090016484,0.0284160127764408,-0.0192736839680536,-0.1509408968790538,0.813,0.667,0.818,13.0,3.0,455.0,286.0,169.0
379,5,buffalo-bills,2023,1,1.1877229037536496,0.8991790684049523,0.4681794555774486,0.6145366503052113,-0.7522743544816088,-0.0151361809725552,2.072137676837736,0.5444770718124246,0.9686806126091436,0.7285816104869024,-0.6079283340715855,-0.0318181906427822,0.4339622641509434,0.5094339622641509,0.0566037735849056,-0.1455831903945111,0.1117066895368782,0.0338765008576329,0.7487963402197074,1.2808593132464492,2.490456457651712,-0.2892859370126279,0.247533154119483,0.9124836765128336,0.5154269204968669,0.4580723556025228,0.0265007239006103,0.1832394327028856,-0.1987557103182685,0.0155162776153829,1.5516098222420267,0.6973996422651657,2.412348411939081,0.4392949270967459,-0.3603944746368956,0.8806384519337563,0.647,0.667,0.583,11.0,6.0,451.0,311.0,140.0
380,5,buffalo-bills,2024,1,1.0724983937519428,0.959029948326346,0.7750866311561262,-0.1590004816740966,0.1595043932744101,0.6986748851510995,0.8708879433551792,1.199497305332215,10.143420720741265,-0.1382410308685475,0.181903599522324,2.3168265806366533,0.4528301886792453,0.490566037735849,0.0566037735849056,-0.0560983827493261,0.0262803234501347,0.0298180592991913,0.8897698504886354,1.0566014978278335,2.113128657033282,-0.1167902363230871,0.0550596617986538,0.7481872916171239,0.4856596500008797,0.4704675218204716,0.0438728281786486,-0.1410853133855868,0.0992592284035014,0.0418260849820854,0.774890750594927,1.2673915501679187,21.424965909925472,-0.2550311674868327,0.236963016367845,3.0645796662385414,0.765,0.833,0.75,13.0,4.0,525.0,368.0,157.0
381,5,carolina-panthers,2021,1,1.0093454985245025,1.0673256324947704,0.2937482756779577,0.0030450526451653,-0.0991191497662384,-0.1097384156298568,1.00302499082917,0.9150237831250876,0.7280228914191628,0.0030214154908653,-0.0888042846372306,-0.3174193827532119,0.4464285714285714,0.5,0.0535714285714285,-0.0535714285714285,0.1132075471698113,-0.0596361185983827,0.8928553571464286,1.29267958477961,0.4732101056916854,-0.113328445307512,0.2567192614833024,-0.7481971245448459,0.4506006689841527,0.5336628162473852,0.015736514768462,-0.0525495539555157,0.0824907778256742,-0.0299412238701585,0.8955571375768733,1.1828340144487337,0.3445041443232211,-0.110307035036751,0.1679151399890355,-1.065585614181655,0.294,0.333,0.25,5.0,12.0,304.0,404.0,-100.0
382,5,chicago-bears,2016,1,1.022864968889415,1.044842786932968,0.4211168227844422,-0.1168525513828233,0.2210840440892466,-0.1000182727251068,0.89747156924772,1.2683829186967068,0.8080745632725527,-0.1081728591941972,0.2377437538615303,-0.2130985688056279,0.4339622641509434,0.5094339622641509,0.0566037735849056,-0.150943396226415,0.1226415094339622,0.0283018867924528,0.741934215402793,1.3170697656245085,1.999929335830134,-0.2984923938867834,0.2754113574584913,0.6931295143614323,0.4438847978199347,0.5322784008903799,0.0238368012896854,-0.2227424310185443,0.2136547362055442,0.009087694813,0.6658655883705248,1.6705498973749495,1.6160426589030306,-0.4066651952392267,0.5131547308075186,0.4800223086441507,0.188,0.333,0.25,3.0,13.0,279.0,399.0,-120.0
383,5,chicago-bears,2019,1,0.9411968771901442,1.1269266164259502,0.3703943067872775,-0.1481422554367539,0.3550355771401707,-3.1721321650979704,0.8640064282957127,1.4599536710712535,0.1045565093642485,-0.1461740075722854,0.3784055904426258,-2.25802489444662,0.4528301886792453,0.490566037735849,0.0566037735849056,-0.0266218661152752,-0.0025846471956577,0.029206513310933,0.944472423631371,0.9947568927073284,2.0659623282240767,-0.0571265809264142,-0.0052548621546196,0.7256138028811554,0.4262023594823294,0.5528319250391454,0.0209657154785251,-0.0960835260237177,0.1721733303228705,-0.0760898042991528,0.8160311340564854,1.4522999885270185,0.2160155291633178,-0.2033004239643652,0.3731503075981539,-1.5323572838276556,0.5,0.667,0.583,8.0,8.0,280.0,298.0,-18.0
384,5,chicago-bears,2024,1,1.0560722078359006,1.005469961280248,0.5377508372544124,-0.1156094448368061,0.1524353866652671,0.1560020653614161,0.9013295583295624,1.1786964004802127,1.4086474356955032,-0.1038833718354911,0.1644100770001667,0.3426318381318936,0.4150943396226415,0.5283018867924528,0.0566037735849056,-0.1481240511819561,0.1604857948384298,-0.0123617436564736,0.7370029271003092,1.436316849730546,0.8207428162102971,-0.3051610060704696,0.3620839865869865,-0.1975278088417464,0.4383695957054682,0.5311916776574895,0.0304387266370422,-0.2215430592481251,0.2174318341209448,0.0041112251271803,0.6642832625372714,1.6929826923913789,1.1561131432277236,-0.4090443390894647,0.5264937626154622,0.1450964925710541,0.294,0.167,0.25,5.0,12.0,310.0,370.0,-60.0
385,5,cincinnati-bengals,2012,1,0.9857549352400198,1.062065152737568,0.5299374042758813,0.0631490767083904,0.0858190600480088,-1.22560675179668,1.0684452712706831,1.087906085140372,0.3018648665588512,0.0662055887665701,0.0842557674646415,-1.1977739364602589,0.4259259259259259,0.5185185185185185,0.0555555555555555,0.014161220043573,-0.0108932461873638,-0.0032679738562091,1.034389022303909,0.9794220182933892,0.9444283891618286,0.0338132836206292,-0.0207907299866099,-0.0571574138574483,0.4198585835281565,0.5507004495676279,0.0294409669042156,0.0399620535445443,0.0338642828496259,-0.0738263363941703,1.1051890322800155,1.065520216095648,0.2850919978722626,0.100018772027084,0.0634649615858846,-1.2549093855513522,0.625,0.5,0.583,10.0,6.0,391.0,320.0,71.0
386,5,cincinnati-bengals,2021,1,0.97499151792923,1.08156620543643,0.4177504449628877,0.0483583681492587,-0.1503585560628833,0.3762005452873922,1.0521860414498443,0.8779475510927799,10.053944637190476,0.0508709698142639,-0.130167499343038,2.3079674524803835,0.4590163934426229,0.4918032786885246,0.0491803278688524,0.03218712514994,0.0039984006397441,-0.0361855257896841,1.0754073165398608,1.0081946545124336,0.5761056635116419,0.0727016674913893,0.0081632939725283,-0.5514438583867506,0.4475370901970235,0.5319178059523426,0.0205451038506338,0.0520229409006943,-0.069021102096103,0.0169981611954085,1.131529578559122,0.885143088066405,5.790709108665003,0.1235725612145354,-0.1220040856243358,1.7563034275706084,0.588,0.667,0.667,10.0,7.0,460.0,376.0,84.0
387,5,cleveland-browns,2023,1,1.0437976454797622,0.9911198522013478,0.7265801170835544,-0.2933803554173457,0.3532252716605297,0.6364368023645937,0.78059679727208,1.5537336868850236,8.060187925869577,-0.2476955691097539,0.4406618735578257,2.0869382484212053,0.4528301886792453,0.490566037735849,0.0566037735849056,-0.111526246964319,0.1143284139734728,-0.0028021670091537,0.802381895018112,1.3038694242239188,0.9528141496410596,-0.2201683977948266,0.2653383621524901,-0.048317743951849,0.4726630847455526,0.4862097388157556,0.0411271764386917,-0.2819819256617261,0.2462097976221804,0.0357721280395455,0.6263374856914153,2.0258659670155144,7.678641672701824,-0.4678638229593881,0.705999303903222,2.038466980510432,0.647,0.5,0.667,11.0,6.0,396.0,362.0,34.0
388,5,cleveland-browns,2024,1,1.0481976190123854,0.9740412658985804,0.8332484682836386,-0.1226257076735475,0.1508140615259394,0.416932951334494,0.8952646397255449,1.1831971508323986,2.001478284815264,-0.1106349635517158,0.1682212510429806,0.6938872500578569,0.4230769230769231,0.5384615384615384,0.0384615384615384,-0.1291618828932262,0.1280137772675085,0.0011481056257175,0.7661108788304043,1.3118849156594083,1.0307416068941662,-0.2664260056519711,0.2714668270926813,0.0303045495164485,0.4434682234283169,0.5244837585607739,0.0320480180109091,-0.2031058525027206,0.1865919955720033,0.0165138569307172,0.6858727469346751,1.552219567893511,2.0629343877078847,-0.3770609136082924,0.4396877925476077,0.7241606319639254,0.176,0.333,0.25,3.0,14.0,258.0,435.0,-177.0
389,5,dallas-cowboys,2013,1,1.1379694532545832,0.9446079271411728,0.5236807137683893,0.2105061675919106,-0.1584960221449776,0.5168739749406218,1.2269684890793449,0.8563173683088401,76.92432495095038,0.2045473628849012,-0.1551131555440656,4.342824055310008,0.4074074074074074,0.5370370370370371,0.0555555555555555,-0.0344530577088716,0.0021533161068045,0.0322997416020671,0.922025203759724,1.004023887807192,2.3887861710835323,-0.0811802652917283,0.0040176756903747,0.870803358559873,0.4636171846592746,0.5072894423535926,0.0290933729871327,0.0538078258780937,-0.0827429026134179,0.0289350767353241,1.131296890684074,0.8597640229671354,182.6368960777508,0.1233668224510649,-0.1510953480263411,5.207534378819155,0.5,0.833,0.583,8.0,8.0,439.0,432.0,7.0
390,5,dallas-cowboys,2018,1,1.0378030928965003,1.0340746583786145,0.4148625818455028,-0.4970947142673572,0.5847659308730122,-0.5240435709068427,0.67613779361398,2.301474005736324,0.4418568765072882,-0.3913574234305198,0.8335507567712704,-0.8167668477150587,0.4423076923076923,0.5,0.0576923076923076,-0.0576923076923077,0.0161290322580645,0.0415632754342431,0.8846136153881538,1.0333311977821913,3.576701321441148,-0.1226020612233231,0.0327897561564598,1.2744582902368071,0.4590282910888367,0.5170373291893073,0.0239343797218559,-0.3084206124930921,0.299629880396274,0.008790732096818,0.5981215046694358,2.378184160089897,1.5803853819805294,-0.5139591820922603,0.8663391726318814,0.4577105099732327,0.625,0.833,0.75,10.0,6.0,339.0,324.0,15.0
391,5,denver-broncos,2021,1,1.0115595924874992,0.9905045139158524,1.003166156409267,0.3408371087004973,-0.5294073537888814,1.003166156409267,1.508161883308584,0.6516850636389724,1003166.1564092672,0.4108926020703435,-0.4281928553952133,,0.4181818181818181,0.5272727272727272,0.0545454545454545,-0.1940630797773655,0.1395176252319109,0.0545454545454545,0.6830291874159635,1.3598051055743927,54545.454545454544,-0.3812152948853609,0.307343281304072,,0.4230158295856814,0.5222660164283586,0.05471815398596,0.0123694109405782,-0.0670875649265382,0.05471815398596,1.030119295480748,0.8861660415495456,54718.15398596002,0.0296769803648565,-0.1208490253919913,,0.412,0.167,0.25,7.0,10.0,335.0,322.0,13.0
392,5,detroit-lions,2014,1,1.129210828610977,0.968251363685148,0.2520510979458511,0.1894767674554118,-0.1463143730710147,-0.0268339121112373,1.201626793856578,0.8687244395101444,0.9037782063512466,0.1836771858354597,-0.1407282718934412,-0.1011673282074149,0.4444444444444444,0.5,0.0555555555555555,-0.0702614379084967,0.0441176470588235,0.0261437908496732,0.8634903858535995,1.0967717877264012,1.888824668850148,-0.1467702653874225,0.0923731265830341,0.6359727671359855,0.5018714793826564,0.484125681842574,0.0140028387747695,0.0181848302584684,-0.0239851687374413,0.0058003384789727,1.0375941587332111,0.9527935262480872,1.706934633981086,0.0369067169502108,-0.048354989836886,0.5347705616974452,0.688,0.833,0.75,11.0,5.0,321.0,282.0,39.0
393,5,green-bay-packers,2013,1,0.9581959842569094,1.0674412370870934,0.7360067326088848,-0.1832697628505353,0.375337274909179,0.7360067326088848,0.8394427491515141,1.5423112033875204,736006.7326088848,-0.175015957527811,0.4332830096183421,,0.4423076923076923,0.5,0.0576923076923076,-0.2428774928774929,0.1851851851851851,0.0576923076923076,0.6455292034064432,1.5882302491509734,57692.307692307695,-0.4376825673236129,0.4626223454805699,,0.4238174545751714,0.5337206185435467,0.0424619268812818,-0.3582979647391888,0.3158360378579069,0.0424619268812818,0.5418853819060717,2.4495453846190327,42461.92688128182,-0.6126984129003505,0.8959043236780794,,0.531,0.583,0.542,8.0,7.0,417.0,428.0,-11.0
394,5,green-bay-packers,2014,1,0.9497063514561804,1.067211782398146,0.7974431467672463,0.1998468200753923,-0.247779918826047,0.7974431467672463,1.2665106532642778,0.8115723999111363,797443.1467672463,0.2362666549592983,-0.2087807415974715,,0.4444444444444444,0.5,0.0555555555555555,-0.1129326047358834,0.0573770491803278,0.0555555555555555,0.7973841903139853,1.1296270775091954,55555.55555555556,-0.2264164207777479,0.1218895583503299,,0.4220917117583023,0.5336058911990729,0.0443023970426247,0.0041372188575352,-0.0484396159001601,0.0443023970426247,1.0098963141477777,0.9167753516096584,44302.39704262479,0.0098500354742798,-0.0868909445850735,,0.75,0.833,0.75,12.0,4.0,486.0,348.0,138.0
395,5,houston-texans,2019,1,1.0084786044849632,1.0382689861831884,0.6005066171993274,0.0520757925512835,-0.0472739984194103,0.522488445232432,1.0544485414021902,0.956450407270492,7.696910926639039,0.0530189122885597,-0.0445253764277562,2.0408207352667027,0.4528301886792453,0.490566037735849,0.0566037735849056,-0.0417934672347332,0.0066950699939135,0.0350983972408196,0.9155026609874424,1.0138343827296972,2.63195308587962,-0.088279799946207,0.013741599647226,0.9677438553010028,0.4566695567479079,0.5093395026559038,0.0339909405961883,-0.0163898986171379,-0.0159232318292247,0.0323131304463626,0.9653513659168792,0.9696833594559238,20.24704258531988,-0.0352609443918327,-0.0307837310012545,3.0080381568884262,0.625,0.667,0.667,10.0,6.0,378.0,385.0,-7.0
396,5,houston-texans,2021,1,1.137647903406189,0.864050032730125,1.212999789692612,0.1392628798990576,-0.2350866600122199,0.9401060575827004,1.1394870086520823,0.7861162786386873,4.444936625614533,0.1305790477251817,-0.240649402955493,1.4917664358117924,0.4285714285714285,0.5178571428571429,0.0535714285714285,-0.1160714285714285,0.1160714285714286,0.0,0.7868838011313816,1.2888856809956386,0.9999813336817712,-0.2396723559986975,0.2537799629229265,0.0,0.487563387174081,0.4474544812352433,0.0649821315906756,-0.0561998845574815,0.0058370600441225,0.0503628245133589,0.8966447641392188,1.013215164413617,4.444648887812691,-0.1090934709499684,0.0131308407462622,1.4917162642049655,0.235,0.5,0.333,4.0,13.0,280.0,452.0,-172.0
397,5,indianapolis-colts,2013,1,0.9151048003793448,1.0470967420455557,1.226992518681688,-0.2043164290702918,0.1459806392004337,1.2219135081681185,0.8174795678564072,1.161998522433464,241.5334604926863,-0.2015282772004736,0.1501423418781595,5.487008831260388,0.4339622641509434,0.5094339622641509,0.0566037735849056,-0.0811892510005717,0.0397369925671812,0.0414522584333905,0.842395701054294,1.084599029867677,3.7356025068383225,-0.1715031170421235,0.0812123239245313,1.3179267858309307,0.3971209511080176,0.533426642174151,0.0694524067178313,-0.1795505913357346,0.1101751393226543,0.0693754520130803,0.6886420314467325,1.260303574297611,890.9328428556738,-0.3730311728317656,0.2313544985964299,6.792283450098594,0.688,1.0,0.75,11.0,5.0,391.0,336.0,55.0
398,5,indianapolis-colts,2015,1,0.9105330264320164,1.0605357574125582,1.16127023311237,0.23828073478986,-0.2394367214234343,1.16127023311237,1.3544493388909986,0.815813379794618,1161270.23311237,0.3033960780269074,-0.2035687084870302,,0.4423076923076923,0.5,0.0576923076923076,-0.0355684138869979,-0.0221238938053097,0.0576923076923076,0.925567863733345,0.9576252845481836,57692.307692307695,-0.0773455622276052,-0.0432967210077274,,0.4027357616910842,0.530267878706279,0.0669963596026367,0.0814824541806732,-0.1484788137833099,0.0669963596026367,1.253635366984247,0.7812444662040785,66996.35960263674,0.2260501070121399,-0.2468652753778796,,0.5,0.667,0.5,8.0,8.0,333.0,408.0,-75.0
399,5,indianapolis-colts,2019,1,1.0454957017861686,1.0062461160960818,0.5819013795446082,-0.5260757693855569,0.7601169206563199,-2.270557943519305,0.665254527528516,4.088267651590725,0.2039998154714279,-0.4075846069088663,1.4081223170529578,-1.5896344711873691,0.4528301886792453,0.490566037735849,0.0566037735849056,-0.0661571530929066,0.0348698352042035,0.0312873178887031,0.8725247799073845,1.0765175537845926,2.2357607440543834,-0.1363620159379795,0.0737333824976958,0.8045992143137815,0.4734320159031707,0.493630170160342,0.0329378139364872,-0.3421936843251932,0.3814700304662733,-0.0392763461410801,0.5804518363248977,4.401080191470683,0.4561066388429831,-0.5439463383467642,1.48185203466207,-0.7849982799151832,0.438,0.5,0.417,7.0,9.0,361.0,373.0,-12.0
400,5,indianapolis-colts,2023,1,1.1200565828065672,0.9109384987993242,0.8514325422221758,0.2190461588480456,-0.2587579172717819,0.8514325422221758,1.2431103014051568,0.7787813209497149,851432.5422221759,0.2176174394604705,-0.2500238924028161,,0.4423076923076923,0.5,0.0576923076923076,-0.1892712550607287,0.131578947368421,0.0576923076923076,0.7003194039814565,1.3571391734793865,57692.307692307695,-0.3562164957389079,0.3053809352671514,,0.4954096423952124,0.455469249399662,0.0491211082051255,-0.0736495727364853,0.0245284645313598,0.0491211082051255,0.8705750801443035,1.056915958007775,49121.10820512553,-0.1385992555158443,0.0553573893360909,,0.529,0.5,0.583,9.0,8.0,396.0,415.0,-19.0
401,5,jacksonville-jaguars,2014,1,1.1655374291592822,0.8481508126726246,1.0975223957252154,0.5278251289048824,-0.6318803894902957,1.0975223957252154,1.8276824847377655,0.5730624046106134,1097522.395725215,0.6030496204792362,-0.5567594805925971,,0.4339622641509434,0.5094339622641509,0.0566037735849056,-0.1359302089673362,0.0793264353824305,0.0566037735849056,0.7614796178949673,1.1844312084615911,56603.77358490566,-0.2724895683921087,0.1692646294552661,,0.5057992617106319,0.4320768290973747,0.0621239091919933,0.1423718217807051,-0.2044957309726984,0.0621239091919933,1.3917437551341771,0.678753966862545,62123.90919199333,0.3305594380783299,-0.3874942489858319,,0.188,0.167,0.167,3.0,13.0,249.0,412.0,-163.0
402,5,jacksonville-jaguars,2015,1,1.110559326844806,0.9773866171665422,0.3115080364648536,0.5100458100503117,-0.4169702509274919,-4.4428883808403095,1.849346345152314,0.7009582256688125,0.065519982686138,0.6148331501576283,-0.3553059630710561,-2.7253968935055406,0.4528301886792453,0.490566037735849,0.0566037735849056,-0.1027253668763102,0.0600104821802934,0.0427148846960167,0.815092872455471,1.1393765381248513,4.075178285276668,-0.2044510099695423,0.130483254881782,1.404932163234532,0.5028947895146291,0.4794726801194358,0.0176325303659351,0.1692761690732434,-0.1208754158654956,-0.0484007532077477,1.507389729804527,0.7986564539300487,0.2670208475308173,0.4103814877042718,-0.2248223101071011,-1.3203718312408006,0.313,0.333,0.417,5.0,11.0,376.0,448.0,-72.0
403,5,jacksonville-jaguars,2022,1,1.118303341047292,0.959982861241662,0.4792573682254531,0.6268277906979591,-0.6217990112544534,0.1816731254882643,2.2753951134645627,0.6068992640733121,1.6104876835196675,0.8221546077824606,-0.4993914170559261,0.4765391287065034,0.4313725490196078,0.5098039215686274,0.0588235294117647,-0.0337437300501595,0.0330597355221157,0.0006839945280437,0.9274489863768364,1.0693425680839297,1.011747303828727,-0.0753151690449959,0.0670459988241181,0.0116958397666112,0.4824053628047142,0.4894030272996709,0.0281916098956148,0.2538120835724663,-0.2647022840066168,0.0108902004341504,2.110312490867712,0.648984128579843,1.6293458988126828,0.7468381094028638,-0.4323449744663041,0.4882141161260436,0.529,0.667,0.667,9.0,8.0,404.0,350.0,54.0
404,5,jacksonville-jaguars,2023,1,1.0893175714786072,0.9728439310827298,0.5208120254541501,0.0175913508106835,0.022740220451227,0.50003828293785,1.0164130857847586,1.02393338354897,25.06948160948399,0.0162807650271639,0.0236524972867586,3.221653154310109,0.4528301886792453,0.490566037735849,0.0566037735849056,-0.0606833248342681,0.017593064762876,0.0430902600713921,0.8818254922941505,1.0371945725729843,4.188369305954378,-0.1257588887620223,0.0365215803600978,1.4323291375686356,0.493275881424275,0.4772441926066221,0.0294799259691028,-0.0570700156754696,0.0278708159565869,0.0291991997188825,0.8962999228736886,1.0620191479637735,104.64032352701804,-0.1094781594074257,0.0601740481160972,4.650562900326741,0.529,0.667,0.5,9.0,8.0,377.0,371.0,6.0
405,5,kansas-city-chiefs,2015,1,0.9346111176488736,1.0823490746767763,0.7876227841599069,-0.2885078880958616,0.4405416134455026,-0.2744318958577142,0.7641205386709428,1.686405119372141,0.7416021579460308,-0.2690286591678212,0.5226000389570391,-0.2989410852405061,0.4423076923076923,0.5,0.0576923076923076,-0.1550949050949051,0.1233766233766233,0.0317182817182817,0.740383376047225,1.3275826819356376,2.221068335022948,-0.3005848903323219,0.2833617561363757,0.7980056453046397,0.4133856866523864,0.5411745373383882,0.0454397760092254,-0.3173087843120007,0.299454844147389,0.0178539401646118,0.5657427794191626,2.238842401923657,1.6471543262580344,-0.5696133383516833,0.8059607952631026,0.4990711551460943,0.688,0.833,0.833,11.0,5.0,405.0,287.0,118.0
406,5,kansas-city-chiefs,2017,1,1.0227776108705395,1.00909878111809,0.7541080839259305,0.3660026853177139,-0.2572219154137085,-3.3576745954747764,1.557270251661007,0.7968739569746056,0.1834016919965599,0.4429354275557679,-0.2270577685480461,-1.6960751674160113,0.4313725490196078,0.5098039215686274,0.0588235294117647,-0.0686274509803921,0.0233174350821409,0.0453100158982511,0.8627433725524706,1.0479281291499132,4.352619082658472,-0.1476356806249335,0.0468169660283108,1.4707947517413202,0.4411981850814092,0.5144425158641243,0.0443592990544665,0.1128107223049964,-0.1016053905567506,-0.0112053317482457,1.3435252303056833,0.835067655347261,0.7983226036246355,0.2952991949849205,-0.1802405891957107,-0.2252199550982091,0.625,0.833,0.667,10.0,6.0,415.0,339.0,76.0
407,5,kansas-city-chiefs,2020,1,1.052290527591468,1.0193174435423518,0.449118286962186,0.0700169155950407,-0.0556075233264221,-0.1397732213694547,1.0712793700864738,0.9482675783817855,0.7626490074301651,0.0688545575116204,-0.0531175798285989,-0.2709551434295151,0.4313725490196078,0.5098039215686274,0.0588235294117647,-0.192156862745098,0.1686274509803921,0.0235294117647058,0.6918227898439534,1.494248493869357,1.6666194457823695,-0.368423122020983,0.4016253623073492,0.5108142906895403,0.4539292471963195,0.519652030041199,0.0264187227624815,-0.1585472402838056,0.1529129236977349,0.0056343165860706,0.7411362155756778,1.4169490084472192,1.2710226847750457,-0.2995686409082155,0.3485078988537875,0.2398596912491983,0.875,0.667,0.833,14.0,2.0,473.0,362.0,111.0
408,5,las-vegas-raiders,2016,1,1.0505272557141931,0.9232636095873956,1.2608306711956931,0.2144520321387659,-0.2113888853327893,1.2608306711956931,1.2564969868676323,0.8136965282536242,1260830.6711956933,0.2283286318650309,-0.2061667147920848,,0.4528301886792453,0.490566037735849,0.0566037735849056,0.0018497965223825,-0.0584535701072882,0.0566037735849056,1.0040994962420522,0.8935293698046585,56603.77358490566,0.0040933245330489,-0.1125740359489699,,0.4757104554177478,0.4529217707409865,0.0713677738412656,0.098656923217065,-0.1700246970583306,0.0713677738412656,1.2616489520527938,0.7270625440392599,71367.77384126565,0.2324216595944723,-0.3187405669492978,,0.75,0.5,0.75,12.0,4.0,416.0,385.0,31.0
409,5,los-angeles-chargers,2023,1,0.9430885904310496,1.11062956212243,0.4965017381572081,-0.0358305654360727,0.0579087463916849,0.0713382014484199,0.9633968457781592,1.055007643544927,1.1677872806623135,-0.0372887984983154,0.0535489123578843,0.1551127591886684,0.4528301886792453,0.490566037735849,0.0566037735849056,-0.0746423387932821,0.0400165871863985,0.0346257516068836,0.8584889384857899,1.0888148866294531,2.5753545194825707,-0.1525792750958585,0.0850918832316311,0.9460048686185992,0.4270589843461357,0.5448371436827015,0.0281038719711627,-0.0892939769903683,0.0705343585732449,0.0187596184171234,0.8270663465827941,1.1487092466634392,3.007288331841503,-0.189868019968156,0.1386407532225174,1.1010743679399286,0.294,0.167,0.25,5.0,12.0,346.0,398.0,-52.0
410,5,miami-dolphins,2015,1,1.108104928142265,0.9744754473117756,0.3924083408739133,0.4957612428460907,-0.4449172883686458,-0.5418891326539499,1.8096097749363251,0.6865434324638869,0.4200031916911942,0.5931121305173918,-0.3760847630658079,-0.8674904201062849,0.4423076923076923,0.5,0.0576923076923076,-0.0666208791208791,0.0267857142857143,0.0398351648351648,0.86909410877055,1.0566015407665554,3.230588317823433,-0.1403016032350741,0.0550596639757132,1.172681595572886,0.4901233336013864,0.4872377236558878,0.0226389427427257,0.1784841366202977,-0.1844391959071687,0.005955059286871,1.5727218065875137,0.7254038125488005,1.3568535136984607,0.4528097934198276,-0.3210247439747565,0.3052125970865506,0.375,0.167,0.333,6.0,10.0,310.0,389.0,-79.0
411,5,miami-dolphins,2021,1,0.944431090852322,1.09004761953985,0.6526456670386682,-0.2554553499067016,0.3601644313763681,0.6526456670386682,0.7870997385012171,1.4934528480231957,652645.6670386683,-0.2393992472265466,0.4010917041054648,,0.4545454545454545,0.4909090909090909,0.0545454545454545,-0.1201671891327063,0.0656217345872518,0.0545454545454545,0.7909077147296673,1.1542970401418493,54545.454545454544,-0.2345717871387387,0.1434935724685927,,0.4292868594783282,0.5351142859559262,0.0355988545657455,-0.2603030490038692,0.2247041944381237,0.0355988545657455,0.6225239547069967,1.7238890638198627,35598.85456574554,-0.4739708404846561,0.5445846907966718,,0.529,0.667,0.5,9.0,8.0,341.0,373.0,-32.0
412,5,minnesota-vikings,2012,1,0.9925218390148202,1.0539694533443786,0.5586031103289639,0.2323557629774509,0.0914361668261777,-5.560242147188008,1.305662755336208,1.0949941920063215,0.0912922284397524,0.266711777887353,0.0907500079442322,-2.393687825967848,0.4464285714285714,0.5,0.0535714285714285,-0.0964285714285713,0.0714285714285714,0.0249999999999999,0.8223669061662255,1.1666639444507965,1.8749343772967944,-0.1955663856500504,0.1541503464946473,0.6285923265273063,0.4430901067030448,0.5269847266721893,0.0299251666247659,0.0304285225684729,0.1144704610215318,-0.1448989835900047,1.073734629060895,1.2774914543852818,0.1711719771897991,0.0711451358950308,0.2449002513331608,-1.7650530971801814,0.625,0.667,0.583,10.0,6.0,379.0,348.0,31.0
413,5,minnesota-vikings,2014,1,0.9537882578338944,1.0974295552414808,0.4928279401555174,-0.41792094643447,0.7056809804078956,0.4928279401555174,0.6953278140426323,2.801354808636788,492827.9401555174,-0.3633708212893043,1.0301040716057734,,0.4444444444444444,0.5,0.0555555555555555,-0.1762452107279694,0.1206896551724138,0.0555555555555555,0.7160482290827913,1.3181783429843688,55555.55555555556,-0.3340055052383642,0.2762527402659971,,0.4239058923706197,0.5487147776207404,0.0273793300086398,-0.4274998206235376,0.4001204906148977,0.0273793300086398,0.4978888302158932,3.6926795504568415,27379.330008639856,-0.697376100364402,1.3063541823961224,,0.438,0.167,0.5,7.0,9.0,325.0,343.0,-18.0
414,5,minnesota-vikings,2018,1,1.0008213563730826,1.0778514181990488,0.3187168579569167,0.0111039313703047,0.0347684982702292,-0.2796087854554044,1.011218272884304,1.033331448799059,0.532680370272733,0.0111568139207675,0.0327889268497117,-0.6298305776593369,0.4528301886792453,0.490566037735849,0.0566037735849056,-0.0940448113207547,0.068691037735849,0.0253537735849056,0.8280308308999577,1.1628204442439225,1.8112627943075632,-0.1887026815727798,0.1508505099166028,0.5940419449383164,0.4532021236406411,0.5287572994938731,0.0180405768654858,-0.0880495931577529,0.0887066926489022,-0.0006570994911491,0.8373207368295759,1.2015802039331107,0.9648050226338258,-0.1775458772520063,0.1836394183610147,-0.0357738180781544,0.531,0.583,0.542,8.0,7.0,360.0,341.0,19.0
415,5,new-england-patriots,2018,1,1.2347330125189957,0.8374063582219431,0.8744095689622291,0.3207290308308063,-0.3108626388673856,0.8744095689622291,1.350904029252022,0.729276529339465,874409.5689622292,0.3007748295231063,-0.3157010977968146,,0.4038461538461538,0.5384615384615384,0.0576923076923076,-0.2290652385589094,0.1713729308666017,0.0576923076923076,0.6380759149169775,1.4668395054531245,57692.307692307695,-0.4492955376304705,0.3831119470812361,,0.4986421781326712,0.4509111159656616,0.050446705901667,-0.0798413545813727,0.0293946486797055,0.050446705901667,0.8619801393707438,1.069732931517557,50446.70590166706,-0.1485210433129577,0.067411238336324,,0.688,0.833,0.667,11.0,5.0,436.0,325.0,111.0
416,5,new-england-patriots,2021,1,1.0370037076743257,1.0296477337266683,0.3803718715732736,0.3377805789506238,-0.3430987131843788,-0.2280949853480386,1.4830776929382783,0.7500634847608562,0.6251305919393269,0.3941204151343565,-0.2875964584807995,-0.4697920749664968,0.4576271186440678,0.4915254237288136,0.0508474576271186,-0.02015065913371,0.035969868173258,-0.015819209039548,0.9578221970690316,1.078955878769857,0.7627004239004213,-0.0430909311029555,0.0759958290678589,-0.2708702875496204,0.4745610187662168,0.5060980386114133,0.0193409426223698,0.1404877461537815,-0.1192642316480637,-0.0212235145057176,1.4205254869080035,0.8092864782439525,0.4767835491487213,0.3510289715685907,-0.2116003346852294,-0.7406409639989955,0.588,0.5,0.667,10.0,7.0,462.0,303.0,159.0
417,5,new-england-patriots,2022,1,1.1448054382100332,0.9544958024823454,0.2993627513819711,0.1807867688389134,-0.1623389805595355,-0.4861088336468131,1.187533278192186,0.854642926897116,0.3811243792436126,0.1718791537852831,-0.157070478963909,-0.9646261619991688,0.4339622641509434,0.5094339622641509,0.0566037735849056,-0.1062676209065278,0.1531121231836911,-0.0468445022771633,0.8032903637206474,1.4296977526863437,0.5471645220637081,-0.2190367273953926,0.3574650231350064,-0.6029880836749796,0.4968023599779389,0.4862525786230816,0.0169450613989794,-0.0239893349696775,0.0882999547805722,-0.0643106198108947,0.953934962601404,1.2218825247223195,0.2085374537413466,-0.047157770360691,0.2003947790553977,-1.5675776071210816,0.471,0.5,0.5,8.0,9.0,364.0,347.0,17.0
418,5,new-orleans-saints,2012,1,1.1085758077100591,0.9300628933017152,0.7479479316001667,0.2958389631188833,-0.5512927294614131,0.6830162706273487,1.3640017074235002,0.6278453675570018,11.518824585261816,0.3104237132551318,-0.4654602976427706,2.4439839545232864,0.4464285714285714,0.5,0.0535714285714285,-0.1726190476190476,0.1666666666666666,0.0059523809523809,0.7211526812148995,1.4999955000135,1.1249763754961146,-0.3269021609908817,0.4054641081106645,0.117780702369327,0.4948999141562764,0.4650314466508575,0.040068639192866,-0.0082228944001657,-0.0287537609368518,0.0369766553370176,0.9836543326705972,0.9417667798431892,12.954687466958765,-0.0164787109737963,-0.0599954644531113,2.5614826460745457,0.438,0.5,0.417,7.0,9.0,461.0,454.0,7.0
419,5,new-orleans-saints,2022,1,0.9510142180335078,1.0380941749108537,1.0490386815342565,-0.4420804721822865,0.6513529824589814,1.0444640192610866,0.6826625225480334,2.6842020218418203,229.2648842737987,-0.3817536004871157,0.9873844485227016,5.434878988231175,0.4444444444444444,0.5,0.0555555555555555,-0.1750245821042281,0.1460176991150442,0.0290068829891838,0.717459159276246,1.4124960096987726,2.0925137745737503,-0.3320370038402899,0.3453603590404495,0.7383841060287726,0.4226729857926701,0.5190470874554267,0.0582799267519031,-0.4403060258454325,0.3821475503043215,0.058158475541111,0.4897830541756757,3.791417464509462,475.9440627405744,-0.7137903666064959,1.3327418769687769,6.165317490494382,0.412,0.333,0.417,7.0,10.0,330.0,345.0,-15.0
420,5,new-york-giants,2012,1,0.9301676271532504,1.096242480925939,0.6603958274652341,-0.2335777660121841,0.2147874074795375,0.5754926797499681,0.7992872266810289,1.2436722758511891,7.778133874918971,-0.2240338400351588,0.2180694279665593,2.05131796182546,0.4363636363636363,0.509090909090909,0.0545454545454545,-0.0808777429467085,0.0608150470219435,0.0200626959247648,0.8436347326092137,1.1356618022649303,1.5817723104211796,-0.1700333676676852,0.1272175309847126,0.4585642670078844,0.4058913282123274,0.5580870811986599,0.0360215905890127,-0.1960459441146214,0.1629520482744109,0.0330938958402105,0.6743072286187235,1.4123922768279908,12.29953739758787,-0.3940669794064592,0.3452867087710819,2.509589412461919,0.563,0.5,0.667,9.0,7.0,429.0,344.0,85.0
421,5,new-york-giants,2016,1,1.0487124937292216,1.0297033772625457,0.3592071527130563,-0.1284053372559546,0.3096937541248693,-1.2166577891033683,0.8909147200130285,1.4301224789924407,0.2279427095803692,-0.1155056152100968,0.3577610614021486,-1.4786581714674951,0.4339622641509434,0.5094339622641509,0.0566037735849056,-0.0730799893701833,0.0728142439542918,0.0002657454158915,0.855868333001815,1.1667654348518983,1.0046991477222034,-0.155636426912873,0.1542372976494551,0.004705807705555,0.4551016482221151,0.5245658714356364,0.0203324803422484,-0.1417468294605094,0.2101954726008764,-0.068448643140367,0.7625065703150635,1.6686183074541046,0.2290154768175802,-0.2711419564221556,0.511997829507347,-1.4739165121736968,0.688,0.667,0.667,11.0,5.0,310.0,284.0,26.0
422,5,new-york-giants,2020,1,1.030895271469734,0.9959301732248148,0.7881096602937316,-0.0574401592445688,0.0340789646782716,0.5525747754836234,0.947221137119458,1.0354295227223804,3.346027977558982,-0.0542217297001611,0.0348173425149175,1.2077752328818423,0.4528301886792453,0.490566037735849,0.0566037735849056,-0.0941783583293017,0.0803096274794388,0.0138687308498629,0.8278286753049481,1.195751802336114,1.32449730864977,-0.1889468515585262,0.1787771493216569,0.2810506642640322,0.4668205002881815,0.4885695189404752,0.0446099807713433,-0.1285082823247705,0.0939638949213806,0.0345443874033899,0.7841376560051596,1.2381178855143442,4.431487310628606,-0.2431685502564445,0.2135944390664921,1.4887576800008182,0.375,0.667,0.417,6.0,10.0,280.0,357.0,-77.0
423,5,new-york-jets,2015,1,1.1119554576055797,0.9900514038937522,0.2312121899801189,0.0143967895525081,0.1794797959392524,-3.2289357440921376,1.013116179440198,1.2214222318617105,0.0668214560660557,0.0130318064963487,0.2000169536392828,-2.7057267263969877,0.4339622641509434,0.5094339622641509,0.0566037735849056,0.0018634987188446,-0.0337759142790589,0.0319124155602143,1.0043103442025296,0.9378198859087606,2.2923599896091003,0.0043033856221878,-0.0641954047399752,0.8295995165591972,0.4825467080175157,0.5043658095307795,0.0130874824517048,0.0082929625624848,0.0640553064443845,-0.0723482690068693,1.0174841952388458,1.1454749784990657,0.1531832873824864,0.017335177615282,0.135821362058119,-1.8760437118486089,0.625,0.5,0.583,10.0,6.0,387.0,314.0,73.0
424,5,new-york-jets,2018,1,1.1003619369354924,0.9915914702786388,0.3034324077463536,0.1191103277770233,-0.0492732646741139,-0.2205611773322928,1.1213849794286637,0.9526603066856164,0.5790754644932282,0.1145654189278954,-0.0484958766807039,-0.5463191783683659,0.4423076923076923,0.5,0.0576923076923076,-0.1210725893824485,0.0774647887323943,0.0436078006500541,0.7850947603029542,1.183330532784406,4.095863039878015,-0.241948593856314,0.1683349481533487,1.4099947828314914,0.4866985490291601,0.4957957351393195,0.0175057158315204,-0.0661192589474422,0.0559937344550576,0.0101255244923845,0.8803943389888415,1.1273132160716095,2.3716653622977124,-0.127383304737176,0.1198391336081138,0.8636495154614448,0.25,0.167,0.25,4.0,12.0,333.0,441.0,-108.0
425,5,new-york-jets,2019,1,1.1830860234778673,0.9150519851896576,0.3608726199627631,0.3655261555130231,-0.3085675915812333,0.1138311710277572,1.4470922836888287,0.7478233061464696,1.4607717075283069,0.3695570667358823,-0.2905874578082367,0.3789676339352696,0.4339622641509434,0.5094339622641509,0.0566037735849056,-0.0601553829078801,0.0270810210876803,0.0330743618201997,0.8782551857414144,1.0561413907423078,2.405558141137492,-0.1298157788783288,0.0546240320306696,0.8777996184600715,0.5134146894337915,0.4661585584928445,0.0204267520733639,0.1094439311452803,-0.124057943243703,0.0146140120984226,1.2709172829530269,0.7898080912905924,3.513530388598115,0.2397408575421366,-0.2359631402579364,1.256670294919129,0.438,0.333,0.333,7.0,9.0,276.0,359.0,-83.0
426,5,new-york-jets,2024,1,1.1844693812419769,0.9199821399159952,0.3940578983428813,0.2635401663450391,-0.3046419234946829,0.0680876728698689,1.2861662719737477,0.7512357597465562,1.2088732610403552,0.2516667556314995,-0.2860346617475812,0.1896912742547123,0.4150943396226415,0.5283018867924528,0.0566037735849056,-0.1069644839067702,0.1238901220865704,-0.0169256381798002,0.795108761322362,1.306343253474384,0.769800851463137,-0.2292739579021854,0.267233717257799,-0.2616057655389137,0.4916665356098771,0.4860283003329786,0.0223051640571442,0.010887313126917,-0.0092240782522221,-0.0016632348746949,1.0226430136220983,0.9813730129846352,0.93056835177939,0.0223924996742532,-0.0188005967004097,-0.071914916891344,0.294,0.333,0.417,5.0,12.0,338.0,404.0,-66.0
427,5,philadelphia-eagles,2011,1,1.049155365052605,1.0214535197138006,0.3123790492284788,0.2828518344219798,-0.1287799248807972,0.3123790492284788,1.3691102206967372,0.8880394118903419,312379.04922847886,0.3141620080437036,-0.1187381752188707,,0.4444444444444444,0.5079365079365079,0.0476190476190476,0.0531400966183574,-0.1007591442374051,0.0476190476190476,1.1357995665369105,0.8344657492733891,47619.04761904762,0.1273391168217801,-0.1809616113856464,,0.4662912733567134,0.5188335338228828,0.0148751928204037,0.1664333700664687,-0.1813085628868724,0.0148751928204037,1.5550356125506557,0.7410392764865973,14875.192820403754,0.4415005919107634,-0.2996997229868718,,0.5,0.833,0.5,8.0,8.0,396.0,328.0,68.0
428,5,philadelphia-eagles,2012,1,1.0589533480602062,0.99768094957623,0.5122614877159147,-0.4320520864635599,0.6245767153095376,0.5032735676105301,0.7102272153496376,2.6739934419228666,56.9881010967109,-0.3421693941953465,0.9835740284662272,4.042844445479499,0.4406779661016949,0.5084745762711864,0.0508474576271186,-0.1275038520801233,0.0993836671802773,0.0281201848998459,0.7755918552973176,1.2429348148222417,2.237189699246453,-0.2541265876044338,0.2174773360018083,0.8052401461219034,0.4666574076197519,0.5072953980896084,0.0260471942906397,-0.3805047710869334,0.3546618477077797,0.0258429233791537,0.5508471323460618,3.323594800918696,126.89179437104262,-0.5962958021830648,1.2010489397514656,4.843373101576898,0.25,0.167,0.167,4.0,12.0,280.0,444.0,-164.0
429,5,philadelphia-eagles,2016,1,1.116570636708378,0.9624791875938288,0.4314721594225909,-0.0132973794543473,0.1827272634850385,-0.6536323844516618,0.9882301583067464,1.2343386704113786,0.3976315132277971,-0.0118387590130077,0.2105363760917326,-0.9222272310753434,0.4423076923076923,0.5,0.0576923076923076,-0.1576923076923077,0.1333333333333333,0.0243589743589743,0.7371782585490563,1.363632644638242,1.7307173092499533,-0.3049232846845554,0.3101542010328315,0.5485532853819417,0.4938677816210132,0.4812395937969143,0.0248926245820725,-0.184053028076622,0.1953305549570245,-0.0112775268804025,0.7285025714710177,1.6831853675008928,0.6881899960496646,-0.3167620987056309,0.5206901282260161,-0.373650150389358,0.438,0.333,0.417,7.0,9.0,367.0,331.0,36.0
430,5,philadelphia-eagles,2017,1,1.0485058126762197,1.0338962894377173,0.3181856567966926,-0.4771398981201142,0.6099715648674223,-0.4277027890209959,0.6872533498459394,2.43886187960334,0.4265855463980704,-0.375051323935312,0.891532454915851,-0.8519392116279866,0.4528301886792453,0.490566037735849,0.0566037735849056,-0.0593649332719742,0.039346525540727,0.0200184077312471,0.88409530894959,1.0871979984892906,1.547127523168455,-0.123188198271443,0.0836057813350892,0.4364176672629596,0.4747950849854579,0.5071944061392576,0.0180105088752844,-0.3066332059102253,0.3159112987111977,-0.0092780928009724,0.6075982696287752,2.651524023395454,0.659976979105356,-0.4982392499739406,0.9751365494864104,-0.415494803115064,0.813,0.833,0.833,13.0,3.0,457.0,295.0,162.0
431,5,philadelphia-eagles,2021,1,1.0318398038401704,1.00273467041281,0.6842719477018239,-0.3084452959395911,0.4766740525314201,0.3832903290592642,0.7698653324911184,1.9061163869949824,2.273460011704032,-0.2615387031564088,0.6450688641211053,0.8213043666644357,0.4354838709677419,0.5161290322580645,0.0483870967741935,-0.1597542242703533,0.1589861751152073,0.0007680491551459,0.7316116741181939,1.4451572438822975,1.0161076939964906,-0.312503109330524,0.3682200724378363,0.016000008020052,0.449349591994913,0.5175404750517729,0.033109932953314,-0.3484391578739926,0.3296616829512765,0.0187774749227159,0.5632431252328712,2.7546361919271343,2.309975225980588,-0.5740416798421686,1.0132873123522166,0.837267001753323,0.529,0.5,0.583,9.0,8.0,444.0,385.0,59.0
432,5,philadelphia-eagles,2022,1,0.9975875804158064,1.0609736811145145,0.490860787014423,0.3016728265260127,-0.3610360900565945,0.1642898393856396,1.4334890032878689,0.7461080482820398,1.503070887069541,0.3601123374968756,-0.2928839098970183,0.4075123106130066,0.4528301886792453,0.490566037735849,0.0566037735849056,-0.0310407790626902,0.0389531345100426,-0.0079123554473524,0.9358471225197204,1.0862509640022455,0.8773448917202161,-0.0663009381548762,0.0827343235154458,-0.1308374343280745,0.4517377722637615,0.5204776548863655,0.027784572849873,0.115004826833216,-0.1217203062876836,0.0067154794544676,1.341527275149445,0.8104616892167557,1.3186734547618004,0.293810936177673,-0.2101492856987882,0.2766622633231858,0.824,0.667,0.75,14.0,3.0,477.0,344.0,133.0
433,5,pittsburgh-steelers,2014,1,1.0290192832049525,1.0382156809114191,0.4366431664614164,0.2322379480146315,-0.2381316076656192,0.4319631905669647,1.2914684949173214,0.8134266251642756,93.28037065496702,0.2557809108754429,-0.2064985896795267,4.535611986365085,0.4528301886792453,0.490566037735849,0.0566037735849056,-0.0392333033842467,0.0143755615453728,0.0248577418388739,0.9202659325818936,1.0301865158536,1.7829627045993337,-0.0830903852228942,0.0297419076604033,0.5782940879543028,0.4659709961682802,0.5093133528999415,0.0247156509317782,0.0739039899635192,-0.0984710702319815,0.0245670802684623,1.1884953344673648,0.8379821784396305,165.24397488011056,0.1726902283005713,-0.1767564820787986,5.107463476806591,0.688,0.667,0.75,11.0,5.0,436.0,368.0,68.0
434,5,pittsburgh-steelers,2015,1,1.1771410689034831,0.930713775236851,0.2654944946083058,0.5683234195204686,-0.4483856945086483,-2.811246067191481,1.9334839202058192,0.6748701749109012,0.0862908012504634,0.6593243651281374,-0.3932338656297879,-2.450028510401577,0.4339622641509434,0.5094339622641509,0.0566037735849056,-0.1429608127721334,0.1248185776487663,0.0181422351233671,0.7521999540483816,1.3245248581221614,1.4716598500514455,-0.2847507896903602,0.28105576044406,0.386408579986077,0.5108348034864171,0.4741372062527353,0.0150279902608474,0.1595938519192932,-0.0562856667263028,-0.1033081851929904,1.454367285021745,0.8938836097059921,0.1269929775086591,0.3745729079692527,-0.1121775936776983,-2.0635569489764345,0.625,0.5,0.583,10.0,6.0,423.0,319.0,104.0
435,5,pittsburgh-steelers,2023,1,1.023415079093439,1.0131218160619668,0.6980141103719449,0.523630479244759,-0.4878134676713088,0.5434645424627567,2.047708216089656,0.6749932205929695,4.516412458491177,0.7167222015347671,-0.3930516446783665,1.507719407455588,0.4259259259259259,0.5185185185185185,0.0555555555555555,-0.0324074074074073,0.0081018518518518,0.0243055555555555,0.9292909017491436,1.0158710255950882,1.777720890709275,-0.0733311070780203,0.0157483263559537,0.5753501452535528,0.4358990151694277,0.5253224231432421,0.0387785616873302,0.2068310735721159,-0.240779961262284,0.0339488876901681,1.9029162667355828,0.6857069604918622,8.027567521656692,0.6433898807882251,-0.3773030102235401,2.082907345351245,0.588,0.833,0.583,10.0,7.0,304.0,324.0,-20.0
436,5,san-francisco-49ers,2016,1,1.1144445825300318,0.9054994831782474,0.9730961853321972,0.2627539147690899,-0.3568423496140381,0.096989060983909,1.308507086208622,0.7173166113481982,1.110703300527039,0.268887755801498,-0.3322368535956009,0.1049944464074533,0.4339622641509434,0.5094339622641509,0.0566037735849056,-0.1939447125932426,0.1489688459850812,0.0449758666081614,0.6911239866725607,1.413264490773251,4.867505922792527,-0.3694337361798923,0.345904232991905,1.5825993415778967,0.4836268943054854,0.4612921895436354,0.055080916150879,-0.0511556180095245,0.0062619940022301,0.0448936240072943,0.9043414450305808,1.0137594830059524,5.4062953215924265,-0.1005462175150514,0.0136678486079616,1.687582229791175,0.125,0.333,0.167,2.0,14.0,309.0,480.0,-171.0
437,5,san-francisco-49ers,2017,1,1.1141908042934348,0.9315916262484556,0.801078923529229,0.1342033917975088,-0.0931858630423029,0.801078923529229,1.1369428353297664,0.9090663357826756,801078.9235292291,0.1283438342615986,-0.0953361373775739,,0.4150943396226415,0.5283018867924528,0.0566037735849056,-0.1380971497390606,0.0814933761541549,0.0566037735849056,0.750361488279777,1.1823872908115531,56603.77358490566,-0.287197795107896,0.1675374153723356,,0.4624942961218031,0.4921616138671085,0.0453440900110884,-0.0796264001525389,0.0342823101414505,0.0453440900110884,0.853118957053799,1.0748695889788489,45344.09001108844,-0.1588541217543112,0.072201373493676,,0.375,0.167,0.25,6.0,10.0,331.0,383.0,-52.0
438,5,seattle-seahawks,2017,1,1.0768192728924817,0.9964628479551776,0.4428866095610446,0.6356842207135618,-0.460790291171161,0.4428866095610446,2.4410139855350934,0.6837948311147586,442886.6095610446,0.8924144494834716,-0.3800963573163212,,0.4339622641509434,0.5094339622641509,0.0566037735849056,-0.0160377358490566,-0.0405660377358491,0.0566037735849056,0.964358443983332,0.9262418836768496,56603.77358490566,-0.0362899192797825,-0.0766179020113013,,0.4672989297457938,0.5076320168828263,0.0250690533713798,0.2687881562652799,-0.2938572096366598,0.0250690533713798,2.3540111578906653,0.6333602083798892,25069.05337137988,0.8561228887529296,-0.4567139991830202,,0.563,0.667,0.583,9.0,7.0,366.0,332.0,34.0
439,5,seattle-seahawks,2019,1,1.0867177025956942,0.9776634900474797,0.5213018630373497,-0.0140618651221224,0.0847851492493976,-0.4363851846573583,0.9872246426449204,1.0949558863951483,0.5443336839090743,-0.0128567437802298,0.0907150989061259,-0.6081909123614001,0.4509803921568627,0.4901960784313725,0.0588235294117647,-0.0606475148198814,0.0134518923848608,0.0471956224350205,0.8814599527257786,1.028214007773009,5.058388508000077,-0.1261734916146282,0.0278253641322183,1.6210649557505812,0.4900883756804111,0.4792468088468036,0.0306648154727852,-0.0731011705938207,0.0535722510244622,0.0195289195693584,0.8701999330822833,1.12584995788464,2.753443664975774,-0.1390302451485656,0.1185403551212721,1.0128849802194937,0.688,0.5,0.667,11.0,5.0,405.0,398.0,7.0
440,5,seattle-seahawks,2022,1,1.090268445720184,0.8681592568385664,1.494508604598157,-0.1165274927485688,0.0358541773525897,0.9877673730828364,0.9034398505382136,1.0430769139337923,2.9492481811296845,-0.1015448277981706,0.0421760681469053,1.0815509531326528,0.4339622641509434,0.5094339622641509,0.0566037735849056,-0.0361232059345266,0.0051604579906466,0.03096274794388,0.9231541253932312,1.0102314472512937,2.2074610788292466,-0.0799567709829804,0.010181423256399,0.7918606885167275,0.473135363237061,0.4422698100875715,0.0845948266753673,-0.0941618727952586,0.0225604110305405,0.0716014617647181,0.8340152201885321,1.0537499453938362,6.510116289410922,-0.1815015136055631,0.0523574395737925,1.8733691402416583,0.529,0.667,0.5,9.0,8.0,407.0,401.0,6.0
441,5,tampa-bay-buccaneers,2017,1,0.9369900106991704,1.0921409966637858,0.7055246099871625,-0.2397514691286312,0.3165005073449518,-1.0426332400810114,0.7962574877353664,1.4080487076869763,0.4035815223311365,-0.2278316011440285,0.3422057662974624,-0.9073753562996828,0.4528301886792453,0.490566037735849,0.0566037735849056,-0.005503144654088,-0.0094339622641509,0.0149371069182389,0.9879909833198444,0.9811301132114716,1.3584579630466227,-0.0120794991395077,-0.0190481565092337,0.3063678722625418,0.4242973633354733,0.5357672813822345,0.0399353552822922,-0.1150424815856023,0.1479470367228174,-0.032904555137215,0.7866961446199439,1.381479969857616,0.5482544774947963,-0.2399108415232719,0.3231572329201819,-0.600990684677472,0.313,0.167,0.25,5.0,11.0,335.0,382.0,-47.0
442,5,tampa-bay-buccaneers,2023,1,0.9918944545300254,1.0711249391953157,0.4484282240670619,-0.7020470194048734,0.6655924397862202,0.2134383591774147,0.5855538011429222,2.64127363277277,1.9082793889781455,-0.5351962027667699,0.971262171076898,0.6462042225970727,0.4528301886792453,0.490566037735849,0.0566037735849056,-0.0130789022298455,-0.0094339622641509,0.0225128644939965,0.9719261237627976,0.9811301132114716,1.660328655516671,-0.0284732734385425,-0.0190481565092337,0.5070332345335782,0.4491597529947285,0.5254575173410981,0.0253827296641733,-0.3400629791794857,0.3226912676365503,0.0173717115429353,0.5691158725769037,2.5914318910314287,3.1680819089624483,-0.5636689967210847,0.952212479725854,1.153165724809717,0.529,0.667,0.583,9.0,8.0,348.0,325.0,23.0
443,5,tennessee-titans,2016,1,0.948568194559526,1.0534100703003562,0.9485671675873706,-0.2357241155665776,0.1994983087670147,0.9475189702204247,0.8009571500986714,1.2336272717236176,904.0883988765072,-0.2219467746320841,0.2099597803083965,6.806928196200266,0.4528301886792453,0.490566037735849,0.0566037735849056,-0.0610587002096435,0.0322327044025157,0.0288259958071278,0.8811813551310296,1.0703235652631649,2.0376624932068483,-0.1264896144455029,0.0679630386625944,0.7118209807306952,0.4295403145175212,0.5167672042982879,0.0536924811841907,-0.1790543448528377,0.1253909802621731,0.0536633645906645,0.7057893166078693,1.3203813930945625,1782.8205284026517,-0.3484361763595022,0.2779225641328384,7.485970580111797,0.563,0.333,0.5,9.0,7.0,381.0,378.0,3.0
444,5,tennessee-titans,2018,1,1.0324202319400966,0.9549442015927406,1.1569470741245926,0.4415682940032212,-0.7332782791610003,0.6442199442168092,1.7473387464993813,0.5656503493046945,2.2564532871108027,0.5580948827841109,-0.5697781019008302,0.8137951029342275,0.4339622641509434,0.5094339622641509,0.0566037735849056,-0.181422351233672,0.1358075886377773,0.0456147625958946,0.7051875333155413,1.3634813673303916,5.15047470302844,-0.3492892024947801,0.3100432208469258,1.6391065522836998,0.4480314214079665,0.486481008358566,0.0654875702334675,0.0844302288314277,-0.1442834349999745,0.0598532061685468,1.2322021994233583,0.7712550100529838,11.620823336174125,0.2088052065370282,-0.2597341521902139,2.452813873962848,0.563,0.5,0.417,9.0,7.0,310.0,303.0,7.0
445,5,tennessee-titans,2022,1,1.0069117733781423,1.0182272317507697,0.7951161395111622,-0.2964720185966123,0.249737620421061,0.4486589435497743,0.7725360765124267,1.32497029467796,2.2949843553413194,-0.2580755771785554,0.2813910221744706,0.8307272843216461,0.4509803921568627,0.4901960784313725,0.0588235294117647,-0.0182503770739064,0.0055806938159879,0.0126696832579185,0.961103705523122,1.0115136301477223,1.274482190140782,-0.039670744269329,0.0114498927159093,0.242556970594865,0.4540974664254368,0.4991309959562595,0.0467715376183036,-0.1574903128857943,0.1267091073887855,0.0307812054970088,0.7424882237650592,1.340226423451493,2.9248055924009253,-0.2977460665121591,0.2928405758935926,1.0732493946343582,0.412,0.5,0.417,7.0,10.0,298.0,359.0,-61.0
446,5,washington-commanders,2017,1,1.00758690045263,1.0476601335404625,0.5103635945147994,-0.2276979787227737,0.3357412966462298,0.2506273278815012,0.8156710259856846,1.4715984570831808,1.9649224815911384,-0.203743167266199,0.3863501502934022,0.6754547543566173,0.4444444444444444,0.5,0.0555555555555555,-0.1165311653116532,0.073170731707317,0.043360433604336,0.7922691190951451,1.1714258269452056,4.555182030629044,-0.2328518980508089,0.1582236623584959,1.5162834925679065,0.4478164002011688,0.5238300667702311,0.0283535330285999,-0.2451482881167405,0.219962270534888,0.0251860175818524,0.6462317077894422,1.7238692266531062,8.948522898224999,-0.4365949256659838,0.5445732237690462,2.191523747713197,0.438,0.167,0.417,7.0,9.0,342.0,388.0,-46.0
447,5,washington-commanders,2018,1,0.8794213843002894,1.158663602430143,0.5895443712031098,-0.3529243635309635,0.5455588921612221,-0.6323726769978549,0.7136152108551755,1.8898267998872964,0.4824745588062133,-0.3374102451725724,0.6364860476639527,-0.7288253912323,0.4528301886792453,0.490566037735849,0.0566037735849056,-0.1596698113207547,0.115566037735849,0.0441037735849056,0.739313386719769,1.308172612168632,4.527939651620323,-0.3020311709617548,0.2686332492774361,1.5102846795003118,0.3982285513812631,0.5684010125129004,0.0333704361058364,-0.3565832191653794,0.338486746162055,0.0180964730033243,0.5275858688676693,2.472219533458615,2.1846492120395657,-0.6394411311789779,0.9051181030054029,0.7814852381656912,0.438,0.333,0.5,7.0,9.0,281.0,359.0,-78.0
