,team,season,cap_hit_per_player_prop_active_defense,cap_hit_per_player_prop_active_offense,cap_hit_per_player_prop_active_special_team,cap_hit_per_player_prop_inactive_defense,cap_hit_per_player_prop_inactive_offense,cap_hit_per_player_prop_inactive_special_team,cap_hit_sum_active_defense,cap_hit_sum_active_offense,cap_hit_sum_active_special_team,cap_hit_sum_inactive_defense,cap_hit_sum_inactive_offense,cap_hit_sum_inactive_special_team,player_count_active_defense,player_count_active_offense,player_count_active_special_team,player_count_inactive_defense,player_count_inactive_offense,player_count_inactive_special_team,position_level_one_cap_hit_prop_active_defense,position_level_one_cap_hit_prop_active_offense,position_level_one_cap_hit_prop_active_special_team,position_level_one_cap_hit_prop_inactive_defense,position_level_one_cap_hit_prop_inactive_offense,position_level_one_cap_hit_prop_inactive_special_team,position_level_one_player_count_prop_active_defense,position_level_one_player_count_prop_active_offense,position_level_one_player_count_prop_active_special_team,position_level_one_player_count_prop_inactive_defense,position_level_one_player_count_prop_inactive_offense,position_level_one_player_count_prop_inactive_special_team,delta_position_level_one_player_count_prop_offense,ratio_position_level_one_player_count_prop_offense,total_position_level_one_player_count_prop_offense,log_ratio_position_level_one_player_count_prop_offense,delta_position_level_one_player_count_prop_defense,ratio_position_level_one_player_count_prop_defense,total_position_level_one_player_count_prop_defense,log_ratio_position_level_one_player_count_prop_defense,delta_position_level_one_player_count_prop_special_team,ratio_position_level_one_player_count_prop_special_team,total_position_level_one_player_count_prop_special_team,log_ratio_position_level_one_player_count_prop_special_team,delta_position_level_one_cap_hit_prop_offense,ratio_position_level_one_cap_hit_prop_offense,total_position_level_one_cap_hit_prop_offense,log_ratio_position_level_one_cap_hit_prop_offense,delta_position_level_one_cap_hit_prop_defense,ratio_position_level_one_cap_hit_prop_defense,total_position_level_one_cap_hit_prop_defense,log_ratio_position_level_one_cap_hit_prop_defense,delta_position_level_one_cap_hit_prop_special_team,ratio_position_level_one_cap_hit_prop_special_team,total_position_level_one_cap_hit_prop_special_team,log_ratio_position_level_one_cap_hit_prop_special_team,delta_cap_hit_per_player_prop_offense,ratio_cap_hit_per_player_prop_offense,total_cap_hit_per_player_prop_offense,log_ratio_cap_hit_per_player_prop_offense,delta_cap_hit_per_player_prop_defense,ratio_cap_hit_per_player_prop_defense,total_cap_hit_per_player_prop_defense,log_ratio_cap_hit_per_player_prop_defense,delta_cap_hit_per_player_prop_special_team,ratio_cap_hit_per_player_prop_special_team,total_cap_hit_per_player_prop_special_team,log_ratio_cap_hit_per_player_prop_special_team,w,l,pct,pf,pa,net_pts,div_win_pct,conf_win_pct,pc_1,pc_2,pc_3,label
0,arizona-cardinals,2011,0.9284960411868164,1.0995549391632982,0.6573365644690393,0.8570949805178115,1.226942693527567,0.4454332985105955,46212697.0,61041169.0,3775000.0,3327689.0,3969692.0,144117.0,26,29,3,12,10,1,0.4162223632906419,0.5497774695816492,0.0340001671277089,0.4471799898353799,0.5334533450119855,0.0193666651526345,0.4482758620689655,0.5,0.0517241379310344,0.5217391304347826,0.4347826086956521,0.0434782608695652,0.0652173913043478,1.1499973550060836,0.934782608695652,0.1397616423758037,-0.073463268365817,0.8591937555108192,0.970014992503748,-0.1517585922818752,0.0082458770614692,1.1896278109741407,0.0952023988005996,0.1736598274617828,0.0163241245696637,1.0305989157690654,1.083230814593635,0.030141923788978,-0.0309576265447379,0.9307693590549664,0.8634023531260219,-0.0717413644721679,0.0146335019750743,1.7555119246309292,0.0533668322803435,0.5627899205171473,-0.1273877543642685,0.8961739197680579,2.326497632690865,-0.1096198685010538,0.0714010606690049,1.0833046266602124,1.785591021704628,0.0800172858648851,0.2119032659584437,1.4757205870023575,1.1027698629796348,0.3891479253485738,8,8,0.5,312,348,-36,0.667,0.583,-1.8215418367635259,-0.5896306728163819,-0.5546394824759359,0
1,los-angeles-chargers,2013,0.738423679263626,1.2541792753148988,1.0616420451789594,0.8449270558027134,1.1780432647165695,0.0007444960269293,32763239.0,55646882.0,5652500.0,10581789.0,15807542.0,333.0,25,25,3,28,30,1,0.3483130562564273,0.5915939977900467,0.060092945953526,0.4009823315673894,0.599005049855883,1.2618576727615782e-05,0.4716981132075472,0.4716981132075472,0.0566037735849056,0.4745762711864407,0.5084745762711864,0.0169491525423728,-0.0367764630636392,0.9276711315549508,0.9801726894787336,-0.075075873107337,-0.0028781579788935,0.99393321561377,0.9462743843939878,-0.0060831420962899,0.0396546210425327,3.339425615398125,0.0735529261272785,1.2058164872727517,-0.0074110520658362,0.9876260814600796,1.1905990476459296,-0.0124494225819745,-0.0526692753109621,0.8686472200600429,0.7492953878238167,-0.1408153259702146,0.0600803273767983,4412.571677308201,0.0601055645302536,8.392229586008606,0.076136010598329,1.0646283105640744,2.4322225400314688,0.0626265314139315,-0.1065033765390874,0.8739485855539447,1.5833507350663394,-0.1347323774190927,1.06089754915203,1424.074719152859,1.0623865412058888,7.261278503847189,9,7,0.563,396,348,48,0.667,0.5,-1.4420703790117544,1.091637639057117,1.0661178736953478,0
2,los-angeles-chargers,2011,0.6371859630015122,1.3749817447802173,0.6405028001109573,1.6792849130651846,0.3207150869348155,0.0,32142683.0,74498425.0,3590000.0,9668875.0,1846592.0,0.0,27,29,3,12,12,0,0.2915935762888276,0.6758384847224796,0.0325679389886927,0.8396424565325922,0.1603575434674078,0.0,0.4576271186440678,0.4915254237288136,0.0508474576271186,0.5,0.5,0.0,-0.0084745762711864,0.9830488813598643,0.9915254237288136,-0.017094398876611,-0.0423728813559322,0.915252406783322,0.9576271186440678,-0.0885532121566475,0.0508474576271186,50847.45762711865,0.0508474576271186,,0.5154809412550718,4.214546167038746,0.8361960281898875,1.4385433943713255,-0.5480488802437645,0.3472826162345123,1.1312360328214195,-1.0576129450924066,0.0325679389886927,32567.93898869274,0.0325679389886927,,1.054266657845402,4.2872241237455535,1.6956968317150327,1.4556401933880867,-1.0420989500636724,0.3794386399862444,2.3164708760666968,-0.96906081228556,0.6405028001109573,640502.8001109574,0.6405028001109573,,8,8,0.5,406,377,29,0.5,0.583,-2.9857665840023713,1.2639721185499024,-0.6506696714718471,0
3,las-vegas-raiders,2023,0.7136417399979204,1.285020917212406,0.9156917699132552,1.1003920855977154,0.916241031481742,0.0486487193055868,51343388.0,96303760.0,8235000.0,40258073.0,27271215.0,60333.0,24,25,3,59,48,2,0.3293731107682709,0.6177985178905797,0.0528283713411493,0.5956250738556442,0.4034822890928771,0.0008926370514786,0.4615384615384615,0.4807692307692308,0.0576923076923076,0.5412844036697247,0.4403669724770642,0.018348623853211,0.0404022582921665,1.0917443157024114,0.9211362032462952,0.0877787867751079,-0.0797459421312631,0.8526711757039688,1.0028228652081863,-0.1593791307016586,0.0393436838390966,3.144059417992489,0.0760409315455187,1.1455321064240649,0.2143162287977025,1.5311625898547925,1.021280806983457,0.4260289281544589,-0.2662519630873733,0.5529863873086551,0.9249981846239153,-0.592418857775228,0.0519357342896706,59.11613809402461,0.053721008392628,4.079522880376936,0.368779885730664,1.4024906881146642,2.201261948694148,0.3382504970993836,-0.386750345599795,0.6485334643940278,1.814033825595636,-0.4330402725282416,0.8670430506076683,18.82213881156141,0.964340489218842,2.9350348654427543,8,9,0.471,332,331,1,0.667,0.5,-2.0769242892392663,0.9685415042389488,0.9093071443677772,0
4,las-vegas-raiders,2022,0.6453050113816203,1.3485902934210214,1.0508724599779822,1.3130759774538698,0.6589708102734633,0.0,37199323.0,77740983.0,7269445.0,53026666.0,24430302.0,0.0,25,25,3,61,56,0,0.3043891563120851,0.6361274968967083,0.0594833467912065,0.6845951677323595,0.3154048322676405,0.0,0.4716981132075472,0.4716981132075472,0.0566037735849056,0.5213675213675214,0.4786324786324786,0.0,-0.0069343654249314,0.9855100703679426,0.9503305918400258,-0.0145938139070931,-0.0496694081599742,0.9047307113408162,0.9930656345750686,-0.100115816092671,0.0566037735849056,56603.77358490566,0.0566037735849056,,0.3207226646290678,2.016853944403021,0.9515323291643488,0.7015404160668595,-0.3802060114202744,0.4446258548602992,0.9889843240444448,-0.8105188407980194,0.0594833467912065,59483.34679120654,0.0594833467912065,,0.6896194831475582,2.0465068040791867,2.007561103694485,0.7161350831989718,-0.6677709660722495,0.4914449209466021,1.9583809888354904,-0.7104038592017473,1.0508724599779822,1050872.4599779823,1.0508724599779822,,6,11,0.353,395,418,-23,0.5,0.417,-1.9747394870841244,1.6175479388209002,1.0644940914850891,0
5,las-vegas-raiders,2020,0.7619657277822686,1.330232705077247,0.2316797261707044,0.865618349541486,1.2976752032213046,0.1159359907357058,59633695.0,104107952.0,2175833.0,23512787.0,24458313.0,257075.0,25,25,3,49,34,4,0.3594177961237116,0.6274682571119089,0.0131139467643794,0.4875321738796875,0.5071374357416593,0.0053303903786531,0.4716981132075472,0.4716981132075472,0.0566037735849056,0.5632183908045977,0.3908045977011494,0.0459770114942528,0.0808935155063977,1.2069891423823889,0.8625027109086967,0.1881310665319983,-0.0915202775970505,0.8375033262503514,1.0349165040121449,-0.1773279236508391,0.0106267620906527,1.2311052989314464,0.1025807850791585,0.2079300493978218,0.1203308213702496,1.2372721389067554,1.1346056928535682,0.2129106620351545,-0.1281143777559759,0.737217107224806,0.8469499700033991,-0.304870065505596,0.0077835563857263,2.4597611191421414,0.0184443371430326,0.9001404909763325,0.0325575018559423,1.0250883092216112,2.6279079082985515,0.0247795159652569,-0.1036526217592174,0.8802549621676985,1.6275840773237549,-0.1275423713432946,0.1157437354349986,1.998324475221631,0.3476157169064103,0.6923133833458627,8,8,0.5,434,478,-44,0.667,0.5,-1.5331527854606124,1.2439448208463368,-0.8430125739599625,0
6,las-vegas-raiders,2019,0.7809467895766053,1.31490808416751,0.2331610100470777,0.8576238010829355,1.2180637169731148,0.0575217734470107,43832321.0,73802049.0,1635833.0,23102498.0,30672046.0,101055.0,24,24,3,46,43,3,0.3675043715654613,0.6187802749023577,0.013715353532181,0.4288119005414678,0.5693123894548253,0.0018757100037068,0.4705882352941176,0.4705882352941176,0.0588235294117647,0.5,0.4673913043478261,0.0326086956521739,0.0031969309462915,1.0068377911158617,0.9379795396419436,0.0068166444442449,-0.0294117647058823,0.9411745882390588,0.9705882352941176,-0.0606244968166928,0.0262148337595907,1.803866250062449,0.0914322250639386,0.5899492779837622,0.0494678854475323,1.0868886739075323,1.188092664357183,0.083320803067008,-0.0613075289760064,0.8570273214761233,0.7963162721069291,-0.1542827594712884,0.0118396435284741,7.308190133313357,0.0155910635358879,1.9890685636565564,0.0968443671943952,1.079505929237529,2.532971801140625,0.0765042240443926,-0.0766770115063301,0.9105925908281712,1.638570590659541,-0.0936584122006893,0.1756392366000669,4.0533687107743965,0.2906827834940885,1.399552604691476,7,9,0.438,313,419,-106,0.5,0.417,-1.4117143970222534,1.1375653894952584,-0.5752445092830658,0
7,las-vegas-raiders,2018,0.7597679224061096,1.3147013846852578,0.1944446201455537,0.7464488157015163,1.3076702142893293,0.7374172895175134,39652160.0,74331881.0,1268504.0,23493742.0,37654856.0,2469094.0,24,26,3,47,43,5,0.3440458516555968,0.6449478490908812,0.0110062992535219,0.3692957298733818,0.5918928338362228,0.0388114362903954,0.4528301886792453,0.490566037735849,0.0566037735849056,0.4947368421052631,0.4526315789473684,0.0526315789473684,0.0379344587884806,1.083806293565297,0.9431976166832174,0.0804812295359143,-0.0419066534260178,0.9152932121632584,0.9475670307845084,-0.0885086062573519,0.0039721946375372,1.0754512645391814,0.109235352532274,0.0727580209735389,0.0530550152546583,1.0896343435625964,1.236840682927104,0.0858437258504981,-0.0252498782177849,0.9316244196734628,0.7133415815289786,-0.0708226221139677,-0.0278051370368735,0.2835766137217604,0.0498177355439173,-1.2601820969849276,0.0070311703959284,1.0053760993735334,2.622371598974587,0.0053624603662016,0.0133191067045932,1.0178419318009702,1.506216738107626,0.0176859489827239,-0.5429726693719596,0.2636829366854695,0.9318619096630671,-1.333002752175414,4,12,0.25,290,467,-177,0.167,0.25,-2.478117769034492,0.676120506583449,-0.9083342988066695,0
8,las-vegas-raiders,2017,0.809167762543096,1.2563556397311293,0.4539716477147876,0.44300383488203,1.524352980021057,4.07876949146207,55106459.0,85561133.0,3710000.0,5185143.0,11469732.0,3410000.0,25,25,3,28,18,2,0.3816829068599509,0.5926205847788346,0.0256965083612143,0.2584189036811841,0.5716323675078963,0.1699487288109195,0.4716981132075472,0.4716981132075472,0.0566037735849056,0.5833333333333334,0.375,0.0416666666666666,0.0966981132075471,1.2578582809313767,0.8466981132075472,0.2294126176624467,-0.1116352201257862,0.8086239507147367,1.0550314465408803,-0.2124191822377263,0.0149371069182389,1.3584579630466227,0.0982704402515723,0.3063678722625418,0.0209882172709383,1.036714472009279,1.1642529522867309,0.0360582383570649,0.1232640031787667,1.4769872653881877,0.6401018105411351,0.3900070015401407,-0.1442522204497051,0.1512006435138444,0.1956452371721339,-1.8891086441660243,-0.2679973402899274,0.8241889063810327,2.780708619752186,-0.1933547240782115,0.366163927661066,1.8265438632482949,1.252171597425126,0.602426817720061,-3.624797843747282,0.1113011013159648,4.532741139176857,-2.195513922949138,6,10,0.375,301,373,-72,0.333,0.417,-1.204355883499376,0.9030758831801478,-0.3449413200848011,0
9,las-vegas-raiders,2014,0.790038114684784,1.1978486770113836,1.104981138633213,1.5976869496138462,0.4912820416986301,0.0099261285812868,29172014.0,44230345.0,4707834.0,34477142.0,11848821.0,6300.0,26,26,3,34,38,1,0.3734725633055343,0.5662557382235632,0.0602716984709025,0.7441281683132982,0.2557358573225745,0.0001359743641272,0.4727272727272727,0.4727272727272727,0.0545454545454545,0.4657534246575342,0.5205479452054794,0.0136986301369863,-0.0478206724782067,0.908132226722062,0.9932752179327522,-0.096363171457392,0.0069738480697384,1.014971082829467,0.938480697384807,0.0148622376471002,0.0408468244084682,3.981527530308469,0.0682440846824408,1.3816838804136802,0.3105198809009887,2.214212468832033,0.8219915955461378,0.7948985617157539,-0.3706556050077639,0.5018921165959354,1.1176007316188326,-0.6893674119963996,0.0601357241067752,440.0217431557055,0.0604076728350297,6.086840733351781,0.7065666353127535,2.4382048133999814,1.6891307187100135,0.8912628711378612,-0.8076488349290621,0.4944883729490059,2.38772506429863,-0.7042303751770357,1.0950550100519258,111.30924008742645,1.1149072672144995,4.712313179481399,3,13,0.188,253,452,-199,0.167,0.167,-1.1572744426669532,0.7975456282229626,0.8305036850793526,0
10,washington-commanders,2023,0.884457780821121,1.1315896546859558,0.7838940794860779,1.3884438437445177,0.5864260673417698,0.3494777800248819,53556046.0,74230515.0,5933334.0,62192461.0,22376222.0,869674.0,24,26,3,54,46,3,0.4005091837680548,0.5551194532421672,0.044371362989778,0.7279220151670286,0.2618990203662273,0.0101789644667441,0.4528301886792453,0.490566037735849,0.0566037735849056,0.5242718446601942,0.4466019417475728,0.029126213592233,0.0439640959882762,1.0984388858171132,0.937167979483422,0.0938920155414337,-0.0714416559809488,0.8637300086994698,0.9771020333394396,-0.1464928406135082,0.0274775599926726,1.943329505435408,0.0857299871771386,0.6644204084441689,0.2932204328759398,2.119585376381098,0.8170184736083945,0.7512222937899424,-0.3274128313989737,0.5502081613344157,1.1284311989350837,-0.5974561003872616,0.0341923985230338,4.358695271946202,0.0545503274565221,1.4721952998277046,0.545163587344186,1.9296340801855676,1.7180157220277257,0.6573312728946507,-0.5039860629233964,0.6370132632966635,2.2729016245656384,-0.450963671489333,0.434416299461196,2.2430377015459046,1.13337185951096,0.8078323396143949,4,13,0.235,329,518,-189,0.0,0.167,-1.6373285331101766,-0.19712171019132987,0.41375033231315445,0
11,kansas-city-chiefs,2014,0.89800870391715,1.107821998200985,0.8814730509209288,1.6411542496705067,0.3481756469130227,0.8981599952023919,39248029.0,52452887.0,4815666.0,29356536.0,6079787.0,765050.0,24,26,3,42,41,2,0.4066454508304075,0.5434598481740681,0.0498947009955242,0.8109232763077798,0.1679435473345168,0.0211331763577033,0.4528301886792453,0.490566037735849,0.0566037735849056,0.4941176470588235,0.4823529411764706,0.0235294117647058,0.0082130965593784,1.017025042937037,0.9729189789123196,0.0168837795462469,-0.0412874583795782,0.916440193817128,0.9469478357380688,-0.087256260473809,0.0330743618201997,2.405558141137492,0.0801331853496115,0.8777996184600715,0.3755163008395513,3.235948155503906,0.711403395508585,1.1743238179616504,-0.4042778254773723,0.5014592147640534,1.2175687271381874,-0.690230542238078,0.0287615246378209,2.360853820420488,0.0710278773532276,0.8590433839293229,0.7596463512879622,3.18178145496854,1.4559976451140075,1.1574421485719362,-0.7431455457533567,0.5471808374603454,2.539162953587657,-0.6029748189737171,-0.0166869442814631,0.9814198741978296,1.7796330461233207,-0.0187537702034938,9,7,0.563,353,281,72,0.5,0.583,-1.5368665717922925,-0.30350635553325755,0.6342982585845733,0
12,indianapolis-colts,2024,0.8329011279095131,1.182284763078678,0.8734509084317391,0.8563540459317893,1.2859352980905845,0.0446342155208652,78322694.0,111177335.0,9856300.0,24150069.0,26721361.0,88332.0,25,25,3,57,42,4,0.3928778905233553,0.5576814920182444,0.0494406174584003,0.473904666195262,0.5243619662116946,0.0017333675930433,0.4716981132075472,0.4716981132075472,0.0566037735849056,0.5533980582524272,0.4077669902912621,0.0388349514563106,0.063931122916285,1.156780631237437,0.8794651034988092,0.1456429488821539,-0.0816999450448799,0.852365225732616,1.0250961714599742,-0.1597380553069939,0.0177688221285949,1.457509638938118,0.0954387250412163,0.3767469190678716,0.0333195258065497,1.0635409591323015,1.082043458229939,0.0616056615767,-0.0810267756719067,0.829021298009716,0.8667825567186174,-0.1875068876540433,0.047707249865357,28.506423699745454,0.0511739850514436,3.3501496809310107,-0.1036505350119063,0.919396057825094,2.468220061169262,-0.0840374375687379,-0.0234529180222762,0.9726119229007912,1.6892551738413024,-0.0277689216739285,0.8288166929108739,19.56864996033085,0.9180851239526044,2.9739299387472844,8,9,0.471,377,427,-50,0.5,0.583,-0.9556117699322312,0.6262683796642313,0.6111416515764997,0
13,houston-texans,2020,0.8032367833272402,1.1936399608564454,1.027068217074725,1.0885688155331037,0.991636733765769,0.0859994492971946,53658523.0,79738576.0,7916666.0,34785319.0,34443310.0,238967.0,26,26,3,46,50,4,0.3797119339365135,0.564266163313956,0.0560219027495304,0.5007416551452277,0.4958183668828845,0.0034399779718877,0.4727272727272727,0.4727272727272727,0.0545454545454545,0.46,0.5,0.04,-0.0272727272727272,0.9454526545492364,0.9727272727272728,-0.0560893512666657,0.0127272727272726,1.0276657501337447,0.9327272727272728,0.0272920837597048,0.0145454545454545,1.363602273579524,0.0945454545454545,0.310148261781614,0.0684477964310714,1.1380478476695708,1.0600845301968405,0.1293161524358275,-0.1210297212087141,0.7582975607028878,0.8804535890817413,-0.2766767765054411,0.0525819247776426,16.280808307178958,0.0594618807214182,2.7900048596619564,0.2020032270906764,1.2037056681209255,2.1852766946222144,0.1854056930806248,-0.2853320322058634,0.7378826528768596,1.891805598860344,-0.303969229004402,0.9410687677775303,11.942591294208835,1.1130676663719197,2.480112084377988,4,12,0.25,384,464,-80,0.333,0.25,-1.102378766482508,0.7490856921003326,0.6550508091554456,0
14,houston-texans,2013,0.7795780377760055,1.2726210956989703,0.5650072210418697,1.1756907942878787,0.835644095666178,0.0,28476196.0,46485927.0,2476610.0,26360052.0,20028028.0,0.0,25,25,3,29,31,0,0.3677254895169837,0.6002929696693255,0.0319815408136907,0.5682505505724746,0.4317494494275253,0.0,0.4716981132075472,0.4716981132075472,0.0566037735849056,0.4833333333333333,0.5166666666666667,0.0,-0.0449685534591195,0.9129623230552724,0.988364779874214,-0.0910585464312119,-0.0116352201257861,0.9759251116188322,0.9550314465408803,-0.0243673054139185,0.0566037735849056,56603.77358490566,0.0566037735849056,,0.1685435202418002,1.3903702253588324,1.032042419096851,0.3295717267088429,-0.2005250610554909,0.647117441468528,0.9359760400894584,-0.4352247645843781,0.0319815408136907,31981.540813690743,0.0319815408136907,,0.4369770000327923,1.5229205583794327,2.1082651913651484,0.4206306970579344,-0.3961127565118731,0.6630802745784231,1.955268832063884,-0.4108579355856938,0.5650072210418697,565007.2210418697,0.5650072210418697,,2,14,0.125,276,428,-152,0.167,0.167,-1.3425879192796828,1.03097936616638,-0.0829789816748252,0
15,los-angeles-chargers,2015,0.5470778329130198,1.44147904385883,1.0953593602345868,1.821542290290644,0.5426476181672273,0.2913601481816396,23585162.0,62143839.0,5666666.0,32661680.0,16375041.0,382267.0,25,25,3,41,69,3,0.2580555815627452,0.6799429452164292,0.0620014732208256,0.6609135743532425,0.3313512004737936,0.0077352251729638,0.4716981132075472,0.4716981132075472,0.0566037735849056,0.3628318584070796,0.6106194690265486,0.0265486725663716,-0.1389213558190014,0.7724898478420293,1.0823175822340958,-0.2581342922509055,0.1088662548004675,1.30004243628433,0.8345299716146268,0.2623990272281015,0.0300551010185339,2.13199516654684,0.0831524461512773,0.757075905713536,0.3485917447426356,2.0520248371496947,1.0112941456902227,0.7188285018199446,-0.4028579927904973,0.3904522484093699,0.9189691559159876,-0.9404457252555803,0.0542662480478617,8.014434925899632,0.0697366983937895,2.081260410023916,0.8988314256916026,2.6563765125346936,1.9841266620260567,0.9769636745364182,-1.2744644573776245,0.3003375411548569,2.368620123203664,-1.2028464717437344,0.8039992120529472,3.7594558062069448,1.3867195084162265,1.32427512747727,4,12,0.25,320,398,-78,0.0,0.25,-2.5214900858518288,2.1531772623940655,1.1908521234799885,0
16,green-bay-packers,2022,0.8553795139104017,1.172468355644541,0.7679344203754785,1.4780411217143994,0.6025552779813065,0.1537378031950888,65579127.0,89889283.0,7065000.0,34787686.0,14181949.0,344612.0,25,25,3,42,42,4,0.4034809027879252,0.5530511111530854,0.0434679860589893,0.7054287171818724,0.2875832008547144,0.0069880819634131,0.4716981132075472,0.4716981132075472,0.0566037735849056,0.4772727272727273,0.4772727272727273,0.0454545454545454,-0.0055746140651801,0.9883177854833102,0.9489708404802744,-0.0117488677272303,-0.0055746140651801,0.9883177854833102,0.9489708404802744,-0.0117488677272303,0.0111492281303602,1.2452556232442131,0.1020583190394511,0.2193584952269131,0.2654679102983709,1.9230928177187416,0.8406343120077998,0.6539365407357637,-0.3019478143939471,0.5719647088299523,1.1089096199697976,-0.5586755089264874,0.0364799040955762,6.219412833693782,0.0504560680224024,1.827698507739504,0.5699130776632345,1.945823815117424,1.7750236336258474,0.6656862956275861,-0.6226616078039977,0.5787247205906665,2.333420635624801,-0.5469271847896077,0.6141966171803896,4.995059180999336,0.9216722235705674,1.6084505622719243,8,9,0.471,370,371,-1,0.5,0.5,-0.8563396420200639,0.5363553833225481,0.36359794377233506,0
17,green-bay-packers,2018,0.5307332584212567,1.380067846754471,0.8939895352023911,1.5621862015941164,0.5002829534975491,0.0317099989637511,27356613.0,90536106.0,6283723.0,38804071.0,12745462.0,40393.0,22,28,3,39,40,2,0.2203043714201442,0.7290924473419845,0.0506031812378711,0.7521637266934633,0.24705331036916,0.0007829629373765,0.4150943396226415,0.5283018867924528,0.0566037735849056,0.4814814814814814,0.4938271604938271,0.0246913580246913,0.0344747262986256,1.0698091543911794,1.0221290472862798,0.0674821650389863,-0.0663871418588399,0.862117222511255,0.896575821104123,-0.1483616194839264,0.0319124155602143,2.2923599896091003,0.081295131609597,0.8295995165591972,0.4820391369728244,2.951142387487758,0.9761457577111444,1.082193716952889,-0.5318593552733191,0.2928937819094605,0.9724680981136076,-1.22794071560707,0.0498202183004946,64.54792545066991,0.0513861441752477,4.167427739542538,0.8797848932569218,2.7585690828303404,1.88035080025202,1.014712821640213,-1.0314529431728596,0.3397372977321002,2.092919460015373,-1.0795807295678903,0.86227953623864,28.19178090934032,0.9256995341661424,3.339031596927297,6,9,0.406,376,400,-24,0.25,0.292,-5.279811605646383,0.38097334229443064,0.7848713634063563,0
18,detroit-lions,2024,0.6132642004998631,1.3827859553818052,0.6474961828587376,1.3607533964976624,0.4575963010573007,0.474153155607976,41137929.0,104856482.0,5665333.0,67581895.0,13985567.0,1207633.0,23,26,3,78,48,4,0.2712514732980163,0.6913929776909026,0.037355549011081,0.8164520378985974,0.1689586342365418,0.0145893278648608,0.4423076923076923,0.5,0.0576923076923076,0.6,0.3692307692307692,0.0307692307692307,0.1307692307692307,1.354162999141877,0.8692307692307693,0.3031855506560804,-0.1576923076923077,0.7371782585490563,1.0423076923076922,-0.3049232846845554,0.0269230769230769,1.8749390644804045,0.0884615384615384,0.6285934931336005,0.5224343434543608,4.092060099532172,0.8603516119274444,1.4090499814161264,-0.5452005646005811,0.3322315683902268,1.0877035111966138,-1.1019193714419295,0.0227662211462202,2.560295379039956,0.0519448768759418,0.9401494036991908,0.9251896543245044,3.021840277874916,1.840382256439106,1.1058667325124116,-0.7474891959977993,0.4506795657455122,1.974017596997525,-0.7969970586233208,0.1733430272507615,1.3655815839650225,1.1216493384667137,0.3115819511436699,15,2,0.882,564,342,222,1.0,0.917,-3.6159042971605357,0.9751887989623494,0.3251987861254509,0
19,detroit-lions,2021,0.7358842128904863,1.3184629228085536,0.4228371830054702,1.4496954068527048,0.8090130394766526,0.1931328176211182,26143827.0,48642738.0,1733328.0,66829975.0,51172144.0,2070533.0,26,27,3,43,59,10,0.34166052741344,0.6356874806398384,0.0226519919467216,0.5565794865595206,0.4261765118671652,0.0172440015733141,0.4642857142857143,0.4821428571428571,0.0535714285714285,0.3839285714285714,0.5267857142857143,0.0892857142857142,-0.0446428571428571,0.9152524998596612,1.0089285714285714,-0.0885532215728049,0.0803571428571428,1.2092991757788911,0.8482142857142858,0.1900431520839285,-0.0357142857142857,0.5999932800752631,0.1428571428571428,-0.5108181572108246,0.2095109687726731,1.4916025903261998,1.0618639925070037,0.399852679028966,-0.2149189591460805,0.6138564604113244,0.8982400139729607,-0.4879912291194339,0.0054079903734074,1.3135395697368075,0.0398959935200357,0.2727696003614316,0.509449883331901,1.629715750868132,2.127475962285206,0.4884063720998579,-0.7138111939622185,0.5076126349020159,2.185579619743191,-0.6780352930892476,0.229704365384352,2.189348236438708,0.6159700006265885,0.7836062555756864,3,13,0.206,325,467,-142,0.333,0.25,-2.085021693414005,1.0451245370603905,-0.7798960168662654,0
20,detroit-lions,2020,0.8453300601752782,1.186849325608061,0.6802818051972654,1.952890047913686,0.3877493869938556,0.1905257961111724,53184028.0,77782029.0,5350000.0,50742378.0,13349347.0,866333.0,24,25,3,40,53,7,0.390152335465513,0.5706006373115677,0.0392470272229191,0.7811560191654744,0.2055071751067435,0.013336805727782,0.4615384615384615,0.4807692307692308,0.0576923076923076,0.4,0.53,0.07,-0.0492307692307692,0.9071100446399738,1.0107692307692309,-0.0974894280700932,0.0615384615384615,1.1538432692379808,0.8615384615384616,0.1431005103081177,-0.0123076923076923,0.8241640504036755,0.1276923076923077,-0.1933683454096726,0.3650934622048242,2.776534982198108,0.7761078124183112,1.0212054935448818,-0.3910036836999613,0.4994544321989458,1.1713083546309877,-0.6942363487857641,0.025910221495137,2.942540026742878,0.0525838329507012,1.0792986423432385,0.7990999386142054,3.0608591646018604,1.5745987126019163,1.1186964918672857,-1.107559987738408,0.4328608403824482,2.798220108088964,-0.8373378044636696,0.4897560090860929,3.5705308601332946,0.8708076013084379,1.272715755032168,5,11,0.313,377,519,-142,0.167,0.333,-1.4089390481711674,0.3281232944785854,0.3271479327960714,0
21,detroit-lions,2016,0.8890027099713887,1.1288341460216191,0.7714157213748608,0.7398937238246919,1.2218903709505868,0.4483813012043948,46743257.0,64299579.0,5070075.0,10485110.0,22757559.0,363089.0,24,26,3,35,46,2,0.4025672648927043,0.5537676942747564,0.0436650408325392,0.3120033775164363,0.6771922537798434,0.0108043687037203,0.4528301886792453,0.490566037735849,0.0566037735849056,0.4216867469879518,0.5542168674698795,0.0240963855421686,-0.0636508297340304,0.8851501666219922,1.0447829052057287,-0.1219959301098744,0.0311434416912934,1.073851900876274,0.8745169356671971,0.0712543000081434,0.0325073880427369,2.3489591219700228,0.0807001591270743,0.8539899697243545,-0.123424559505087,0.8177395317862796,1.2309599480545996,-0.2012096080754842,0.090563887376268,1.2902615921518512,0.7145706424091407,0.2548474664832326,0.0328606721288189,4.041050521256636,0.0544694095362596,1.396527589538946,-0.0930562249289677,0.9238416547155311,2.350724516972206,-0.0792137055120068,0.1491089861466968,1.201525948686216,1.6288964337960803,0.1835934977255514,0.3230344201704659,1.720441951662163,1.2197970225792556,0.5425825027775553,9,7,0.563,346,358,-12,0.5,0.583,-1.6158898320679338,-0.2173157672277423,0.3840534304440425,0
22,detroit-lions,2011,0.8860601803051649,1.1251888746037717,0.7318400063478762,0.8086716812169583,0.6267656330969938,2.8755941051781084,48108331.0,70142369.0,4415000.0,384333.0,595759.0,683334.0,27,31,3,2,4,1,0.3921905716104828,0.5718172969297856,0.0359921314597316,0.2310490517762738,0.3581517903411393,0.4107991578825869,0.4426229508196721,0.5081967213114754,0.0491803278688524,0.2857142857142857,0.5714285714285714,0.1428571428571428,-0.0632318501170959,0.8893427059453466,1.079625292740047,-0.1172706540112114,0.1569086651053864,1.5491749057566826,0.7283372365339578,0.437724729589218,-0.0936768149882903,0.3442598852627704,0.1920374707259953,-1.0663380932987745,0.2136655065886462,1.596573619837309,0.9299690872709248,0.4678615941894224,0.161141519834209,1.6974268934171963,0.6232396233867566,0.5291160620945071,-0.3748070264228553,0.0876146972417151,0.4467912893423185,-2.43477873491628,0.4984232415067776,1.7952277852507272,1.7519545077007654,0.58513280248955,0.0773884990882065,1.0956969375690389,1.6947318615221232,0.0913917620623061,-2.1437540988302324,0.2545003658651545,3.607434111525985,-1.3684516389905446,10,6,0.625,474,387,87,0.5,0.5,-2.4010067367950993,-0.5885659047326389,-0.7407165404936749,0
23,denver-broncos,2015,0.915841524364431,1.1369873893127451,0.4860437643740917,0.9120986978002869,0.955491566790886,5.063540057120088,55849997.0,75113946.0,3705000.0,4097972.0,5519484.0,812500.0,24,26,3,28,36,1,0.4147206902782329,0.5577673985307807,0.0275119111909863,0.3929040544370465,0.5291953292995675,0.0779006162633859,0.4528301886792453,0.490566037735849,0.0566037735849056,0.4307692307692308,0.5538461538461539,0.0153846153846153,-0.0632801161103048,0.8857426355433021,1.044412191582003,-0.1213268111855775,0.0220609579100145,1.051210497695307,0.8835994194484761,0.049944563421275,0.0412191582002902,3.6790061476192726,0.071988388969521,1.3026603136346464,0.0285720692312132,1.053989545371619,1.0869627278303482,0.0525843239281579,0.0218166358411863,1.0555239378949803,0.8076247447152793,0.0540396785069935,-0.0503887050723996,0.3531622642843294,0.1054125274543722,-1.0407913082398914,0.1814958225218594,1.1899489633199631,2.092478956103631,0.1739112977541492,0.0037428265641442,1.0041024315359035,1.8279402221647176,0.0040951313990023,-4.577496292745996,0.0959889055684938,5.54958382149418,-2.3435206037617555,12,4,0.75,355,296,59,0.667,0.667,-1.5466796714099438,-0.2640459149844925,-0.27675523512494704,0
24,dallas-cowboys,2017,0.7628402772547074,1.220587343921392,1.064574042225378,0.8996601372310715,1.1223496073538528,0.2393677996833387,40426409.0,67271909.0,6770000.0,19715423.0,25443628.0,180882.0,25,26,3,29,30,1,0.3531667950253274,0.5876902026288182,0.0591430023458543,0.4348357329950179,0.5611748036769265,0.0039894633280556,0.4629629629629629,0.4814814814814814,0.0555555555555555,0.4833333333333333,0.5,0.0166666666666666,-0.0185185185185185,0.9629610370408888,0.9814814814814814,-0.0377402510599271,-0.0203703703703703,0.9578524243666316,0.9462962962962964,-0.0430593984261567,0.0388888888888888,3.333133345332613,0.0722222222222222,1.2039308059638658,0.0265153989518917,1.0472479368821044,1.1488650063057446,0.046167412384596,-0.0816689379696904,0.8121825232951831,0.7880025280203453,-0.2080273501777372,0.0551535390177986,14.821086546526862,0.0631324656739099,2.696067841438428,0.098237736567539,1.0875276726576113,2.3429369512752447,0.0839077490562675,-0.1368198599763641,0.8479195618058327,1.662500414485779,-0.1649681931608835,0.8252062425420392,4.447421901407804,1.3039418419087168,1.4923255196353993,9,7,0.563,354,332,22,0.833,0.583,-1.765809338769229,0.6681923758531798,0.9140212268413279,0
25,dallas-cowboys,2014,0.7802244870284978,1.263600926656579,0.6493966905193853,1.3446469338005205,0.5538600149476264,0.0013216838683231,32199142.0,52147640.0,3350000.0,33567241.0,8961520.0,1833.0,24,24,3,54,35,3,0.367164464483999,0.5946357301913313,0.0381998053246697,0.7892492872307403,0.2107076143822491,4.309838701053647e-05,0.4705882352941176,0.4705882352941176,0.0588235294117647,0.5869565217391305,0.3804347826086957,0.0326086956521739,0.0901534526854219,1.2369715384479223,0.8510230179028133,0.2126682096130147,-0.1163682864450128,0.801741553459924,1.057544757033248,-0.2209668505961246,0.0262148337595907,1.803866250062449,0.0914322250639386,0.5899492779837622,0.3839281158090821,2.822076031085256,0.8053433445735805,1.0374744770378663,-0.4220848227467413,0.4652066276368133,1.1564137517147393,-0.7652708880129885,0.0381567069376591,866.2404208920979,0.0382429037116802,6.76418867011099,0.7097409117089527,2.2814404562777657,1.8174609416042051,0.8248078139359526,-0.5644224467720227,0.5802444397644423,2.1248714208290185,-0.5443045346745654,0.6480750066510622,490.9689352624238,0.6507183743877084,6.196382397377993,12,4,0.75,467,352,115,0.667,0.667,-1.298542212663319,0.9934178861884957,0.4168918682253178,0
26,cleveland-browns,2019,0.954930872282588,1.1326607842767384,0.2108262246742292,1.1326333657155545,0.8743070804760553,0.0661557699494507,67523405.0,86764960.0,1863447.0,33581097.0,22976372.0,44578.0,24,26,3,44,39,1,0.4324215270713605,0.5556449130414189,0.0119335598872205,0.5932841439462427,0.4059282873638828,0.0007875686898744,0.4528301886792453,0.490566037735849,0.0566037735849056,0.5238095238095238,0.4642857142857143,0.0119047619047619,0.0262803234501347,1.0566014978278335,0.9548517520215634,0.0550596617986538,-0.0709793351302785,0.8644923461749892,0.9766397124887692,-0.1456106190373157,0.0446990116801437,4.754317618452126,0.0685085354896675,1.559070843997717,0.1497166256775361,1.3688219360810203,0.9615732004053016,0.3139522689514905,-0.1608626168748821,0.7288595230871684,1.0257056710176031,-0.3162719510836598,0.0111459911973461,15.133190095489384,0.0127211285770949,2.7169741450596274,0.2583537038006831,1.2954938991985658,2.0069678647527938,0.2588928946600676,-0.1777024934329666,0.8431060377364584,2.0875642379981425,-0.170661495530781,0.1446704547247784,3.186767202136952,0.27698199462368,1.1590117299169769,6,10,0.375,335,393,-58,0.5,0.5,-1.407811324176668,-0.38020920753787146,-0.9171915302873391,0
27,cleveland-browns,2017,0.8668119010595083,1.096074360755904,1.1564395117406328,0.8422022421743222,1.173192661028183,0.0,29320649.0,43523585.0,5102289.0,34689809.0,44027720.0,0.0,23,27,3,45,41,0,0.3761636551767678,0.5583775045360265,0.0654588402872056,0.4406872197423778,0.5593127802576222,0.0,0.4339622641509434,0.5094339622641509,0.0566037735849056,0.5232558139534884,0.4767441860465116,0.0,0.0326897762176393,1.0685665575120251,0.9861781483106626,0.0663200474036677,-0.089293549802545,0.8293485198446316,0.9572180781044318,-0.1871124979038982,0.0566037735849056,56603.77358490566,0.0566037735849056,,-0.0009352757215956,0.9983260277957672,1.1176902847936487,-0.0016735839597715,-0.06452356456561,0.8535822795460009,0.8168508749191457,-0.1583106804658619,0.0654588402872056,65458.840287205625,0.0654588402872056,,-0.0771183002722792,0.934265498669084,2.269267021784088,-0.0679937089840123,0.0246096588851861,1.0292193827485796,1.7090141432338304,0.0288017877302231,1.1564395117406328,1156439.5117406328,1.1564395117406328,,0,16,0.0,234,410,-176,0.0,0.0,-2.5794242173874458,-0.7986423944626538,1.2928647708939431,0
28,cleveland-browns,2011,0.9769187542180258,1.0490900828036631,0.7611543094505199,0.4959354217487567,1.9073162408522384,0.0,39873136.0,51382588.0,4660000.0,2526230.0,5397566.0,0.0,20,24,3,9,5,0,0.4157101081778833,0.5357055741976154,0.0485843176245012,0.3188156282670578,0.6811843717329421,0.0,0.425531914893617,0.5106382978723404,0.0638297872340425,0.6428571428571429,0.3571428571428571,0.0,0.1534954407294832,1.4297832306495073,0.8677811550151975,0.3575248041543811,-0.2173252279635258,0.6619375045983971,1.06838905775076,-0.4125817814341354,0.0638297872340425,63829.78723404255,0.0638297872340425,,-0.1454787975353266,0.7864314126928112,1.2168899459305575,-0.2402478993218569,0.0968944799108255,1.303916017296508,0.7345257364449411,0.265374463036281,0.0485843176245012,48584.31762450128,0.0485843176245012,,-0.8582261580485748,0.5500343940344727,2.956406323655901,-0.5977735148961596,0.480983332469269,1.9698467613514712,1.4728541759667826,0.6779567772344486,0.7611543094505199,761154.3094505199,0.7611543094505199,,4,12,0.25,218,307,-89,0.0,0.25,-2.3061923819509653,-1.383057172872447,1.3976839930865006,0
29,cincinnati-bengals,2019,0.835758975585517,1.1747718175907316,0.7444921013913623,1.229743191340981,0.8517464735466778,0.023119514581455,48928061.0,77745630.0,5685000.0,27233639.0,25346621.0,16000.0,23,26,3,32,43,1,0.369662623816671,0.5873859087953658,0.0429514673879632,0.5177866068804132,0.4819091889803572,0.0003042041392296,0.4423076923076923,0.5,0.0576923076923076,0.4210526315789473,0.5657894736842105,0.0131578947368421,-0.0657894736842105,0.8837193683099537,1.0657894736842106,-0.1236137234094751,0.0212550607287449,1.0504782743448675,0.8633603238866396,0.0492478207041567,0.0445344129554655,4.384282179169769,0.0708502024291498,1.47804324644398,0.1054767198150086,1.2188700762649944,1.069295097775723,0.1979259650484292,-0.1481239830637422,0.7139271371206211,0.8874492306970843,-0.33697166553487,0.0426472632487335,140.7302911958264,0.0432556715271928,4.946868512007845,0.3230253440440538,1.379248960609158,2.0265182911374096,0.3215399708075632,-0.3939842157554643,0.6796201856210105,2.0655021669264984,-0.3862199909002975,0.7213725868099073,32.2004987721389,0.7676116159728174,3.471983285445068,2,14,0.125,279,420,-141,0.167,0.167,-2.4022026444690483,-0.22871125853645685,0.5002148798308748,0
30,chicago-bears,2022,0.7524706465218817,1.2343883667200366,1.1095082229840134,1.275978432297729,0.712635018948642,0.0256809503704993,27957474.0,45862760.0,4946752.0,85698059.0,40170260.0,61600.0,25,25,3,56,47,2,0.3549389842084347,0.5822586635471871,0.0628023522443781,0.6805218305587888,0.3189890084817731,0.000489160959438,0.4716981132075472,0.4716981132075472,0.0566037735849056,0.5333333333333333,0.4476190476190476,0.019047619047619,0.0240790655884995,1.0537913029511838,0.9193171608265948,0.0523965457212387,-0.0616352201257861,0.884432303953581,1.0050314465408805,-0.1228071842620363,0.0375561545372866,2.971542107246916,0.0756513926325247,1.0890987126022555,0.263269655065414,1.825319439685388,0.9012476720289602,0.6017567246098688,-0.325582846350354,0.5215680771752923,1.0354608147672235,-0.6509126545954029,0.06231319128494,128.12597787546028,0.0632915132038162,4.853029904905959,0.5217533477713946,1.7321442277660064,1.9470233856686785,0.5493608891729933,-0.5235077857758473,0.5897200436584349,2.0284490788196106,-0.5281060280134283,1.083827272613514,43.20186773113999,1.1351891733545127,3.765884630132418,3,14,0.176,326,463,-137,0.0,0.083,-1.3491805208382224,0.9964622386201893,1.172405553946991,0
31,green-bay-packers,2019,0.7612911094626623,1.2418208512688105,0.6537138327002978,1.7042416463013554,0.6002952818289604,0.0,54138849.0,103670009.0,6063723.0,17205916.0,10678100.0,0.0,23,27,3,21,37,0,0.3303716135404006,0.6326257166841108,0.0370026697754885,0.6170530098677321,0.3829469901322679,0.0,0.4339622641509434,0.5094339622641509,0.0566037735849056,0.3620689655172414,0.6379310344827587,0.0,-0.1284970722186077,0.7985709052488715,1.1473649967469095,-0.2249295542509004,0.071893298633702,1.1985591335392844,0.7960312296681848,0.1811224176442475,0.0566037735849056,56603.77358490566,0.0566037735849056,,0.2496787265518429,1.6519886067703498,1.015572706816379,0.5019813591591205,-0.2866813963273315,0.5354014531259865,0.9474246234081328,-0.6247354069155996,0.0370026697754885,37002.66977548856,0.0370026697754885,,0.6415255694398498,2.06867989834166,1.842116133097771,0.7269114788399118,-0.9429505368386932,0.4467034733081347,2.4655327557640176,-0.8058589616144631,0.6537138327002978,653713.8327002978,0.6537138327002978,,13,3,0.813,376,313,63,1.0,0.833,-3.2679992784588316,-0.08198385989570321,0.16405231750169064,0
32,chicago-bears,2013,0.9172957665272464,1.061948495466501,1.1316654864077684,1.6005720986339014,0.3456436166656826,0.0633047427696123,42487455.0,53122504.0,6290000.0,21461280.0,3743302.0,65294.0,25,27,3,26,21,2,0.4169526211487484,0.521320170501737,0.0617272083495146,0.8492831543771723,0.1481329785710068,0.0025838670518209,0.4545454545454545,0.4909090909090909,0.0545454545454545,0.5306122448979592,0.4285714285714285,0.0408163265306122,0.0623376623376623,1.1454518727335092,0.9194805194805196,0.135801244863413,-0.0760667903525046,0.85664174220315,0.9851576994434136,-0.1547332848911545,0.0137291280148423,1.336330896256678,0.0953617810760667,0.2899460544517201,0.3731871919307301,3.5192477480907343,0.6694531490727438,1.2582491770476034,-0.4323305332284238,0.4909459560734689,1.2662357755259208,-0.711418827991313,0.0591433412976937,23.88022560233064,0.0643110754013355,3.173066935993777,0.7163048788008184,3.072370996865976,1.4075921121321835,1.1224505168674406,-0.6832763321066548,0.5731045756736534,2.517867865161148,-0.5566859832205159,1.068360743638156,17.87619000895736,1.1949702291773807,2.8834705439447714,8,8,0.5,445,478,-33,0.333,0.333,-1.34812807650611,-0.46379058400275475,0.8781877019523898,0
33,los-angeles-chargers,2016,0.8884923345390006,1.1799557854500071,0.3324445164546005,1.172956954233242,0.8311069162119163,0.8241163730898962,40893440.0,58833922.0,1912622.0,31223434.0,21631949.0,975000.0,24,26,3,45,44,2,0.4023361514893587,0.5788462343717016,0.0188176141389396,0.580033658686768,0.4018538935530145,0.0181124477602174,0.4528301886792453,0.490566037735849,0.0566037735849056,0.4945054945054945,0.4835164835164835,0.0219780219780219,0.0070495542193655,1.014577661531706,0.9740825212523324,0.0144744673477304,-0.0416753058262492,0.9157214186480496,0.9473356831847398,-0.0880408803469284,0.0346257516068836,2.5753545194825707,0.0785817955629276,0.9460048686185992,0.1769923408186871,1.440435947547663,0.980700127924716,0.3649475366965548,-0.1776975071974093,0.6936415703162825,0.9823698101761268,-0.3657974356956839,0.0007051663787221,1.038875336603157,0.0369300618991571,0.0381918611861201,0.3488488692380908,1.4197383545906948,2.011062701661924,0.3504734447942285,-0.2844646196942415,0.7574801222263798,2.061449288772242,-0.2777568577267488,-0.4916718566352956,0.4033946223074426,1.1565608895444963,-0.907836976453254,5,11,0.313,410,423,-13,0.167,0.333,-1.737687394546453,-0.06418242235721831,-0.6224884751003145,0
34,los-angeles-chargers,2020,0.9670883070848107,1.1043204224230485,0.2896362673730652,1.450711487195773,0.629949415844243,0.0688613548019738,56629019.0,75442279.0,2120000.0,43534182.0,17882216.0,223400.0,24,28,3,37,35,4,0.422002170364281,0.5621994877790063,0.0157983418567126,0.7062674345558368,0.2901082836124803,0.0036242818316828,0.4363636363636363,0.509090909090909,0.0545454545454545,0.4868421052631579,0.4605263157894737,0.0526315789473684,0.0485645933014353,1.1054521450441734,0.9696172248803828,0.1002563965972216,-0.0504784688995215,0.8963126552398532,0.9232057416267944,-0.1094636896303224,0.0019138755980861,1.0363439458286656,0.1071770334928229,0.0357174159478566,0.2720912041665259,1.9378886493338705,0.8523077713914866,0.6616008340602871,-0.2842652641915558,0.5975096007648604,1.128269604920118,-0.5149825574266046,0.0121740600250298,4.357824464471812,0.0194226236883954,1.4720362525712531,0.4743710065788052,1.7530275314495458,1.7342698382672914,0.5613452166830957,-0.4836231801109621,0.6666298909125629,2.417799794280584,-0.4055192392296888,0.2207749125710913,4.206017470735158,0.358497622175039,1.436519683637113,7,9,0.438,384,426,-42,0.5,0.5,-2.2294314029222715,-0.9814307981649733,-0.9736610434046571,0
35,washington-commanders,2022,0.7917591145840166,1.2320518828514222,0.6548107652822093,1.1067110859576983,0.8517901583920857,0.0,57398961.0,96761382.0,5933853.0,30868264.0,17105787.0,0.0,24,26,3,50,36,0,0.3585324292455923,0.6044028104554147,0.0370647602989929,0.6434366778823827,0.3565633221176172,0.0,0.4528301886792453,0.490566037735849,0.0566037735849056,0.5813953488372093,0.4186046511627907,0.0,0.0719613865730583,1.171904957262686,0.9091706888986396,0.1586326318401832,-0.128565160157964,0.7788665848777758,1.0342255375164546,-0.2499133040464405,0.0566037735849056,56603.77358490566,0.0566037735849056,,0.2478394883377974,1.6950737159172218,0.960966132573032,0.5277278846277509,-0.2849042486367903,0.5572139176331081,1.001969107127975,-0.5848032704390477,0.0370647602989929,37064.76029899298,0.0370647602989929,,0.3802617244593365,1.4464248316185264,2.083842041243508,0.3690956900400627,-0.3149519713736817,0.7154156213075638,1.898470200541715,-0.334890353619216,0.6548107652822093,654810.7652822093,0.6548107652822093,,8,8,0.5,321,343,-22,0.417,0.458,-2.178590091491073,0.34617123536116834,0.13978274430705517,0
36,washington-commanders,2016,0.6689647033804735,1.4036992316429762,0.3944672081379184,1.205400838891614,0.7019020478155554,0.156388799722729,36920481.0,77470830.0,2612500.0,21218424.0,7840951.0,52940.0,25,25,3,52,33,1,0.3155493883870158,0.6621222790768755,0.0223283325361085,0.7288470188646969,0.2693345067199225,0.0018184744153805,0.4716981132075472,0.4716981132075472,0.0566037735849056,0.6046511627906976,0.3837209302325581,0.0116279069767441,0.087977182974989,1.229270667229445,0.8554190434401053,0.2064231600436489,-0.1329530495831504,0.7801148201148947,1.0763492759982447,-0.2483120448588741,0.0449758666081614,4.867505922792527,0.0682316805616498,1.5825993415778967,0.392787772356953,2.4583549608459365,0.931456785796798,0.8994939214452289,-0.4132976304776811,0.4329426440350856,1.044396407251713,-0.8371468524952244,0.020509858120728,12.271858481416617,0.0241468069514891,2.507353497876091,0.7017971838274207,1.999847751069799,2.1056012794585315,0.6930717656003019,-0.5364361355111404,0.5549723600849964,1.8743655422720875,-0.5888354732784388,0.2380784084151894,2.5223333544597426,0.5508560078606475,0.9251869424817688,8,7,0.531,396,383,13,0.5,0.5,-2.0180992865335114,1.709737061919523,-0.44665869004401965,0
37,washington-commanders,2014,0.7223799182703576,1.3283641781684064,0.3751377763776156,1.6028464969988696,0.3928296105038826,0.1886939431925282,29308225.0,58385246.0,1902500.0,34690602.0,7947577.0,177562.0,24,26,3,46,43,2,0.3271154346884638,0.6516503515543126,0.0212342137572235,0.8102300973840438,0.1856227829853511,0.004147119630605,0.4528301886792453,0.490566037735849,0.0566037735849056,0.5054945054945055,0.4725274725274725,0.0219780219780219,0.0180385652083765,1.038172440936515,0.9630935102633216,0.0374639374752782,-0.0526643168152601,0.8958144706672715,0.9583246941737508,-0.110019743104439,0.0346257516068836,2.5753545194825707,0.0785817955629276,0.9460048686185992,0.4660275685689615,3.5105973010244003,0.8372731345396638,1.255787728796412,-0.48311466269558,0.4037310290170378,1.1373455320725077,-0.9070033354837588,0.0170870941266185,5.118997436948668,0.0253813333878285,1.63300569948136,0.9355345676645236,3.3815190126464887,1.721193788672289,1.2183257733704995,-0.880466578728512,0.4506853706437594,2.3252264152692272,-0.7969844246886449,0.1864438331850874,1.9880648099554905,0.5638317195701438,0.6871643739679578,4,12,0.25,301,438,-137,0.333,0.167,-2.6333210357989825,0.8155068836235553,-0.485069155801239,0
38,tennessee-titans,2023,0.6224899103661442,1.4740311787343825,0.4795046802850264,1.0987119106287409,0.9007684071540534,0.4126135490692907,39387934.0,86094508.0,3500835.0,60667989.0,30359600.0,1479444.0,26,24,3,77,47,5,0.3053724088588631,0.6674858167853807,0.0271417743557562,0.655820287739636,0.328186939040624,0.0159927732197399,0.490566037735849,0.4528301886792453,0.0566037735849056,0.5968992248062015,0.3643410852713178,0.0387596899224806,0.0884891034079274,1.2428709363674864,0.8171712739505631,0.2174261831012479,-0.1063331870703524,0.8218560110194689,1.087465262542051,-0.1961880298864627,0.017844083662425,1.4603396817267775,0.0953634635073862,0.3786867338869867,0.3392988777447566,2.03385236744717,0.9956727558260048,0.7099332107741693,-0.3504478788807728,0.4656335720838896,0.9611926965984992,-0.7643530054884523,0.0111490011360162,1.6970213334185011,0.0431345475754961,0.5289114003236697,0.5732627715803289,1.6364134561269432,2.374799585888436,0.492507608456723,-0.4762220002625966,0.5665628430723755,1.7212018209948852,-0.5681656660495495,0.0668911312157357,1.1621128759676935,0.8921182293543173,0.1502418785821989,6,11,0.353,305,367,-62,0.167,0.333,-1.3683103215565215,2.5649416392774502,-0.2582940510817927,0
39,tennessee-titans,2013,0.8221531592703701,1.1849262082386254,0.7584388516894104,0.4058733288807261,1.4396790728969175,0.0010564319226674,40238702.0,65243171.0,4640041.0,2814595.0,14521731.0,333.0,24,27,3,22,32,1,0.3654014041201645,0.5924631041193127,0.0421354917605227,0.1623493315522904,0.8376314605945702,1.9207853139408238e-05,0.4444444444444444,0.5,0.0555555555555555,0.4,0.5818181818181818,0.0181818181818181,-0.0818181818181817,0.8593735229517574,1.0818181818181818,-0.1515496168777237,0.0444444444444444,1.1111083333402778,0.8444444444444444,0.1053602656584199,0.0373737373737373,3.055387509242547,0.0737373737373737,1.1169244286867526,-0.2451683564752574,0.7073067627999626,1.4300945647138827,-0.3462891256877679,0.203052072567874,2.250696999669967,0.5277507356724549,0.8112426825888549,0.0421162839073833,2085.1048089988585,0.0421546996136622,7.642598133754261,-0.2547528646582921,0.8230482803407304,2.624605281135543,-0.1947395722511709,0.416279830389644,2.0256347858649013,1.2280264881510965,0.7058843422544643,0.7573824197667429,717.2460329892353,0.7594952836120779,6.575420242481172,7,9,0.438,362,381,-19,0.333,0.5,-2.435308036316195,-0.12353696101373907,0.23032574736843203,0
40,tampa-bay-buccaneers,2022,0.951642863051124,1.0831356437534407,0.6663481830611895,0.8477719640700517,1.2168157220907547,0.0033605990280282,68437697.0,84385212.0,5990080.0,20606016.0,23540101.0,1667.0,24,26,3,49,39,1,0.4309326172306976,0.5313495610865935,0.0377178216827088,0.4667508566228375,0.5332113838375218,3.775953964076657e-05,0.4528301886792453,0.490566037735849,0.0566037735849056,0.550561797752809,0.4382022471910112,0.0112359550561797,0.0523637905448378,1.119494300602508,0.9287682849268604,0.1128791044826362,-0.0977316090735637,0.8224859916571341,1.0033919864320544,-0.1954216195766492,0.0453678185287258,5.037287530466393,0.0678397286410854,1.6168854153190058,-0.0018618227509282,0.9965064150657538,1.0645609449241151,-0.0034978197541981,-0.0358182393921398,0.9232584961711596,0.8976834738535351,-0.0798437022861271,0.037680062143068,973.1235724749922,0.0377555812223496,6.8805375879522375,-0.133680078337314,0.890138690642235,2.2999513658441955,-0.1163770729692651,0.1038708989810723,1.122520891067823,1.7994148271211758,0.1155780024711877,0.6629875840331613,198.22357678751527,0.6697087820892177,5.289397070065495,8,9,0.471,313,358,-45,0.667,0.667,-1.3022712023294716,-0.5185628864081164,0.12820864601694137,0
41,seattle-seahawks,2021,0.8150433064909091,1.1632355933422822,1.0794258058841577,1.2010387743352673,0.8337563981458365,0.0,51288471.0,78829983.0,7837540.0,18889516.0,15857615.0,0.0,26,28,3,43,52,0,0.3717741398028708,0.5714139756769104,0.0568118845202188,0.5436280768043842,0.4563719231956157,0.0,0.4561403508771929,0.4912280701754385,0.0526315789473684,0.4526315789473684,0.5473684210526316,0.0,-0.056140350877193,0.8974342578925415,1.0385964912280703,-0.1082133758494274,0.0035087719298245,1.0077497115607148,0.9087719298245612,0.0077220290993144,0.0526315789473684,52631.57894736842,0.0526315789473684,,0.1150420524812946,1.2520768578375638,1.027785898872526,0.2248054088860794,-0.1718539370015134,0.6838746411216107,0.915402216607255,-0.3799779615686504,0.0568118845202188,56811.88452021882,0.0568118845202188,,0.3294791951964457,1.3951727396112594,1.996991991488119,0.3330190949563484,-0.3859954678443582,0.6786147502417282,2.0160820808261763,-0.387700463657195,1.0794258058841577,1079425.8058841578,1.0794258058841577,,7,10,0.412,395,366,29,0.5,0.333,-1.9093410063299483,0.1345929027164181,0.48885159882065876,0
42,seattle-seahawks,2020,0.8844468594831346,1.162738539256141,0.5682706303337486,1.0895232122346767,0.9104767877653231,0.0,67952151.0,93055554.0,5457537.0,18755362.0,15673206.0,0.0,24,25,3,56,56,0,0.4082062428383698,0.5590089131039139,0.0327848440577162,0.5447616061173384,0.4552383938826616,0.0,0.4615384615384615,0.4807692307692308,0.0576923076923076,0.5,0.5,0.0,-0.0192307692307692,0.9615365384653846,0.9807692307692308,-0.0392206331534446,-0.0384615384615384,0.9230750769267692,0.9615384615384616,-0.080042541007217,0.0576923076923076,57692.307692307695,0.0576923076923076,,0.1037705192212522,1.2279449463637564,1.0142473069865754,0.2053437856472727,-0.1365553632789685,0.7493286768483606,0.9529678489557082,-0.2885751210872565,0.0327848440577162,32784.84405771626,0.0327848440577162,,0.2522617514908176,1.277064146847521,2.0732153270214644,0.2445646682839496,-0.2050763527515421,0.811773478323243,1.9739700717178112,-0.2085328146718265,0.5682706303337486,568270.6303337486,0.5682706303337486,,12,4,0.75,459,371,88,0.667,0.75,-1.2221493016629608,0.15258793185732067,0.05585664705595956,0
43,pittsburgh-steelers,2017,0.7322328321549393,1.3620330862628784,0.2144506798515178,0.9870228290590164,0.867411483168438,2.111677882609188,50363255.0,93681158.0,1770000.0,7946499.0,7300943.0,2318328.0,25,25,3,22,23,3,0.3453928453561034,0.6424684369164522,0.0121387177274444,0.4523854633187159,0.4156346690182098,0.1319798676630742,0.4716981132075472,0.4716981132075472,0.0566037735849056,0.4583333333333333,0.4791666666666667,0.0625,-0.0074685534591195,0.9844113992267436,0.9508647798742138,-0.015709260661771,0.0133647798742138,1.0291572742915045,0.9300314465408804,0.0287424070476051,-0.0058962264150943,0.9056458870242982,0.1191037735849056,-0.0990892360056193,0.2268337678982423,1.5457490413035373,1.058103105934662,0.4355101657373996,-0.1069926179626124,0.7634906730459944,0.7977783086748194,-0.2698514751980853,-0.1198411499356298,0.0919733135747567,0.1441185853905186,-2.386174436219927,0.4946216030944405,1.5702253687746304,2.2294445694313163,0.4512198902448294,-0.2547899969040771,0.7418593255777997,1.7192556612139556,-0.2985942762740537,-1.8972272027576704,0.1015545884450683,2.326128562460706,-2.2871541448133623,13,3,0.813,406,308,98,1.0,0.833,-1.706973344170231,1.4165929442886744,-0.8751554351809055,0
44,philadelphia-eagles,2024,0.8139890287438871,1.2032684808932417,0.7264276023074754,1.6561041302417028,0.4949356666909332,0.0138464863860617,62122573.0,99484525.0,6930000.0,59802324.0,22519032.0,10000.0,24,26,3,50,63,1,0.36859880546893,0.5902826510042317,0.0411185435268382,0.7263614606323258,0.2735170789607789,0.0001214604068952,0.4528301886792453,0.490566037735849,0.0566037735849056,0.4385964912280701,0.5526315789473685,0.0087719298245614,-0.0620655412115194,0.8876893191318159,1.0431976166832175,-0.1191314245903887,0.0142336974511751,1.0324504762015936,0.8914266799073154,0.0319372880956674,0.0478318437603442,6.452094649889159,0.065375703409467,1.8644224965186027,0.3167655720434528,2.1581120094400608,0.8637997299650106,0.7692354638729587,-0.3577626551633957,0.5074585010189692,1.094960266101256,-0.6783376298277521,0.0409970831199429,335.7701037364729,0.0412400039337335,5.816451030343062,0.7083328142023084,2.431156472883896,1.698204147584175,0.8883678899773527,-0.8421151014978157,0.4915080654481689,2.47009315898559,-0.7102757011484977,0.7125811159214137,52.459167104772646,0.7402740886935371,3.960036474143834,14,3,0.824,463,303,160,0.833,0.75,-2.037767223736246,0.20195494416925472,0.29872894292049057,0
45,philadelphia-eagles,2020,0.9346190949477589,1.096862292150674,0.5536182752927319,1.0041808518830282,0.995819148116972,0.0,52900632.0,82778405.0,4476500.0,30345302.0,30092620.0,0.0,21,28,3,50,50,0,0.3774423268058257,0.5906181573119013,0.0319395158822729,0.502090425941514,0.497909574058486,0.0,0.4038461538461538,0.5384615384615384,0.0576923076923076,0.5,0.5,0.0,0.0384615384615384,1.0769209230812309,1.0384615384615383,0.0741078292968545,-0.0961538461538461,0.807690692310923,0.903846153846154,-0.2135736241086487,0.0576923076923076,57692.307692307695,0.0576923076923076,,0.0927085832534152,1.1861932404804192,1.0885277313703874,0.1707509150807932,-0.1246480991356882,0.7517402355518256,0.8795327527473398,-0.2853617967466418,0.0319395158822729,31939.515882272997,0.0319395158822729,,0.1010431440337018,1.1014662579631127,2.092681440267646,0.0966431656751462,-0.0695617569352693,0.930726932771364,1.938799946830787,-0.0717882800673689,0.5536182752927319,553618.2752927319,0.5536182752927319,,4,11,0.281,334,418,-84,0.333,0.333,-3.8888937998936237,-1.8105986888143226,0.07443779821487151,0
46,philadelphia-eagles,2015,0.9357756999742756,1.114857374645702,0.5183638199430446,1.2673819154218875,0.8241422501332697,0.3987752077532532,52498038.0,67756775.0,3635097.0,14414341.0,11653210.0,367735.0,24,26,3,37,46,3,0.423747486780804,0.546911164920533,0.0293413482986629,0.5452689636117423,0.4408202733270977,0.0139107630611599,0.4528301886792453,0.490566037735849,0.0566037735849056,0.4302325581395348,0.5348837209302325,0.0348837209302325,-0.0443176831943834,0.917143486324852,1.0254497586660816,-0.086489306870236,0.0225976305397104,1.0525217759335774,0.8830627468187802,0.0511911844143791,0.0217200526546731,1.6225949950441043,0.0914874945151382,0.4840443829562132,0.1060908915934353,1.2406641829980711,0.9877314382476308,0.2156486961165227,-0.1215214768309382,0.7771333744004503,0.9690164503925462,-0.2521409304269343,0.0154305852375029,2.109103509718369,0.0432521113598229,0.746297061307438,0.2907151245124323,1.3527470794251142,1.938999624778972,0.3021382955228379,-0.3316062154476119,0.7383527808269167,2.203157615396163,-0.3033324771658852,0.1195886121897913,1.2998865274926017,0.9171390276962978,0.26227890325877,7,9,0.438,377,430,-53,0.5,0.333,-1.429048590713395,-0.3824398721850132,-0.20737962257363496,0
47,philadelphia-eagles,2013,0.7276905931439346,1.3467888252196785,0.379338180303225,1.3275564125018795,0.7817642457545104,0.0153029511579106,37087879.0,68641180.0,2320027.0,11276588.0,7662111.0,9999.0,25,25,3,26,30,2,0.3432502797848748,0.6352777477451313,0.0214719724699938,0.5951114952594632,0.4043608167695743,0.0005276879709624,0.4716981132075472,0.4716981132075472,0.0566037735849056,0.4482758620689655,0.5172413793103449,0.0344827586206896,-0.0455432661027976,0.9119479224352744,0.988939492517892,-0.0921702731333689,0.0234222511385816,1.0522472898344202,0.9199739752765128,0.0509302730720263,0.022121014964216,1.6414618315691487,0.0910865322055953,0.4956048720335667,0.230916930975557,1.5710626508218122,1.0396385645147057,0.4517538121727498,-0.2518612154745883,0.5767821756712083,0.938361775044338,-0.5502876822627041,0.0209442844990314,40.6136958836149,0.0219996604409563,3.704151918012625,0.565024579465168,1.7227535152446474,2.128553070974189,0.5439246342442114,-0.5998658193579449,0.5481424654716426,2.055247005645814,-0.6012186781234924,0.3640352291453143,24.786943998259115,0.3946411314611357,3.210319699030202,10,6,0.625,442,382,60,0.667,0.75,-1.6881110911205102,1.3855781480008773,-0.49590445877773626,0
48,new-york-jets,2020,0.5976474936268735,1.4461870522391167,0.3518655982460034,1.1987435195664964,0.8336014972509714,0.3160812281714866,23417612.0,61388084.0,1723393.0,57521504.0,37500212.0,947944.0,24,26,3,48,45,3,0.2706328273027351,0.7094502520418307,0.0199169206554341,0.5993717597832482,0.3907507018363929,0.0098775383803589,0.4528301886792453,0.490566037735849,0.0566037735849056,0.5,0.46875,0.03125,0.021816037735849,1.0465386478873626,0.9593160377358492,0.0454902312952796,-0.0471698113207547,0.9056585660413584,0.9528301886792452,-0.0990906943113359,0.0253537735849056,1.8112627943075632,0.0878537735849056,0.5940419449383164,0.3186995502054378,1.8156037419867117,1.1002009538782236,0.5964194621584977,-0.328738932480513,0.45152673838665,0.8700045870859834,-0.7951169916092977,0.0100393822750751,2.016180925614871,0.0297944590357931,0.7012552983352652,0.6125855549881453,1.7348641073033102,2.279788549490088,0.5509297774836993,-0.6010960259396229,0.498561189537702,1.7963910131933698,-0.6960272765699941,0.0357843700745167,1.1132090541170918,0.66794682641749,0.1072497260412774,2,14,0.125,243,457,-214,0.0,0.083,-3.320845506515254,1.4950136025922385,-0.5087671627854641,0
49,los-angeles-chargers,2018,0.8459691294147214,1.2324850582549318,0.2173764598061517,1.136560948078753,0.8356275298214944,0.9759334715302616,55344826.0,87350678.0,1777645.0,19248832.0,11498674.0,2066055.0,24,26,3,32,26,4,0.3830803604896852,0.6046153115967591,0.0123043279135557,0.5866121022341951,0.3504244479896589,0.0629634497761459,0.4528301886792453,0.490566037735849,0.0566037735849056,0.5161290322580645,0.4193548387096774,0.064516129032258,0.0712111990261716,1.1698085312112965,0.9099208764455264,0.1568421253398891,-0.0632988435788192,0.8773567906872558,0.9689592209373098,-0.1308393301260393,-0.0079123554473524,0.8773448917202161,0.1211199026171637,-0.1308374343280745,0.2541908636071002,1.725375012189758,0.955039759586418,0.5454460791694482,-0.2035317417445099,0.6530375114887,0.9696924627238804,-0.4261180960881353,-0.0506591218625901,0.1954170640305866,0.0752677776897016,-1.6325379455591216,0.3968575284334374,1.474919793030778,2.068112588076426,0.3886044220755488,-0.2905918186640317,0.7443229388813778,1.9825300774934744,-0.2952790986130173,-0.7585570117241098,0.2227367370939426,1.1933099313364133,-1.501760155766145,12,4,0.75,428,329,99,0.667,0.75,-2.001120407626967,0.20417461600420458,-0.8762512164688252,0
50,new-york-jets,2014,0.8459495938484963,1.128661904918985,0.928858532533832,1.1053723047993511,0.9008260660711987,0.0,32659174.0,55457454.0,4890000.0,13579849.0,11758617.0,0.0,22,28,3,32,34,0,0.3511488880125833,0.5962742139194639,0.0525768980679527,0.5359380871754431,0.4640619128245569,0.0,0.4150943396226415,0.5283018867924528,0.0566037735849056,0.4848484848484848,0.5151515151515151,0.0,0.0131503716409376,1.0255252012834883,1.043453401943968,0.0252067657141111,-0.0697541452258433,0.8561303097029345,0.8999428244711264,-0.1553302743769728,0.0566037735849056,56603.77358490566,0.0566037735849056,,0.1322123010949069,1.2848995199598952,1.0603361267440208,0.250682197785422,-0.1847891991628597,0.6552029818598256,0.8870869751880265,-0.4228073475947139,0.0525768980679527,52576.89806795275,0.0525768980679527,,0.2278358388477861,1.2529173993865974,2.029487970990184,0.2254756374682324,-0.259422710950855,0.7653066979051517,1.951321898647848,-0.2674774311023158,0.928858532533832,928858.532533832,0.928858532533832,,4,12,0.25,283,401,-118,0.167,0.333,-3.6922925724107114,-1.186611178213758,0.7961009939812477,0
51,new-york-giants,2014,0.8913186622536463,1.1104692636592428,0.9482775295061764,0.8730656009823818,1.1495481964589762,0.4623858875877067,35051720.0,45416767.0,4475000.0,20794429.0,25899634.0,297648.0,25,26,3,37,35,1,0.4126475288211326,0.534670386206302,0.0526820849725653,0.4425127018677826,0.5511532448775913,0.0063340532546261,0.4629629629629629,0.4814814814814814,0.0555555555555555,0.5068493150684932,0.4794520547945205,0.0136986301369863,0.0020294266869609,1.004230709694467,0.960933536276002,0.0042238623249945,-0.0438863521055302,0.9134116112769912,0.9698122780314562,-0.0905665061652666,0.0418569254185692,4.055259521610478,0.0692541856925418,1.4000326857545986,-0.0164828586712892,0.9700921133702776,1.0858236310838931,-0.0303623794465076,-0.0298651730466499,0.9325079134937756,0.8551602306889152,-0.0698752178069941,0.0463480317179392,8.31596560519751,0.0590161382271914,2.1181962156127305,-0.0390789327997334,0.9660041232509984,2.260017460118219,-0.0345862758831625,0.0182530612712644,1.0209056917888362,1.7643842632360285,0.0206912883756441,0.4858916419184695,2.0508313599751564,1.410663417093883,0.718246306934948,6,10,0.375,380,400,-20,0.333,0.333,-1.0793804292981026,0.00011681582528861402,0.6210195577252084,0
52,new-orleans-saints,2018,0.8313926813299178,1.218802892253286,0.469298674359916,1.1809949482711548,0.8686899394895544,0.0,52086937.0,82998123.0,3835000.0,18421913.0,18677551.0,0.0,23,25,3,37,51,0,0.3749417974625119,0.5974523981633754,0.0276058043741127,0.4965546941594628,0.5034453058405373,0.0,0.4509803921568627,0.4901960784313725,0.0588235294117647,0.4204545454545454,0.5795454545454546,0.0,-0.089349376114082,0.8458270680231136,1.0697415329768272,-0.1674383115930328,0.0305258467023172,1.0725994627311135,0.8714349376114082,0.0700873240521017,0.0588235294117647,58823.52941176471,0.0588235294117647,,0.0940070923228381,1.1867251606224196,1.1008977040039127,0.1711992214124418,-0.1216128966969509,0.7550850828469282,0.8714964916219747,-0.28092217649289,0.0276058043741127,27605.80437411271,0.0276058043741127,,0.3501129527637314,1.4030339639198477,2.08749283174284,0.3386378293725055,-0.3496022669412369,0.7039758964008159,2.0123876296010725,-0.3510099586769147,0.469298674359916,469298.67435991607,0.469298674359916,,13,3,0.813,504,353,151,0.667,0.75,-2.034350360551597,0.17179431744121051,-0.003934280045515486,0
53,new-orleans-saints,2017,0.6763954313143431,1.2813174227265385,1.3667870401461524,1.0003751591180126,0.9995432845519848,0.0,31118048.0,61404073.0,5240000.0,35125908.0,28829431.0,0.0,24,25,2,56,46,0,0.3183037323832203,0.6280967758463424,0.0535994917704373,0.5492255775549872,0.4507744224450127,0.0,0.4705882352941176,0.4901960784313725,0.0392156862745098,0.5490196078431373,0.4509803921568627,0.0,0.0392156862745097,1.086954111536535,0.9411764705882352,0.0833814315481242,-0.0784313725490196,0.8571412959212109,1.0196078431372548,-0.1541503762564289,0.0392156862745098,39215.68627450981,0.0392156862745098,,0.1773223534013296,1.3933696128318973,1.0788711982913552,0.3317265875572777,-0.2309218451717669,0.5795490338436007,0.8675293099382075,-0.5455018640806371,0.0535994917704373,53599.491770437344,0.0535994917704373,,0.2817741381745536,1.281901605090814,2.2808607072785234,0.2483453849001838,-0.3239797278036694,0.6761410946765176,1.6767705904323558,-0.3913520263584393,1.3667870401461524,1366787.0401461525,1.3667870401461524,,11,5,0.688,448,326,122,0.667,0.667,-2.3892611321222805,1.1427599774944488,-1.114891875531409,0
54,new-orleans-saints,2016,0.8796536106006158,1.1228020442576294,0.8984867316289525,1.0508021387493405,0.9745522466980098,0.0608606920469993,34383852.0,47545360.0,4390000.0,39010111.0,20872731.0,86900.0,24,26,3,52,30,2,0.3983337104606562,0.5508085500131766,0.0508577395261671,0.6504965620829251,0.3480543738207178,0.0014490640963571,0.4528301886792453,0.490566037735849,0.0566037735849056,0.6190476190476191,0.3571428571428571,0.0238095238095238,0.1334231805929919,1.3735810596334104,0.8477088948787062,0.3174232801138993,-0.1662174303683737,0.731493738530434,1.0718778077268645,-0.3126644099947058,0.0327942497753818,2.377258645702918,0.0804132973944294,0.8659656607919445,0.2027541761924588,1.58253137702421,0.8988629238338944,0.4590275178542832,-0.2521628516222688,0.6123523494618061,1.0488302725435812,-0.4904449172718451,0.04940867542981,35.0727527520561,0.0523068036225242,3.55744421664162,0.1482497975596196,1.1521197513444417,2.0973542909556397,0.1416043983195634,-0.1711485281487247,0.8371250314759948,1.930455749349956,-0.1777807023413434,0.8376260395819533,14.762762936908048,0.9593474236759518,2.6921091054836053,7,9,0.438,469,454,15,0.333,0.5,-1.6324986852082826,-0.21051492564368915,0.6776807828582231,0
55,new-orleans-saints,2015,0.7318495701780175,1.2816063673064944,0.8878671876290659,1.1021524001587164,0.9690216684943764,0.1312535390550967,32298366.0,56560519.0,4702058.0,25144041.0,24274191.0,234852.0,25,25,3,51,56,4,0.3452120614047252,0.6045313053332522,0.0502566332620225,0.5063943460188697,0.4888757967178836,0.0047298572632467,0.4716981132075472,0.4716981132075472,0.0566037735849056,0.4594594594594595,0.5045045045045045,0.036036036036036,-0.0328063912969572,0.9349711925756314,0.9762026177120516,-0.0672374402498761,0.0122386537480876,1.0266348354817842,0.9311575726670068,0.0262884234336202,0.0205677375488696,1.5707111297472816,0.0926398096209417,0.4515461322040685,0.1156555086153685,1.23657189171551,1.0934071020511358,0.2123446017603108,-0.1611822846141444,0.6817046485886576,0.851606407423595,-0.3831558847586678,0.0455267759987758,10.623155691561085,0.0549864905252693,2.363056015445595,0.3125846988121178,1.3225762502520153,2.250628035800871,0.2795823195039325,-0.3703028299806988,0.6640178854165192,1.8340019703367336,-0.4094448276001278,0.7566136485739692,6.764468444450257,1.0191207266841626,1.911684810468927,7,9,0.438,408,476,-68,0.5,0.417,-1.5265826734508576,1.1880389521360333,0.669240577272296,0
56,new-orleans-saints,2014,0.6346204137516773,1.3711087992193889,0.8285536255013196,1.51015217084011,0.5070315436684688,0.704920740831328,29775826.0,66904455.0,4665000.0,22144255.0,7249031.0,1033667.0,25,26,3,40,39,4,0.293805747107258,0.6601634959204464,0.0460307569722955,0.7277841787181254,0.2382437373863889,0.0339720838954856,0.4629629629629629,0.4814814814814814,0.0555555555555555,0.4819277108433735,0.4698795180722891,0.0481927710843373,0.0116019634091922,1.0246891772759297,0.9513609995537706,0.0243914018422155,-0.0189647478804105,0.960646154807377,0.9448906738063364,-0.040146983013592,0.0073627844712182,1.1527538581352212,0.1037483266398929,0.1421717388338228,0.4219197585340575,2.7709468136111783,0.8984072333068354,1.0191905865385886,-0.4339784316108674,0.4036984479743717,1.021589925825383,-0.9070836920294566,0.0120586730768098,1.3549184146456617,0.0800028408677812,0.3037629662940661,0.8640772555509199,2.704183027975241,1.8781403428878571,0.994800573087122,-0.8755317570884327,0.4202357919750836,2.144772584591787,-0.8669377400277277,0.1236328846699915,1.175383844062165,1.5334743663326478,0.1615959769685448,7,9,0.438,401,424,-23,0.5,0.5,-2.5445431370379885,1.4533088043751734,0.4139771113945878,0
57,new-orleans-saints,2013,0.7367156521395183,1.3182388932874944,0.5237272729658902,1.5912720359491666,0.1671902941724665,1.26668194737187,33834191.0,60541060.0,2775294.0,22611867.0,1781822.0,2249933.0,26,26,3,24,18,3,0.3482655810114086,0.6231674768268155,0.0285669421617758,0.8486784191728888,0.0668761176689866,0.0844454631581246,0.4727272727272727,0.4727272727272727,0.0545454545454545,0.5333333333333333,0.4,0.0666666666666666,0.0727272727272727,1.1818152272801137,0.8727272727272728,0.167053700048669,-0.0606060606060606,0.8863619744349343,1.006060606060606,-0.1206277474044791,-0.0121212121212121,0.8181695456386335,0.1212121212121212,-0.2006673621843725,0.5562913591578289,9.318097109256868,0.6900435944958021,2.2319600397286417,-0.5004128381614801,0.4103617610414347,1.1969440001842977,-0.8907132929491597,-0.0558785209963488,0.3382846491543959,0.1130124053199005,-1.083832575769013,1.151048599115028,7.884614446058792,1.485429187459961,2.064914080668029,-0.8545563838096483,0.4629724978027296,2.327987688088685,-0.7700862692793752,-0.7429546744059798,0.4134635853845875,1.7904092203377602,-0.8831839233735508,11,5,0.688,414,304,110,0.833,0.75,-1.6131405321883532,1.2891255344571688,-0.44073468376705055,0
58,minnesota-vikings,2020,0.9417646097288956,1.097758403817352,0.6512297570242357,0.9721172637519928,1.1777341402663368,0.1735059187549917,48987026.0,59480450.0,4234313.0,45959027.0,35520017.0,848574.0,24,25,3,58,37,6,0.4346605891056441,0.527768463373727,0.0375709475206289,0.5582455574021344,0.4314471602955887,0.0103072823022767,0.4615384615384615,0.4807692307692308,0.0576923076923076,0.5742574257425742,0.3663366336633663,0.0594059405940594,0.1144325971058644,1.3123664799642658,0.847105864432597,0.2718340607556411,-0.1127189642041126,0.8037121282837872,1.0357958872810358,-0.2185119566521162,-0.0017136329017517,0.9711374986726186,0.1170982482863671,-0.0292698823086546,0.0963213030781381,1.2232488441071308,0.9592156236693156,0.2015122010192117,-0.1235849682964903,0.7786175899201024,0.9929061465077784,-0.2502329516890771,0.0272636652183522,3.644734051601484,0.0478782298229057,1.2933100162312885,-0.0799757364489848,0.9320927654150674,2.275492544083689,-0.070322024595707,-0.0303526540230972,0.9687757599513208,1.9138818734808885,-0.0317210459147228,0.4777238382692439,3.753335957419853,0.8247356757792275,1.3226465687333306,7,9,0.438,430,475,-45,0.667,0.417,-0.8801698493422072,-0.19090076047875776,0.23586324906413364,0
59,miami-dolphins,2024,0.8045901233385665,1.2017088765977737,0.8151354161107616,1.624333175714912,0.5242769084639032,0.2681593937307944,50404703.0,81556342.0,6383166.0,73001548.0,25004890.0,1967632.0,24,26,3,49,52,8,0.3643426973608603,0.5895175621045683,0.0461397405345714,0.7302048221103732,0.2501137544965409,0.0196814233930858,0.4528301886792453,0.490566037735849,0.0566037735849056,0.4495412844036697,0.4770642201834862,0.073394495412844,0.0135018175523627,1.028299731318016,0.9676302579193352,0.027908730424888,0.0032889042755755,1.0073138932412933,0.9023714730829152,0.0072894847579141,-0.0167907218279383,0.7712159072776029,0.1299982689977497,-0.2597692427312719,0.3394038076080273,2.3569883483731915,0.8396313166011092,0.8573863768286383,-0.3658621247495129,0.4989589049124133,1.0945475194712335,-0.6952287968419713,0.0264583171414855,2.344210345092957,0.0658211639276572,0.8519702784118595,0.6774319681338705,2.2921219017575902,1.7259857850616769,0.8294788153442465,-0.8197430523763455,0.4953353413157396,2.4289232990534786,-0.702519045712401,0.5469760223799671,3.0397308296357672,1.083294809841556,1.1117701954042822,8,9,0.471,345,364,-19,0.5,0.5,-2.065048796266253,0.22216664264781547,0.50439238978774,0
60,miami-dolphins,2019,0.6888126808752603,1.3794391446678884,0.5349638935153418,1.1765133725568877,0.7848464035851538,0.0744217385219287,20188288.0,38874746.0,1809134.0,76830441.0,37965346.0,90000.0,26,25,3,54,40,1,0.3316505500510512,0.6386292336425409,0.0297202163064078,0.668754969663915,0.3304616436148015,0.0007833867212834,0.4814814814814814,0.4629629629629629,0.0555555555555555,0.5684210526315789,0.4210526315789473,0.0105263157894736,0.0419103313840156,1.0995344256427764,0.8840155945419104,0.0948890007910184,-0.0869395711500974,0.8470492642789006,1.0499025341130603,-0.1659943458433176,0.0450292397660818,5.277276436516309,0.0660818713450292,1.6634281380545923,0.3081675900277393,1.9325307897341304,0.9690908772573424,0.6588319997971194,-0.3371044196128637,0.4959216292569666,1.0004055197149664,-0.7013343550543586,0.0289368295851244,37.88974940546914,0.0305036030276913,3.6347142578352543,0.5945927410827346,1.7575889763623624,2.164285548253042,0.5639436950174572,-0.4877006916816274,0.5854689895358285,1.865326053432148,-0.5353406096465863,0.460542154993413,7.1881780238134345,0.6093856320372706,1.972439604705564,5,11,0.313,306,494,-188,0.333,0.333,-1.4306372371563956,1.8512859974481215,-0.2784746847487399,0
61,los-angeles-rams,2024,0.3757807510225129,1.573305886459959,0.2267528855419555,1.465892311030328,0.4462253035559266,0.0658158987134163,32670445.0,174088081.0,2688264.0,37013281.0,8016930.0,127833.0,22,28,3,52,37,4,0.1559844626885902,0.8311804683184688,0.0128350689929408,0.8196387115438393,0.1775304971136482,0.0028307913425125,0.4150943396226415,0.5283018867924528,0.0566037735849056,0.5591397849462365,0.3978494623655914,0.043010752688172,0.1304524244268614,1.3278905939965642,0.9261513491580442,0.2835935564771105,-0.1440454453235949,0.7423789335320162,0.974234124568878,-0.2978930649939093,0.0135930208967336,1.316007138683082,0.0996145262730777,0.2746199239302431,0.6536499712048206,4.681876071750704,1.0087109654321171,1.5437001027422637,-0.663654248855249,0.1903085715488143,0.9756231742324296,-1.659102052524635,0.0100042776504283,4.532491077380317,0.0156658603354534,1.511349603563864,1.1270805829040322,3.5258026564603284,2.019531190015885,1.2601087499081032,-1.090111560007815,0.2563493183268495,1.8416730620528408,-1.3612115787834966,0.1609369868285391,3.4452076894308807,0.2925687842553719,1.236988599933708,10,7,0.588,367,386,-19,0.667,0.5,-6.236445016389303,1.374272942284324,-0.7114703408453991,0
62,los-angeles-rams,2023,0.798580990123878,1.2969893027400197,0.1364412228421467,1.3902629196150722,0.7866892217107204,0.2019643866188303,48607932.0,82234364.0,1038111.0,52566966.0,31128861.0,1598324.0,24,25,3,43,45,9,0.3685758415956359,0.6235525493942402,0.0078716090101238,0.6163021190046196,0.3649589172884785,0.0187389637069017,0.4615384615384615,0.4807692307692308,0.0576923076923076,0.4432989690721649,0.4639175257731959,0.0927835051546391,0.0168517049960348,1.036322552473951,0.9446867565424266,0.0356805194644408,0.0182394924662966,1.0411425529861194,0.9048374306106264,0.040320885429249,-0.0350911974623314,0.6217881703001474,0.1504758128469469,-0.4751384732827392,0.2585936321057616,1.70855077463578,0.9885114666827188,0.5356471146830214,-0.2477262774089836,0.5980431223371323,0.9848779606002556,-0.5140897035575857,-0.0108673546967779,0.4200439837151229,0.0266105727170256,-0.8672688192951669,0.5103000810292992,1.648665849588944,2.08367852445074,0.4999671558479729,-0.5916819294911942,0.574409634643316,2.1888439097389503,-0.5544112357643342,-0.0655231637766836,0.6755673589735082,0.338405609460977,-0.3921950802096284,10,7,0.588,404,377,27,0.833,0.667,-1.819441795688056,0.7745462624383966,-0.9326548121445918,0
63,los-angeles-rams,2020,0.9093733254325264,1.1184591585323471,0.6983673559261127,0.3172104864338922,2.583346609576571,0.2713849261824056,63292696.0,84332237.0,6075826.0,8596920.0,33547845.0,766143.0,24,26,3,48,23,5,0.4117916945354837,0.5486780777705854,0.0395302276939309,0.2003434651161425,0.7818022634244887,0.0178542714593687,0.4528301886792453,0.490566037735849,0.0566037735849056,0.631578947368421,0.3026315789473684,0.0657894736842105,0.1879344587884806,1.6209954640117072,0.7931976166832175,0.4830424829436358,-0.1787487586891757,0.7169799968571434,1.0844091360476664,-0.3327051288269209,-0.0091857000993048,0.8603642809534956,0.1223932472691161,-0.1503817304056495,-0.2331241856539032,0.7018109330565363,1.330480341195074,-0.3540894148007349,0.2114482294193412,2.055418373034475,0.6121351596516262,0.7204818434876419,0.0216759562345621,2.2139247663573944,0.0573844991532997,0.7947921496176192,-1.464887451044224,0.4329495397313838,3.701805768108918,-0.8371332001008858,0.5921628389986342,2.866773002629091,1.2265838118664187,1.0531881075015477,0.426982429743707,2.573336671322896,0.9697522821085184,0.9452048044240564,10,6,0.625,372,296,76,0.5,0.75,-1.5244417764557547,-0.30196163429233736,0.2116908716333052,0
64,los-angeles-rams,2011,0.8339813684249032,1.1412696957089845,0.970791639369296,0.5360813603273862,1.4639186396726138,0.0,37706232.0,61919340.0,5267009.0,853378.0,2330385.0,0.0,25,30,3,9,9,0,0.3594747277693548,0.5903119115736126,0.0502133606570325,0.2680406801636931,0.7319593198363069,0.0,0.4310344827586206,0.5172413793103449,0.0517241379310344,0.5,0.5,0.0,0.0172413793103448,1.0344806896593104,1.0172413793103448,0.0339014850091457,-0.0689655172413793,0.8620672413827585,0.9310344827586208,-0.1484196851189646,0.0517241379310344,51724.137931034486,0.0517241379310344,,-0.1416474082626942,0.8064807552759525,1.3222712314099194,-0.2150735497094206,0.0914340476056617,1.3411150368473423,0.6275154079330478,0.2935041668284781,0.0502133606570325,50213.36065703256,0.0502133606570325,,-0.3226489439636293,0.779598595974991,2.605188335381598,-0.2489752360892869,0.297900008097517,1.5556963447101482,1.3700627287522895,0.4419244545640017,0.970791639369296,970791.639369296,0.970791639369296,,2,14,0.125,193,407,-214,0.0,0.083,-3.1131630788482805,-0.7106094937579389,0.142986413880753,0
65,new-york-giants,2019,0.7831616213363716,1.3080340190485595,0.2400363301255754,1.0747277619905131,1.0131316334443603,0.2163320134176246,46213327.0,77185350.0,1699707.0,33888712.0,34850662.0,775166.0,25,25,3,44,48,5,0.3694158591209299,0.6169971787964903,0.0135869620825797,0.4875053765730162,0.5013434887147351,0.0111511347122486,0.4716981132075472,0.4716981132075472,0.0566037735849056,0.4536082474226804,0.4948453608247423,0.0515463917525773,-0.0231472476171951,0.9532213441387852,0.9665434740322896,-0.0479060219219678,0.0180898657848667,1.0398776389318432,0.9253063606302276,0.0391051713559288,0.0050573818323283,1.0980919045642212,0.1081501653374829,0.0935917078840609,0.1156536900817551,1.2306850732083374,1.1183406675112253,0.2075726051737757,-0.1180895174520862,0.7577662095781853,0.8569212356939462,-0.2773776645772133,0.002435827370331,1.2183283679004355,0.0247380967948284,0.1975533261921414,0.294902385604199,1.2910787550111962,2.32116565249292,0.2554788776167554,-0.2915661406541415,0.7287063015656826,1.8578893833268848,-0.316483229786724,0.0237043167079508,1.1095686522065509,0.4563683435432,0.103975504210701,4,12,0.25,341,451,-110,0.333,0.25,-1.4103044013165578,1.1222128192076086,-0.8291009524489522,0
66,carolina-panthers,2024,0.6996446964658287,1.3177374008361238,0.7550307546390074,0.8724387317531633,1.1793548531609237,0.001442104283397,47675217.0,93534703.0,6431167.0,55657808.0,58063897.0,1000.0,24,25,3,92,71,1,0.3229129368303824,0.6335275965558287,0.0435594666137888,0.4894168495200672,0.5105743571611315,8.793318801201572e-06,0.4615384615384615,0.4807692307692308,0.0576923076923076,0.5609756097560976,0.4329268292682927,0.0060975609756097,0.0478424015009381,1.1105066439868203,0.9136960600375236,0.1048184272110059,-0.099437148217636,0.8227410082911122,1.0225140712945593,-0.1951116534011111,0.0515947467166979,9.45998702366658,0.0637898686679174,2.2470883445405234,0.1229532393946971,1.240811150930449,1.14410195371696,0.2157668981896224,-0.1665039126896847,0.6597898649324646,0.8123297863504497,-0.4158307843181923,0.0435506732949876,4447.8758935576,0.04356825993259,8.400204890771658,0.1383825476752,1.117336550545205,2.497092253997048,0.1109485321900677,-0.1727940352873346,0.8019404332490637,1.572083428218992,-0.2207195173348742,0.7535886503556103,523.1990254104645,0.7564728589224045,6.259963261842154,5,12,0.294,341,534,-193,0.333,0.333,-2.1992326781018487,1.1014466693852774,0.5371822815994098,0
67,kansas-city-chiefs,2024,0.7045482536901201,1.3388710606613117,0.4267314447476705,0.9393037072190492,1.1211108418706277,0.3834335068557652,70483262.0,145102907.0,5336296.0,11958327.0,16468758.0,625835.0,24,26,3,39,45,5,0.3190407186521298,0.6568046712678134,0.0241546100800568,0.4116049952982351,0.5668537964514411,0.0215412082503238,0.4528301886792453,0.490566037735849,0.0566037735849056,0.4382022471910112,0.5056179775280899,0.0561797752808988,-0.0150519397922408,0.9702286890697164,0.996184015263939,-0.0302214348851809,0.014627941488234,1.033379354402315,0.8910324358702566,0.032836566680534,0.0004239983040067,1.0075292357909238,0.1127835488658045,0.0075186990830584,0.0899508748163723,1.1586823916450315,1.2236584677192544,0.1472850127798405,-0.0925642766461052,0.775111933005165,0.7306457139503649,-0.2547446959824319,0.0026134018297329,1.12126898966793,0.0456958183303807,0.1145024695136949,0.2177602187906839,1.1942350536832638,2.4599819025319394,0.1775066048744807,-0.2347554535289292,0.7500742286026006,1.6438519609091693,-0.287581686530807,0.0432979378919052,1.1129187308856163,0.8101649516034357,0.1069883949467078,15,2,0.882,385,326,59,0.833,0.833,-2.7167194531434444,0.8938336444687349,-0.3625111679439637,0
68,atlanta-falcons,2019,0.9043437088322268,1.1779256272240624,0.1913427963443879,1.3036005183325687,0.7008166491559005,1.2482720863519905,52934989.0,77942205.0,1460881.0,27371486.0,17984917.0,6552441.0,23,26,3,36,44,9,0.3999981789065618,0.5889628136120312,0.0110390074814069,0.5272990860671064,0.3464711523916811,0.1262297615412125,0.4423076923076923,0.5,0.0576923076923076,0.4044943820224719,0.4943820224719101,0.1011235955056179,0.0056179775280899,1.0113615906549644,0.99438202247191,0.0112995325267065,0.0378133102852203,1.0934802026568495,0.8468020743301642,0.0893677172715953,-0.0434312878133102,0.5705071788307188,0.1588159031979256,-0.5612121931742784,0.2424916612203501,1.699884996662642,0.9354339660037124,0.5305622976505213,-0.1273009071605445,0.7585778752474097,0.9272972649736684,-0.2763073153864077,-0.1151907540598055,0.0874510091409289,0.1372687690226195,-2.4365859541994968,0.4771089780681619,1.6807876180670027,1.8787422763799628,0.519263352780927,-0.3992568095003419,0.6937271061090579,2.207944227164796,-0.3656755088955176,-1.0569292900076026,0.1532860064327564,1.4396148826963784,-1.8754445533011777,7,9,0.438,381,399,-18,0.667,0.5,-2.189186270761595,-0.39623154485256146,-0.8086150486288982,0
69,baltimore-ravens,2016,0.938013567193195,1.0361527882753392,1.1498542237074512,1.3201151022271775,0.7439079182182581,0.0,47156793.0,61149776.0,7540000.0,20601349.0,14511525.0,0.0,23,27,3,36,45,0,0.407062491423462,0.5278514204421539,0.065086088134384,0.5867178232120789,0.4132821767879212,0.0,0.4339622641509434,0.5094339622641509,0.0566037735849056,0.4444444444444444,0.5555555555555556,0.0,-0.0461215932914046,0.9169794815124048,1.0649895178197064,-0.0866682196830174,-0.010482180293501,0.9764128974106036,0.8784067085953878,-0.023867427058941,0.0566037735849056,56603.77358490566,0.0566037735849056,,0.1145692436542327,1.277214873696696,0.9411335972300752,0.244683721811571,-0.1796553317886168,0.6937948388888194,0.9937803146355408,-0.3655765267553135,0.065086088134384,65086.08813438402,0.065086088134384,,0.2922448700570811,1.392848993875536,1.7800607064935972,0.3313522504945968,-0.3821015350339826,0.7105538411437187,2.2581286694203726,-0.3417094890028584,1.1498542237074512,1149854.2237074513,1.1498542237074512,,8,8,0.5,343,321,22,0.667,0.583,-2.2085505258485836,-1.16374933871698,1.2615318970509586,0
70,atlanta-falcons,2013,0.9277524259422624,1.090746488552953,0.7915110250029765,1.2482701651479653,0.83744446667444,0.0009711385634684,37717052.0,48038736.0,4022283.0,18637832.0,13797322.0,1000.0,24,26,3,29,32,2,0.4201143060870622,0.5350831830637127,0.044802510849225,0.5746005522109681,0.4253686179933663,3.082979566566369e-05,0.4528301886792453,0.490566037735849,0.0566037735849056,0.4603174603174603,0.5079365079365079,0.0317460317460317,-0.0173704702006588,0.9657999853737316,0.998502545672357,-0.0347964822274349,-0.0074872716382149,0.9837324107465716,0.9131476489967056,-0.0163991508796558,0.0248577418388739,1.7829627045993337,0.0883498053309374,0.5782940879543028,0.1097145650703464,1.2579252500164633,0.9604518010570792,0.22946560567864,-0.1544862461239058,0.7311402213769428,0.9947148582980304,-0.3131476360168956,0.0447716810535594,1407.565141788066,0.0448333406448907,7.249638960781216,0.253302021878513,1.3024686764194815,1.928190955227393,0.2642623623448878,-0.320517739205703,0.7432298781269133,2.176022591090228,-0.2967488124167126,0.7905398864395081,814.1956864451658,0.792482163566445,6.70220200155461,4,12,0.25,353,443,-90,0.167,0.25,-1.3988136129070685,-0.4328207295983266,0.420919120735349,0
71,atlanta-falcons,2017,0.8439230179241717,1.1673015707844152,0.798668909808363,1.0167214066602794,1.071094494172755,0.0194081179421602,56327130.0,84403405.0,6663334.0,10561098.0,8344420.0,14400.0,24,26,3,28,21,2,0.3821538194373607,0.5726385064225432,0.045207674140096,0.5581999879703495,0.441038909365252,0.0007611026643984,0.4528301886792453,0.490566037735849,0.0566037735849056,0.5490196078431373,0.4117647058823529,0.0392156862745098,0.0788013318534961,1.1913717697413355,0.902330743618202,0.1751074293612442,-0.096189419163892,0.8247963413581464,1.0018497965223827,-0.1926165737510722,0.0173880873103958,1.4433594207498652,0.0958194598594154,0.3669909941161007,0.1315995970572911,1.2983825142869472,1.0136774157877952,0.2611210163050171,-0.1760461685329888,0.6846168811468673,0.9403538074077102,-0.3788932780370282,0.0444465714756975,59.31966420269684,0.0459687768044944,4.082962976370076,0.0962070766116602,1.0898202607844631,2.23839606495717,0.0860136409572284,-0.1727983887361077,0.8300427062449449,1.8606444245844511,-0.1862769412665059,0.7792607918662028,41.14916052282343,0.8180770277505233,3.7172047785800846,10,6,0.625,353,315,38,0.667,0.75,-1.8546999299701092,0.01604754604287758,0.45727460358519045,0
72,carolina-panthers,2020,0.684335755160797,1.3916801967561467,0.3665337340254686,1.2322222517157058,0.9497164768136728,0.2957872337909881,38507847.0,78310402.0,2475000.0,45444635.0,36516216.0,2785200.0,25,25,3,47,49,12,0.3227998845098099,0.6564529229981824,0.0207471924920076,0.5362448688022053,0.430889882998796,0.0328652481989986,0.4716981132075472,0.4716981132075472,0.0566037735849056,0.4351851851851852,0.4537037037037037,0.1111111111111111,0.0179944095038434,1.0396588559848703,0.9254018169112508,0.038894756248221,0.036512928022362,1.083899556707723,0.9068832983927324,0.0805673588582924,-0.0545073375262054,0.5094293773997544,0.1677148846960167,-0.6744463809966801,0.2255630399993863,1.523478330359607,1.0873428059969783,0.4209976190891185,-0.2134449842923954,0.6019624640294896,0.8590447533120154,-0.5075570898380298,-0.012118055706991,0.6312613586554656,0.0536124406910063,-0.4599871065138306,0.4419637199424738,1.4653623111425411,2.3413966735698195,0.382103241808344,-0.5478864965549087,0.5553666952867115,1.916558006876503,-0.5881252099116808,0.0707465002344805,1.2391761813097382,0.6623209678164568,0.2144495171720766,5,11,0.313,350,402,-52,0.167,0.333,-1.938226916685156,1.6331039686360047,-0.5145253707916344,0
73,carolina-panthers,2013,0.7823450010694165,1.2577748622163671,0.5071911855694868,1.5456464880712415,0.5062250590543431,1.1569416323802226,25663213.0,44696934.0,2079670.0,26267977.0,9789850.0,2034001.0,24,26,3,29,33,3,0.3542694344465282,0.6170216305212367,0.0287089350322351,0.6895961254471694,0.2570065684429741,0.0533973061098564,0.4528301886792453,0.490566037735849,0.0566037735849056,0.4461538461538462,0.5076923076923077,0.0461538461538461,-0.0171262699564586,0.9662645347162252,0.9982583454281568,-0.034315598337052,0.0066763425253991,1.0149619410905095,0.8989840348330915,0.0148533236590833,0.0104499274310595,1.2263885225882998,0.1027576197387518,0.2040913564221804,0.3600150620782625,2.400791674188163,0.8740281989642109,0.8758001678931312,-0.3353266910006412,0.5137339199562383,1.0438655598936977,-0.6660469903104136,-0.0246883710776213,0.5376375605093571,0.0821062411420915,-0.6205357934401388,0.751549803162024,2.4846110541325284,1.7639999212707105,0.910116924901289,-0.7633014870018252,0.5061600443227044,2.327991489140658,-0.680901088369279,-0.6497504468107358,0.4383892263750562,1.6641328179497097,-0.8246461468835603,12,4,0.75,366,241,125,0.833,0.75,-2.2700258230146,0.4474273743527344,-0.19650399957619596,0
74,carolina-panthers,2022,0.9283983643400112,1.1221588765663733,0.5141028217046772,0.7465000555742884,1.3582605490951922,0.6495188004758992,53874851.0,70545314.0,3729166.0,29695660.0,42377569.0,2026491.0,24,26,3,51,40,4,0.4204068064935899,0.5504930337872774,0.0291001597191326,0.4007526614135654,0.5718991785663967,0.0273481600200378,0.4528301886792453,0.490566037735849,0.0566037735849056,0.5368421052631579,0.4210526315789473,0.0421052631578947,0.0695134061569017,1.165091572530157,0.9116186693147964,0.1528017254182458,-0.0840119165839126,0.8435056429704356,0.9896722939424032,-0.1701864787404294,0.0144985104270109,1.3443076953337454,0.0987090367428004,0.2958968223892778,-0.0214061447791192,0.9625683894123248,1.1223922123536745,-0.0381483448577618,0.0196541450800245,1.049040462938511,0.8211594679071553,0.0478782801838504,0.0017519996990948,1.0640238931583972,0.0564483197391705,0.0620922101253836,-0.2361016725288189,0.8261728952821354,2.480419425661565,-0.1909503199035524,0.1818983087657226,1.2436665124683417,1.6748984199142996,0.2180649587072912,-0.1354159787712219,0.7915121622589446,1.1636216221805764,-0.2338080885564669,7,10,0.412,347,374,-27,0.667,0.5,-1.4704944633591388,-0.34126203845832537,-0.21539621316963975,0
75,baltimore-ravens,2023,0.8704156790638002,1.1428082680286302,0.7990029112414703,0.8159605663889671,1.165833574115634,0.8606739515899449,69221582.0,98457838.0,7942792.0,17823310.0,28716649.0,400000.0,24,26,3,47,53,1,0.394150496179834,0.5606229239385734,0.0452265798815926,0.3797044219829847,0.6117740537438475,0.0085215242731677,0.4528301886792453,0.490566037735849,0.0566037735849056,0.4653465346534653,0.5247524752475248,0.0099009900990099,-0.0341864375116757,0.9348504790834408,1.0153185129833735,-0.067366639440603,-0.01251634597422,0.9731010802849928,0.9181767233327108,-0.0272651086759416,0.0467027834858957,5.716403775294167,0.0665047636839155,1.743357563568017,-0.0511511298052741,0.9163873559533996,1.1723969776824208,-0.0873143422886518,0.0144460741968492,1.0380428441643286,0.7738549181628187,0.0373395966788075,0.0367050556084248,5.306711771298037,0.0537481041547604,1.6689945019755128,-0.0230253060870038,0.9802490794163736,2.3086418421442643,-0.0199477019045714,0.0544551126748331,1.066736124491524,1.686376245452767,0.0646047846040774,-0.0616710403484745,0.928344562329197,1.6596768628314151,-0.074351067936624,13,4,0.765,483,280,203,0.5,0.667,-1.7099220509972561,-0.1266979735399312,0.4517386479990432,0
76,carolina-panthers,2012,0.9154369185942428,1.188403746469736,0.2616133660298185,1.470579582136012,0.618075747960317,0.7226841874484827,35683990.0,52366616.0,1773524.0,23897203.0,11159834.0,1957293.0,23,26,4,18,20,3,0.3972650778805205,0.582990517136097,0.0197444049833825,0.6456203043523954,0.3015003648586912,0.0528793307889133,0.4339622641509434,0.490566037735849,0.0754716981132075,0.4390243902439024,0.4878048780487805,0.073170731707317,0.0027611596870685,1.0056583157589434,0.9783709157846296,0.005644406081239,-0.005062126092959,0.9884673501681848,0.8729866543948459,-0.0115973622448416,0.0023009664058904,1.031432444637093,0.1486424298205246,0.0309618089429078,0.2814901522774057,1.9336248026914744,0.8844908819947881,0.6593980928262424,-0.2483552264718748,0.6153221326532989,1.0428853822329158,-0.4856068381672886,-0.0331349258055308,0.3733789991253617,0.0726237357722959,-0.9851106457788598,0.5703279985094192,1.922744627413223,1.806479494430053,0.6537545001954933,-0.555142663541769,0.6225003442277028,2.3860165007302547,-0.4740100052932357,-0.4610708214186642,0.3620018378313141,0.9842975534783012,-1.0161021678598074,7,9,0.438,357,363,-6,0.5,0.417,-1.9904015742633832,-0.4472408878196635,1.528750259606763,0
77,atlanta-falcons,2012,0.8104984190759683,1.2376466565881128,0.5987910361326594,1.4518031681959012,0.5011763266378862,0.020754536741994,39391731.0,60151930.0,3492283.0,19492790.0,4893889.0,25333.0,25,25,3,22,16,2,0.3823105750358341,0.5837955927302418,0.0338938322339241,0.7984917425077458,0.2004705306551545,0.0010377268370997,0.4716981132075472,0.4716981132075472,0.0566037735849056,0.55,0.4,0.05,0.0716981132075471,1.1792423349130308,0.8716981132075472,0.1648742631911117,-0.0783018867924528,0.8576313737748607,1.021698113207547,-0.1535787861107133,0.0066037735849056,1.1320528306415003,0.1066037735849056,0.1240503153805891,0.3833250620750873,2.9121122127533936,0.7842661233853964,1.068880377118227,-0.4161811674719117,0.4787902941173262,1.1808023175435798,-0.7364899610998341,0.0328561053968244,32.630168994729445,0.0349315590710238,3.485266793170942,0.7364703299502265,2.469478547425081,1.7388229832259992,0.9040078219340292,-0.6413047491199328,0.5582697975603296,2.2623015872718693,-0.5829116914726665,0.5780364993906654,28.849701338782683,0.6195455728746534,3.3621013107222373,13,3,0.813,419,299,120,0.5,0.75,-1.1575235995952968,0.8460002395273887,-0.013166417106144912,0
78,atlanta-falcons,2016,0.6236408872462906,1.3567554126901342,1.0379111296118906,0.9796244027756364,1.0726285836889726,0.0364426596052708,32414476.0,73457265.0,6743333.0,21528659.0,19643800.0,33370.0,24,25,3,48,40,2,0.2878342556521341,0.6522862561010261,0.0598794882468398,0.5224663481470061,0.4767238149728767,0.0008098368801171,0.4615384615384615,0.4807692307692308,0.0576923076923076,0.5333333333333333,0.4444444444444444,0.0222222222222222,0.0363247863247863,1.0817283353420148,0.9252136752136751,0.0785621525034703,-0.0717948717948717,0.8653829927915039,0.9948717948717948,-0.1445809371450303,0.0354700854700854,2.596037024487744,0.0799145299145299,0.9540033940525844,0.1755624411281493,1.3682657911108276,1.1290100710739028,0.3135456251439152,-0.234632092494872,0.5509133856363909,0.8103006037991403,-0.5961742028223075,0.0590696513667227,73.84899443423176,0.0606893251269569,4.302039092627503,0.2841268290011616,1.2648871831634554,2.429383996379107,0.2349836719846747,-0.3559835155293458,0.6366115920221018,1.603265290021927,-0.451593951543018,1.0014684700066196,28.479882120888217,1.0743537892171615,3.349198910994615,11,5,0.688,540,406,134,0.833,0.75,-2.5441362235311917,1.419730071623714,1.2167950952811724,0
79,arizona-cardinals,2020,0.9753209787179564,1.080320186595306,0.4313244145121301,1.5199550722399713,0.3406872491893158,1.5975425787259316,54593581.0,76962977.0,3292279.0,46778439.0,8959959.0,3575730.0,22,28,3,55,47,4,0.4048502175810385,0.5707351929182749,0.0244145895006866,0.7886559337094191,0.1510594406782815,0.0602846256122993,0.4150943396226415,0.5283018867924528,0.0566037735849056,0.5188679245283019,0.4433962264150943,0.0377358490566037,0.0849056603773584,1.191486674519415,0.9716981132075472,0.1752037265638363,-0.1037735849056603,0.7999984581847897,0.9339622641509434,-0.2231430694970727,0.0188679245283018,1.4999602510533472,0.0943396226415094,0.4054562749698961,0.4196757522399933,3.778190970154712,0.7217946335965565,1.3292470678762272,-0.3838057161283805,0.5133413532254644,1.1935061512904577,-0.6668117791518653,-0.0358700361116127,0.4049819381107262,0.0846992151129859,-0.9038718518504943,0.7396329374059902,3.1709933910722783,1.421007435784622,1.1540458370273348,-0.5446340935220148,0.6416770829966278,2.495276050957928,-0.4436690625156608,-1.1662181642138014,0.2699922682898696,2.028866993238062,-1.3093596379193928,8,8,0.5,410,367,43,0.333,0.5,-3.1795086649944535,-1.6546295002350748,-0.3730702361826298,0
80,buffalo-bills,2017,0.8697928053488359,1.1614659848686046,0.6961076833042755,0.8085125755700847,1.303079423711467,0.3028769993979989,42133443.0,58606583.0,4215000.0,20764185.0,28141552.0,707134.0,24,25,3,44,37,4,0.4014428332379242,0.5583971081099061,0.0401600586521697,0.4185241567656909,0.5672228079685209,0.0142530352657881,0.4615384615384615,0.4807692307692308,0.0576923076923076,0.5176470588235295,0.4352941176470588,0.0470588235294117,0.0454751131221719,1.104467317180072,0.9160633484162896,0.0993652328360437,-0.0561085972850678,0.891606669186417,0.979185520361991,-0.114728030813423,0.0106334841628959,1.2259354873324326,0.1047511312217194,0.2037215488659992,-0.0088256998586148,0.9844387704912684,1.1256199160784268,-0.0156817855065438,-0.0170813235277666,0.9591844761261744,0.8199669900036151,-0.0416693685769231,0.0259070233863815,2.817451893679531,0.0544130939179579,1.0358577927225443,-0.1416134388428622,0.891323331802106,2.4645454085800718,-0.1150471699360596,0.0612802297787511,1.075792456218862,1.6783053809189206,0.0730587082784461,0.3932306839062766,2.298310490322377,0.9989846827022744,0.8321757201400516,9,7,0.563,302,359,-57,0.5,0.583,-1.268395584674663,0.18836211891470123,0.3582073517822043,0
81,atlanta-falcons,2015,0.6812832831701745,1.3468448573421052,0.7655988290643355,0.8257328736085591,1.0603902451222509,3.562229828556778,32046214.0,63352910.0,4321470.0,14748273.0,18939448.0,2827750.0,25,25,3,45,45,2,0.3213600392312143,0.6353041779915591,0.0433357827772265,0.4038910794824473,0.5186691416358836,0.077439778881669,0.4716981132075472,0.4716981132075472,0.0566037735849056,0.4891304347826087,0.4891304347826087,0.0217391304347826,-0.0174323215750615,0.9643586154244828,0.960828547990156,-0.0362899258498022,-0.0174323215750615,0.9643586154244828,0.960828547990156,-0.0362899258498022,0.034864643150123,2.6036538168300862,0.0783429040196882,0.9569334391736634,0.1166350363556755,1.2248713141416088,1.1539733196274429,0.2028373628461758,-0.0825310402512329,0.7956581858277821,0.7252511187136617,-0.2285824883821709,-0.0341039961044425,0.5595990045947807,0.1207755616588956,-0.5805117396197951,0.2864546122198543,1.270139548527515,2.407235102464356,0.2391275176401189,-0.1444495904383845,0.8250639884650515,1.5070161567787337,-0.1922928660622758,-2.7966309994924425,0.2149211732510086,4.327828657621113,-1.5374826479574766,8,8,0.5,339,345,-6,0.167,0.417,-1.847401157312856,1.5135083070114792,0.4013802822665475,0
82,atlanta-falcons,2023,0.8365011199546678,1.169696472899576,0.8917879019147771,1.5957991357732335,0.4802518932324799,0.0620108788381416,63471642.0,92303831.0,8120000.0,45451421.0,13108558.0,183978.0,25,26,3,48,46,5,0.3872690370160498,0.5631871906553514,0.0495437723285987,0.7737207931021739,0.2231473443302432,0.0031318625675829,0.4629629629629629,0.4814814814814814,0.0555555555555555,0.4848484848484848,0.4646464646464646,0.0505050505050505,0.0168350168350168,1.036229653911542,0.9461279461279462,0.0355908698520255,-0.0218855218855218,0.9548591417141312,0.947811447811448,-0.0461892849695805,0.005050505050505,1.0999782204312354,0.106060606060606,0.0953083798383442,0.3400398463251082,2.523824195719219,0.7863345349855946,0.925777064816972,-0.386451756086124,0.5005275028680871,1.1609898301182238,-0.6920901487703164,0.0464119097610158,15.814218230078035,0.0526756348961816,2.7609296073239555,0.689444579667096,2.4355844376628286,1.649948366132056,0.890187598125007,-0.7592980158185659,0.5241891520139188,2.4323002557279017,-0.6459014872169163,0.8297770230766355,14.38092053689342,0.9537987807529188,2.665903486669249,7,10,0.412,321,373,-52,0.5,0.333,-1.4004920902689588,0.32084141650527603,0.5072060488369621,0
83,buffalo-bills,2022,1.0510638314062095,1.0287838623622578,0.3271758955814551,1.0855824514791257,0.9351566026561036,0.6820011699264876,84181685.0,76058991.0,3023554.0,22827543.0,19664400.0,935287.0,26,24,3,46,46,3,0.5156162191804047,0.4658643905036639,0.0185193903159314,0.5256504501898924,0.4528126707597975,0.0215368790503101,0.490566037735849,0.4528301886792453,0.0566037735849056,0.4842105263157895,0.4842105263157895,0.031578947368421,-0.0313803376365441,0.9351908495955998,0.9370407149950348,-0.0670024449770941,0.0063555114200595,1.013123420395233,0.9747765640516386,0.0130400928250081,0.0250248262164846,1.7923960709797648,0.0881827209533267,0.5835709783937435,0.0130517197438664,1.0288213907543209,0.9186770612634614,0.0284160127764408,-0.0100342310094877,0.980908963523524,1.0412666693702972,-0.0192736839680536,-0.0030174887343787,0.859852090016484,0.0400562693662415,-0.1509408968790538,0.0936272597061543,1.1001181613026834,1.9639404650183607,0.0954185654223489,-0.0345186200729159,0.9682017812394964,2.136646282885335,-0.032313810318351,-0.3548252743450325,0.4797285258149854,1.0091770655079428,-0.734531849839498,13,3,0.813,455,286,169,0.667,0.818,1.1260617158876796,0.11749309565296308,-0.7180613192997833,1
84,detroit-lions,2018,0.8185313418892292,1.1995146582731937,1.1036055429024545,1.0167907107735483,1.0046869902469264,0.0327309642600195,45691709.0,57038976.0,6845000.0,36631439.0,29264353.0,25089.0,27,23,3,47,38,1,0.4169876647360224,0.5205440969864802,0.0624682382774974,0.555687946585544,0.4439314608067813,0.0003805926076746,0.5094339622641509,0.4339622641509434,0.0566037735849056,0.5465116279069767,0.4418604651162791,0.0116279069767441,-0.0078982009653356,0.9821229014318844,0.8758227292672225,-0.0180365199060128,-0.0370776656428257,0.932154055095069,1.0559455901711277,-0.0702552198288672,0.0449758666081614,4.867505922792527,0.0682316805616498,1.5825993415778967,0.0766126361796988,1.1725749814295368,0.9644755577932616,0.1592040904050816,-0.1387002818495216,0.7503976231635019,0.9726756113215664,-0.2871496505715765,0.0620876456698227,163.70400532171536,0.062848830885172,5.098075959535691,0.194827668026267,1.1939175842824434,2.20420164852012,0.1772408213691722,-0.1982593688843194,0.805013783271809,1.8353220526627776,-0.2168946579338026,1.0708745786424347,33.7164471443119,1.1363365071624738,3.517986670248412,6,10,0.375,324,360,-36,0.333,0.333,0.8965145334190456,1.7874560650903333,1.1022907016430676,1
85,buffalo-bills,2024,0.959029948326346,1.0724983937519428,0.7750866311561262,0.7995255550519358,1.2314988754260394,0.0764117460050266,82382807.0,85043076.0,7682500.0,30052601.0,50740559.0,165702.0,26,24,3,52,57,3,0.4704675218204716,0.4856596500008797,0.0438728281786486,0.3712082934169702,0.6267449633864666,0.0020467431965632,0.490566037735849,0.4528301886792453,0.0566037735849056,0.4642857142857143,0.5089285714285714,0.0267857142857142,-0.0560983827493261,0.8897698504886354,0.9617587601078168,-0.1167902363230871,0.0262803234501347,1.0566014978278335,0.9548517520215634,0.0550596617986538,0.0298180592991913,2.113128657033282,0.0833894878706199,0.7481872916171239,-0.1410853133855868,0.774890750594927,1.1124046133873464,-0.2550311674868327,0.0992592284035014,1.2673915501679187,0.8416758152374418,0.236963016367845,0.0418260849820854,21.424965909925472,0.0459195713752118,3.0645796662385414,-0.1590004816740966,0.8708879433551792,2.303997269177982,-0.1382410308685475,0.1595043932744101,1.199497305332215,1.7585555033782816,0.181903599522324,0.6986748851510995,10.143420720741265,0.8514983771611528,2.3168265806366533,13,4,0.765,525,368,157,0.833,0.75,0.7029743572777437,0.500827614401717,0.3328191968253839,1
86,detroit-lions,2023,0.6926322232374721,1.479458508568063,0.2502809280302909,1.2008997013692828,0.8779833970971506,0.9346540706119648,62336121.0,108492268.0,2502778.0,22126303.0,25301930.0,2649352.0,27,22,3,39,61,6,0.3596359620656105,0.6259247536249496,0.0144392843094398,0.44184045616417,0.5052545964426999,0.05290494739313,0.5192307692307693,0.4230769230769231,0.0576923076923076,0.3679245283018867,0.5754716981132075,0.0566037735849056,-0.1523947750362844,0.7351815724083143,0.9985486211901308,-0.3076354093541936,0.1513062409288825,1.4112387678756964,0.887155297532656,0.3444698033843696,0.001088534107402,1.0192127631386203,0.1142960812772133,0.0190478616431944,0.1206701571822497,1.2388279477393864,1.1311793500676497,0.214167326829367,-0.0822044940985595,0.813947983033952,0.8014764182297806,-0.2058560373424776,-0.0384656630836902,0.2729236507598165,0.0673442317025699,-1.298493937345873,0.6014751114709124,1.685062415072005,2.3574419056652136,0.521803280626811,-0.5082674781318107,0.5767606118038933,1.893531924606755,-0.5503265390177184,-0.6843731425816739,0.2677789228345165,1.1849349986422557,-1.3175895581950865,12,5,0.706,461,395,66,0.667,0.667,0.3958583923468651,3.1751462228585408,-0.6985454696231026,1
87,new-orleans-saints,2012,0.9300628933017152,1.1085758077100591,0.7479479316001667,1.4813556227631282,0.8127368445911758,0.064931660972818,45741638.0,48679574.0,3941250.0,10380403.0,10576699.0,65000.0,28,25,3,7,13,1,0.4650314466508575,0.4948999141562764,0.040068639192866,0.4937852075877093,0.5031228085564422,0.0030919838558484,0.5,0.4464285714285714,0.0535714285714285,0.3333333333333333,0.6190476190476191,0.0476190476190476,-0.1726190476190476,0.7211526812148995,1.0654761904761905,-0.3269021609908817,0.1666666666666666,1.4999955000135,0.8333333333333333,0.4054641081106645,0.0059523809523809,1.1249763754961146,0.1011904761904761,0.117780702369327,-0.0082228944001657,0.9836543326705972,0.9980227227127186,-0.0164787109737963,-0.0287537609368518,0.9417667798431892,0.9588166542385668,-0.0599954644531113,0.0369766553370176,12.954687466958765,0.0431606230487145,2.5614826460745457,0.2958389631188833,1.3640017074235002,1.921312652301235,0.3104237132551318,-0.5512927294614131,0.6278453675570018,2.411418516064843,-0.4654602976427706,0.6830162706273487,11.518824585261816,0.8128795925729847,2.4439839545232864,7,9,0.438,461,454,7,0.5,0.417,0.9049762548229004,0.9178244113975379,-0.1617882702787276,1
88,buffalo-bills,2023,0.8991790684049523,1.1877229037536496,0.4681794555774486,1.6514534228865612,0.5731862534484383,0.4833156365500039,83376502.0,93815951.0,4823556.0,30622288.0,15487068.0,512111.0,27,23,3,35,51,2,0.4580723556025228,0.5154269204968669,0.0265007239006103,0.6568280659207913,0.3321874877939813,0.0109844462852273,0.5094339622641509,0.4339622641509434,0.0566037735849056,0.3977272727272727,0.5795454545454546,0.0227272727272727,-0.1455831903945111,0.7487963402197074,1.013507718696398,-0.2892859370126279,0.1117066895368782,1.2808593132464492,0.9071612349914236,0.247533154119483,0.0338765008576329,2.490456457651712,0.0793310463121783,0.9124836765128336,0.1832394327028856,1.5516098222420267,0.8476144082908481,0.4392949270967459,-0.1987557103182685,0.6973996422651657,1.1149004215233145,-0.3603944746368956,0.0155162776153829,2.412348411939081,0.0374851701858376,0.8806384519337563,0.6145366503052113,2.072137676837736,1.760909157202088,0.7285816104869024,-0.7522743544816088,0.5444770718124246,2.550632491291513,-0.6079283340715855,-0.0151361809725552,0.9686806126091436,0.9514950921274524,-0.0318181906427822,11,6,0.647,451,311,140,0.667,0.583,1.2197498751349163,1.5166796211255351,-0.37647139384602,1
89,new-orleans-saints,2019,0.7367098351137525,1.327790593763463,0.7687868768275945,1.194865800468625,0.8422514948587322,0.0,56432860.0,89974547.0,6795000.0,18541209.0,16144741.0,0.0,26,23,3,34,42,0,0.3683549175568762,0.587291993395378,0.0443530890477458,0.5345452265254376,0.4654547734745625,0.0,0.5,0.4423076923076923,0.0576923076923076,0.4473684210526316,0.5526315789473685,0.0,-0.1103238866396761,0.8003648520870441,0.9949392712550608,-0.2226853293044779,0.0526315789473684,1.1176445605592176,0.9473684210526316,0.1112253998166052,0.0576923076923076,57692.307692307695,0.0576923076923076,,0.1218372199208154,1.261756813136778,1.0527467668699404,0.2325067487044801,-0.1661903089685613,0.689098340383378,0.902900144082314,-0.3723685742353683,0.0443530890477458,44353.08904774584,0.0443530890477458,,0.4855390989047309,1.5764757027952387,2.1700420886221954,0.4551925408962671,-0.4581559653548724,0.6165623103971222,1.9315756355823772,-0.4835945328957217,0.7687868768275945,768786.8768275946,0.7687868768275945,,13,3,0.813,458,341,117,0.833,0.75,-0.11959726483968083,2.112414956059209,0.5210186254680658,1
90,buffalo-bills,2021,1.06076930171781,1.0054058920620526,0.408027184022605,1.6009324402619354,0.7175567159657357,0.8618661325182295,86216174.0,75663334.0,3684804.0,11917538.0,11027779.0,827850.0,27,25,3,31,64,4,0.5207412935705613,0.4570026782100239,0.0222560282194148,0.5013020772537373,0.463875048705122,0.0348228740411405,0.4909090909090909,0.4545454545454545,0.0545454545454545,0.3131313131313131,0.6464646464646465,0.0404040404040404,-0.191919191919192,0.703123912355198,1.101010101010101,-0.3522199404655758,0.1777777777777777,1.5677369288401306,0.8040404040404041,0.4496351699129763,0.0141414141414141,1.3499665883269387,0.0949494949494949,0.3000981759218939,-0.0068723704950981,0.9851827432904012,0.920877726915146,-0.0149259406661639,0.0194392163168239,1.0387753780074749,1.0220433708242986,0.0380444185213944,-0.0125668458217257,0.6391025936149942,0.0570789022605554,-0.4476453534663775,0.2878491760963169,1.4011498583203332,1.7229626080277882,0.3372942215108033,-0.5401631385441255,0.6625942559762217,2.661701741979745,-0.4115915153583694,-0.4538389484956244,0.4734223740849925,1.2698933165408346,-0.7477648696680442,11,6,0.647,483,289,194,0.833,0.583,1.159017376198071,0.012303347785962065,-0.7985718646777078,1
91,denver-broncos,2021,0.9905045139158524,1.0115595924874992,1.003166156409267,1.519911867704734,0.6707224837870018,0.0,56023157.0,45376650.0,5869583.0,47781521.0,33292935.0,0.0,29,23,3,38,60,0,0.5222660164283586,0.4230158295856814,0.05471815398596,0.5893535813548968,0.4106464186451032,0.0,0.5272727272727272,0.4181818181818181,0.0545454545454545,0.3877551020408163,0.6122448979591837,0.0,-0.1940630797773655,0.6830291874159635,1.030426716141002,-0.3812152948853609,0.1395176252319109,1.3598051055743927,0.9150278293135437,0.307343281304072,0.0545454545454545,54545.454545454544,0.0545454545454545,,0.0123694109405782,1.030119295480748,0.8336622482307847,0.0296769803648565,-0.0670875649265382,0.8861660415495456,1.1116195977832557,-0.1208490253919913,0.05471815398596,54718.15398596002,0.05471815398596,,0.3408371087004973,1.508161883308584,1.682282076274501,0.4108926020703435,-0.5294073537888814,0.6516850636389724,2.5104163816205864,-0.4281928553952133,1.003166156409267,1003166.1564092672,1.003166156409267,,7,10,0.412,335,322,13,0.167,0.25,2.777331000783115,1.268869275917211,0.49267871113440803,1
92,new-orleans-saints,2023,0.8944859382517761,1.1940256597083083,0.3974212780675474,1.196641424755336,0.8629370990640725,0.6832785272033136,61731735.0,73248056.0,3047499.0,43473456.0,35922018.0,3102901.0,27,24,3,48,55,6,0.447242969125888,0.5306780709814704,0.0220789598926415,0.526961361360148,0.4354269765919631,0.0376116620478888,0.5,0.4444444444444444,0.0555555555555555,0.4403669724770642,0.5045871559633027,0.055045871559633,-0.0601427115188583,0.880806335210071,0.9490316004077471,-0.1269152510384053,0.0596330275229357,1.1354140883305075,0.9403669724770642,0.1269994199285526,0.0005096839959225,1.0092409247157934,0.1106014271151885,0.009216488441271,0.0952510943895071,1.2187505156076948,0.9661050475734336,0.1978280507723931,-0.0797183922342599,0.8487190014321033,0.9742043304860362,-0.1640248874707117,-0.0155327021552473,0.5870087010733345,0.0596906219405303,-0.53267034534807,0.3310885606442361,1.3836747514141834,2.056962758772381,0.324743660876157,-0.3021554865035599,0.7474964281286129,2.091127363007112,-0.2910246341920378,-0.2858572491357662,0.5816379128088415,1.080699805270861,-0.541904651583636,9,8,0.529,402,327,75,0.667,0.5,0.662475646285567,1.272435262373527,-0.6605420708071641,1
93,tennessee-titans,2022,1.0182272317507697,1.0069117733781423,0.7951161395111622,0.7684896113297084,1.3033837919747548,0.3464571959613878,39403021.0,35847928.0,3692297.0,48731638.0,80026645.0,2092345.0,25,23,3,63,61,6,0.4991309959562595,0.4540974664254368,0.0467715376183036,0.372421888567474,0.6115877793112311,0.0159903321212948,0.4901960784313725,0.4509803921568627,0.0588235294117647,0.4846153846153846,0.4692307692307692,0.0461538461538461,-0.0182503770739064,0.961103705523122,0.920211161387632,-0.039670744269329,0.0055806938159879,1.0115136301477223,0.9748114630467573,0.0114498927159093,0.0126696832579185,1.274482190140782,0.1049773755656108,0.242556970594865,-0.1574903128857943,0.7424882237650592,1.065685245736668,-0.2977460665121591,0.1267091073887855,1.340226423451493,0.8715528845237336,0.2928405758935926,0.0307812054970088,2.9248055924009253,0.0627618697395984,1.0732493946343582,-0.2964720185966123,0.7725360765124267,2.3102955653528974,-0.2580755771785554,0.249737620421061,1.32497029467796,1.7867168430804778,0.2813910221744706,0.4486589435497743,2.2949843553413194,1.14157333547255,0.8307272843216461,7,10,0.412,298,359,-61,0.5,0.417,1.1129772713414472,0.1658358002843213,0.682380288596524,1
94,atlanta-falcons,2014,0.7359915433116344,1.3100602252428408,0.895594308252564,0.8784824403386217,1.1441141538199042,0.001239098353279,38106916.0,60293392.0,5152284.0,10989021.0,18466882.0,1000.0,27,24,3,31,40,2,0.3679957716558171,0.5822489889968182,0.0497552393473646,0.3730541869931132,0.6269118651067969,3.394790008983633e-05,0.5,0.4444444444444444,0.0555555555555555,0.4246575342465753,0.547945205479452,0.0273972602739726,-0.1035007610350076,0.8111096308360348,0.9923896499238964,-0.2093498041827399,0.0753424657534246,1.1774165822125646,0.9246575342465752,0.1633247012653627,0.0281582952815829,2.0277037665902973,0.0829528158295281,0.706922003196392,-0.0446628761099786,0.9287558469511228,1.2091608541036152,-0.0739076699872464,-0.0050584153372961,0.9864378903880796,0.7410499586489304,-0.0136521976487305,0.0497212914472748,1423.6975388926062,0.0497891872474545,7.261032765132176,0.1659460714229366,1.1450422808131586,2.454174379062745,0.1354423261222063,-0.1424908970269872,0.8377978565286761,1.6144739836502562,-0.1769770702144188,0.894355209899285,722.1961918459646,0.8968334066058431,6.5822979524149146,6,10,0.375,381,417,-36,0.833,0.5,-0.1607351017664432,2.047115579374743,0.502357619293488,1
95,new-york-giants,2016,1.0297033772625457,1.0487124937292216,0.3592071527130563,0.7200096231376761,1.1771178309851762,1.575864941816425,66774920.0,57932431.0,2588235.0,8678397.0,16476386.0,2450860.0,27,23,3,31,36,4,0.5245658714356364,0.4551016482221151,0.0203324803422484,0.31437039883476,0.5968484776826245,0.0887811234826154,0.5094339622641509,0.4339622641509434,0.0566037735849056,0.4366197183098591,0.5070422535211268,0.056338028169014,-0.0730799893701833,0.855868333001815,0.9410045176720702,-0.155636426912873,0.0728142439542918,1.1667654348518983,0.94605368057401,0.1542372976494551,0.0002657454158915,1.0046991477222034,0.1129418017539197,0.004705807705555,-0.1417468294605094,0.7625065703150635,1.0519501259047397,-0.2711419564221556,0.2101954726008764,1.6686183074541046,0.8389362702703964,0.511997829507347,-0.068448643140367,0.2290154768175802,0.1091136038248639,-1.4739165121736968,-0.1284053372559546,0.8909147200130285,2.225830324714398,-0.1155056152100968,0.3096937541248693,1.4301224789924407,1.7497130004002217,0.3577610614021486,-1.2166577891033683,0.2279427095803692,1.9350720945294813,-1.4786581714674951,11,5,0.688,310,284,26,0.667,0.667,1.992159066887458,0.7634562049483861,-0.6612995792469598,1
96,detroit-lions,2014,0.968251363685148,1.129210828610977,0.2520510979458511,1.1145657367561628,0.9397340611555652,0.2788850100570885,54364175.0,56356913.0,1572428.0,10212145.0,9721261.0,164856.0,27,24,3,31,35,2,0.484125681842574,0.5018714793826564,0.0140028387747695,0.5081108505800154,0.4836866491241879,0.0082025002957967,0.5,0.4444444444444444,0.0555555555555555,0.4558823529411764,0.5147058823529411,0.0294117647058823,-0.0702614379084967,0.8634903858535995,0.9591503267973857,-0.1467702653874225,0.0441176470588235,1.0967717877264012,0.9558823529411764,0.0923731265830341,0.0261437908496732,1.888824668850148,0.0849673202614379,0.6359727671359855,0.0181848302584684,1.0375941587332111,0.9855581285068444,0.0369067169502108,-0.0239851687374413,0.9527935262480872,0.9922365324225896,-0.048354989836886,0.0058003384789727,1.706934633981086,0.0222053390705662,0.5347705616974452,0.1894767674554118,1.201626793856578,2.0689448897665423,0.1836771858354597,-0.1463143730710147,0.8687244395101444,2.0828171004413107,-0.1407282718934412,-0.0268339121112373,0.9037782063512466,0.5309361080029396,-0.1011673282074149,11,5,0.688,321,282,39,0.833,0.75,1.0686222292454353,0.8828082783457396,-1.007110933449907,1
97,tennessee-titans,2019,0.8314946755963877,1.2575057274234545,0.4861689012514892,1.29238753003163,0.6699421301452354,1.689898094446168,63515701.0,84974004.0,4285058.0,25094760.0,15009820.0,4206842.0,26,23,3,39,45,5,0.4157473377981938,0.5562044563603741,0.028048205841432,0.5663271199015008,0.3387347849048943,0.0949380951936049,0.5,0.4423076923076923,0.0576923076923076,0.4382022471910112,0.5056179775280899,0.0561797752808988,-0.0633102852203976,0.874784594656793,0.9479256698357822,-0.1337753395992703,0.0617977528089887,1.1410230371525565,0.9382022471910112,0.1319272609918699,0.0015125324114088,1.0269047980176722,0.1138720829732065,0.0265665607262527,0.2174696714554798,1.6420008784030238,0.8949392412652684,0.495917343887702,-0.1505797821033069,0.7341103561491933,0.9820744576996944,-0.3090935073876427,-0.0668898893521728,0.2954336754972717,0.122986301035037,-1.2192752634612858,0.587563597278219,1.8770335433559004,1.9274478575686895,0.6296934233970863,-0.4608928544352424,0.6433782537330609,2.1238822056280178,-0.4410212610805956,-1.2037291931946783,0.2876910833607031,2.1760669956976573,-1.24586594484603,9,7,0.563,402,331,71,0.5,0.583,0.37389008280196484,1.6476392125967163,-0.1644493259928158,1
98,new-england-patriots,2018,0.8374063582219431,1.2347330125189957,0.8744095689622291,1.1482689970893287,0.9140039816881894,0.0,70255556.0,77692437.0,7860000.0,8440729.0,11583943.0,0.0,28,21,3,29,50,0,0.4509111159656616,0.4986421781326712,0.050446705901667,0.421516467285956,0.578483532714044,0.0,0.5384615384615384,0.4038461538461538,0.0576923076923076,0.3670886075949367,0.6329113924050633,0.0,-0.2290652385589094,0.6380759149169775,1.0367575462512173,-0.4492955376304705,0.1713729308666017,1.4668395054531245,0.9055501460564752,0.3831119470812361,0.0576923076923076,57692.307692307695,0.0576923076923076,,-0.0798413545813727,0.8619801393707438,1.0771257108467152,-0.1485210433129577,0.0293946486797055,1.069732931517557,0.8724275832516177,0.067411238336324,0.050446705901667,50446.70590166706,0.050446705901667,,0.3207290308308063,1.350904029252022,2.148736994207185,0.3007748295231063,-0.3108626388673856,0.729276529339465,1.985675355311272,-0.3157010977968146,0.8744095689622291,874409.5689622292,0.8744095689622291,,11,5,0.688,436,325,111,0.833,0.667,2.433043582488268,2.6500467706403734,0.7000815692985075,1
99,tennessee-titans,2018,0.9549442015927406,1.0324202319400966,1.1569470741245926,1.688222480753741,0.5908519379368754,0.5127271299077835,57333940.0,52802486.0,7718000.0,40712240.0,23468379.0,363666.0,27,23,3,34,56,1,0.486481008358566,0.4480314214079665,0.0654875702334675,0.6307644433585405,0.3636011925765387,0.0056343640649206,0.5094339622641509,0.4339622641509434,0.0566037735849056,0.3736263736263736,0.6153846153846154,0.0109890109890109,-0.181422351233672,0.7051875333155413,1.049346879535559,-0.3492892024947801,0.1358075886377773,1.3634813673303916,0.8830603358905246,0.3100432208469258,0.0456147625958946,5.15047470302844,0.0675927845739166,1.6391065522836998,0.0844302288314277,1.2322021994233583,0.8116326139845051,0.2088052065370282,-0.1442834349999745,0.7712550100529838,1.1172454517171064,-0.2597341521902139,0.0598532061685468,11.620823336174125,0.0711219342983882,2.452813873962848,0.4415682940032212,1.7473387464993813,1.623272169876972,0.5580948827841109,-0.7332782791610003,0.5656503493046945,2.643166682346481,-0.5697781019008302,0.6442199442168092,2.2564532871108027,1.669674204032376,0.8137951029342275,9,7,0.563,310,303,7,0.5,0.417,1.7491086658102017,0.9429605243683944,1.188110157387062,1
100,baltimore-ravens,2013,1.0408165875077962,0.9997386385485466,0.6346544835576446,0.8580205934328642,0.9865446054480111,5.0951264073052,55127712.0,45107246.0,3735000.0,7881132.0,10455758.0,1800000.0,27,23,3,26,30,1,0.530227318164349,0.4338488431437088,0.0359238386919421,0.391377814548324,0.5192340028673743,0.0893881825843017,0.5094339622641509,0.4339622641509434,0.0566037735849056,0.4561403508771929,0.5263157894736842,0.0175438596491228,-0.0923535253227407,0.8245267352859954,0.9602780536246276,-0.1929434071036013,0.0532936113869579,1.1168335457517116,0.965574313141344,0.1104994529210226,0.0390599139357828,3.2262311991612704,0.0741476332340284,1.171332311085589,-0.0853851597236654,0.8355539221120745,0.9530828460110832,-0.1796580893478468,0.138849503616025,1.3547675511671855,0.921605132712673,0.3036317766431248,-0.0534643438923595,0.4018812752657499,0.1253120212762438,-0.9115707328615832,0.0131940331005354,1.013372958155892,1.9862832439965576,0.013285329689745,0.1827959940749319,1.2130424169671374,1.8988371809406603,0.1931325587797557,-4.460471923747555,0.1245610625256791,5.729780890862845,-2.0829576456016694,8,8,0.5,320,352,-32,0.5,0.5,2.1351165799852123,0.6017815115813273,-0.03260861350495825,1
101,kansas-city-chiefs,2020,1.0193174435423518,1.052290527591468,0.449118286962186,1.074924966868774,0.9822736119964272,0.5888915083316407,94956149.0,82946608.0,4827500.0,12476138.0,20835905.0,707067.0,26,22,3,29,53,3,0.519652030041199,0.4539292471963195,0.0264187227624815,0.366739106343464,0.6124764874801252,0.0207844061764108,0.5098039215686274,0.4313725490196078,0.0588235294117647,0.3411764705882353,0.6235294117647059,0.0352941176470588,-0.192156862745098,0.6918227898439534,1.0549019607843138,-0.368423122020983,0.1686274509803921,1.494248493869357,0.8509803921568627,0.4016253623073492,0.0235294117647058,1.6666194457823695,0.0941176470588235,0.5108142906895403,-0.1585472402838056,0.7411362155756778,1.0664057346764446,-0.2995686409082155,0.1529129236977349,1.4169490084472192,0.886391136384663,0.3485078988537875,0.0056343165860706,1.2710226847750457,0.0472031289388923,0.2398596912491983,0.0700169155950407,1.0712793700864738,2.0345641395878955,0.0688545575116204,-0.0556075233264221,0.9482675783817855,2.094242410411126,-0.0531175798285989,-0.1397732213694547,0.7626490074301651,1.0380097952938268,-0.2709551434295151,14,2,0.875,473,362,111,0.667,0.833,2.0418571339256237,0.8383152272481759,-0.1654314514259418,1
102,kansas-city-chiefs,2017,1.00909878111809,1.0227776108705395,0.7541080839259305,1.2663206965317986,0.6567749255528256,4.111782679400707,69675138.0,59755062.0,6007941.0,19923431.0,10620286.0,1797000.0,26,22,3,36,37,1,0.5144425158641243,0.4411981850814092,0.0443592990544665,0.6160479064208749,0.3283874627764128,0.0555646308027122,0.5098039215686274,0.4313725490196078,0.0588235294117647,0.4864864864864865,0.5,0.0135135135135135,-0.0686274509803921,0.8627433725524706,0.931372549019608,-0.1476356806249335,0.0233174350821409,1.0479281291499132,0.996290408055114,0.0468169660283108,0.0453100158982511,4.352619082658472,0.0723370429252782,1.4707947517413202,0.1128107223049964,1.3435252303056833,0.769585647857822,0.2952991949849205,-0.1016053905567506,0.835067655347261,1.1304904222849992,-0.1802405891957107,-0.0112053317482457,0.7983226036246355,0.0999239298571787,-0.2252199550982091,0.3660026853177139,1.557270251661007,1.679552536423365,0.4429354275557679,-0.2572219154137085,0.7968739569746056,2.275419477649889,-0.2270577685480461,-3.3576745954747764,0.1834016919965599,4.865890763326638,-1.6960751674160113,10,6,0.625,415,339,76,0.833,0.667,2.0649560523982373,0.791669434815875,0.5641457816866539,1
103,tampa-bay-buccaneers,2023,1.0711249391953157,0.9918944545300254,0.4484282240670619,0.4055324994090955,1.6939414739348988,0.2349898648896471,67488153.0,57688702.0,3260080.0,19312233.0,75168591.0,763000.0,26,24,3,44,41,3,0.5254575173410981,0.4491597529947285,0.0253827296641733,0.2027662497045477,0.7892227321742142,0.0080110181212379,0.490566037735849,0.4528301886792453,0.0566037735849056,0.5,0.4659090909090909,0.034090909090909,-0.0130789022298455,0.9719261237627976,0.9187392795883362,-0.0284732734385425,-0.0094339622641509,0.9811301132114716,0.9905660377358492,-0.0190481565092337,0.0225128644939965,1.660328655516671,0.0906946826758147,0.5070332345335782,-0.3400629791794857,0.5691158725769037,1.238382485168943,-0.5636689967210847,0.3226912676365503,2.5914318910314287,0.728223767045646,0.952212479725854,0.0173717115429353,3.1680819089624483,0.0333937477854112,1.153165724809717,-0.7020470194048734,0.5855538011429222,2.6858359284649245,-0.5351962027667699,0.6655924397862202,2.64127363277277,1.4766574386044111,0.971262171076898,0.2134383591774147,1.9082793889781455,0.6834180889567091,0.6462042225970727,9,8,0.529,348,325,23,0.667,0.583,1.2776267614969479,-0.04105164046017061,-0.4451711329018479,1
104,jacksonville-jaguars,2023,0.9728439310827298,1.0893175714786072,0.5208120254541501,0.9501037106315028,1.0717262206679237,0.0207737425163,92599852.0,95710486.0,5720000.0,10672220.0,13070228.0,6667.0,26,24,3,35,38,1,0.4772441926066221,0.493275881424275,0.0294799259691028,0.4493733766500352,0.5503458970997446,0.0002807262502202,0.490566037735849,0.4528301886792453,0.0566037735849056,0.4729729729729729,0.5135135135135135,0.0135135135135135,-0.0606833248342681,0.8818254922941505,0.9663437021927588,-0.1257588887620223,0.017593064762876,1.0371945725729843,0.963539010708822,0.0365215803600978,0.0430902600713921,4.188369305954378,0.0701172870984191,1.4323291375686356,-0.0570700156754696,0.8962999228736886,1.0436217785240196,-0.1094781594074257,0.0278708159565869,1.0620191479637735,0.9266175692566574,0.0601740481160972,0.0291991997188825,104.64032352701804,0.0297606522193231,4.650562900326741,0.0175913508106835,1.0164130857847586,2.161043792146531,0.0162807650271639,0.022740220451227,1.02393338354897,1.9229476417142328,0.0236524972867586,0.50003828293785,25.06948160948399,0.5415857679704501,3.221653154310109,9,8,0.529,377,371,6,0.667,0.5,0.7157683914108856,0.5073693385609577,-0.2538515633768632,1
105,jacksonville-jaguars,2022,0.959982861241662,1.118303341047292,0.4792573682254531,1.5817818724961157,0.4914755503493329,0.2975842427371888,78298867.0,77179321.0,4510334.0,53725975.0,16286050.0,1232633.0,26,22,3,41,40,5,0.4894030272996709,0.4824053628047142,0.0281916098956148,0.7541053113062877,0.2285932792322478,0.0173014094614644,0.5098039215686274,0.4313725490196078,0.0588235294117647,0.4767441860465116,0.4651162790697674,0.0581395348837209,-0.0337437300501595,0.9274489863768364,0.8964888280893752,-0.0753151690449959,0.0330597355221157,1.0693425680839297,0.986548107615139,0.0670459988241181,0.0006839945280437,1.011747303828727,0.1169630642954856,0.0116958397666112,0.2538120835724663,2.110312490867712,0.7109986420369621,0.7468381094028638,-0.2647022840066168,0.648984128579843,1.2435083386059589,-0.4323449744663041,0.0108902004341504,1.6293458988126828,0.0454930193570793,0.4882141161260436,0.6268277906979591,2.2753951134645627,1.609778891396625,0.8221546077824606,-0.6217990112544534,0.6068992640733121,2.541764733737778,-0.4993914170559261,0.1816731254882643,1.6104876835196675,0.7768416109626419,0.4765391287065034,9,8,0.529,404,350,54,0.667,0.667,1.685526976057687,1.1872220379782823,-0.07771516955020491,1
106,baltimore-ravens,2011,1.025798693295008,1.0033340824121766,0.7347622582239632,1.4541856725660107,0.6506264057184534,0.0,57984523.0,44561537.0,4450000.0,8507700.0,4948429.0,0.0,28,22,3,10,13,0,0.5419313851369855,0.4164782983597714,0.0415903165032432,0.6322546402460916,0.3677453597539084,0.0,0.5283018867924528,0.4150943396226415,0.0566037735849056,0.4347826086956521,0.5652173913043478,0.0,-0.1501230516817062,0.7343963784772346,0.9803117309269892,-0.3087039618673899,0.0935192780968006,1.2150915449120885,0.963084495488105,0.1948213124161825,0.0566037735849056,56603.77358490566,0.0566037735849056,,0.0487329386058629,1.1325150808793154,0.7842236581136799,0.124443295818725,-0.0903232551091061,0.8571396609859433,1.1741860253830771,-0.1541525634335946,0.0415903165032432,41590.31650324321,0.0415903165032432,,0.3527076766937231,1.5421023977682708,1.65396048813063,0.4331476754288683,-0.4283869792710026,0.7054106000606627,2.479984365861019,-0.3489742594223551,0.7347622582239632,734762.2582239633,0.7347622582239632,,12,4,0.75,378,266,112,1.0,0.75,3.0528902074232245,1.1916746935246727,0.17882154768291117,1
107,jacksonville-jaguars,2014,0.8481508126726246,1.1655374291592822,1.0975223957252154,1.4800312021629205,0.6377123002543997,0.0,37932011.0,44404101.0,5453856.0,26350543.0,15043863.0,0.0,27,23,3,40,53,0,0.4320768290973747,0.5057992617106319,0.0621239091919933,0.6365725600700732,0.3634274399299267,0.0,0.5094339622641509,0.4339622641509434,0.0566037735849056,0.4301075268817204,0.5698924731182796,0.0,-0.1359302089673362,0.7614796178949673,1.003854737269223,-0.2724895683921087,0.0793264353824305,1.1844312084615911,0.9395414891458712,0.1692646294552661,0.0566037735849056,56603.77358490566,0.0566037735849056,,0.1423718217807051,1.3917437551341771,0.8692267016405587,0.3305594380783299,-0.2044957309726984,0.678753966862545,1.068649389167448,-0.3874942489858319,0.0621239091919933,62123.90919199333,0.0621239091919933,,0.5278251289048824,1.8276824847377655,1.803249729413682,0.6030496204792362,-0.6318803894902957,0.5730624046106134,2.3281820148355448,-0.5567594805925971,1.0975223957252154,1097522.395725215,1.0975223957252154,,3,13,0.188,249,412,-163,0.167,0.167,1.0768499586092501,1.6101417167549017,1.0804142330598443,1
108,miami-dolphins,2015,0.9744754473117756,1.108104928142265,0.3924083408739133,1.4193927356804217,0.6123436852961743,0.9342974735278632,44127484.0,44388824.0,2050333.0,36480315.0,16925840.0,906140.0,26,23,3,53,57,2,0.4872377236558878,0.4901233336013864,0.0226389427427257,0.6716769195630565,0.3116391969810887,0.0166838834558547,0.5,0.4423076923076923,0.0576923076923076,0.4732142857142857,0.5089285714285714,0.0178571428571428,-0.0666208791208791,0.86909410877055,0.9512362637362636,-0.1403016032350741,0.0267857142857143,1.0566015407665554,0.9732142857142856,0.0550596639757132,0.0398351648351648,3.230588317823433,0.0755494505494505,1.172681595572886,0.1784841366202977,1.5727218065875137,0.8017625305824752,0.4528097934198276,-0.1844391959071687,0.7254038125488005,1.1589146432189443,-0.3210247439747565,0.005955059286871,1.3568535136984607,0.0393228261985804,0.3052125970865506,0.4957612428460907,1.8096097749363251,1.7204486134384394,0.5931121305173918,-0.4449172883686458,0.6865434324638869,2.393868182992197,-0.3760847630658079,-0.5418891326539499,0.4200031916911942,1.3267058144017767,-0.8674904201062849,6,10,0.375,310,389,-79,0.167,0.333,1.210199853769744,0.8304133000187125,-0.4211532143422067,1
109,indianapolis-colts,2023,0.9109384987993242,1.1200565828065672,0.8514325422221758,1.169696416071106,0.9010104239585216,0.0,68615562.0,74632505.0,7400000.0,31555748.0,41669505.0,0.0,26,23,3,42,72,0,0.455469249399662,0.4954096423952124,0.0491211082051255,0.4309407848683022,0.5690592151316978,0.0,0.5,0.4423076923076923,0.0576923076923076,0.3684210526315789,0.631578947368421,0.0,-0.1892712550607287,0.7003194039814565,1.0738866396761133,-0.3562164957389079,0.131578947368421,1.3571391734793865,0.868421052631579,0.3053809352671514,0.0576923076923076,57692.307692307695,0.0576923076923076,,-0.0736495727364853,0.8705750801443035,1.06446885752691,-0.1385992555158443,0.0245284645313598,1.056915958007775,0.8864100342679642,0.0553573893360909,0.0491211082051255,49121.10820512553,0.0491211082051255,,0.2190461588480456,1.2431103014051568,2.0210670067650884,0.2176174394604705,-0.2587579172717819,0.7787813209497149,2.0806349148704304,-0.2500238924028161,0.8514325422221758,851432.5422221759,0.8514325422221758,,9,8,0.529,396,415,-19,0.5,0.583,0.9538924428691941,1.0478359738824459,0.6684276486490363,1
110,indianapolis-colts,2019,1.0062461160960818,1.0454957017861686,0.5819013795446082,0.2461291954397619,1.5715714711717257,2.852459323063913,70294814.0,67418520.0,4690470.0,6022637.0,43796464.0,3877667.0,26,24,3,36,41,2,0.493630170160342,0.4734320159031707,0.0329378139364872,0.1121601396940687,0.8156257002283639,0.0722141600775674,0.490566037735849,0.4528301886792453,0.0566037735849056,0.4556962025316455,0.5189873417721519,0.0253164556962025,-0.0661571530929066,0.8725247799073845,0.9718175304513972,-0.1363620159379795,0.0348698352042035,1.0765175537845926,0.9462622402674946,0.0737333824976958,0.0312873178887031,2.2357607440543834,0.0819202292811081,0.8045992143137815,-0.3421936843251932,0.5804518363248977,1.2890577161315346,-0.5439463383467642,0.3814700304662733,4.401080191470683,0.6057903098544108,1.48185203466207,-0.0392763461410801,0.4561066388429831,0.1051519740140546,-0.7849982799151832,-0.5260757693855569,0.665254527528516,2.617067172957894,-0.4075846069088663,0.7601169206563199,4.088267651590725,1.2523753115358438,1.4081223170529578,-2.270557943519305,0.2039998154714279,3.434360702608521,-1.5896344711873691,7,9,0.438,361,373,-12,0.5,0.417,0.9299554295306756,0.2916245076900564,-0.12236704739748616,1
111,seattle-seahawks,2019,0.9776634900474797,1.0867177025956942,0.5213018630373497,0.8928783407980819,1.1007795677178167,0.957687047694708,62788305.0,64208708.0,4017537.0,22935266.0,30344548.0,600000.0,25,23,3,41,44,1,0.4792468088468036,0.4900883756804111,0.0306648154727852,0.4256745578223414,0.5631895462742318,0.0111358959034268,0.4901960784313725,0.4509803921568627,0.0588235294117647,0.4767441860465116,0.5116279069767442,0.0116279069767441,-0.0606475148198814,0.8814599527257786,0.9626082991336068,-0.1261734916146282,0.0134518923848608,1.028214007773009,0.9669402644778842,0.0278253641322183,0.0471956224350205,5.058388508000077,0.0704514363885089,1.6210649557505812,-0.0731011705938207,0.8701999330822833,1.0532779219546429,-0.1390302451485656,0.0535722510244622,1.12584995788464,0.9049213666691452,0.1185403551212721,0.0195289195693584,2.753443664975774,0.0418007113762121,1.0128849802194937,-0.0140618651221224,0.9872246426449204,2.1874972703135107,-0.0128567437802298,0.0847851492493976,1.0949558863951483,1.8705418308455612,0.0907150989061259,-0.4363851846573583,0.5443336839090743,1.4789889107320575,-0.6081909123614001,11,5,0.688,405,398,7,0.5,0.667,0.7960163229757263,0.4997269104731801,0.04028124289446775,1
112,seattle-seahawks,2017,0.9964628479551776,1.0768192728924817,0.4428866095610446,1.4572531391263386,0.4411350521789196,0.0,64279028.0,59171841.0,3174375.0,32654561.0,8087797.0,0.0,27,23,3,44,36,0,0.5076320168828263,0.4672989297457938,0.0250690533713798,0.8014892265194862,0.1985107734805138,0.0,0.5094339622641509,0.4339622641509434,0.0566037735849056,0.55,0.45,0.0,-0.0160377358490566,0.964358443983332,0.8839622641509435,-0.0362899192797825,-0.0405660377358491,0.9262418836768496,1.0594339622641509,-0.0766179020113013,0.0566037735849056,56603.77358490566,0.0566037735849056,,0.2687881562652799,2.3540111578906653,0.6658097032263076,0.8561228887529296,-0.2938572096366598,0.6333602083798892,1.3091212434023125,-0.4567139991830202,0.0250690533713798,25069.05337137988,0.0250690533713798,,0.6356842207135618,2.4410139855350934,1.5179543250714012,0.8924144494834716,-0.460790291171161,0.6837948311147586,2.453715987081516,-0.3800963573163212,0.4428866095610446,442886.6095610446,0.4428866095610446,,9,7,0.563,366,332,34,0.667,0.583,1.8106128000316823,0.9361190312146681,-0.4605076599635727,1
113,minnesota-vikings,2012,1.0539694533443786,0.9925218390148202,0.5586031103289639,0.9625332865182008,0.7601660760373692,6.118845257516972,53320097.0,44831674.0,3027816.0,6193938.0,6196150.0,2625000.0,28,25,3,15,19,1,0.5269847266721893,0.4430901067030448,0.0299251666247659,0.4125142656506575,0.4126615841345718,0.1748241502147706,0.5,0.4464285714285714,0.0535714285714285,0.4285714285714285,0.5428571428571428,0.0285714285714285,-0.0964285714285713,0.8223669061662255,0.9892857142857144,-0.1955663856500504,0.0714285714285714,1.1666639444507965,0.9285714285714286,0.1541503464946473,0.0249999999999999,1.8749343772967944,0.0821428571428571,0.6285923265273063,0.0304285225684729,1.073734629060895,0.8557516908376166,0.0711451358950308,0.1144704610215318,1.2774914543852818,0.9394989923228468,0.2449002513331608,-0.1448989835900047,0.1711719771897991,0.2047493168395365,-1.7650530971801814,0.2323557629774509,1.305662755336208,1.7526879150521897,0.266711777887353,0.0914361668261777,1.0949941920063215,2.01650273986258,0.0907500079442322,-5.560242147188008,0.0912922284397524,6.677448367845935,-2.393687825967848,10,6,0.625,379,348,31,0.667,0.583,1.6035874898914622,0.24264036443980297,-0.6052830275978658,1
114,houston-texans,2021,0.864050032730125,1.137647903406189,1.212999789692612,1.099136692742345,0.9983850235071314,0.2728937321099116,51787012.0,56429094.0,7520833.0,31393962.0,38655367.0,1039266.0,29,24,3,45,61,6,0.4474544812352433,0.487563387174081,0.0649821315906756,0.4416174211911207,0.5437632717315626,0.0146193070773166,0.5178571428571429,0.4285714285714285,0.0535714285714285,0.4017857142857143,0.5446428571428571,0.0535714285714285,-0.1160714285714285,0.7868838011313816,0.9732142857142856,-0.2396723559986975,0.1160714285714286,1.2888856809956386,0.9196428571428572,0.2537799629229265,0.0,0.9999813336817712,0.1071428571428571,0.0,-0.0561998845574815,0.8966447641392188,1.0313266589056436,-0.1090934709499684,0.0058370600441225,1.013215164413617,0.889071902426364,0.0131308407462622,0.0503628245133589,4.444648887812691,0.0796014386679923,1.4917162642049655,0.1392628798990576,1.1394870086520823,2.1360329269133205,0.1305790477251817,-0.2350866600122199,0.7861162786386873,1.96318672547247,-0.240649402955493,0.9401060575827004,4.444936625614533,1.4858935218025238,1.4917664358117924,4,13,0.235,280,452,-172,0.5,0.333,1.5216383534155093,1.6984630082084184,0.8454351769935021,1
115,houston-texans,2019,1.0382689861831884,1.0084786044849632,0.6005066171993274,1.0855429846025988,0.9564028119336796,0.0780181719668954,74272771.0,66592348.0,4956618.0,27463267.0,24733828.0,87724.0,26,24,3,45,46,2,0.5093395026559038,0.4566695567479079,0.0339909405961883,0.5252627344851285,0.4730594553650458,0.0016778101498257,0.490566037735849,0.4528301886792453,0.0566037735849056,0.4838709677419355,0.4946236559139785,0.021505376344086,-0.0417934672347332,0.9155026609874424,0.9474538445932238,-0.088279799946207,0.0066950699939135,1.0138343827296972,0.9744370054777846,0.013741599647226,0.0350983972408196,2.63195308587962,0.0781091499289916,0.9677438553010028,-0.0163898986171379,0.9653513659168792,0.9297290121129538,-0.0352609443918327,-0.0159232318292247,0.9696833594559238,1.0346022371410322,-0.0307837310012545,0.0323131304463626,20.24704258531988,0.035668750746014,3.0080381568884262,0.0520757925512835,1.0544485414021902,1.9648814164186428,0.0530189122885597,-0.0472739984194103,0.956450407270492,2.123811970785787,-0.0445253764277562,0.522488445232432,7.696910926639039,0.6785247891662228,2.0408207352667027,10,6,0.625,378,385,-7,0.667,0.667,1.1244637731373481,0.09847893956551847,-0.08795307057455717,1
116,minnesota-vikings,2018,1.0778514181990488,1.0008213563730826,0.3187168579569167,1.0430829199288196,0.9897174250027778,0.5983256434123212,94669150.0,81141688.0,3230000.0,7730626.0,9508485.0,328473.0,26,24,3,27,35,2,0.5287572994938731,0.4532021236406411,0.0180405768654858,0.4400506068449708,0.5412517167983941,0.018697676356635,0.490566037735849,0.4528301886792453,0.0566037735849056,0.421875,0.546875,0.03125,-0.0940448113207547,0.8280308308999577,0.9997051886792452,-0.1887026815727798,0.068691037735849,1.1628204442439225,0.9124410377358492,0.1508505099166028,0.0253537735849056,1.8112627943075632,0.0878537735849056,0.5940419449383164,-0.0880495931577529,0.8373207368295759,0.9944538404390352,-0.1775458772520063,0.0887066926489022,1.2015802039331107,0.968807906338844,0.1836394183610147,-0.0006570994911491,0.9648050226338258,0.0367382532221208,-0.0357738180781544,0.0111039313703047,1.011218272884304,1.9905387813758604,0.0111568139207675,0.0347684982702292,1.033331448799059,2.1209343381278685,0.0327889268497117,-0.2796087854554044,0.532680370272733,0.917042501369238,-0.6298305776593369,8,7,0.531,360,341,19,0.583,0.542,1.2822579133733187,-0.03584611047670504,-0.7443629228025757,1
117,minnesota-vikings,2022,0.8763150983534577,1.2064348423338105,0.461685376148396,1.1386598389247349,0.8913682883205339,0.4347639363269538,71314595.0,87270904.0,4174666.0,26522106.0,18784753.0,723335.0,27,24,3,42,38,3,0.4381575491767288,0.5361932632594714,0.0256491875637997,0.5761893160823959,0.4080963247732564,0.0157143591443477,0.5,0.4444444444444444,0.0555555555555555,0.5060240963855421,0.4578313253012048,0.036144578313253,-0.0133868808567603,0.9707581135780384,0.9022757697456492,-0.0296757023567887,-0.0060240963855421,0.988093285434698,1.0060240963855422,-0.0119761672372391,0.0194109772423025,1.5369945135221628,0.0917001338688085,0.4298468947863739,0.1280969384862149,1.313885758887017,0.9442895880327278,0.272990839793948,-0.138031766905667,0.7604389330175271,1.0143468652591248,-0.2738571866901961,0.009934828419452,1.6321095387135904,0.0413635467081475,0.4899123604289828,0.3150665540132765,1.3534624292552244,2.0978031306543445,0.3026669003595652,-0.262344740571277,0.7696015076631454,2.0149749372781924,-0.2618812794694106,0.0269214398214421,1.0619195283982086,0.8964493124753499,0.0600803122872995,13,4,0.765,424,427,-3,0.667,0.667,0.5699999730858281,1.358845487864065,-0.5111260287141111,1
118,new-england-patriots,2013,0.7977032661407321,1.249399685019295,0.9086063529188164,1.321823315199703,0.824519985044296,0.0477789583857923,34454377.0,45969364.0,4360500.0,20360064.0,18845300.0,47480.0,27,23,3,31,46,2,0.4063771355811276,0.5421923161404488,0.0514305482784235,0.518690161660643,0.4801002444561724,0.0012095938831846,0.5094339622641509,0.4339622641509434,0.0566037735849056,0.3924050632911392,0.5822784810126582,0.0253164556962025,-0.1483162168617148,0.7452817389275468,1.0162407451636015,-0.2939906546897043,0.1170288989730117,1.2982316276957853,0.9018390255552902,0.2610050150112694,0.0312873178887031,2.2357607440543834,0.0819202292811081,0.8045992143137815,0.0620920716842764,1.1293291204745974,1.022292560596621,0.1216256020826657,-0.1123130260795153,0.7834664741154824,0.9250672972417706,-0.2440245472335152,0.0502209543952389,42.483733804378026,0.0526401421616082,3.749140712162407,0.4248796999749989,1.5153036826008413,2.073919670063591,0.4156166698194802,-0.5241200490589709,0.603486603301146,2.119526581340435,-0.5050301834338448,0.8608273945330241,19.016474346469828,0.9563853113046088,2.9453067749305,12,4,0.75,444,338,106,0.667,0.75,0.7156784564596982,1.980411031147691,0.66068584911001,1
119,new-england-patriots,2015,0.7583432839803989,1.28254292359548,0.9281957912711988,1.0745451102449166,0.9202236539484224,0.0,36557835.0,54694168.0,5163000.0,24942073.0,19959346.0,0.0,26,23,3,61,57,0,0.3791716419901993,0.5672786008210776,0.053549757188723,0.5554851841096603,0.4445148158903397,0.0,0.5,0.4423076923076923,0.0576923076923076,0.5169491525423728,0.4830508474576271,0.0,-0.0407431551499348,0.9156526253561036,0.9253585397653196,-0.0881159553274494,-0.0169491525423728,0.967211243755299,1.0169491525423728,-0.0333363546939502,0.0576923076923076,57692.307692307695,0.0576923076923076,,0.1227637849307379,1.2761719168188677,1.011793416711417,0.2438666696971617,-0.1763135421194609,0.6825941901650354,0.9346568260998596,-0.3818521165528197,0.053549757188723,53549.75718872301,0.053549757188723,,0.3623192696470575,1.3937280620470802,2.2027665775439025,0.3319829955678303,-0.3162018262645177,0.7057335899783334,1.832888394225316,-0.3485161453461455,0.9281957912711988,928195.7912711988,0.9281957912711988,,12,4,0.75,465,315,150,0.667,0.75,0.05490782524730505,1.9281510177940409,0.8879283985696679,1
120,new-york-giants,2020,0.9959301732248148,1.030895271469734,0.7881096602937316,0.9618512085465432,1.088335430714303,0.2355348848101081,73077371.0,69824280.0,6672500.0,16985820.0,25625959.0,433274.0,26,24,3,48,64,5,0.4885695189404752,0.4668205002881815,0.0446099807713433,0.3946056240190946,0.5953287826129521,0.0100655933679533,0.490566037735849,0.4528301886792453,0.0566037735849056,0.4102564102564102,0.5470085470085471,0.0427350427350427,-0.0941783583293017,0.8278286753049481,0.9998387356877924,-0.1889468515585262,0.0803096274794388,1.195751802336114,0.9008224479922592,0.1787771493216569,0.0138687308498629,1.32449730864977,0.0993388163199484,0.2810506642640322,-0.1285082823247705,0.7841376560051596,1.0621492829011336,-0.2431685502564445,0.0939638949213806,1.2381178855143442,0.8831751429595698,0.2135944390664921,0.0345443874033899,4.431487310628606,0.0546755741392966,1.4887576800008182,-0.0574401592445688,0.947221137119458,2.119230702184037,-0.0542217297001611,0.0340789646782716,1.0354295227223804,1.9577813817713576,0.0348173425149175,0.5525747754836234,3.346027977558982,1.0236445451038398,1.2077752328818423,6,10,0.375,280,357,-77,0.667,0.417,0.9248263117308245,0.281147525928455,0.35317499254634244,1
121,new-england-patriots,2022,0.9544958024823454,1.1448054382100332,0.2993627513819711,1.116834783041881,0.9640186693711198,0.7854715850287842,78347561.0,80047397.0,2730277.0,18655748.0,24414360.0,3809211.0,27,23,3,31,47,9,0.4862525786230816,0.4968023599779389,0.0169450613989794,0.3979526238425093,0.5207916949476165,0.0812556812098742,0.5094339622641509,0.4339622641509434,0.0566037735849056,0.3563218390804598,0.5402298850574713,0.1034482758620689,-0.1062676209065278,0.8032903637206474,0.9741921492084148,-0.2190367273953926,0.1531121231836911,1.4296977526863437,0.8657558013446107,0.3574650231350064,-0.0468445022771633,0.5471645220637081,0.1600520494469746,-0.6029880836749796,-0.0239893349696775,0.953934962601404,1.017594054925555,-0.047157770360691,0.0882999547805722,1.2218825247223195,0.8842052024655909,0.2003947790553977,-0.0643106198108947,0.2085374537413466,0.0982007426088537,-1.5675776071210816,0.1807867688389134,1.187533278192186,2.108824107581153,0.1718791537852831,-0.1623389805595355,0.854642926897116,2.0713305855242266,-0.157070478963909,-0.4861088336468131,0.3811243792436126,1.084834336410755,-0.9646261619991688,8,9,0.471,364,347,17,0.5,0.5,1.5138525917244425,1.2394731451348961,-0.7784106283715129,1
122,dallas-cowboys,2022,0.6560982556814876,1.4805886902721586,0.4106024067800631,1.4145564243933064,0.7829122363692166,0.3974650582583212,54040635.0,103884334.0,3757773.0,29516463.0,22559830.0,1579733.0,27,23,3,42,58,8,0.3342387340264182,0.6425196203067858,0.023241645666796,0.5501052761529525,0.4204528676797644,0.029441856167283,0.5094339622641509,0.4339622641509434,0.0566037735849056,0.3888888888888889,0.5370370370370371,0.074074074074074,-0.1030747728860936,0.808066159606149,0.9709993011879804,-0.2131090387672328,0.120545073375262,1.3099696773286464,0.8983228511530399,0.2700059528288298,-0.0174703004891684,0.7641406274977552,0.1306778476589797,-0.2689857728378912,0.2220667526270213,1.5281572360184736,1.06297248798655,0.4240641449751084,-0.2158665421265342,0.6075893850254599,0.8843440101793707,-0.4982529868774803,-0.006200210500487,0.7893814898509125,0.052683501834079,-0.236462539118136,0.697676453902942,1.8911274219074805,2.2635009266413757,0.6371738461590627,-0.7584581687118188,0.4638187495024343,2.070654680074794,-0.7682599049816666,0.0131373485217419,1.0330502397596033,0.8080674650383843,0.0325182592087734,12,5,0.706,467,342,125,0.667,0.667,-0.2893698527358337,3.00868955893892,-0.44345872948802934,1
123,las-vegas-raiders,2021,0.7849248822289968,1.261702141551561,0.8420589275265417,0.9009113088662104,1.1450794270676057,0.0353103521688208,50821737.0,72614897.0,6057890.0,24698008.0,35672441.0,66001.0,27,24,3,44,50,3,0.3924624411144984,0.5607565073562493,0.0467810515292523,0.4086607998980747,0.590247127354436,0.0010920727474893,0.5,0.4444444444444444,0.0555555555555555,0.4536082474226804,0.5154639175257731,0.0309278350515463,-0.0710194730813287,0.8622205495143561,0.9599083619702176,-0.1482419331417414,0.0463917525773195,1.1022702972677538,0.9536082474226804,0.0973739594801518,0.0246277205040091,1.7962382179272498,0.0864833906071019,0.585712598966488,-0.0294906199981866,0.9500352163244096,1.1510036347106851,-0.0512544419558331,-0.0161983587835763,0.9603599876777896,0.8011232410125732,-0.0404445296347286,0.045688978781763,42.79774757600023,0.0478731242767416,3.756506850421676,0.1166227144839553,1.1018458718944375,2.4067815686191665,0.0969876313641193,-0.1159864266372134,0.8712555867027918,1.685836191095207,-0.1378186306371022,0.8067485753577208,23.846691667334703,0.8773692796953625,3.171646681119417,10,7,0.588,374,439,-65,0.5,0.667,0.12010275111720362,1.7742268898329097,0.36900958048405,1
124,new-york-giants,2022,0.823425784982623,1.2507208882066507,0.6669744589054045,1.2684098256789271,0.7678950362399865,0.5553576169420357,55894058.0,72321205.0,5030462.0,41732959.0,28367859.0,320566.0,27,23,3,57,64,1,0.4194810602741664,0.5427656684670371,0.0377532712587964,0.5926177054401544,0.4028301829455666,0.0045521116142789,0.5094339622641509,0.4339622641509434,0.0566037735849056,0.4672131147540984,0.5245901639344263,0.0081967213114754,-0.0906278997834828,0.8272389891134128,0.9585524280853696,-0.1896593381523996,0.0422208475100525,1.0903650942400862,0.9766470770182494,0.0865145519633633,0.0484070522734302,6.904817989563764,0.064800494896381,1.932237093801252,0.1399354855214704,1.347377490735069,0.9455958514126036,0.2981619461153775,-0.1731366451659879,0.7078430978019942,1.0120987657143208,-0.3455304392272731,0.0332011596445175,8.291751763870385,0.0423053828730754,2.115287744723336,0.4828258519666643,1.6287633080264652,2.018615924446637,0.4878218196614035,-0.4449840406963041,0.6491790895444918,2.0918356106615503,-0.4320454389967514,0.1116168419633688,1.2009797607498336,1.22233207584744,0.1831391902640397,9,7,0.559,365,371,-6,0.25,0.375,0.8082106646313082,1.9073954377261977,0.09968404428748093,1
125,philadelphia-eagles,2012,0.99768094957623,1.0589533480602062,0.5122614877159147,0.3731042342666923,1.4910054345237662,0.0089879201053846,45347161.0,41714529.0,2328360.0,4358484.0,24190899.0,5833.0,30,26,3,18,25,1,0.5072953980896084,0.4666574076197519,0.0260471942906397,0.1526335503818286,0.8471621787066853,0.000204270911486,0.5084745762711864,0.4406779661016949,0.0508474576271186,0.4090909090909091,0.5681818181818182,0.0227272727272727,-0.1275038520801233,0.7755918552973176,1.0088597842835132,-0.2541265876044338,0.0993836671802773,1.2429348148222417,0.9175654853620956,0.2174773360018083,0.0281201848998459,2.237189699246453,0.0735747303543913,0.8052401461219034,-0.3805047710869334,0.5508471323460618,1.3138195863264372,-0.5962958021830648,0.3546618477077797,3.323594800918696,0.6599289484714371,1.2010489397514656,0.0258429233791537,126.89179437104262,0.0262514652021257,4.843373101576898,-0.4320520864635599,0.7102272153496376,2.5499587825839725,-0.3421693941953465,0.6245767153095376,2.6739934419228666,1.3707851838429224,0.9835740284662272,0.5032735676105301,56.9881010967109,0.5212494078212994,4.042844445479499,4,12,0.25,280,444,-164,0.167,0.167,1.6042700745127814,0.7960513642702864,-1.0604764206059547,1
126,arizona-cardinals,2024,0.9003973726786693,1.2348402636365532,0.2074625883310297,0.7370292629168153,1.208925913722919,1.0428447392478484,78439254.0,84522954.0,1936432.0,28403022.0,56941602.0,7144584.0,28,22,3,45,55,8,0.4756816308491082,0.5125752037736636,0.011743165377228,0.3070955262153396,0.6156567153218568,0.0772477584628035,0.5283018867924528,0.4150943396226415,0.0566037735849056,0.4166666666666667,0.5092592592592593,0.074074074074074,-0.0941649196366177,0.8150927390768993,0.9243535988819008,-0.2044509728484858,0.1116352201257861,1.267921485290322,0.9449685534591196,0.2373808268352135,-0.0174703004891684,0.7641406274977552,0.1306778476589797,-0.2689857728378912,-0.1030815115481932,0.8325652241776857,1.1282319190955206,-0.1832417619046177,0.1685861046337686,1.5489645445079208,0.782777157064448,0.4375887741386714,-0.0655045930855754,0.1520175289662759,0.0889909238400316,-1.883674290348333,0.0259143499136342,1.0214350012556457,2.443766177359472,0.0212093123874014,0.163368109761854,1.2216559047593578,1.6374266355954843,0.2002083480507598,-0.8353821509168187,0.1989389039271157,1.250307327578878,-1.6147526967036128,8,9,0.471,400,379,21,0.5,0.333,2.110920208476387,2.1599781331167125,-0.9955982834231896,1
127,arizona-cardinals,2023,0.8526777354997145,1.22160296447256,0.749919395870559,0.6522217974133565,1.356673353495383,0.3631293928793216,48345869.0,54421333.0,4555670.0,35021586.0,75160317.0,619001.0,28,22,3,63,65,2,0.4504712564904152,0.5070804758187984,0.0424482676907863,0.3160767172080112,0.6783366767476915,0.0055866060442972,0.5283018867924528,0.4150943396226415,0.0566037735849056,0.4846153846153846,0.5,0.0153846153846153,-0.0849056603773584,0.8301870188712452,0.9150943396226416,-0.1861018705438535,0.0436865021770682,1.0901445010195832,1.0129172714078374,0.0863121500525487,0.0412191582002902,3.6790061476192726,0.071988388969521,1.3026603136346464,-0.171256200928893,0.7475339984799453,1.1854171525664898,-0.2909735197636801,0.1343945392824039,1.4251914385788842,0.7665479736984264,0.3543083674547947,0.0368616616464891,7.596861223619963,0.0480348737350836,2.0277587229033776,-0.1350703890228231,0.900439343697461,2.578276317967943,-0.1048716565089098,0.2004559380863579,1.3073412013216037,1.504899532913071,0.2679966302122742,0.3867900029912374,2.065151831341692,1.1130487887498806,0.7252050832593012,4,13,0.235,330,455,-125,0.0,0.25,1.953933871822672,2.2738713962172947,0.26162474231015925,1
128,philadelphia-eagles,2016,0.9624791875938288,1.116570636708378,0.4314721594225909,0.7797519241087901,1.1298680161627253,1.0851045438742528,57277597.0,58780616.0,2962744.0,9416968.0,22328635.0,1191334.0,26,23,3,33,54,3,0.4812395937969143,0.4938677816210132,0.0248926245820725,0.2859090388398897,0.6779208096976352,0.036170151462475,0.5,0.4423076923076923,0.0576923076923076,0.3666666666666666,0.6,0.0333333333333333,-0.1576923076923077,0.7371782585490563,1.0423076923076922,-0.3049232846845554,0.1333333333333333,1.363632644638242,0.8666666666666667,0.3101542010328315,0.0243589743589743,1.7307173092499533,0.091025641025641,0.5485532853819417,-0.184053028076622,0.7285025714710177,1.1717885913186483,-0.3167620987056309,0.1953305549570245,1.6831853675008928,0.767148632636804,0.5206901282260161,-0.0112775268804025,0.6881899960496646,0.0610627760445476,-0.373650150389358,-0.0132973794543473,0.9882301583067464,2.246438652871104,-0.0118387590130077,0.1827272634850385,1.2343386704113786,1.7422311117026188,0.2105363760917326,-0.6536323844516618,0.3976315132277971,1.5165767032968438,-0.9222272310753434,7,9,0.438,367,331,36,0.333,0.417,1.1486530262668895,0.888086273311072,-0.32669719233623756,1
129,philadelphia-eagles,2017,1.0338962894377173,1.0485058126762197,0.3181856567966926,0.4239247245702949,1.5256457107963337,0.7458884458176885,66252953.0,62020748.0,2352647.0,8022526.0,32773562.0,1144500.0,26,24,3,37,42,3,0.5071944061392576,0.4747950849854579,0.0180105088752844,0.1912831074280599,0.7814282908956832,0.0272886016762569,0.490566037735849,0.4528301886792453,0.0566037735849056,0.4512195121951219,0.5121951219512195,0.0365853658536585,-0.0593649332719742,0.88409530894959,0.9650253106304648,-0.123188198271443,0.039346525540727,1.0871979984892906,0.9417855499309712,0.0836057813350892,0.0200184077312471,1.547127523168455,0.0931891394385641,0.4364176672629596,-0.3066332059102253,0.6075982696287752,1.2562233758811412,-0.4982392499739406,0.3159112987111977,2.651524023395454,0.6984775135673175,0.9751365494864104,-0.0092780928009724,0.659976979105356,0.0452991105515413,-0.415494803115064,-0.4771398981201142,0.6872533498459394,2.574151523472553,-0.375051323935312,0.6099715648674223,2.43886187960334,1.457821014008012,0.891532454915851,-0.4277027890209959,0.4265855463980704,1.0640741026143812,-0.8519392116279866,13,3,0.813,457,295,162,0.833,0.833,1.0220520935029214,0.22070179394358533,-0.7342540231366752,1
130,san-francisco-49ers,2017,0.9315916262484556,1.1141908042934348,0.801078923529229,1.0247774892907584,0.979987412495926,0.0,38678525.0,36346998.0,3563550.0,30575233.0,36200515.0,0.0,28,22,3,42,52,0,0.4921616138671085,0.4624942961218031,0.0453440900110884,0.457879303725658,0.542120696274342,0.0,0.5283018867924528,0.4150943396226415,0.0566037735849056,0.4468085106382978,0.5531914893617021,0.0,-0.1380971497390606,0.750361488279777,0.9682858289843436,-0.287197795107896,0.0814933761541549,1.1823872908115531,0.9751103974307508,0.1675374153723356,0.0566037735849056,56603.77358490566,0.0566037735849056,,-0.0796264001525389,0.853118957053799,1.0046149923961452,-0.1588541217543112,0.0342823101414505,1.0748695889788489,0.9500409175927664,0.072201373493676,0.0453440900110884,45344.09001108844,0.0453440900110884,,0.1342033917975088,1.1369428353297664,2.094178216789361,0.1283438342615986,-0.0931858630423029,0.9090663357826756,1.9563691155392136,-0.0953361373775739,0.801078923529229,801078.9235292291,0.801078923529229,,6,10,0.375,331,383,-52,0.167,0.25,2.470615260234737,1.7606791220539484,0.3570453668717567,1
131,philadelphia-eagles,2021,1.00273467041281,1.0318398038401704,0.6842719477018239,0.5260606178813898,1.3402850997797615,0.3009816186425597,52587799.0,45658856.0,3364333.0,16452633.0,69862731.0,1255100.0,32,27,3,30,50,4,0.5175404750517729,0.449349591994913,0.033109932953314,0.1878787921004963,0.7977887498689056,0.014332458030598,0.5161290322580645,0.4354838709677419,0.0483870967741935,0.3571428571428571,0.5952380952380952,0.0476190476190476,-0.1597542242703533,0.7316116741181939,1.0307219662058371,-0.312503109330524,0.1589861751152073,1.4451572438822975,0.8732718894009217,0.3682200724378363,0.0007680491551459,1.0161076939964906,0.0960061443932411,0.016000008020052,-0.3484391578739926,0.5632431252328712,1.2471383418638189,-0.5740416798421686,0.3296616829512765,2.7546361919271343,0.7054192671522692,1.0132873123522166,0.0187774749227159,2.309975225980588,0.0474423909839121,0.837267001753323,-0.3084452959395911,0.7698653324911184,2.372124903619932,-0.2615387031564088,0.4766740525314201,1.9061163869949824,1.5287952882941998,0.6450688641211053,0.3832903290592642,2.273460011704032,0.9852535663443835,0.8213043666644357,9,8,0.529,444,385,59,0.5,0.583,1.9935380431400942,0.898717998827197,-1.058297277378542,1
132,philadelphia-eagles,2022,1.0609736811145145,0.9975875804158064,0.490860787014423,1.4220097711711088,0.6959147538897938,0.3265709476287833,75843143.0,65826481.0,4048722.0,47347480.0,24826389.0,1553366.0,26,24,3,42,45,6,0.5204776548863655,0.4517377722637615,0.027784572849873,0.6421979611740491,0.3367329454305454,0.0210690933954053,0.490566037735849,0.4528301886792453,0.0566037735849056,0.4516129032258064,0.4838709677419355,0.064516129032258,-0.0310407790626902,0.9358471225197204,0.9367011564211808,-0.0663009381548762,0.0389531345100426,1.0862509640022455,0.9421789409616554,0.0827343235154458,-0.0079123554473524,0.8773448917202161,0.1211199026171637,-0.1308374343280745,0.115004826833216,1.341527275149445,0.7884707176943069,0.293810936177673,-0.1217203062876836,0.8104616892167557,1.1626756160604148,-0.2101492856987882,0.0067154794544676,1.3186734547618004,0.0488536662452783,0.2766622633231858,0.3016728265260127,1.4334890032878689,1.6935023343056004,0.3601123374968756,-0.3610360900565945,0.7461080482820398,2.482983452285623,-0.2928839098970183,0.1642898393856396,1.503070887069541,0.8174317346432063,0.4075123106130066,14,3,0.824,477,344,133,0.667,0.75,1.2290705067788217,0.0036182046152847453,-0.34524743356019905,1
133,philadelphia-eagles,2011,1.0214535197138006,1.049155365052605,0.3123790492284788,1.150233444594598,0.7663035306306255,0.0,62056674.0,55772196.0,1779193.0,5068141.0,2170591.0,0.0,32,28,3,14,9,0,0.5188335338228828,0.4662912733567134,0.0148751928204037,0.7001420967097552,0.2998579032902447,0.0,0.5079365079365079,0.4444444444444444,0.0476190476190476,0.6086956521739131,0.391304347826087,0.0,0.0531400966183574,1.1357995665369105,0.8357487922705313,0.1273391168217801,-0.1007591442374051,0.8344657492733891,1.116632160110421,-0.1809616113856464,0.0476190476190476,47619.04761904762,0.0476190476190476,,0.1664333700664687,1.5550356125506557,0.7661491766469581,0.4415005919107634,-0.1813085628868724,0.7410392764865973,1.218975630532638,-0.2996997229868718,0.0148751928204037,14875.192820403754,0.0148751928204037,,0.2828518344219798,1.3691102206967372,1.8154588956832307,0.3141620080437036,-0.1287799248807972,0.8880394118903419,2.1716869643083987,-0.1187381752188707,0.3123790492284788,312379.04922847886,0.3123790492284788,,8,8,0.5,396,328,68,0.833,0.5,1.5738400662181473,0.6490081385535942,-1.8779724386025698,1
134,san-francisco-49ers,2016,0.9054994831782474,1.1144445825300318,0.9730961853321972,1.2623418327922855,0.8516906677609418,0.8761071243482883,39173591.0,41070286.0,4677550.0,22333226.0,26247530.0,500000.0,27,23,3,31,54,1,0.4612921895436354,0.4836268943054854,0.055080916150879,0.4550301955414053,0.53478251231501,0.0101872921435847,0.5094339622641509,0.4339622641509434,0.0566037735849056,0.3604651162790697,0.627906976744186,0.0116279069767441,-0.1939447125932426,0.6911239866725607,1.0618692408951294,-0.3694337361798923,0.1489688459850812,1.413264490773251,0.8698990785432207,0.345904232991905,0.0449758666081614,4.867505922792527,0.0682316805616498,1.5825993415778967,-0.0511556180095245,0.9043414450305808,1.0184094066204954,-0.1005462175150514,0.0062619940022301,1.0137594830059524,0.9163223850850408,0.0136678486079616,0.0448936240072943,5.4062953215924265,0.0652682082944638,1.687582229791175,0.2627539147690899,1.308507086208622,1.9661352502909737,0.268887755801498,-0.3568423496140381,0.7173166113481982,2.167841315970533,-0.3322368535956009,0.096989060983909,1.110703300527039,1.8492033096804856,0.1049944464074533,2,14,0.125,309,480,-171,0.333,0.167,1.3954718500151273,1.3054206853457964,0.779728988057776,1
135,cincinnati-bengals,2011,1.0684235699687237,0.9960922225489992,0.3457239274371013,0.4666180536157536,1.233137305518084,0.0038201789799694,57442721.0,41057989.0,1858750.0,916092.0,7262903.0,1250.0,30,23,3,6,18,1,0.572369769626102,0.4091093056897675,0.0185209246841304,0.1119883328677808,0.8878588599730204,0.0001528071591987,0.5357142857142857,0.4107142857142857,0.0535714285714285,0.24,0.72,0.04,-0.3092857142857143,0.5704357156646807,1.1307142857142858,-0.5613523619422434,0.2957142857142857,2.232133556586372,0.7757142857142857,0.8029597465740902,0.0135714285714285,1.3392522329798895,0.0935714285714285,0.2921300896061026,-0.4787495542832528,0.4607813959538606,1.296968165662788,-0.774829099447963,0.4603814367583211,5.11093114825378,0.6843581024938828,1.6313833555295183,0.0183681175249316,120.41653184813316,0.0186737318433292,4.791010822684592,-0.2370450829690846,0.8077700758233333,2.229229528067083,-0.2134768166577973,0.6018055163529701,2.2897126932337777,1.5350416235844773,0.8284272841831815,0.3419037484571318,90.47572208718351,0.3495441064170707,4.50508444296371,9,7,0.563,344,323,21,0.333,0.5,3.514985986691086,1.2169656742422936,-1.1138523278865593,1
136,chicago-bears,2024,1.005469961280248,1.0560722078359006,0.5377508372544124,0.8530345746149809,1.1716816526727067,0.3817487718929963,108866809.0,89843085.0,6238364.0,15616176.0,32844586.0,1310349.0,28,22,3,32,49,6,0.5311916776574895,0.4383695957054682,0.0304387266370422,0.3137598435365447,0.6599126549535934,0.0263275015098618,0.5283018867924528,0.4150943396226415,0.0566037735849056,0.367816091954023,0.5632183908045977,0.0689655172413793,-0.1481240511819561,0.7370029271003092,0.9783127304272392,-0.3051610060704696,0.1604857948384298,1.436316849730546,0.8961179787464758,0.3620839865869865,-0.0123617436564736,0.8207428162102971,0.1255692908262849,-0.1975278088417464,-0.2215430592481251,0.6642832625372714,1.0982822506590617,-0.4090443390894647,0.2174318341209448,1.6929826923913789,0.8449515211940343,0.5264937626154622,0.0041112251271803,1.1561131432277236,0.056766228146904,0.1450964925710541,-0.1156094448368061,0.9013295583295624,2.227753860508608,-0.1038833718354911,0.1524353866652671,1.1786964004802127,1.858504535895229,0.1644100770001667,0.1560020653614161,1.4086474356955032,0.9194996091474088,0.3426318381318936,5,12,0.294,310,370,-60,0.167,0.25,2.8699506209331034,1.3868548518111847,-0.26732996175990803,1
137,pittsburgh-steelers,2014,1.0382156809114191,1.0290192832049525,0.4366431664614164,1.2763472885770384,0.7967813351903208,0.0046799758944516,58059987.0,53119106.0,2817500.0,10910371.0,7038016.0,2667.0,26,24,3,30,31,2,0.5093133528999415,0.4659709961682802,0.0247156509317782,0.607784423131923,0.392067006204761,0.0001485706633159,0.490566037735849,0.4528301886792453,0.0566037735849056,0.4761904761904761,0.492063492063492,0.0317460317460317,-0.0392333033842467,0.9202659325818936,0.9448936807427372,-0.0830903852228942,0.0143755615453728,1.0301865158536,0.9667565139263252,0.0297419076604033,0.0248577418388739,1.7829627045993337,0.0883498053309374,0.5782940879543028,0.0739039899635192,1.1884953344673648,0.8580380023730413,0.1726902283005713,-0.0984710702319815,0.8379821784396305,1.1170977760318646,-0.1767564820787986,0.0245670802684623,165.24397488011056,0.0248642215950942,5.107463476806591,0.2322379480146315,1.2914684949173214,1.825800618395273,0.2557809108754429,-0.2381316076656192,0.8134266251642756,2.314562969488457,-0.2064985896795267,0.4319631905669647,93.28037065496702,0.441323142355868,4.535611986365085,11,5,0.688,436,368,68,0.667,0.75,1.0797231062213615,0.15492723781996673,-0.46371642805119423,1
138,pittsburgh-steelers,2015,0.930713775236851,1.1771410689034831,0.2654944946083058,1.3790994697454992,0.6088176493830145,3.0767405617997867,45200405.0,48698857.0,1432647.0,23088529.0,15289003.0,5151000.0,27,23,3,30,45,3,0.4741372062527353,0.5108348034864171,0.0150279902608474,0.5304228729790382,0.3512409515671238,0.1183361754538379,0.5094339622641509,0.4339622641509434,0.0566037735849056,0.3846153846153846,0.5769230769230769,0.0384615384615384,-0.1429608127721334,0.7521999540483816,1.0108853410740202,-0.2847507896903602,0.1248185776487663,1.3245248581221614,0.8940493468795356,0.28105576044406,0.0181422351233671,1.4716598500514455,0.0950653120464441,0.386408579986077,0.1595938519192932,1.454367285021745,0.862075755053541,0.3745729079692527,-0.0562856667263028,0.8938836097059921,1.0045600792317737,-0.1121775936776983,-0.1033081851929904,0.1269929775086591,0.1333641657146854,-2.0635569489764345,0.5683234195204686,1.9334839202058192,1.7859587182864978,0.6593243651281374,-0.4483856945086483,0.6748701749109012,2.30981324498235,-0.3932338656297879,-2.811246067191481,0.0862908012504634,3.3422350564080925,-2.450028510401577,10,6,0.625,423,319,104,0.5,0.583,1.3585516440938212,1.3951182443580903,-0.84971418687161,1
139,chicago-bears,2016,1.044842786932968,1.022864968889415,0.4211168227844422,0.8237587428437213,1.1397175202722385,0.5211350955095491,39107325.0,32612909.0,1751327.0,23849616.0,49898376.0,1104000.0,27,23,3,41,62,3,0.5322784008903799,0.4438847978199347,0.0238368012896854,0.3186236646848356,0.666627228838479,0.0147491064766853,0.5094339622641509,0.4339622641509434,0.0566037735849056,0.3867924528301887,0.5849056603773585,0.0283018867924528,-0.150943396226415,0.741934215402793,1.018867924528302,-0.2984923938867834,0.1226415094339622,1.3170697656245085,0.8962264150943396,0.2754113574584913,0.0283018867924528,1.999929335830134,0.0849056603773585,0.6931295143614323,-0.2227424310185443,0.6658655883705248,1.1105120266584136,-0.4066651952392267,0.2136547362055442,1.6705498973749495,0.8509020655752155,0.5131547308075186,0.009087694813,1.6160426589030306,0.0385859077663707,0.4800223086441507,-0.1168525513828233,0.89747156924772,2.162582489161653,-0.1081728591941972,0.2210840440892466,1.2683829186967068,1.8686015297766887,0.2377437538615303,-0.1000182727251068,0.8080745632725527,0.9422519182939912,-0.2130985688056279,3,13,0.188,279,399,-120,0.333,0.25,2.101961363829082,0.6505508530755887,-0.5233776930632548,1
140,chicago-bears,2015,0.7002416840599457,1.4030150516805913,0.8423005697828381,1.1804664438116466,0.86785383915047,0.4354403472043383,33285904.0,52400976.0,4289856.0,29415455.0,21134126.0,986411.0,28,22,3,44,43,4,0.3699390028995939,0.5823836063579813,0.0476773907424247,0.5707749838210158,0.4100847811370353,0.0191402350419489,0.5283018867924528,0.4150943396226415,0.0566037735849056,0.4835164835164835,0.4725274725274725,0.0439560439560439,-0.0574331329048309,0.8784536038693589,0.887621812150114,-0.1295897765593415,0.0447854032759693,1.092622097034145,1.0118183703089365,0.088582293897343,0.0126477296288617,1.2877065537325063,0.1005598175409496,0.2528804372823374,0.1722988252209459,1.4201506932116004,0.9924683874950164,0.3507647050424566,-0.2008359809214218,0.6481334418155891,0.9407139867206098,-0.4336559719578293,0.0285371557004758,2.490821027898017,0.0668176257843737,0.9126333602893352,0.5351612125301213,1.616647149255953,2.270868890831061,0.4803550563336983,-0.4802247597517008,0.5931901703268617,1.8807081278715925,-0.5222388113668748,0.4068602225784998,1.9343605635768304,1.2777409169871763,0.6597780009925525,6,10,0.375,335,397,-62,0.167,0.25,1.0077107885563434,3.1996883105091514,0.5157802020875469,1
141,pittsburgh-steelers,2023,1.0131218160619668,1.023415079093439,0.6980141103719449,1.5009352837332757,0.4997845998486801,0.1545495679091883,102144782.0,84757109.0,7540184.0,24406846.0,7297753.0,153866.0,28,23,3,49,44,3,0.5253224231432421,0.4358990151694277,0.0387785616873302,0.7661023844055261,0.2290679415973117,0.0048296739971621,0.5185185185185185,0.4259259259259259,0.0555555555555555,0.5104166666666666,0.4583333333333333,0.03125,-0.0324074074074073,0.9292909017491436,0.8842592592592593,-0.0733311070780203,0.0081018518518518,1.0158710255950882,1.0289351851851851,0.0157483263559537,0.0243055555555555,1.777720890709275,0.0868055555555555,0.5753501452535528,0.2068310735721159,1.9029162667355828,0.6649669567667394,0.6433898807882251,-0.240779961262284,0.6857069604918622,1.2914248075487682,-0.3773030102235401,0.0339488876901681,8.027567521656692,0.0436082356844924,2.082907345351245,0.523630479244759,2.047708216089656,1.5231996789421192,0.7167222015347671,-0.4878134676713088,0.6749932205929695,2.5140570997952425,-0.3930516446783665,0.5434645424627567,4.516412458491177,0.8525636782811332,1.507719407455588,10,7,0.588,304,324,-20,0.833,0.583,2.4197429258541936,0.9922646636318414,-0.0367634539175784,1
142,carolina-panthers,2021,1.0673256324947704,1.0093454985245025,0.2937482756779577,1.166444782261009,1.006300445879337,0.4034866913078146,51631545.0,43595334.0,1522498.0,38359799.0,42779117.0,3883638.0,28,25,3,41,53,12,0.5336628162473852,0.4506006689841527,0.015736514768462,0.451172038421711,0.5031502229396685,0.0456777386386205,0.5,0.4464285714285714,0.0535714285714285,0.3867924528301887,0.5,0.1132075471698113,-0.0535714285714285,0.8928553571464286,0.9464285714285714,-0.113328445307512,0.1132075471698113,1.29267958477961,0.8867924528301887,0.2567192614833024,-0.0596361185983827,0.4732101056916854,0.1667789757412399,-0.7481971245448459,-0.0525495539555157,0.8955571375768733,0.9537508919238212,-0.110307035036751,0.0824907778256742,1.1828340144487337,0.984834854669096,0.1679151399890355,-0.0299412238701585,0.3445041443232211,0.0614142534070825,-1.065585614181655,0.0030450526451653,1.00302499082917,2.0156459444038397,0.0030214154908653,-0.0991191497662384,0.9150237831250876,2.2337704147557798,-0.0888042846372306,-0.1097384156298568,0.7280228914191628,0.6972349669857724,-0.3174193827532119,5,12,0.294,304,404,-100,0.333,0.25,1.6161708591251527,0.24911794522636166,-1.1836270477664999,1
143,cincinnati-bengals,2012,1.062065152737568,0.9857549352400198,0.5299374042758813,0.9762460926895592,0.9226058585316294,1.755544156072561,49978072.0,38103696.0,2671875.0,13767810.0,10119925.0,2750900.0,28,23,3,18,14,2,0.5507004495676279,0.4198585835281565,0.0294409669042156,0.5168361667180019,0.3798965299836122,0.1032673032983859,0.5185185185185185,0.4259259259259259,0.0555555555555555,0.5294117647058824,0.4117647058823529,0.0588235294117647,0.014161220043573,1.034389022303909,0.8376906318082789,0.0338132836206292,-0.0108932461873638,0.9794220182933892,1.0479302832244008,-0.0207907299866099,-0.0032679738562091,0.9444283891618286,0.1143790849673202,-0.0571574138574483,0.0399620535445443,1.1051890322800155,0.7997551135117686,0.100018772027084,0.0338642828496259,1.065520216095648,1.0675366162856297,0.0634649615858846,-0.0738263363941703,0.2850919978722626,0.1327082702026016,-1.2549093855513522,0.0631490767083904,1.0684452712706831,1.9083607937716487,0.0662055887665701,0.0858190600480088,1.087906085140372,2.038311245427127,0.0842557674646415,-1.22560675179668,0.3018648665588512,2.285481560348442,-1.1977739364602589,10,6,0.625,391,320,71,0.5,0.583,2.6810938871872105,0.7470542870739665,-0.4283959354611544,1
144,new-york-jets,2024,0.9199821399159952,1.1844693812419769,0.3940578983428813,1.2246240634106782,0.9209292148969378,0.3259702254730124,76210333.0,77094421.0,3497500.0,50360324.0,48888604.0,2437255.0,28,22,3,55,71,10,0.4860283003329786,0.4916665356098771,0.0223051640571442,0.4952523785852007,0.4807792224829601,0.0239683989318391,0.5283018867924528,0.4150943396226415,0.0566037735849056,0.4044117647058823,0.5220588235294118,0.0735294117647058,-0.1069644839067702,0.795108761322362,0.9371531631520532,-0.2292739579021854,0.1238901220865704,1.306343253474384,0.9327136514983352,0.267233717257799,-0.0169256381798002,0.769800851463137,0.1301331853496115,-0.2616057655389137,0.010887313126917,1.0226430136220983,0.9724457580928372,0.0223924996742532,-0.0092240782522221,0.9813730129846352,0.9812806789181794,-0.0188005967004097,-0.0016632348746949,0.93056835177939,0.0462735629889833,-0.071914916891344,0.2635401663450391,1.2861662719737477,2.105398596138915,0.2516667556314995,-0.3046419234946829,0.7512357597465562,2.1446062033266733,-0.2860346617475812,0.0680876728698689,1.2088732610403552,0.7200281238158938,0.1896912742547123,5,12,0.294,338,404,-66,0.333,0.417,2.286295585448564,1.9730393074116983,-0.5731268803998568,1
145,washington-commanders,2017,1.0476601335404625,1.00758690045263,0.5103635945147994,0.7119188368942324,1.2352848791754036,0.2597362666332982,59905021.0,51212125.0,3242500.0,18368299.0,41888554.0,191471.0,27,24,3,35,46,1,0.5238300667702311,0.4478164002011688,0.0283535330285999,0.3038677962353431,0.6929646883179094,0.0031675154467475,0.5,0.4444444444444444,0.0555555555555555,0.4268292682926829,0.5609756097560976,0.0121951219512195,-0.1165311653116532,0.7922691190951451,1.005420054200542,-0.2328518980508089,0.073170731707317,1.1714258269452056,0.9268292682926828,0.1582236623584959,0.043360433604336,4.555182030629044,0.067750677506775,1.5162834925679065,-0.2451482881167405,0.6462317077894422,1.1407810885190783,-0.4365949256659838,0.219962270534888,1.7238692266531062,0.8276978630055742,0.5445732237690462,0.0251860175818524,8.948522898224999,0.0315210484753475,2.191523747713197,-0.2276979787227737,0.8156710259856846,2.2428717796280333,-0.203743167266199,0.3357412966462298,1.4715984570831808,1.7595789704346947,0.3863501502934022,0.2506273278815012,1.9649224815911384,0.7700998611480976,0.6754547543566173,7,9,0.438,342,388,-46,0.167,0.417,1.6162162598642589,0.32389864586779016,-0.446566848072587,1
146,san-francisco-49ers,2018,0.8848574735428215,1.183387152452764,0.5691855184924935,0.6036173419123267,1.4116173175976758,0.7717616181775732,43851061.0,52129206.0,3134138.0,30240790.0,69037168.0,920588.0,27,24,3,42,41,1,0.4424287367714107,0.5259498455345618,0.0316214176940274,0.3018086709561633,0.6890036907321988,0.0091876383116377,0.5,0.4444444444444444,0.0555555555555555,0.5,0.4880952380952381,0.0119047619047619,-0.0436507936507936,0.9105672401386624,0.9325396825396826,-0.0936852828582432,0.0,0.999998000004,1.0,0.0,0.0436507936507936,4.666274699591901,0.0674603174603174,1.5403790443129532,-0.163053845197637,0.7633472639723828,1.2149535362667607,-0.2700403202028368,0.1406200658152473,1.4659196816647793,0.7442374077275742,0.38248507480738,0.0224337793823896,3.441360582664098,0.0408090560056652,1.235898535040438,-0.2282301651449119,0.8383194930954702,2.59500447005044,-0.1763551494511088,0.2812401316304947,1.4659221102186846,1.4884748154551484,0.382485601358384,-0.2025760996850796,0.7375137187086858,1.3409471366700667,-0.3044688324073974,4,12,0.25,342,435,-93,0.167,0.167,0.6501179556858125,1.271918320341677,-0.27141205013539965,1
147,new-york-jets,2019,0.9150519851896576,1.1830860234778673,0.3608726199627631,1.223619576770891,0.8175598679648441,0.2470414489350059,45067630.0,49636294.0,1974833.0,54173698.0,37078919.0,533529.0,27,23,3,41,42,2,0.4661585584928445,0.5134146894337915,0.0204267520733639,0.5902165017365475,0.4039707582885112,0.0058127399749413,0.5094339622641509,0.4339622641509434,0.0566037735849056,0.4823529411764706,0.4941176470588235,0.0235294117647058,-0.0601553829078801,0.8782551857414144,0.928079911209767,-0.1298157788783288,0.0270810210876803,1.0561413907423078,0.9917869034406216,0.0546240320306696,0.0330743618201997,2.405558141137492,0.0801331853496115,0.8777996184600715,0.1094439311452803,1.2709172829530269,0.9173854477223028,0.2397408575421366,-0.124057943243703,0.7898080912905924,1.056375060229392,-0.2359631402579364,0.0146140120984226,3.513530388598115,0.0262394920483052,1.256670294919129,0.3655261555130231,1.4470922836888287,2.000645891442711,0.3695570667358823,-0.3085675915812333,0.7478233061464696,2.1386715619605488,-0.2905874578082367,0.1138311710277572,1.4607717075283069,0.6079140688977691,0.3789676339352696,7,9,0.438,276,359,-83,0.333,0.333,1.2881823442990037,1.4573028668494061,-0.6267986966969581,1
148,dallas-cowboys,2013,0.9446079271411728,1.1379694532545832,0.5236807137683893,1.1031039492861503,0.9274632856626726,0.0068067388277675,36544197.0,33398128.0,2095833.0,26080569.0,18114365.0,6997.0,29,22,3,46,38,2,0.5072894423535926,0.4636171846592746,0.0290933729871327,0.5900323449670106,0.4098093587811808,0.0001582962518085,0.5370370370370371,0.4074074074074074,0.0555555555555555,0.5348837209302325,0.4418604651162791,0.0232558139534883,-0.0344530577088716,0.922025203759724,0.8492678725236864,-0.0811802652917283,0.0021533161068045,1.004023887807192,1.0719207579672696,0.0040176756903747,0.0322997416020671,2.3887861710835323,0.0788113695090439,0.870803358559873,0.0538078258780937,1.131296890684074,0.8734265434404554,0.1233668224510649,-0.0827429026134179,0.8597640229671354,1.0973217873206034,-0.1510953480263411,0.0289350767353241,182.6368960777508,0.0292516692389412,5.207534378819155,0.2105061675919106,1.2269684890793449,2.065432738917256,0.2045473628849012,-0.1584960221449776,0.8563173683088401,2.047711876427323,-0.1551131555440656,0.5168739749406218,76.92432495095038,0.5304874525961568,4.342824055310008,8,8,0.5,439,432,7,0.833,0.583,2.891461300449348,2.014485943500749,-0.4314443561886337,1
149,new-york-jets,2015,0.9900514038937522,1.1119554576055797,0.2312121899801189,0.8105716079544998,1.0975586680530716,3.4601479340722565,68331321.0,65375276.0,1773088.0,7718928.0,8313975.0,1497744.0,27,23,3,44,35,2,0.5043658095307795,0.4825467080175157,0.0130874824517048,0.4403105030863949,0.4742537454550308,0.0854357514585742,0.5094339622641509,0.4339622641509434,0.0566037735849056,0.5432098765432098,0.4320987654320987,0.0246913580246913,0.0018634987188446,1.0043103442025296,0.8660610295830422,0.0043033856221878,-0.0337759142790589,0.9378198859087606,1.052643838807361,-0.0641954047399752,0.0319124155602143,2.2923599896091003,0.081295131609597,0.8295995165591972,0.0082929625624848,1.0174841952388458,0.9568004534725464,0.017335177615282,0.0640553064443845,1.1454749784990657,0.9446763126171744,0.135821362058119,-0.0723482690068693,0.1531832873824864,0.098523233910279,-1.8760437118486089,0.0143967895525081,1.013116179440198,2.209514125658651,0.0130318064963487,0.1794797959392524,1.2214222318617105,1.800623011848252,0.2000169536392828,-3.2289357440921376,0.0668214560660557,3.691360124052376,-2.7057267263969877,10,6,0.625,387,314,73,0.5,0.583,1.7138329293915753,1.04746846806228,-0.9442107009129432,1
150,new-york-jets,2018,0.9915914702786388,1.1003619369354924,0.3034324077463536,1.040864734952753,0.9812516091584692,0.5239935850786465,54065100.0,53073078.0,1908948.0,29796111.0,37452810.0,500000.0,26,23,3,30,40,1,0.4957957351393195,0.4866985490291601,0.0175057158315204,0.4398020006842618,0.5528178079766023,0.0073801913391358,0.5,0.4423076923076923,0.0576923076923076,0.4225352112676056,0.5633802816901409,0.0140845070422535,-0.1210725893824485,0.7850947603029542,1.005687973997833,-0.241948593856314,0.0774647887323943,1.183330532784406,0.9225352112676056,0.1683349481533487,0.0436078006500541,4.095863039878015,0.0717768147345612,1.4099947828314914,-0.0661192589474422,0.8803943389888415,1.0395163570057624,-0.127383304737176,0.0559937344550576,1.1273132160716095,0.9355977358235814,0.1198391336081138,0.0101255244923845,2.3716653622977124,0.0248859071706562,0.8636495154614448,0.1191103277770233,1.1213849794286637,2.081613546093961,0.1145654189278954,-0.0492732646741139,0.9526603066856164,2.032456205231392,-0.0484958766807039,-0.2205611773322928,0.5790754644932282,0.8274259928250001,-0.5463191783683659,4,12,0.25,333,441,-108,0.167,0.25,1.2888284539167014,0.7597333834063044,-0.6336152224464203,1
151,cleveland-browns,2024,0.9740412658985804,1.0481976190123854,0.8332484682836386,0.8232272043726409,1.170823326685933,0.4163155169491446,68162557.0,57633678.0,4165000.0,39929957.0,76408122.0,1835731.0,28,22,2,55,74,5,0.5244837585607739,0.4434682234283169,0.0320480180109091,0.3378917629887705,0.6465740759310376,0.0155341610801919,0.5384615384615384,0.4230769230769231,0.0384615384615384,0.4104477611940298,0.5522388059701493,0.0373134328358208,-0.1291618828932262,0.7661108788304043,0.9753157290470724,-0.2664260056519711,0.1280137772675085,1.3118849156594083,0.9489092996555684,0.2714668270926813,0.0011481056257175,1.0307416068941662,0.0757749712973593,0.0303045495164485,-0.2031058525027206,0.6858727469346751,1.0900422993593546,-0.3770609136082924,0.1865919955720033,1.552219567893511,0.8623755215495444,0.4396877925476077,0.0165138569307172,2.0629343877078847,0.0475821790911011,0.7241606319639254,-0.1226257076735475,0.8952646397255449,2.2190209456983183,-0.1106349635517158,0.1508140615259394,1.1831971508323986,1.7972684702712212,0.1682212510429806,0.416932951334494,2.001478284815264,1.2495639852327831,0.6938872500578569,3,14,0.176,258,435,-177,0.333,0.25,2.668126040062471,1.5548189329765303,-2.2233679214960507,1
152,dallas-cowboys,2018,1.0340746583786145,1.0378030928965003,0.4148625818455028,0.4493087275056022,1.5348978071638577,0.9389061527523456,62646631.0,55617988.0,2900000.0,11485077.0,40542354.0,800000.0,26,23,3,30,31,1,0.5170373291893073,0.4590282910888367,0.0239343797218559,0.2174074487930333,0.7674489035819289,0.0151436476250378,0.5,0.4423076923076923,0.0576923076923076,0.4838709677419355,0.5,0.0161290322580645,-0.0576923076923077,0.8846136153881538,0.9423076923076924,-0.1226020612233231,0.0161290322580645,1.0333311977821913,0.9838709677419356,0.0327897561564598,0.0415632754342431,3.576701321441148,0.0738213399503722,1.2744582902368071,-0.3084206124930921,0.5981215046694358,1.2264771946707655,-0.5139591820922603,0.299629880396274,2.378184160089897,0.7344447779823406,0.8663391726318814,0.008790732096818,1.5803853819805294,0.0390780273468937,0.4577105099732327,-0.4970947142673572,0.67613779361398,2.572700900060358,-0.3913574234305198,0.5847659308730122,2.301474005736324,1.4833833858842167,0.8335507567712704,-0.5240435709068427,0.4418568765072882,1.3537687345978484,-0.8167668477150587,10,6,0.625,339,324,15,0.833,0.75,1.5758061672642205,0.4682788661953065,-0.38432400189079446,1
153,dallas-cowboys,2016,0.762279517262928,1.3188321602374349,0.7221416753134353,1.183249480248081,0.8636282937688697,0.0,54158377.0,79284858.0,5920000.0,6751748.0,6621940.0,0.0,26,22,3,32,43,0,0.388613087232081,0.5689079906906581,0.0424789220772609,0.5048531115725147,0.4951468884274854,0.0,0.5098039215686274,0.4313725490196078,0.0588235294117647,0.4266666666666667,0.5733333333333334,0.0,-0.1419607843137255,0.7523926685353592,1.0047058823529411,-0.2844946075286562,0.0831372549019607,1.1948501407464531,0.9364705882352942,0.1780227338230244,0.0588235294117647,58823.52941176471,0.0588235294117647,,0.0737611022631727,1.1489658019090492,1.0640548791181434,0.1388639928240484,-0.1162400243404336,0.7697532382605199,0.8934661988045957,-0.2616827120371344,0.0424789220772609,42478.92207726091,0.0424789220772609,,0.4552038664685649,1.527081318052638,2.1824604540063044,0.4233590365374765,-0.4209699629851531,0.6442249802451869,1.945528997511009,-0.4397059538249657,0.7221416753134353,722141.6753134354,0.7221416753134353,,13,3,0.813,421,306,115,0.5,0.75,0.5383691400353453,2.299063558939273,0.5540632575854598,1
154,cleveland-browns,2023,0.9911198522013478,1.0437976454797622,0.7265801170835544,0.637894580540818,1.337178000897108,0.0901433147189607,66217198.0,64372271.0,5601135.0,20569176.0,64676791.0,458954.0,26,24,3,38,57,6,0.4862097388157556,0.4726630847455526,0.0411271764386917,0.2399999411935751,0.7546450104072787,0.0053550483991461,0.490566037735849,0.4528301886792453,0.0566037735849056,0.3762376237623762,0.5643564356435643,0.0594059405940594,-0.111526246964319,0.802381895018112,1.0171866243228096,-0.2201683977948266,0.1143284139734728,1.3038694242239188,0.8668036614982253,0.2653383621524901,-0.0028021670091537,0.9528141496410596,0.116009714178965,-0.048317743951849,-0.2819819256617261,0.6263374856914153,1.2273080951528312,-0.4678638229593881,0.2462097976221804,2.0258659670155144,0.7262096800093307,0.705999303903222,0.0357721280395455,7.678641672701824,0.0464822248378379,2.038466980510432,-0.2933803554173457,0.78059679727208,2.38097564637687,-0.2476955691097539,0.3532252716605297,1.5537336868850236,1.6290144327421658,0.4406618735578257,0.6364368023645937,8.060187925869577,0.8167234318025152,2.0869382484212053,11,6,0.647,396,362,34,0.5,0.667,0.8796845328766588,0.33028265219955205,0.21331300682049603,1
155,pittsburgh-steelers,2019,1.1867428059886391,0.827955191074536,0.8775166911402075,0.5755538955988969,1.3462193746772797,0.0012017401788522,72634491.0,50674926.0,6445000.0,17869975.0,58778205.0,2332.0,25,25,3,32,45,2,0.5597843424474713,0.3905449014502527,0.0496707561022758,0.2331357551793,0.7668338210187037,3.042380199626064e-05,0.4716981132075472,0.4716981132075472,0.0566037735849056,0.4050632911392405,0.569620253164557,0.0253164556962025,-0.0979221399570098,0.8280907894271968,1.0413183663721042,-0.1886303615434813,0.0666348220683066,1.1645018421172095,0.8767614043467877,0.152295512234174,0.0312873178887031,2.2357607440543834,0.0819202292811081,0.8045992143137815,-0.3762889195684509,0.5092946886937559,1.1573787224689565,-0.6747259132639816,0.3266485872681712,2.4010986256412217,0.7929200976267714,0.8759281796979218,0.0496403323002796,1580.6730232129962,0.0497011799042721,7.3656261317507985,-0.5182641836027437,0.6150220325353611,2.174174565751816,-0.4860959787624771,0.6111889103897424,2.061910714448476,1.7622967015875362,0.7236339268380272,0.8763149509613551,729.5978853700311,0.8787184313190598,6.592494679993221,8,8,0.5,289,303,-14,0.5,0.5,1.058485355910596,-1.3595115579018917,0.5327888616334482,2
156,los-angeles-rams,2018,1.0674709965309912,0.9353800336717064,0.8441504521182361,1.2431722070369249,0.8476399536360096,0.3072959931893476,89445641.0,61582291.0,7578551.0,11332514.0,9730195.0,207500.0,28,22,3,27,34,2,0.5639469415635425,0.3882709573731611,0.0477821010632963,0.5327880887301107,0.4574564829146719,0.0097554283552173,0.5283018867924528,0.4150943396226415,0.0566037735849056,0.4285714285714285,0.5396825396825397,0.0317460317460317,-0.1245882000598981,0.7691439688281289,0.9547768793051812,-0.2624747022698872,0.0997304582210242,1.2327015262121623,0.9568733153638812,0.2092100165350262,0.0248577418388739,1.7829627045993337,0.0883498053309374,0.5782940879543028,-0.0691855255415108,0.8487585663684161,0.845727440287833,-0.163977931719469,0.0311588528334317,1.0584806511478977,1.0967350302936532,0.0568363051393219,0.0380266727080789,4.897499302369628,0.0575375294185137,1.5887456565101397,0.0877400800356966,1.1035097226712964,1.783019987307716,0.0984968265173102,-0.1757012105059336,0.858666347125743,2.310643203567916,-0.1523739157690773,0.5368544589288886,2.747018261900451,1.1514464453075837,1.010517239656664,13,3,0.813,527,384,143,1.0,0.75,3.3480678184484423,0.8924520486662795,0.4181093246061677,2
157,jacksonville-jaguars,2018,1.447919560878716,0.6227738495786984,0.1358396757548753,0.5657984844913481,1.3574199877041333,0.8747122131433294,99955336.0,39685313.0,1082022.0,14072642.0,41974372.0,1764000.0,26,24,3,37,46,3,0.7103001619405022,0.2820107998092219,0.0076890382502759,0.2434249293741846,0.7260618538882574,0.030513216737558,0.490566037735849,0.4528301886792453,0.0566037735849056,0.4302325581395348,0.5348837209302325,0.0348837209302325,-0.0820535322509872,0.8465939873767866,0.9877139096094778,-0.1665318446723382,0.0603334795963141,1.1402319239280423,0.920798595875384,0.1312337222164812,0.0217200526546731,1.6225949950441043,0.0914874945151382,0.4840443829562132,-0.4440510540790354,0.3884110009195209,1.0080726536974791,-0.9456876733231846,0.4668752325663175,2.917931396078423,0.9537250913146867,1.0708763470818998,-0.022824178487282,0.2519821601978731,0.0382022549878339,-1.3782669400216196,-0.7346461381254349,0.4587919703761348,1.980193837282832,-0.7791567895218205,0.8821210763873678,2.559068363557084,2.013718045370064,0.93964396241669,-0.738872537388454,0.1552962430585998,1.0105518888982048,-1.8624133790370927,5,11,0.313,245,316,-71,0.167,0.333,3.4221967763997756,-2.1315973844749165,-1.259108073984912,2
158,los-angeles-rams,2022,1.4915474246736526,0.5250633778399788,0.697727504161852,0.5546348531912454,1.4088299334849963,0.2512450075233296,81518465.0,27592898.0,4400000.0,19895542.0,65815284.0,1047967.0,26,25,3,43,56,5,0.7181524637317588,0.2430848971481383,0.0387626391201028,0.2293201796848418,0.758600733414998,0.01207908690016,0.4814814814814814,0.4629629629629629,0.0555555555555555,0.4134615384615384,0.5384615384615384,0.048076923076923,-0.0754985754985754,0.8597867630415141,1.0014245014245011,-0.1510687104333156,0.068019943019943,1.1645105340692683,0.89494301994302,0.1523029332242117,0.0074786324786324,1.155531520499929,0.1036324786324786,0.1445784288654265,-0.5155158362668596,0.3204380987291486,1.0016856305631363,-1.1380620471852911,0.4888322840469169,3.131644729539252,0.9474726434166006,1.1415597316968853,0.0266835522199428,3.208804658482153,0.0508417260202629,1.165924284960203,-0.8837665556450177,0.3726943846563194,1.9338933113249757,-0.9869946347389056,0.9369125714824073,2.6892373006390344,2.046182277864898,0.9892582924946096,0.4464824966385224,2.7770690210751474,0.9489725116851816,1.0213974957853726,5,12,0.294,307,384,-77,0.167,0.25,3.274124373945236,-2.7986471983490833,-0.11516279546781209,2
159,miami-dolphins,2013,1.2070726519065802,0.7970238333693775,0.6924967436755518,0.9867449838444484,1.0197642522654649,0.7456667038419342,49885035.0,28059004.0,3179890.0,14738317.0,16154624.0,337500.0,27,23,3,33,35,1,0.6149238038014653,0.3458782673112393,0.0391979288872953,0.4719215140125622,0.5172717221636416,0.0108067638237961,0.5094339622641509,0.4339622641509434,0.0566037735849056,0.4782608695652174,0.5072463768115942,0.0144927536231884,-0.0732841126606508,0.8555239198647034,0.9412086409625376,-0.1560389215965837,0.0311730926989335,1.065177875725848,0.9876948318293683,0.0631437676371178,0.0421110199617172,3.905390905386019,0.071096527208094,1.3623755486042508,-0.1713934548524022,0.6686574653782326,0.8631499894748809,-0.4024804686873092,0.143002289788903,1.3030185794125864,1.0868453178140276,0.2646851832080356,0.0283911650634992,3.626830630864712,0.0500046927110915,1.288384673680644,-0.2227404188960873,0.7815757907015807,1.8167880856348424,-0.2464418980920445,0.2203276680621316,1.223286105714583,2.193817635751029,0.2015415954204531,-0.0531699601663824,0.9286934918966888,1.438163447517486,-0.073975083931998,8,8,0.5,317,335,-18,0.333,0.583,3.1722901901568243,-0.4250093750961989,0.05554579602752292,2
160,carolina-panthers,2019,1.1658750762156185,0.8754145118382894,0.4622797232992124,1.0907961788215186,0.903731324234763,1.937560542155475,69569705.0,44498560.0,3065000.0,26065414.0,36545986.0,3561500.0,27,23,3,26,44,2,0.5939363595815416,0.3798968636279369,0.0261667767905214,0.3938986201299927,0.5522802536990218,0.0538211261709854,0.5094339622641509,0.4339622641509434,0.0566037735849056,0.3611111111111111,0.6111111111111112,0.0277777777777777,-0.1771488469601677,0.7101189065978784,1.045073375262055,-0.3423205445423046,0.1483228511530398,1.4107362965386738,0.870545073375262,0.3441137271808822,0.0288259958071278,2.0376624932068483,0.0843815513626834,0.7118209807306952,-0.1723833900710848,0.6878684747734899,0.9321771173269588,-0.3741549974216329,0.2000377394515488,1.5078368427609392,0.9878349797115344,0.4106777529573651,-0.0276543493804639,0.486171369510622,0.0799879029615068,-0.721155889403482,-0.0283168123964735,0.96866570815595,1.7791458360730523,-0.0318345707207012,0.0750788973940999,1.0688284667872108,2.256671255037137,0.0665640155143384,-1.4752808188562625,0.2385884077699752,2.3998402654546878,-1.4330131916757307,5,11,0.313,340,470,-130,0.167,0.167,2.8567541487707957,-0.0966158606376638,-0.46137072000338486,2
161,buffalo-bills,2015,1.26481413925437,0.7885244949710953,0.6137646598336145,1.106196511334138,0.9776257216882012,0.1115168542219666,54738612.0,32760724.0,4250000.0,23140782.0,23239977.0,212077.0,25,24,4,44,50,4,0.5966104430445143,0.3570676958359677,0.046321861119518,0.4966596581500211,0.4987886335143883,0.0045517083355904,0.4716981132075472,0.4528301886792453,0.0754716981132075,0.4489795918367347,0.5102040816326531,0.0408163265306122,-0.0573738929534077,0.8875454302222775,0.9630342703118984,-0.1192933616289346,0.0227185213708124,1.0505980030848938,0.9206777050442818,0.0493616487958956,0.0346553715825953,1.8490113029966613,0.1162880246438197,0.6146643153307897,-0.1417209376784206,0.7158683177116743,0.855856329350356,-0.334256242160754,0.0999507848944931,1.2012436122216517,1.0932701011945354,0.1833590398129699,0.0417701527839276,10.174572519262918,0.0508735694551085,2.319913305443281,-0.1891012267171058,0.8065701125777768,1.7661502166592964,-0.21496318262445,0.158617627920232,1.1433890659624892,2.3710106505885085,0.1339975076911754,0.5022478056116478,5.503734483735394,0.7252815140555812,1.7054284881546848,8,8,0.5,379,359,20,0.667,0.583,2.040072945684771,-1.4514756907026907,2.47680252339205,2
162,miami-dolphins,2016,1.136625798218745,0.937888863166952,0.3831789966367411,1.0994403039398193,0.919773304377278,0.5643215505109769,53757350.0,42509727.0,2265333.0,29055424.0,22993373.0,806140.0,24,23,3,37,35,2,0.5455803831449977,0.4314288770567978,0.0229907397982044,0.5497201519699096,0.4350279142324963,0.0152519337975939,0.48,0.46,0.06,0.5,0.4729729729729729,0.027027027027027,-0.0129729729729729,0.9725693722818988,0.932972972972973,-0.0278116981570389,-0.02,0.95999808000384,0.98,-0.0408219111870921,0.0329729729729729,2.2199178630390675,0.087027027027027,0.7974868630964503,-0.0035990371756985,0.9917246025311904,0.8664567912892942,-0.0083075107800626,-0.0041397688249119,0.9924675104640348,1.0953005351149074,-0.0075591690966295,0.0077388060006104,1.5072995204261015,0.0382426735957984,0.4103631474938929,0.0181155587896738,1.0196945693127817,1.85766216754423,0.0195042068281447,0.037185494278926,1.0338212637142852,2.2360661021585644,0.0332627818639331,-0.1811425538742357,0.6790070612804401,0.947500547147718,-0.3871211422051725,10,6,0.625,363,380,-17,0.667,0.583,1.188784967309532,-0.6346823873437276,-0.16810843558980992,2
163,arizona-cardinals,2018,1.2004785771150592,0.84734001030696,0.6015117714831735,0.6374707381616469,1.3375328445717098,1.281209694249737,61111862.0,43134902.0,3674485.0,19834307.0,41616086.0,3543435.0,25,25,3,45,45,4,0.5662634797712544,0.3996886841070566,0.034047836121689,0.3051721618858947,0.6403082766566696,0.0545195614574356,0.4716981132075472,0.4716981132075472,0.0566037735849056,0.4787234042553192,0.4787234042553192,0.0425531914893617,-0.0070252910477719,0.985322889359063,0.9504215174628664,-0.0147837650731913,-0.0070252910477719,0.985322889359063,0.9504215174628664,-0.0147837650731913,0.0140505820955439,1.3301574205459,0.0991569650742673,0.2853149630528347,-0.2406195925496129,0.6242119217669363,1.0399969607637265,-0.471262848109568,0.2610913178853596,1.8555480969292515,0.8714356416571492,0.6181818884202616,-0.0204717253357465,0.6244953318808047,0.0885673975791246,-0.470782054404318,-0.4901928342647498,0.6335092108105017,2.18487285487867,-0.4564795596047426,0.5630078389534123,1.8831871363850925,1.837949315276706,0.6329664597797243,-0.6796979227665636,0.4694870048953284,1.8827214657329103,-0.7561129968446045,3,13,0.188,225,425,-200,0.333,0.25,1.0617996123103495,-1.3419878826416785,-0.10355827902735124,2
164,new-york-giants,2012,1.096242480925939,0.9301676271532504,0.6603958274652341,0.8814550734464015,1.1637453931654345,0.0849031477152659,64384277.0,46826061.0,4155667.0,4010067.0,6108820.0,29712.0,28,24,3,13,15,1,0.5580870811986599,0.4058913282123274,0.0360215905890127,0.3951350329242489,0.6019372723269488,0.0029276947488022,0.509090909090909,0.4363636363636363,0.0545454545454545,0.4482758620689655,0.5172413793103449,0.0344827586206896,-0.0808777429467085,0.8436347326092137,0.9536050156739811,-0.1700333676676852,0.0608150470219435,1.1356618022649303,0.9573667711598746,0.1272175309847126,0.0200626959247648,1.5817723104211796,0.0890282131661442,0.4585642670078844,-0.1960459441146214,0.6743072286187235,1.0078286005392765,-0.3940669794064592,0.1629520482744109,1.4123922768279908,0.9532221141229088,0.3452867087710819,0.0330938958402105,12.29953739758787,0.038949285337815,2.509589412461919,-0.2335777660121841,0.7992872266810289,2.0939130203186846,-0.2240338400351588,0.2147874074795375,1.2436722758511891,1.9776975543723403,0.2180694279665593,0.5754926797499681,7.778133874918971,0.7452989751805,2.05131796182546,9,7,0.563,429,344,85,0.5,0.667,2.3975840358945053,0.22056011089562802,-0.2720507445511871,2
165,new-york-jets,2023,1.1752088781919583,0.8510029092565564,0.6150968222199255,0.6025512648537998,1.356037427708894,0.417208276788158,84601720.0,54455613.0,4920000.0,19891394.0,57299768.0,1377286.0,27,24,3,50,64,5,0.587604439095979,0.3782235152251361,0.0341720456788847,0.2531728003587394,0.7292974401123463,0.0175297595289142,0.5,0.4444444444444444,0.0555555555555555,0.4201680672268907,0.5378151260504201,0.042016806722689,-0.0933706816059757,0.8263873523249056,0.9822595704948646,-0.1906894158402739,0.0798319327731092,1.1899971678067407,0.9201680672268908,0.1739529271242702,0.0135387488328664,1.3221907540822748,0.0975723622782446,0.2793080229024816,-0.3510739248872102,0.5186128125639099,1.1075209553374823,-0.6565950561846985,0.3344316387372396,2.320952793153801,0.8407772394547184,0.8419794898974212,0.0166422861499705,1.949262131085843,0.0517018052077989,0.6674801699089051,-0.5050345184523376,0.6275654818236792,2.2070403369654503,-0.4659060848333509,0.5726576133381585,1.9503849653226428,1.777760143045758,0.6680276221176418,0.1978885454317674,1.474312428897037,1.0323050990080835,0.3881933569688165,7,10,0.412,268,355,-87,0.333,0.333,2.4132431316742764,-0.4695444541360462,-0.2443377898591067,2
166,chicago-bears,2019,1.1269266164259502,0.9411968771901442,0.3703943067872775,0.7718910392857794,1.0893391326268982,3.542526471885248,77918559.0,60070832.0,2955000.0,15956289.0,21892963.0,4068333.0,26,24,3,36,35,2,0.5528319250391454,0.4262023594823294,0.0209657154785251,0.3806585947162748,0.5222858855060472,0.097055519777678,0.490566037735849,0.4528301886792453,0.0566037735849056,0.4931506849315068,0.4794520547945205,0.0273972602739726,-0.0266218661152752,0.944472423631371,0.932282243473766,-0.0571265809264142,-0.0025846471956577,0.9947568927073284,0.983716722667356,-0.0052548621546196,0.029206513310933,2.0659623282240767,0.0840010338588782,0.7256138028811554,-0.0960835260237177,0.8160311340564854,0.9484882449883766,-0.2033004239643652,0.1721733303228705,1.4522999885270185,0.9334905197554202,0.3731503075981539,-0.0760898042991528,0.2160155291633178,0.1180212352562031,-1.5323572838276556,-0.1481422554367539,0.8640064282957127,2.0305360098170424,-0.1461740075722854,0.3550355771401707,1.4599536710712535,1.8988176557117296,0.3784055904426258,-3.1721321650979704,0.1045565093642485,3.912920778672525,-2.25802489444662,8,8,0.5,280,298,-18,0.667,0.583,1.586623115796623,-0.3397785559063811,-0.6385009750575847,2
167,jacksonville-jaguars,2024,1.2025209759489164,0.8166529952422988,0.5829715862687959,0.5662198681860074,1.3878400915493434,0.016485069402616,87525048.0,50633894.0,4714597.0,25101965.0,84036163.0,71300.0,27,23,3,41,56,4,0.6126050254834102,0.3543965828409975,0.0329983916755922,0.2298516296596663,0.7694954963045865,0.0006528740357471,0.5094339622641509,0.4339622641509434,0.0566037735849056,0.4059405940594059,0.5544554455445545,0.0396039603960396,-0.120493181393611,0.7826805290805686,0.988417709695498,-0.2450283707414932,0.1034933682047449,1.2549439863252836,0.9153745563235568,0.2270929021385953,0.016999813188866,1.429209195486682,0.0962077339809452,0.3571389476667455,-0.4150989134635889,0.4605564606764867,1.123892079145584,-0.7753170017765667,0.3827533958237438,2.665207817680703,0.8424566551430765,0.9802836673173164,0.032345517639845,50.46597642906183,0.0336512657113393,3.92132967919062,-0.5711870963070446,0.5884340795318378,2.204493086791642,-0.5302891484357413,0.6363011077629089,2.123766613903534,1.768740844134924,0.7531920484686425,0.5664865168661798,35.36146621924864,0.5994566556714119,3.5656244177342584,4,13,0.235,320,435,-115,0.5,0.333,3.1146307499399657,-0.35991908105181486,-0.19440286067307627,2
168,arizona-cardinals,2017,1.2319245109139538,0.7987270868802355,0.7445700183817553,0.4743030524840829,1.4015591276769157,0.2373601336051192,60710036.0,39361787.0,4403147.0,12383511.0,52117457.0,375588.0,25,25,3,33,47,2,0.5810964674122424,0.3767580598491677,0.0421454727385899,0.190878057707009,0.8033326707416466,0.0057892715513443,0.4716981132075472,0.4716981132075472,0.0566037735849056,0.4024390243902439,0.573170731707317,0.024390243902439,-0.1014726184997698,0.8229612297914474,1.0448688449148642,-0.1948440678113029,0.0692590888173032,1.1720954294301107,0.8741371375977911,0.1587952322662069,0.0322135296824666,2.3206595699387647,0.0809940174873447,0.8418691091713855,-0.4265746108924789,0.4689932385148757,1.1800907305908144,-0.7571642732326906,0.3902184097052334,3.044317561040143,0.7719745251192514,1.1132784790418688,0.0363562011872455,7.278669465649618,0.0479347442899342,1.9849718068568707,-0.60283204079668,0.5698842818853052,2.200286214557151,-0.5623207010087148,0.7576214584298708,2.5973307722377004,1.7062275633980368,0.954485103361245,0.5072098847766361,3.1368657836815155,0.9819301519868744,1.1432254864215792,8,8,0.5,295,361,-66,0.5,0.417,1.2794793522731631,-1.5673503112877947,0.21671580892971604,2
169,miami-dolphins,2021,1.09004761953985,0.944431090852322,0.6526456670386682,0.7298831881634817,1.1998864407590235,0.0,79975283.0,64158889.0,5320412.0,14188646.0,31520712.0,0.0,27,25,3,37,50,0,0.5351142859559262,0.4292868594783282,0.0355988545657455,0.3104100915178025,0.6895899084821975,0.0,0.4909090909090909,0.4545454545454545,0.0545454545454545,0.425287356321839,0.5747126436781609,0.0,-0.1201671891327063,0.7909077147296673,1.0292580982236157,-0.2345717871387387,0.0656217345872518,1.1542970401418493,0.91619644723093,0.1434935724685927,0.0545454545454545,54545.454545454544,0.0545454545454545,,-0.2603030490038692,0.6225239547069967,1.1188767679605256,-0.4739708404846561,0.2247041944381237,1.7238890638198627,0.8455243774737288,0.5445846907966718,0.0355988545657455,35598.85456574554,0.0355988545657455,,-0.2554553499067016,0.7870997385012171,2.144317531611346,-0.2393992472265466,0.3601644313763681,1.4934528480231957,1.819930807703332,0.4010917041054648,0.6526456670386682,652645.6670386683,0.6526456670386682,,9,8,0.529,341,373,-32,0.667,0.5,1.3962718522178779,-0.2393358772535091,-0.26555364896347594,2
170,tampa-bay-buccaneers,2017,1.0921409966637858,0.9369900106991704,0.7055246099871625,0.775640489318834,1.1767414798278015,1.7481578500681738,67028016.0,53082395.0,4996176.0,11110872.0,15451839.0,2086830.0,26,24,3,36,33,3,0.5357672813822345,0.4242973633354733,0.0399353552822922,0.387820244659417,0.5393398449210757,0.0728399104195072,0.490566037735849,0.4528301886792453,0.0566037735849056,0.5,0.4583333333333333,0.0416666666666666,-0.005503144654088,0.9879909833198444,0.9111635220125788,-0.0120794991395077,-0.0094339622641509,0.9811301132114716,0.9905660377358492,-0.0190481565092337,0.0149371069182389,1.3584579630466227,0.0982704402515723,0.3063678722625418,-0.1150424815856023,0.7866961446199439,0.963637208256549,-0.2399108415232719,0.1479470367228174,1.381479969857616,0.9235875260416516,0.3231572329201819,-0.032904555137215,0.5482544774947963,0.1127752657017994,-0.600990684677472,-0.2397514691286312,0.7962574877353664,2.113731490526972,-0.2278316011440285,0.3165005073449518,1.4080487076869763,1.86778148598262,0.3422057662974624,-1.0426332400810114,0.4035815223311365,2.453682460055336,-0.9073753562996828,5,11,0.313,335,382,-47,0.167,0.25,1.4716706965733182,-0.25170440276712486,0.13899505966589087,2
171,baltimore-ravens,2020,1.4031062175911757,0.573308442235536,0.8332860428030244,0.6922669421459869,1.416218204571374,0.0597953951162039,93404638.0,33761421.0,8534118.0,18093539.0,37015200.0,180329.0,26,23,4,52,52,6,0.6883162576862372,0.2487942296493835,0.0628895126643792,0.3272534635599211,0.6694849694337405,0.0032615670063383,0.490566037735849,0.4339622641509434,0.0754716981132075,0.4727272727272727,0.4727272727272727,0.0545454545454545,-0.0387650085763293,0.9179951553295518,0.9066895368782162,-0.08556086144919,0.0178387650085763,1.0377336538507975,0.9632933104631218,0.0370411947574319,0.020926243567753,1.383622432330879,0.1300171526586621,0.3247182608790697,-0.4206907397843569,0.3716197814568344,0.918279199083124,-0.9898800208823112,0.361062794126316,2.1033059418002558,1.0155697212461583,0.743511817703817,0.0596279456580408,19.27608307881486,0.0661510796707176,2.9588810095060785,-0.842909762335838,0.404816175620956,1.98952664680691,-0.9043204580090556,0.7108392754451888,2.026825354994245,2.0953731597371625,0.7064714171104663,0.7734906476868205,13.935389268595165,0.8930814379192283,2.634432795207123,11,5,0.688,468,303,165,0.667,0.583,3.9749297183988963,-1.8787184963718573,3.0878552822765846,2
172,buffalo-bills,2012,1.1207398013921,0.9311629021983634,0.6282138777611694,1.3289917372356503,0.705354835516806,1.108438310432001,42895478.0,32898059.0,3699141.0,31774358.0,19273212.0,1892945.0,26,24,4,28,32,2,0.5396154599295296,0.4138501787548282,0.0465343613156421,0.6001898168161001,0.3640541086538353,0.0357560745300645,0.4814814814814814,0.4444444444444444,0.074074074074074,0.4516129032258064,0.5161290322580645,0.032258064516129,-0.07168458781362,0.8611094427115658,0.9605734767025088,-0.1495314214716181,0.029868578255675,1.0661352054096114,0.933094384707288,0.0640422289647526,0.041816009557945,2.296225113317784,0.1063321385902031,0.8312800194301284,0.0497960701009928,1.1367789351593496,0.7779042874086636,0.128201184015256,-0.0605743568865704,0.899073169416501,1.1398052767456297,-0.1063890048679246,0.0107782867855776,1.3014029231199014,0.0822904358457067,0.2634643434767996,0.2258080666815574,1.320132130921,1.6365177377151694,0.2777329046966348,-0.2082519358435504,0.8433001701147567,2.4497315386277503,-0.1704314184091165,-0.4802244326708316,0.5667553215126686,1.7366521881931705,-0.5678260083013857,6,10,0.375,344,435,-91,0.333,0.417,1.7013140450020683,-0.40344823811575464,2.3536491818509466,2
173,baltimore-ravens,2015,1.2872264424218518,0.5882987786479056,1.4341043081186935,0.6772215989650873,1.21112088874323,0.0015456560235787,43792136.0,16307900.0,5421000.0,19278384.0,56416630.0,1000.0,27,22,3,44,72,1,0.6683675758728845,0.2488956371202677,0.0827367870068477,0.2546816269612294,0.7453051623035263,1.3210735244262663e-05,0.5192307692307693,0.4230769230769231,0.0576923076923076,0.376068376068376,0.6153846153846154,0.0085470085470085,-0.1923076923076923,0.6874988828143154,1.0384615384615383,-0.3746927108065203,0.1431623931623932,1.3806781468331095,0.8952991452991453,0.3225767151390945,0.0491452991452991,6.749210342389941,0.0662393162393162,1.9094428449115173,-0.4964095251832585,0.3339508643682794,0.994200799423794,-1.0967573917572522,0.4136859489116551,2.624315540669489,0.923049202834114,0.9648216118132824,0.0827235762716034,5822.132745752985,0.0827499977420919,8.669434011207965,-0.6228221100953245,0.4857469624782174,1.7994196673911356,-0.7220657441905528,0.6100048434567645,1.9007434843269488,1.9644480413869392,0.6422458940358542,1.4325586520951148,927.2289935550052,1.4356499641422722,6.83220125884762,5,11,0.313,328,401,-73,0.5,0.333,4.446472591269656,-0.9087921011163045,1.9062670305266678,2
174,pittsburgh-steelers,2024,1.4270820562990547,0.5834808422917134,0.6342964066047427,0.5456008006303814,1.3971814620323664,1.0448305568816316,127747535.0,48052724.0,6813607.0,16135944.0,46955830.0,2106851.0,25,23,3,44,50,3,0.6995500275975758,0.2631384190727335,0.0373115533296907,0.2474890229663585,0.720196629913591,0.0323143471200504,0.4901960784313725,0.4509803921568627,0.0588235294117647,0.4536082474226804,0.5154639175257731,0.0309278350515463,-0.0644835253689103,0.8749002634778026,0.9664443096826358,-0.1336431663292115,0.0365878310086921,1.0806571541840724,0.9438043258540528,0.0775713721838913,0.0278956943602183,1.9018992895700293,0.0897513644633111,0.6428700128239363,-0.4570582108408575,0.3653697376153608,0.9833350489863244,-1.0068416580752917,0.4520610046312172,2.826578700882281,0.9470390505639344,1.0390684701698834,0.0049972062096402,1.1546078459587494,0.0696259004497412,0.1437875600037228,-0.813700619740653,0.417612486663318,1.98066230432408,-0.8731996279961824,0.8814812556686733,2.6156109724165537,1.972682856929436,0.9614984124167648,-0.4105341502768889,0.6070800622617506,1.6791269634863744,-0.4990930217821561,10,7,0.588,380,347,33,0.5,0.583,3.4848446104469,-2.1597343570945875,0.19383965637311737,2
175,baltimore-ravens,2014,1.065996732136104,0.9754198902676204,0.6164758294353434,0.92331458198396,1.0534562328028902,1.1749155771053386,51244023.0,41479493.0,3419411.0,11693684.0,15945215.0,1088794.0,26,23,3,41,49,3,0.532998366068052,0.4314357206952935,0.0355659132366544,0.4070526651757243,0.5550468323370067,0.0379005024872689,0.5,0.4423076923076923,0.0576923076923076,0.4408602150537634,0.5268817204301075,0.032258064516129,-0.0845740281224152,0.8394803533253576,0.9691894127377998,-0.1749699447000215,0.0591397849462365,1.1341437688934024,0.9408602150537636,0.1258799775968926,0.0254342431761786,1.7884060978725045,0.0899503722084367,0.5813421082354316,-0.1236111116417131,0.7772946682428264,0.9864825530323004,-0.2519334442597437,0.1259457008923276,1.309405642712878,0.9400510312437764,0.2695752025803442,-0.0023345892506145,0.9383773967430687,0.0734664157239234,-0.0635749525361299,-0.0780363425352699,0.9259226287453178,2.0288761230705106,-0.0769635768985341,0.1426821501521439,1.1545312923730366,1.989311314120064,0.1436953922311303,-0.5584397476699952,0.5246975329552036,1.791391406540682,-0.6449316879979263,10,6,0.625,409,302,107,0.5,0.5,1.8240169661309733,0.2081163966681308,0.07852905780904898,2
176,tampa-bay-buccaneers,2024,1.2835003172589812,0.7510529912372579,0.7120557625313407,0.7636484667683517,1.5038569485713258,0.2310045554208276,84305743.0,49332345.0,5612501.0,42022197.0,60977025.0,2230134.0,25,25,3,57,42,10,0.6054246779523497,0.354270278885499,0.0403050431621513,0.3993391064751931,0.5794678150458319,0.021193078478975,0.4716981132075472,0.4716981132075472,0.0566037735849056,0.5229357798165137,0.3853211009174312,0.091743119266055,0.0863770122901159,1.2241657358466056,0.8570192141249784,0.2022617000248795,-0.0512376666089665,0.90201747403014,0.9946338930240608,-0.103119266570448,-0.0351393456811493,0.6169744070544347,0.1483468928509607,-0.4829100690788967,-0.2251975361603329,0.611370741076858,0.9337380939313308,-0.4920489035860938,0.2060855714771565,1.5160627949348195,1.0047637844275428,0.4161183595550665,0.0191119646831763,1.9017124619093413,0.0614981216411263,0.6427795864741969,-0.7528039573340679,0.499417509446795,2.2549099398085835,-0.6943115093212482,0.5198518504906294,1.6807453853016607,2.047148784027333,0.5192381558638115,0.4810512071105131,3.0824183480530323,0.9430603179521684,1.1257158712172486,10,7,0.588,502,385,117,0.667,0.667,1.5640775972787924,-1.8454547464380628,0.12937334108613122,2
177,los-angeles-chargers,2023,1.11062956212243,0.9430885904310496,0.4965017381572081,1.052720815730745,0.9789191558671224,0.4251635367087882,72214902.0,56604112.0,3725000.0,40776243.0,44391335.0,803334.0,26,24,3,41,48,2,0.5448371436827015,0.4270589843461357,0.0281038719711627,0.4743027851094565,0.5163529613365041,0.0093442535540393,0.490566037735849,0.4528301886792453,0.0566037735849056,0.4505494505494505,0.5274725274725275,0.0219780219780219,-0.0746423387932821,0.8584889384857899,0.9803027161517728,-0.1525792750958585,0.0400165871863985,1.0888148866294531,0.9411154882852996,0.0850918832316311,0.0346257516068836,2.5753545194825707,0.0785817955629276,0.9460048686185992,-0.0892939769903683,0.8270663465827941,0.94341194568264,-0.189868019968156,0.0705343585732449,1.1487092466634392,1.019139928792158,0.1386407532225174,0.0187596184171234,3.007288331841503,0.037448125525202,1.1010743679399286,-0.0358305654360727,0.9633968457781592,1.922007746298172,-0.0372887984983154,0.0579087463916849,1.055007643544927,2.163350377853175,0.0535489123578843,0.0713382014484199,1.1677872806623135,0.9216652748659964,0.1551127591886684,5,12,0.294,346,398,-52,0.167,0.25,1.524390306639579,-0.28792956148812826,-0.3451075472260471,2
178,denver-broncos,2011,1.4052156280641548,0.6272333481027017,0.5864738408833552,1.170329781740137,0.8107446869554032,0.0,65203955.0,27025605.0,3887600.0,8031908.0,5007686.0,0.0,28,26,4,10,9,0,0.6783799583757989,0.2811735698391421,0.0404464717850589,0.6159630430211247,0.3840369569788752,0.0,0.4827586206896552,0.4482758620689655,0.0689655172413793,0.5263157894736842,0.4736842105263157,0.0,-0.0254083484573502,0.9463581553894882,0.9219600725952812,-0.0551319510368562,-0.0435571687840289,0.9172396365550354,1.009074410163339,-0.0863844427705896,0.0689655172413793,68965.51724137932,0.0689655172413793,,-0.102863387139733,0.732150467758604,0.6652105268180174,-0.3117656725817853,0.0624169153546741,1.1013304527461412,1.2943430013969237,0.0965204255409959,0.0404464717850589,40446.47178505898,0.0404464717850589,,-0.1835113388527015,0.7736499351086945,1.437978035058105,-0.2566341936215682,0.2348858463240177,1.2006995372494371,2.575545409804292,0.1829050462881122,0.5864738408833552,586473.8408833552,0.5864738408833552,,8,8,0.5,309,390,-81,0.5,0.5,3.24661429660148,-2.0528916043861565,1.4649794127613418,2
179,tampa-bay-buccaneers,2013,1.2231592297638958,0.7907346424672475,0.8888490221508524,0.4743345949323213,1.2698463146359764,2.329855264250857,52952938.0,34232438.0,4810000.0,6539302.0,26259655.0,2920000.0,24,24,3,22,33,2,0.575604343418304,0.372110419984587,0.0522852365971089,0.1830765103247555,0.7351741821576705,0.0817493075175739,0.4705882352941176,0.4705882352941176,0.0588235294117647,0.3859649122807017,0.5789473684210527,0.0350877192982456,-0.108359133126935,0.8128328206149675,1.0495356037151704,-0.2072276982818036,0.0846233230134159,1.2192481779372075,0.8565531475748194,0.1982365461918619,0.023735810113519,1.676422810185204,0.0939112487100103,0.5166792434800076,-0.3630637621730834,0.5061520424186216,1.1072846021422575,-0.6809154883705425,0.3925278330935484,3.144047252976388,0.7586808537430596,1.1455126413296228,-0.0294640709204649,0.6395723537293014,0.1340345441146829,-0.4469363975947983,-0.4791116721687289,0.6227005667164994,2.060580957103224,-0.4736882423626384,0.7488246348315746,2.5786789834703794,1.697493824696217,0.9472780634495512,-1.4410062421000052,0.3815038016676333,3.2187042864017097,-0.963633338204676,4,12,0.25,288,389,-101,0.167,0.167,1.2828355257080633,-1.5700192131045116,0.8780517659950914,2
180,los-angeles-rams,2014,1.245328296016489,0.8262900421180283,0.4031805155456892,0.4133676294676784,1.5531105207876177,0.0,53735177.0,35653925.0,2087640.0,7934001.0,31616388.0,0.0,25,25,3,33,35,0,0.5874190075549477,0.3897594538292586,0.0228215386157937,0.2006048790063733,0.7993951209936266,0.0,0.4716981132075472,0.4716981132075472,0.0566037735849056,0.4852941176470588,0.5147058823529411,0.0,-0.0430077691453939,0.9164402680049996,0.9864039955604884,-0.0872562678547307,-0.0135960044395116,0.9719819879799402,0.956992230854606,-0.0284158855804793,0.0566037735849056,56603.77358490566,0.0566037735849056,,-0.409635667164368,0.4875673569003546,1.1891545748228851,-0.7183242644060781,0.3868141285485743,2.9282242896594526,0.788023886561321,1.0743978971858543,0.0228215386157937,22821.53861579373,0.0228215386157937,,-0.7268204786695892,0.5320223506545094,2.3794005629056456,-0.6310685677864567,0.8319606665488106,3.01263377828206,1.6586959254841676,1.1028155085600484,0.4031805155456892,403180.5155456892,0.4031805155456892,,6,10,0.375,324,354,-30,0.333,0.333,1.2631784300777846,-1.5255649457949167,-0.5694911629938977,2
181,pittsburgh-steelers,2022,1.2504448282400051,0.7587297338601594,0.7596402843720147,0.8309920619460356,1.3656319222556896,0.1314838400416663,97291250.0,54492188.0,6819698.0,25194028.0,26560573.0,300855.0,26,24,3,53,34,4,0.6134257647969836,0.3435757285404495,0.0429985066625668,0.4839843877268119,0.5102361028208071,0.0057795094523809,0.490566037735849,0.4528301886792453,0.0566037735849056,0.5824175824175825,0.3736263736263736,0.0439560439560439,0.0792038150528716,1.2119834376270149,0.8264565623056189,0.1922604305604008,-0.0918515446817334,0.8422911846314048,1.0729836201534315,-0.1716274610861089,0.0126477296288617,1.2877065537325063,0.1005598175409496,0.2528804372823374,-0.1666603742803575,0.6733648467369723,0.8538118313612566,-0.3954650657033199,0.1294413770701716,1.2674468699935937,1.0974101525237956,0.2370061686276133,0.0372189972101859,7.438532367567739,0.0487780161149478,2.0066968233137152,-0.6069021883955302,0.5555883440528986,2.124361656115849,-0.5877263293569701,0.4194527662939695,1.5047596490296673,2.0814368901860405,0.4086339835208483,0.6281564443303483,5.7773982470624885,0.891124124413681,1.7539547674909193,9,8,0.529,308,346,-38,0.5,0.417,2.422951334566974,-1.193542274734258,0.22230062797502997,2
182,kansas-city-chiefs,2015,1.0823490746767763,0.9346111176488736,0.7876227841599069,0.6418074612312737,1.2231190057447352,1.0620546800176212,56519504.0,43173417.0,4745666.0,8945005.0,27039856.0,1020833.0,26,23,3,29,46,2,0.5411745373383882,0.4133856866523864,0.0454397760092254,0.2417196931909992,0.7306944709643872,0.0275858358446135,0.5,0.4423076923076923,0.0576923076923076,0.3766233766233766,0.5974025974025974,0.0259740259740259,-0.1550949050949051,0.740383376047225,1.0397102897102897,-0.3005848903323219,0.1233766233766233,1.3275826819356376,0.8766233766233766,0.2833617561363757,0.0317182817182817,2.221068335022948,0.0836663336663336,0.7980056453046397,-0.3173087843120007,0.5657427794191626,1.1440801576167736,-0.5696133383516833,0.299454844147389,2.238842401923657,0.7828942305293873,0.8059607952631026,0.0178539401646118,1.6471543262580344,0.0730256118538389,0.4990711551460943,-0.2885078880958616,0.7641205386709428,2.157730123393609,-0.2690286591678212,0.4405416134455026,1.686405119372141,1.7241565359080502,0.5226000389570391,-0.2744318958577142,0.7416021579460308,1.849677464177528,-0.2989410852405061,11,5,0.688,405,287,118,0.833,0.833,1.9699188725026209,0.05114794229371048,0.47426164117919806,2
183,denver-broncos,2012,1.1601627788112006,0.9354044954446972,0.3788127173366641,1.22743424761776,0.7219649974986483,0.3944058375473166,62385489.0,50299551.0,3133833.0,11933696.0,5013775.0,182600.0,26,26,4,21,15,1,0.5386470044480575,0.4342949443136094,0.0270580512383331,0.6966518702695395,0.292688512499452,0.0106596172310085,0.4642857142857143,0.4642857142857143,0.0714285714285714,0.5675675675675675,0.4054054054054054,0.027027027027027,0.0588803088803088,1.1452352703244284,0.8696911196911197,0.135612246008557,-0.1032818532818532,0.8180257696008549,1.031853281853282,-0.2008592858522412,0.0444015444015443,2.6427593607607944,0.0984555984555984,0.9718375836154496,0.1416064318141574,1.4838076725226792,0.7269834568130614,0.3946138382003218,-0.158004865821482,0.7731928302249749,1.2352988747175968,-0.257224948048846,0.0163984340073245,2.538131765919646,0.0377176684693417,0.931465242064204,0.213439497946049,1.2956351111901896,1.6573694929433456,0.2590020773355235,-0.0672714688065594,0.9451926535944576,2.3875970264289608,-0.0563656440811308,-0.0155931202106525,0.960461841108975,0.7732185548839807,-0.0403383858923688,13,3,0.813,481,289,192,1.0,0.833,0.835691508503535,-1.0153997669412826,1.2817190567654713,2
184,chicago-bears,2011,1.0578025313561286,0.9210533815127993,1.1710292737276071,1.2257847670652462,0.8064701996583604,0.0,51442499.0,43192465.0,6101666.0,3971550.0,3048463.0,0.0,28,27,3,6,7,0,0.5106632909995104,0.4287662293249238,0.0605704796755658,0.5657468155685752,0.4342531844314248,0.0,0.4827586206896552,0.4655172413793103,0.0517241379310344,0.4615384615384615,0.5384615384615384,0.0,-0.0729442970822281,0.8645304141479501,1.0039787798408488,-0.1455666451311586,0.0212201591511936,1.0459747452156385,0.9442970822281168,0.0449512926243729,0.0517241379310344,51724.137931034486,0.0517241379310344,,-0.005486955106501,0.9873623437533792,0.8630194137563487,-0.0127158583840079,-0.0550835245690648,0.9026341365300632,1.0764101065680856,-0.102436013849396,0.0605704796755658,60570.47967556588,0.0605704796755658,,0.1145831818544388,1.142078454758184,1.7275235811711598,0.132850894024922,-0.1679822357091176,0.862958732086358,2.2835872984213745,-0.1473874628216575,1.1710292737276071,1171029.2737276072,1.1710292737276071,,8,8,0.5,353,341,12,0.5,0.583,0.8144663695117562,-0.4782011076610802,0.4502976631026126,2
185,indianapolis-colts,2015,1.0605357574125582,0.9105330264320164,1.16127023311237,1.2999724788359923,0.6722522916421564,0.0,57382851.0,43581984.0,7250000.0,23883292.0,11304050.0,0.0,26,23,3,59,54,0,0.530267878706279,0.4027357616910842,0.0669963596026367,0.678746692489589,0.321253307510411,0.0,0.5,0.4423076923076923,0.0576923076923076,0.5221238938053098,0.4778761061946903,0.0,-0.0355684138869979,0.925567863733345,0.9201837985023826,-0.0773455622276052,-0.0221238938053097,0.9576252845481836,1.02212389380531,-0.0432967210077274,0.0576923076923076,57692.307692307695,0.0576923076923076,,0.0814824541806732,1.253635366984247,0.7239890692014952,0.2260501070121399,-0.1484788137833099,0.7812444662040785,1.209014571195868,-0.2468652753778796,0.0669963596026367,66996.35960263674,0.0669963596026367,,0.23828073478986,1.3544493388909986,1.5827853180741729,0.3033960780269074,-0.2394367214234343,0.815813379794618,2.3605082362485508,-0.2035687084870302,1.16127023311237,1161270.23311237,1.16127023311237,,8,8,0.5,333,408,-75,0.667,0.5,1.9416260797663563,0.05035135730762234,1.3533297488266214,2
186,denver-broncos,2018,1.1540792133677775,0.8150102913903178,0.692472590386773,0.6508791838220194,1.2518890020220292,0.7261419449313113,74948204.0,35285595.0,4497055.0,16902503.0,48272368.0,1714271.0,30,20,3,33,49,3,0.6532523849251571,0.3075510533548369,0.039196561720006,0.2526942713661957,0.7216771894009345,0.0256285392328698,0.5660377358490566,0.3773584905660377,0.0566037735849056,0.388235294117647,0.5764705882352941,0.0352941176470588,-0.1991120976692563,0.6546003276956195,0.9538290788013318,-0.4237277663143252,0.1778024417314095,1.4579722308948542,0.9542730299667036,0.3770483540447173,0.0213096559378468,1.6037281459415254,0.0918978912319644,0.4723486765168555,-0.4141261360460976,0.4261609369269358,1.0292282427557713,-0.8529349663551481,0.4005581135589614,2.585138935894413,0.9059466562913528,0.9497807842779052,0.0135680224871362,1.5293510103270425,0.0648251009528758,0.4248689812756849,-0.4368787106317114,0.6510238839466155,2.066899293412347,-0.4292077223789014,0.5032000295457582,1.7731054686454488,1.804958397189797,0.5727333777957635,-0.0336693545445383,0.953631230903547,1.4186145353180843,-0.047476788579853,6,10,0.375,329,349,-20,0.333,0.333,5.882974913757018,1.4093249044124432,-0.0006200822971857289,2
187,green-bay-packers,2024,1.1425871186159913,0.9386647903746804,0.3024556885359616,1.3117127064435692,0.8541765002059157,0.1228400587889275,84893344.0,66952389.0,2696667.0,54766284.0,41446599.0,831695.0,25,24,3,37,43,6,0.5493207301038421,0.4332299032498524,0.0174493666463054,0.5643415132373495,0.4270882501029578,0.0085702366596926,0.4807692307692308,0.4615384615384615,0.0576923076923076,0.4302325581395348,0.5,0.0697674418604651,-0.0384615384615384,0.9230750769267692,0.9615384615384616,-0.080042541007217,0.0505366726296959,1.117461020121787,0.9110017889087656,0.1110612455722705,-0.0120751341681574,0.8269112245288587,0.1274597495527728,-0.1900406029353641,0.0061416531468946,1.014377915495214,0.8603181533528103,0.0142778417020668,-0.0150207831335074,0.973381797789192,1.1136622433411916,-0.0269770609498841,0.0088791299866128,2.035805023137845,0.026019603305998,0.7109486364636941,0.0844882901687645,1.0989106949649192,1.7928412905805962,0.0943204771936616,-0.1691255878275779,0.8710644045291496,2.4542998250595605,-0.1380384864546565,0.179615629747034,2.462170967246855,0.4252957473248892,0.9010467740388032,11,6,0.647,460,338,122,0.167,0.5,1.170215088588797,-0.654316437518044,-0.6517922872921329,2
188,detroit-lions,2019,1.0860463786709798,0.8708498052045751,1.215734085392773,0.7188671286699724,1.25130917331584,0.0289715243603356,51736952.0,35339451.0,6435000.0,25011389.0,58048707.0,56000.0,27,23,3,36,48,2,0.5532689098889897,0.3779159532019854,0.0688151369090248,0.3009211236292907,0.6984051199902364,0.0006737563804729,0.5094339622641509,0.4339622641509434,0.0566037735849056,0.4186046511627907,0.5581395348837209,0.0232558139534883,-0.1241772707327775,0.7775143302239319,0.9921017990346644,-0.2516508995972459,0.0908293111013602,1.2169782248497123,0.9280386134269416,0.1963728843246058,0.0333479596314172,2.4338576082737875,0.079859587538394,0.8894951582446368,-0.3204891667882509,0.5411120297847171,1.0763210731922217,-0.6141262964015726,0.2523477862596989,1.838578377741903,0.8541900335182804,0.6089944596408984,0.0681413805285519,101.98515923746248,0.0694888932894978,4.624841836607495,-0.380459368111265,0.6959503916578212,2.122158978520415,-0.3624757492387231,0.3671792500010074,1.5107727486546791,1.804913507340952,0.4126221947718866,1.1867625610324373,41.96162095758392,1.2447056097531086,3.736756236349531,3,12,0.219,341,423,-82,0.0,0.208,2.57054982933434,0.12876502455881958,1.2878385471358864,2
189,cleveland-browns,2015,1.1877712424464244,0.8440773123134293,0.5054660902458883,1.0151914319414033,0.990885140835158,0.0,61754149.0,37383472.0,2920000.0,14310369.0,23279570.0,0.0,27,23,3,27,45,0,0.6050910103028955,0.3662977015699787,0.0286112881271257,0.3806967869780262,0.6193032130219738,0.0,0.5094339622641509,0.4339622641509434,0.0566037735849056,0.375,0.625,0.0,-0.1910377358490566,0.6943385116998907,1.0589622641509435,-0.3647933640307855,0.1344339622641509,1.3584869434058868,0.8844339622641509,0.3063735017618588,0.0566037735849056,56603.77358490566,0.0566037735849056,,-0.253005511451995,0.5914665101058856,0.9856009145919524,-0.5251474857372923,0.2243942233248692,1.5894261301230554,0.9857877972809216,0.4633746792749142,0.0286112881271257,28611.288127125757,0.0286112881271257,,-0.1468078285217287,0.8518408700337736,1.8349624531485875,-0.1603543571328633,0.1725798105050211,1.1699961554825524,2.202962674387828,0.1570013048045211,0.5054660902458883,505466.09024588834,0.5054660902458883,,3,13,0.188,278,432,-154,0.167,0.167,3.002994448136452,-0.24403098982676194,-0.3681938919033745,2
190,arizona-cardinals,2014,1.2166986656481245,0.8515397198194521,0.3591138992208211,0.6478575244039233,1.2341424867121575,0.971192453020883,54661857.0,36785183.0,1861579.0,9924053.0,28643820.0,1352453.0,26,25,3,33,50,3,0.5858178760528007,0.3942313517682648,0.0199507721789345,0.2485964919224357,0.7175247015768358,0.0338788065007284,0.4814814814814814,0.4629629629629629,0.0555555555555555,0.3837209302325581,0.5813953488372093,0.0348837209302325,-0.1184323858742463,0.7962949266690224,1.0443583118001722,-0.2277834908715656,0.0977605512489233,1.254766651438648,0.8652024117140396,0.2269516971079449,0.0206718346253229,1.5925469395803244,0.0904392764857881,0.4653525832714495,-0.3232933498085709,0.5494316801501344,1.1117560533451003,-0.5988683072267632,0.3372213841303649,2.356491497651876,0.8344143679752364,0.8571755663480594,-0.0139280343217939,0.588869130008329,0.0538295786796629,-0.5295011880400086,-0.3826027668927054,0.6899843729581332,2.08568220653161,-0.3710851551914107,0.5688411412442012,1.8780314217020997,1.864556190052048,0.6302249340127223,-0.6120785538000618,0.3697655684393285,1.330306352241704,-0.9948832883370774,11,5,0.688,310,299,11,0.5,0.667,1.5879855110768308,-1.1114363420309654,-0.8077868845959819,2
191,san-francisco-49ers,2024,1.14454077145964,0.9116812530975767,0.37624344978182,1.026490153427056,1.0107413246036503,0.5976095108027165,80580903.0,54677413.0,2943251.0,46365733.0,58437595.0,2699354.0,27,23,3,50,64,5,0.5830679401775524,0.3956352607781936,0.0212967990442539,0.4312983837928806,0.5435919728960809,0.0251096433110385,0.5094339622641509,0.4339622641509434,0.0566037735849056,0.4201680672268907,0.5378151260504201,0.042016806722689,-0.1038528618994767,0.8068970845813938,0.9717773902013636,-0.2145568428992148,0.0892658950372601,1.2124499445578112,0.9296020294910416,0.1926450230994593,0.0145869668622165,1.3471377494423178,0.0986205803075947,0.2979998225872453,-0.1479567121178872,0.7278152597712618,0.9392272336742744,-0.3177054994620797,0.1517695563846717,1.3518867916063482,1.014366323970433,0.30150295516044,-0.0038128442667845,0.8481184165796342,0.0464064423552924,-0.1646880564354546,-0.0990600715060735,0.9019917647705916,1.922422577701227,-0.1031487920532885,0.1180506180325842,1.1150030544719869,2.171030924886696,0.1088580180575755,-0.2213660610208965,0.6295797061474805,0.9738529605845364,-0.4627001574780565,6,11,0.353,389,436,-47,0.167,0.333,2.70234886842973,0.06207599969707091,-0.6529627318433502,2
192,new-england-patriots,2023,1.1264974060931396,0.9209508924287704,0.4675665032078371,0.8922613838917411,1.1453483808745906,0.4773763555251079,70412840.0,49036810.0,3247301.0,35581012.0,60486459.0,3087000.0,27,23,3,37,49,6,0.5738760370663163,0.3996579344502212,0.0264660284834624,0.3588442522173307,0.6100225072049449,0.0311332405777244,0.5094339622641509,0.4339622641509434,0.0566037735849056,0.4021739130434782,0.532608695652174,0.0652173913043478,-0.0986464315012305,0.8147847620752792,0.9665709598031174,-0.2048289918886453,0.1072600492206726,1.2666975133008287,0.9116078753076292,0.2364150933346644,-0.0086136177194421,0.8679112203298418,0.1218211648892534,-0.1416481837681928,-0.2103645727547237,0.655151694532898,1.009680441655166,-0.4228859733174756,0.2150317848489856,1.5992298449548794,0.932720289283647,0.4695239089930105,-0.0046672120942619,0.8500617966701938,0.0575992690611869,-0.1624084466029124,-0.22439748844582,0.8040785700914519,2.066299273303361,-0.2180572047498688,0.2342360222013985,1.2625180960557207,2.0187587899848807,0.2331091032810676,-0.0098098523172707,0.97944843381505,0.944942858732945,-0.0207635496684326,4,13,0.235,236,366,-130,0.333,0.333,2.6162475830325067,0.14007449125679852,-0.43870913942890766,2
193,green-bay-packers,2013,1.0674412370870934,0.9581959842569094,0.7360067326088848,0.6921039621779144,1.1414657471074448,0.0,53749864.0,42681751.0,4276250.0,4352024.0,15621964.0,0.0,26,23,3,17,37,0,0.5337206185435467,0.4238174545751714,0.0424619268812818,0.2178845806856397,0.7821154193143602,0.0,0.5,0.4423076923076923,0.0576923076923076,0.3148148148148148,0.6851851851851852,0.0,-0.2428774928774929,0.6455292034064432,1.1274928774928776,-0.4376825673236129,0.1851851851851851,1.5882302491509734,0.8148148148148149,0.4626223454805699,0.0576923076923076,57692.307692307695,0.0576923076923076,,-0.3582979647391888,0.5418853819060717,1.2059328738895316,-0.6126984129003505,0.3158360378579069,2.4495453846190327,0.7516051992291864,0.8959043236780794,0.0424619268812818,42461.92688128182,0.0424619268812818,,-0.1832697628505353,0.8394427491515141,2.099661731364354,-0.175015957527811,0.375337274909179,1.5423112033875204,1.7595451992650075,0.4332830096183421,0.7360067326088848,736006.7326088848,0.7360067326088848,,8,7,0.531,417,428,-11,0.583,0.542,1.8657571894744875,0.15779221854565834,0.35753327211813074,2
194,green-bay-packers,2014,1.067211782398146,0.9497063514561804,0.7974431467672463,1.314991701224193,0.749859531380788,0.0,65959394.0,52175049.0,5476250.0,6068726.0,4357823.0,0.0,27,24,3,27,34,0,0.5336058911990729,0.4220917117583023,0.0443023970426247,0.582045507099233,0.4179544929007671,0.0,0.5,0.4444444444444444,0.0555555555555555,0.4426229508196721,0.5573770491803278,0.0,-0.1129326047358834,0.7973841903139853,1.0018214936247722,-0.2264164207777479,0.0573770491803278,1.1296270775091954,0.9426229508196722,0.1218895583503299,0.0555555555555555,55555.55555555556,0.0555555555555555,,0.0041372188575352,1.0098963141477777,0.8400462046590694,0.0098500354742798,-0.0484396159001601,0.9167753516096584,1.1156513982983058,-0.0868909445850735,0.0443023970426247,44302.39704262479,0.0443023970426247,,0.1998468200753923,1.2665106532642778,1.6995658828369682,0.2362666549592983,-0.247779918826047,0.8115723999111363,2.382203483622339,-0.2087807415974715,0.7974431467672463,797443.1467672463,0.7974431467672463,,12,4,0.75,486,348,138,0.833,0.75,1.8105080308171397,0.11114346925482388,0.19444672754812997,2
195,new-york-jets,2017,1.18750423117934,0.8506266768348245,0.3453648788707787,0.6698665039808676,1.3111145113684444,0.3108512094302987,61742911.0,34750062.0,1923948.0,12821946.0,32983451.0,680002.0,28,22,3,35,46,4,0.6273607259060665,0.3530903186861536,0.0195489554077799,0.2758273839921219,0.7095443237993935,0.0146282922084846,0.5283018867924528,0.4150943396226415,0.0566037735849056,0.4117647058823529,0.5411764705882353,0.0470588235294117,-0.1260821309655937,0.7670207319817894,0.9562708102108768,-0.265239038928957,0.1165371809100999,1.2830157520291303,0.9400665926748056,0.2492152559108569,0.0095449500554938,1.2028046290808774,0.1036625971143174,0.1846736872228047,-0.3564540051132399,0.4976289841436277,1.062634642485547,-0.6978976592438957,0.3515333419139446,2.2744603612802408,0.9031881098981884,0.8217444144107864,0.0049206631992952,1.3362885318841329,0.0341772476162645,0.2899471710961545,-0.4604878345336198,0.6487808812108431,2.161741188203269,-0.4326590689360594,0.5176377271984725,1.772744944518546,1.857370735160208,0.572530003526321,0.0345136694404799,1.111025974380982,0.6562160883010775,0.1052867851492201,5,11,0.313,298,382,-84,0.333,0.417,3.9776506420874647,0.3093889741003056,-0.759033772617679,2
196,new-york-jets,2016,1.2000545029702716,0.7724885603088986,0.8770790099092424,0.6536807255242487,1.307722316311711,0.0027991817386188,60591988.0,32038789.0,4744781.0,17118364.0,43586045.0,3332.0,28,23,3,44,56,2,0.6222504830216223,0.3290229053167531,0.0487266116616245,0.2819799208143818,0.7179651932691746,5.488591644350594e-05,0.5185185185185185,0.4259259259259259,0.0555555555555555,0.4313725490196078,0.5490196078431373,0.0196078431372549,-0.1230936819172113,0.7757922377435034,0.9749455337690632,-0.2538681816895848,0.0871459694989106,1.202017415525284,0.9498910675381264,0.1840032533673771,0.0359477124183006,2.833188840702457,0.0751633986928104,1.0414208759666186,-0.3889422879524215,0.4582707492376291,1.0469880985859277,-0.7802920746934219,0.3402705622072405,2.206711295305076,0.9042304038360042,0.7915049126033631,0.048671725745181,871.8942939923231,0.048781497578068,6.770688716530969,-0.5352337560028125,0.5907125388630503,2.0802108766206096,-0.5264244832519962,0.5463737774460229,1.83583914940843,1.8537352284945203,0.6075025124008545,0.8742798281706236,313.222173337172,0.8798781916478612,5.746913897853907,5,11,0.313,275,409,-134,0.333,0.333,3.636402727051286,-0.22034327714637594,0.3153530379217603,2
197,tennessee-titans,2016,1.0534100703003562,0.948568194559526,0.9485671675873706,0.8539117615333415,1.1842923101261038,0.0010481973669456,60005998.0,49877382.0,6234666.0,13441690.0,20901987.0,1000.0,26,24,3,33,37,2,0.5167672042982879,0.4295403145175212,0.0536924811841907,0.3913762240361148,0.608594659370359,2.911659352626901e-05,0.490566037735849,0.4528301886792453,0.0566037735849056,0.4583333333333333,0.5138888888888888,0.0277777777777777,-0.0610587002096435,0.8811813551310296,0.966719077568134,-0.1264896144455029,0.0322327044025157,1.0703235652631649,0.9488993710691824,0.0679630386625944,0.0288259958071278,2.0376624932068483,0.0843815513626834,0.7118209807306952,-0.1790543448528377,0.7057893166078693,1.0381349738878802,-0.3484361763595022,0.1253909802621731,1.3203813930945625,0.9081434283344028,0.2779225641328384,0.0536633645906645,1782.8205284026517,0.053721597777717,7.485970580111797,-0.2357241155665776,0.8009571500986714,2.13286050468563,-0.2219467746320841,0.1994983087670147,1.2336272717236176,1.9073218318336973,0.2099597803083965,0.9475189702204247,904.0883988765072,0.9496153649543164,6.806928196200266,9,7,0.563,381,378,3,0.333,0.5,1.3084096980362183,-0.10907144728241956,0.7063291156560203,2
198,green-bay-packers,2023,1.2902176303665078,0.7820178867806458,0.3980373571070516,0.5277265779510808,1.5820046207209653,0.481464195137226,73451063.0,44519656.0,2719194.0,26554531.0,69221272.0,1580000.0,25,25,3,46,40,3,0.6085932218709943,0.3688763616889839,0.0225304164400217,0.2727575571432552,0.7110133126835798,0.0162291301731649,0.4716981132075472,0.4716981132075472,0.0566037735849056,0.5168539325842697,0.449438202247191,0.0337078651685393,0.0222599109603561,1.0495259666915169,0.9211363154547382,0.0483407219345105,-0.0451558193767225,0.9126315402448828,0.9885520457918168,-0.0914209302238606,0.0228959084163663,1.6791954668866838,0.0903116387534449,0.5183324564640113,-0.3421369509945959,0.5188030045369053,1.0798896743725637,-0.6562283243046854,0.335835664727739,2.231252534274684,0.8813507790142495,0.8025647454868459,0.0063012862668568,1.3881845801381083,0.0387595466131867,0.3280412195103574,-0.7999867339403195,0.4943205488892371,2.364022507501611,-0.704569809095184,0.762491052415427,2.4448554221399967,1.8179442083175887,0.8939867641921262,-0.0834268380301743,0.8267209366891081,0.8795015522442776,-0.1902855691014936,9,8,0.529,383,350,33,0.667,0.583,1.5171581560105105,-1.7755478019929742,-0.5924085175449253,2
199,indianapolis-colts,2014,1.1281538601642749,0.8491076937414386,1.0461742265585894,1.1961212385897606,0.8693592601835095,0.0142696833704016,53925257.0,35903861.0,5770000.0,14474394.0,13647842.0,4667.0,26,23,3,37,48,1,0.5640769300821373,0.3755668645394824,0.0603562053783801,0.5146103003235016,0.4852237731256797,0.0001659265508186,0.5,0.4423076923076923,0.0576923076923076,0.4302325581395348,0.5581395348837209,0.0116279069767441,-0.1158318425760286,0.7924665288820845,1.000447227191413,-0.2326027481047132,0.0697674418604651,1.1621594609266586,0.9302325581395348,0.1502818787257149,0.0460644007155635,4.961111805923153,0.0693202146690518,1.601647203221091,-0.1096569085861972,0.7740059562915301,0.8607906376651622,-0.2561730473167574,0.0494666297586356,1.09612231547877,1.078687230405639,0.0917805568192834,0.0601902788275615,361.57342904641337,0.0605221319291987,5.8904817123661095,-0.0202515664420709,0.9767040577196432,1.7184669539249482,-0.0235704043111588,-0.0679673784254859,0.9431760599103808,2.3242750987540357,-0.0585014254519805,1.0319045431881877,73.30932930152633,1.060443909928991,4.29468883225766,11,5,0.688,458,369,89,1.0,0.75,2.3175801718783307,-0.31142318901751026,1.0665519462964148,2
200,new-orleans-saints,2022,1.0380941749108537,0.9510142180335078,1.0490386815342565,0.3867411924518722,1.3930946902157944,0.0045746622731697,68180679.0,55521227.0,7655500.0,10331895.0,65129574.0,9166.0,27,24,3,40,70,3,0.5190470874554267,0.4226729857926701,0.0582799267519031,0.1368995371511052,0.8629790116381026,0.0001214512107921,0.5,0.4444444444444444,0.0555555555555555,0.3539823008849557,0.6194690265486725,0.0265486725663716,-0.1750245821042281,0.717459159276246,1.0639134709931168,-0.3320370038402899,0.1460176991150442,1.4124960096987726,0.8539823008849557,0.3453603590404495,0.0290068829891838,2.0925137745737503,0.0821042281219272,0.7383841060287726,-0.4403060258454325,0.4897830541756757,1.2856519974307727,-0.7137903666064959,0.3821475503043215,3.791417464509462,0.655946624606532,1.3327418769687769,0.058158475541111,475.9440627405744,0.0584013779626952,6.165317490494382,-0.4420804721822865,0.6826625225480334,2.3441089082493023,-0.3817536004871157,0.6513529824589814,2.6842020218418203,1.424835367362726,0.9873844485227016,1.0444640192610866,229.2648842737987,1.053613343807426,5.434878988231175,7,10,0.412,330,345,-15,0.333,0.417,1.7018671850188736,0.1996391981160032,0.7683771587296389,2
201,cincinnati-bengals,2018,1.2654230967475926,0.7652956215807039,0.7440106805975295,0.7404663290171012,1.252495829718459,0.1800383952660467,66969515.0,40501455.0,4725000.0,23086629.0,44836265.0,207901.0,25,25,3,27,31,1,0.5968976871450908,0.360988500745615,0.0421138121092941,0.3388574726010462,0.6580910291741054,0.0030514982248482,0.4716981132075472,0.4716981132075472,0.0566037735849056,0.4576271186440678,0.5254237288135594,0.0169491525423728,-0.0537256156060121,0.8977463132971869,0.9971218420211064,-0.1078656324895905,0.0140709945634793,1.0307454764911916,0.929325231851615,0.0302844240324243,0.0396546210425327,3.339425615398125,0.0735529261272785,1.2058164872727517,-0.2971025284284904,0.5485380231677468,1.0190795299197204,-0.6004959094094917,0.2580402145440446,1.76149553695193,0.9357551597461372,0.5661648604601386,0.0390623138844458,13.796506666727954,0.0451653103341423,2.6244391649225443,-0.4872002081377551,0.6110160149089798,2.017791451299163,-0.4926308024899742,0.5249567677304914,1.7089519647373494,2.005889425764693,0.5358810867537994,0.5639722853314828,4.132488222914183,0.9240490758635762,1.4188810449052782,6,10,0.375,368,455,-87,0.167,0.333,1.4699001736934845,-1.7550228228373654,0.20713267772609575,2
202,houston-texans,2015,1.32915058354225,0.6811735287739827,0.5916978886999645,0.2372355396618198,1.6123219597012528,0.1844757538941008,68213686.0,30924991.0,3503848.0,3982664.0,35614930.0,162997.0,26,23,3,38,50,2,0.6645752917711251,0.3012882915731077,0.0341364166557671,0.1001661167461016,0.8957344220562516,0.0040994611976466,0.5,0.4423076923076923,0.0576923076923076,0.4222222222222222,0.5555555555555556,0.0222222222222222,-0.1132478632478632,0.7961524130795025,0.997863247863248,-0.2279623768815294,0.0777777777777777,1.184207721613291,0.9222222222222224,0.1690759616236861,0.0354700854700854,2.596037024487744,0.0799145299145299,0.9540033940525844,-0.5944461304831439,0.3363585766000744,1.1970227136293594,-1.0895741767269695,0.5644091750250234,6.634665280978941,0.7647414085172267,1.892309723752241,0.0300369554581205,8.325018823579791,0.0382358778534138,2.119294590754352,-0.93114843092727,0.4224795812001569,2.2934954884752354,-0.8616126938194859,1.0919150438804304,5.602638554064866,1.56638612320407,1.7232384095038435,0.4072221348058637,3.207438748838944,0.7761736425940653,1.1654744111445143,9,7,0.563,339,313,26,0.833,0.583,3.4040691433065056,-1.3475784199085308,-0.048503106290442126,2
203,carolina-panthers,2023,1.1297172730390994,0.8971640458135715,0.6209535247440577,0.6425291129428691,1.396209996068843,0.2401779212957499,78532132.0,53126787.0,4796166.0,29421396.0,66136996.0,758465.0,27,23,3,58,60,4,0.5755163466425601,0.3893353406360781,0.0351483127213617,0.3054646602515279,0.6866606538043492,0.0078746859441229,0.5094339622641509,0.4339622641509434,0.0566037735849056,0.4754098360655737,0.4918032786885246,0.0327868852459016,-0.0578410145375811,0.8823881429176944,0.925765542839468,-0.1251209440979113,0.0340241261985772,1.0715657356070116,0.9848437983297248,0.0691228461540174,0.023816888339004,1.7263624402851938,0.0893906588308073,0.5460342257050822,-0.297325313168271,0.5669973537607965,1.0759959944404274,-0.5673980738772085,0.2700516863910322,1.8840623399981065,0.880981006894088,0.6334320023463035,0.0272736267772388,4.462889070327949,0.0430229986654847,1.495824780396457,-0.4990459502552715,0.6425705343530578,2.2933740418824144,-0.4422775725212768,0.4871881600962303,1.7582324163218617,1.7722463859819686,0.5643098806627529,0.3807756034483078,2.5853789391427573,0.8611314460398076,0.9498736991866736,2,15,0.118,236,416,-180,0.167,0.083,2.6776157321976064,0.06802417904256987,-0.08781860061617966,2
204,minnesota-vikings,2014,1.0974295552414808,0.9537882578338944,0.4928279401555174,0.3917485748335851,1.3717092042683643,0.0,48309947.0,37321523.0,2410531.0,6237710.0,35740418.0,0.0,27,24,3,33,54,0,0.5487147776207404,0.4239058923706197,0.0273793300086398,0.1485942870058426,0.8514057129941573,0.0,0.5,0.4444444444444444,0.0555555555555555,0.3793103448275862,0.6206896551724138,0.0,-0.1762452107279694,0.7160482290827913,1.0651340996168583,-0.3340055052383642,0.1206896551724138,1.3181783429843688,0.8793103448275862,0.2762527402659971,0.0555555555555555,55555.55555555556,0.0555555555555555,,-0.4274998206235376,0.4978888302158932,1.275311605364777,-0.697376100364402,0.4001204906148977,3.6926795504568415,0.697309064626583,1.3063541823961224,0.0273793300086398,27379.330008639856,0.0273793300086398,,-0.41792094643447,0.6953278140426323,2.325497462102259,-0.3633708212893043,0.7056809804078956,2.801354808636788,1.489178130075066,1.0301040716057734,0.4928279401555174,492827.9401555174,0.4928279401555174,,7,9,0.438,325,343,-18,0.167,0.5,1.9116751542393529,0.0339351421477716,-0.49910753086238147,2
205,tennessee-titans,2015,1.1867779258210789,0.8124738115756276,0.9439762130870862,1.386069017339108,0.7820598177229411,0.0036487500086737,51697096.0,34030844.0,4744666.0,20895026.0,17291372.0,3667.0,26,25,3,30,44,2,0.5714115939138528,0.3761452831368646,0.0524431229492825,0.5471325068443847,0.4527714734185448,9.60197370703611e-05,0.4814814814814814,0.4629629629629629,0.0555555555555555,0.3947368421052631,0.5789473684210527,0.0263157894736842,-0.1159844054580896,0.7996619184290769,1.0419103313840157,-0.2235640826015721,0.0867446393762182,1.219749996386429,0.8762183235867447,0.198647993672179,0.0292397660818713,2.1110308919372174,0.0818713450292397,0.7471944023902047,-0.0766261902816802,0.8307600510624557,0.8289167565554094,-0.1854116144957601,0.024279087069468,1.0443732412030344,1.1185441007582375,0.0434186863500528,0.0523471032122122,540.5407655480403,0.0525391426863529,6.292589124250987,0.0304139938526865,1.0388882720671742,1.5945336292985686,0.0381524030402128,-0.1992910915180292,0.8562178757025436,2.572846943160187,-0.1552295649199123,0.9403274630784124,258.6413345691358,0.94762496309576,5.555443352700747,3,13,0.188,299,423,-124,0.167,0.083,1.5698634702416707,-1.1368123499733689,0.5161689117198902,2
206,indianapolis-colts,2013,1.0470967420455557,0.9151048003793448,1.226992518681688,0.901116102845122,1.1194212294496366,0.0050790105135695,52664935.0,39207545.0,6857000.0,12831519.0,17482683.0,2333.0,27,23,3,31,34,1,0.533426642174151,0.3971209511080176,0.0694524067178313,0.4232515028514967,0.5766715424437522,7.695470475105417e-05,0.5094339622641509,0.4339622641509434,0.0566037735849056,0.4696969696969697,0.5151515151515151,0.0151515151515151,-0.0811892510005717,0.842395701054294,0.9491137793024584,-0.1715031170421235,0.0397369925671812,1.084599029867677,0.9791309319611208,0.0812123239245313,0.0414522584333905,3.7356025068383225,0.0717552887364208,1.3179267858309307,-0.1795505913357346,0.6886420314467325,0.9737924935517698,-0.3730311728317656,0.1101751393226543,1.260303574297611,0.9566781450256476,0.2313544985964299,0.0693754520130803,890.9328428556738,0.0695293614225824,6.792283450098594,-0.2043164290702918,0.8174795678564072,2.0345260298289816,-0.2015282772004736,0.1459806392004337,1.161998522433464,1.9482128448906777,0.1501423418781595,1.2219135081681185,241.5334604926863,1.2320715291952575,5.487008831260388,11,5,0.688,391,336,55,1.0,0.75,2.334292123688574,0.36081706803314545,1.324079976088869,2
207,indianapolis-colts,2012,1.346217075910059,0.6473255083656215,1.171369961580787,0.7402048469871233,1.2727849106635205,0.0,47048126.0,23527907.0,4912500.0,17480464.0,28626401.0,0.0,25,26,3,21,20,0,0.623248646254657,0.3116752447686326,0.0650761089767104,0.3791293118714534,0.6208706881285466,0.0,0.4629629629629629,0.4814814814814814,0.0555555555555555,0.5121951219512195,0.4878048780487805,0.0,-0.006323396567299,0.9870350136152592,0.969286359530262,-0.0130476884694542,-0.0492321589882565,0.9038783058319496,0.9751580849141824,-0.1010583850965682,0.0555555555555555,55555.55555555556,0.0555555555555555,,-0.309195443359914,0.5019962268018616,0.9325459328971792,-0.6891594671869137,0.2441193343832036,1.6438903109017924,1.0023779581261103,0.4970671780401728,0.0650761089767104,65076.10897671042,0.0650761089767104,,-0.625459402297899,0.5085894673583887,1.920110419029142,-0.6761125904788248,0.6060122289229356,1.818706352279703,2.0864219228971823,0.5981261957251119,1.171369961580787,1171369.961580787,1.171369961580787,,11,5,0.688,357,387,-30,0.667,0.667,1.5199619501346806,-2.578778710576855,1.012518837985317,2
208,washington-commanders,2018,1.158663602430143,0.8794213843002894,0.5895443712031098,0.6131047102689212,1.232345747831253,1.2219170482009647,58491396.0,40979772.0,3433990.0,16068749.0,52753929.0,1067500.0,26,24,3,30,49,1,0.5684010125129004,0.3982285513812631,0.0333704361058364,0.2299142663508454,0.7548117705466425,0.015273963102512,0.490566037735849,0.4528301886792453,0.0566037735849056,0.375,0.6125,0.0125,-0.1596698113207547,0.739313386719769,1.0653301886792454,-0.3020311709617548,0.115566037735849,1.308172612168632,0.8655660377358491,0.2686332492774361,0.0441037735849056,4.527939651620323,0.0691037735849056,1.5102846795003118,-0.3565832191653794,0.5275858688676693,1.1530403219279055,-0.6394411311789779,0.338486746162055,2.472219533458615,0.7983152788637459,0.9051181030054029,0.0180964730033243,2.1846492120395657,0.0486443992083484,0.7814852381656912,-0.3529243635309635,0.7136152108551755,2.1117671321315425,-0.3374102451725724,0.5455588921612221,1.8898267998872964,1.7717683126990649,0.6364860476639527,-0.6323726769978549,0.4824745588062133,1.8114614194040743,-0.7288253912323,7,9,0.438,281,359,-78,0.333,0.5,1.8338100496628036,-0.599960661084697,-0.14411728621171338,2
209,pittsburgh-steelers,2012,1.2807589409476718,0.7539446642024549,0.5110194281515664,0.7466493480634829,1.2031814850239744,0.0029151149018905,59561781.0,30053355.0,3394999.0,8517230.0,23528597.0,3167.0,28,24,4,21,36,2,0.640379470473836,0.3231191418010521,0.0365013877251118,0.2657565476158159,0.7341446349298827,9.88174543013737e-05,0.5,0.4285714285714285,0.0714285714285714,0.3559322033898305,0.6101694915254238,0.0338983050847457,-0.1815980629539952,0.7023798012585002,1.0387409200968525,-0.3532786604945293,0.1440677966101695,1.404757958060975,0.8559322033898304,0.3398670161004885,0.0375302663438256,2.107080698262258,0.1053268765133171,0.7453174340676327,-0.4110254931288306,0.4401294871581069,1.0572637767309347,-0.8206832115397625,0.37462292285802,2.4096379433767976,0.906136018089652,0.8794780668256658,0.0364025702708105,365.6814129411188,0.0366002051794132,5.901789893732538,-0.4492368208215195,0.6266253653014505,1.9571261492264287,-0.4674050940756237,0.5341095928841889,1.7153396422695797,2.027408289011155,0.5396118839365927,0.5081043132496759,175.2398123339623,0.513934543053457,5.166157348907289,8,8,0.5,336,314,22,0.5,0.417,3.5265270767612913,-0.8371782707117993,1.5881645627722207,2
210,houston-texans,2018,1.2690494034493565,0.8020528156225291,0.2518159784586779,0.6959391058488616,1.2270818466578757,1.6543853381652374,87491181.0,51041874.0,2003166.0,9591122.0,21361382.0,600000.0,26,24,3,38,48,1,0.6225525375411938,0.3631937278290698,0.0142537346297364,0.3039734025546752,0.6770106740181382,0.0190159234271866,0.490566037735849,0.4528301886792453,0.0566037735849056,0.4367816091954023,0.5517241379310345,0.0114942528735632,-0.0988939492517891,0.8207532293659039,1.00455432661028,-0.197530579624946,0.0537844285404467,1.1231354623745695,0.9273476469312514,0.1161263323859554,0.0451095207113424,4.924099905195041,0.0680980264584688,1.594159164065465,-0.3138169461890684,0.5364659750598912,1.040204401847208,-0.6227493857800431,0.3185791349865186,2.0480426388179733,0.926525940095869,0.7168861329847178,-0.0047621887974501,0.7495289490075622,0.0332696580569231,-0.2882401831680256,-0.4250290310353464,0.6536256437835697,2.0291346622804047,-0.4252192547311116,0.5731102976004948,1.8235037653153412,1.9649885092982184,0.6007605841391959,-1.4025693597065594,0.1522111085237497,1.9062013166239156,-1.8824828787135224,11,5,0.688,402,316,86,0.667,0.75,2.3953487804542113,-1.1280787310607316,-0.9470532221372923,2
211,cincinnati-bengals,2016,1.2271054408581528,0.8042642304196999,0.5976390025384097,0.345944858302036,1.625521120155879,0.8112580922327604,73032266.0,44184459.0,4104117.0,5494712.0,27970020.0,1610672.0,26,24,3,24,26,3,0.6019762540058863,0.3641951232089206,0.033828622785193,0.1566542754575257,0.7974254551708085,0.0459202693716656,0.490566037735849,0.4528301886792453,0.0566037735849056,0.4528301886792453,0.490566037735849,0.0566037735849056,-0.0377358490566037,0.923075041423954,0.9433962264150944,-0.0800425378021022,0.0377358490566037,1.0833309409775054,0.9433962264150944,0.0800425378021022,0.0,0.9999823336454388,0.1132075471698113,0.0,-0.4332303319618878,0.4567131186172023,1.161620578379729,-0.7836970886243566,0.4453219785483605,3.842681022057896,0.758630529463412,1.3461719670046826,-0.0120916465864726,0.7366656725318208,0.0797488921568586,-0.305591562314652,-0.8212568897361792,0.4947728612530817,2.429785350575579,-0.703655244508435,0.8811605825561167,3.547102563623699,1.573050299160189,1.2661319058963216,-0.2136190896943506,0.7366808067365729,1.40889709477117,-0.3055989054081302,6,9,0.406,325,315,10,0.5,0.417,2.2409427373142794,-1.0019171100565418,-0.143191608203498,2
212,seattle-seahawks,2015,1.2594892090136636,0.7558408423612877,0.8722495718754066,0.5595881810674546,1.468602959213139,0.0026636646222649,68226878.0,40944107.0,5670000.0,9099915.0,23422866.0,833.0,25,25,3,52,51,1,0.5940986834970111,0.3565286992270224,0.0493726172759664,0.2797940905337273,0.7201802973064433,2.561215982947037e-05,0.4716981132075472,0.4716981132075472,0.0566037735849056,0.5,0.4903846153846153,0.0096153846153846,-0.0186865021770681,0.9618922301331956,0.9620827285921624,-0.0388507414827284,-0.0283018867924528,0.9433943396264152,0.9716981132075472,-0.058268788124223,0.046988388969521,5.886180290080021,0.0662191582002902,1.7726249461755983,-0.3636515980794208,0.4950540934074222,1.0767089965334655,-0.7030854379537158,0.3143045929632838,2.1233349104293766,0.8738927740307384,0.7529896068817026,0.0493470051161369,1855.2653220311363,0.0493982294357958,7.525803249495024,-0.7127621168518516,0.5146662159117822,2.2244438015744272,-0.6642353898560053,0.699901027946209,2.2507390271754395,1.819077390081118,0.8112594127810583,0.8695859072531417,327.3393449168886,0.8749132364976716,5.790998531304469,10,6,0.625,423,277,146,0.5,0.583,1.470909514695071,-1.7656777672939268,0.5026846787544687,2
213,minnesota-vikings,2017,1.2579533725010807,0.8336458375533369,0.2366732495465214,0.3568242799946818,1.3832372120372391,2.0731067814467106,69865540.0,46299901.0,1577353.0,5067229.0,28183758.0,2560000.0,25,25,3,23,33,2,0.5933742323118305,0.3932291686572343,0.0133965990309351,0.1414992834461669,0.7870142758142913,0.0714864407395417,0.4716981132075472,0.4716981132075472,0.0566037735849056,0.396551724137931,0.5689655172413793,0.0344827586206896,-0.0972674040338321,0.8290437115606807,1.0406636304489263,-0.1874802771804423,0.0751463890696161,1.1894965902276309,0.8682498373454782,0.1735323041951506,0.022121014964216,1.6414618315691487,0.0910865322055953,0.4956048720335667,-0.3937851071570569,0.4996461704639428,1.1802434444715255,-0.6938525470978201,0.4518749488656635,4.193449072047807,0.7348735157579975,1.4335252481462954,-0.0580898417086065,0.1873979386077691,0.0848830397704769,-1.674446266171666,-0.5495913744839023,0.6026769867248967,2.216883049590576,-0.5063727033048698,0.9011290925063988,3.5254042889557304,1.6147776524957629,1.2599959165316614,-1.8364335319001888,0.11416350450499,2.309780030993232,-2.170119382872406,13,3,0.813,382,252,130,0.833,0.833,1.2898600631855826,-1.5393247728634716,-0.9544594434088014,2
214,atlanta-falcons,2022,0.8748132437319256,1.139452588394852,0.9693311804978292,0.5417224469101026,1.5300890238611409,0.1896082361312605,40554964.0,48759902.0,5185000.0,29041096.0,77631989.0,544536.0,26,24,3,56,53,3,0.4291536667364163,0.5159785305938952,0.0548678026696884,0.2708612234550513,0.7240599845057185,0.0050787920392301,0.490566037735849,0.4528301886792453,0.0566037735849056,0.5,0.4732142857142857,0.0267857142857142,-0.0203840970350404,0.9569221501282013,0.926044474393531,-0.0440310303356228,-0.0094339622641509,0.9811301132114716,0.9905660377358492,-0.0190481565092337,0.0298180592991913,2.113128657033282,0.0833894878706199,0.7481872916171239,-0.2080814539118233,0.712617502717853,1.2400385150996138,-0.3388085262780075,0.158292443281365,1.5843983751674142,0.7000148901914676,0.4602070914108763,0.0497890106304582,10.801190727091903,0.0599465947089186,2.3796746060203104,-0.390636435466289,0.7446964365661793,2.6695416122559927,-0.2947777337224853,0.3330907968218229,1.6148705556713667,1.416535690642028,0.4792559452757225,0.7797229443665686,5.112257188920858,1.1589394166290896,1.6316420582700737,7,10,0.412,365,386,-21,0.333,0.5,0.25736571450156365,0.9254714591046573,0.7999695538469311,3
215,new-orleans-saints,2011,1.0246466043514724,1.1079578183366712,0.3038267808872462,0.4732017829213541,1.4214385736629167,0.0,45263138.0,48943360.0,2556450.0,1659591.0,6231503.0,0.0,21,21,4,4,5,0,0.4677734498126287,0.5058068301102194,0.0264197200771518,0.2103119035206018,0.7896880964793982,0.0,0.4565217391304347,0.4565217391304347,0.0869565217391304,0.4444444444444444,0.5555555555555556,0.0,-0.0990338164251208,0.8217376513070102,1.0120772946859904,-0.1963319033881417,0.0120772946859903,1.027171601907374,0.9009661835748792,0.0268111979269793,0.0869565217391304,86956.52173913043,0.0869565217391304,,-0.2838812663691787,0.6405138837109614,1.2954949265896176,-0.4454825044791765,0.2574615462920269,2.224178554820848,0.6780853533332305,0.7993897963913763,0.0264197200771518,26419.720077151847,0.0264197200771518,,-0.3134807553262455,0.7794617786541341,2.529396391999588,-0.2491507222824212,0.5514448214301182,2.1653435722117638,1.4978483872728263,0.7725800186719233,0.3038267808872462,303826.78088724625,0.3038267808872462,,13,3,0.813,547,339,208,0.833,0.75,0.12495878132520621,-0.21504968770142574,3.025489289944195,3
216,seattle-seahawks,2024,0.8414146026422564,1.1472102678744651,1.0419309465747366,1.1958375394760463,0.732372211088439,0.0530306832232176,66394861.0,94296639.0,10277166.0,59118172.0,23208981.0,67222.0,24,25,3,78,50,2,0.388345201219503,0.5515433980165699,0.0601114007639271,0.7175025236856278,0.2816816196493996,0.0008158566649725,0.4615384615384615,0.4807692307692308,0.0576923076923076,0.6,0.3846153846153846,0.0153846153846153,0.0961538461538461,1.24999675000845,0.8653846153846154,0.2231430313154265,-0.1384615384615384,0.769229487181624,1.0615384615384615,-0.2623637644684494,0.0423076923076923,3.74975626584272,0.073076923076923,1.3217081752778408,0.2698617783671703,1.9580313428746745,0.8332250176659695,0.6719413646693797,-0.3291573224661248,0.541245009118109,1.1058477249051308,-0.6138806457115642,0.0592955440989545,73.58867637560995,0.0609272574288997,4.298507795946882,0.4148380567860263,1.566428496434903,1.8795824789629043,0.4487990566183674,-0.3544229368337899,0.7036189041130253,2.0372521421183025,-0.3515172103066189,0.988900263351519,19.647329355719425,1.0949616297979543,2.9779423781842107,10,7,0.588,375,368,7,0.667,0.5,-1.3308013954259985,0.22332999271948506,1.173391977127453,3
217,baltimore-ravens,2017,0.7777200977110401,1.2053746226444064,1.140877330371278,1.1528729791587355,0.9056741192424824,0.0,41166256.0,63802852.0,7246666.0,20524189.0,26131020.0,0.0,25,25,3,29,47,0,0.3668491026938869,0.5685729352096257,0.0645779620964874,0.4399120578368859,0.5600879421631141,0.0,0.4716981132075472,0.4716981132075472,0.0566037735849056,0.3815789473684211,0.618421052631579,0.0,-0.1467229394240318,0.7627446518123414,1.090119165839126,-0.2708298471298651,0.0901191658391261,1.236171126026483,0.8532770605759683,0.2120209209274675,0.0566037735849056,56603.77358490566,0.0566037735849056,,0.0084849930465116,1.0151475817639706,1.1286608773727398,0.0150357614645289,-0.073062955142999,0.833912738343652,0.8067611605307727,-0.1816237864681865,0.0645779620964874,64577.96209648744,0.0645779620964874,,0.299700503401924,1.3309128152406309,2.111048741886889,0.2858658636846737,-0.3751528814476954,0.6745924635045981,1.930593076869776,-0.3936452424068755,1.140877330371278,1140877.330371278,1.140877330371278,,9,7,0.563,395,303,92,0.5,0.583,-1.1970326101922608,0.8441136221315,1.2380858009033489,3
218,baltimore-ravens,2018,0.9964083193806482,0.9856992457462896,1.1455339327307323,0.738426274194964,1.138831553437782,1.3401913836372985,73399272.0,67024985.0,9736666.0,5337578.0,14592796.0,440333.0,26,24,3,22,39,1,0.488804081205601,0.446354375432282,0.0648415433621169,0.2620222263272453,0.7163617836140886,0.0216159900586661,0.490566037735849,0.4528301886792453,0.0566037735849056,0.3548387096774194,0.6290322580645161,0.0161290322580645,-0.1762020693852708,0.7198827452662308,1.0818624467437614,-0.3286647257001623,0.1357273280584296,1.3825003920271972,0.8454047474132684,0.3238957764377495,0.0404747413268411,3.5092163908479184,0.0727328058429701,1.255410428593613,-0.2700074081818066,0.6230842607154999,1.1627161590463708,-0.4730712790256725,0.2267818548783556,1.865499055397193,0.7508263075328463,0.623530653132598,0.0432255533034508,2.99956391644462,0.086457533420783,1.098482339009667,-0.1531323076914923,0.865534834573151,2.124530799184072,-0.1444066427499395,0.2579820451856842,1.3493655424184272,1.7348345935756122,0.2996355170056735,-0.1946574509065659,0.8547533523670232,2.485725316368031,-0.1569414554715273,10,6,0.625,389,287,102,0.5,0.667,1.0245571490738685,0.155910051025232,1.172708959164363,3
219,las-vegas-raiders,2024,0.7607929149775782,1.2071950272198957,1.49530354744263,1.326650246925139,0.7156933036021937,0.0,42548946.0,60013266.0,9292000.0,70802682.0,43885002.0,0.0,27,24,3,47,54,0,0.3803964574887891,0.5365311232088426,0.0830724193023683,0.6173520951037776,0.3826479048962223,0.0,0.5,0.4444444444444444,0.0555555555555555,0.4653465346534653,0.5346534653465347,0.0,-0.0902090209020902,0.8312741653740403,0.9790979097909792,-0.1847933663104964,0.0346534653465346,1.074465776148013,0.9653465346534652,0.0718255856353942,0.0555555555555555,55555.55555555556,0.0555555555555555,,0.1538832183126202,1.4021498986240517,0.9191790281050648,0.3380085644263169,-0.2369556376149885,0.6161732410604406,0.9977485525925668,-0.4842244906673728,0.0830724193023683,83072.41930236833,0.0830724193023683,,0.4915017236177019,1.6867467313123874,1.9228883308220892,0.522802491028405,-0.5658573319475612,0.5734686615950608,2.0874431619027174,-0.556050673612186,1.49530354744263,1495303.54744263,1.49530354744263,,4,13,0.235,309,434,-125,0.0,0.25,0.14840207326255042,1.6980335436095542,1.8456485685140465,3
220,new-york-giants,2024,0.98497009790557,0.9430101795978648,1.6091410262091337,0.7509600266171929,1.3820992461551171,0.1288269855056793,50514487.0,54670720.0,10764167.0,54885727.0,86159052.0,830791.0,23,26,3,68,58,6,0.4356598509966944,0.4715050897989324,0.0928350592043731,0.386858195530069,0.6072860324014909,0.0058557720684399,0.4423076923076923,0.5,0.0576923076923076,0.5151515151515151,0.4393939393939394,0.0454545454545454,0.0606060606060606,1.137928444714574,0.9393939393939394,0.1292114556185271,-0.0728438228438228,0.8585956183822611,0.9574592074592074,-0.1524549655495907,0.0122377622377622,1.2692028467681404,0.1031468531468531,0.2384063568701075,-0.1357809426025585,0.7764122476555863,1.0787911222004234,-0.253069532016159,0.0488016554666254,1.1261457812829276,0.8225180465267635,0.1188032849829894,0.0869792871359331,15.850891603692023,0.098690831272813,2.763236523074581,-0.4390890665572523,0.6823023020372345,2.325109425752982,-0.3822814007960448,0.2340100712883771,1.3116128041191473,1.735930124522763,0.2712585434128772,1.4803140407034543,12.490617002919718,1.737968011714813,2.5249783441201163,3,14,0.176,273,415,-142,0.0,0.083,-1.3673109700787223,-1.3152801135801664,2.4865194206283068,3
221,atlanta-falcons,2018,0.7798987389423826,1.3351062205019395,0.5037974289883601,1.0944231525577992,0.9209044208964964,1.1796630112413649,54074788.0,81889254.0,5374019.0,14271403.0,16707755.0,1337647.0,26,23,4,23,32,2,0.3825918341981499,0.5793857183310305,0.0380224474708196,0.4416093422601646,0.5169989731348752,0.0413916846049601,0.490566037735849,0.4339622641509434,0.0754716981132075,0.4035087719298245,0.5614035087719298,0.0350877192982456,-0.1274412446209863,0.7729939061234726,0.9953657729228732,-0.257481809491391,0.0870572658060245,1.2157476023186986,0.8940748096656737,0.1953612365764228,0.0403839788149619,2.150882096086677,0.1105594174114531,0.7658912851607105,0.0623867451961552,1.1206687590675757,1.0963846914659057,0.11392733938472,-0.0590175080620147,0.8663561460993925,0.8242011764583146,-0.143456587057037,-0.0033692371341405,0.918578918804008,0.0794141320757798,-0.0849011567125827,0.4142017996054433,1.4497756123557413,2.256010641398436,0.3714095433617567,-0.3145244136154166,0.7126110449222696,1.8743218915001816,-0.3388182442436705,-0.6758655822530047,0.4270685756177407,1.6834604402297249,-0.8508086950888896,7,9,0.438,414,423,-9,0.667,0.583,0.16860018779352626,1.9066100180994383,2.2409945143386225,3
222,new-york-giants,2021,0.911839087700205,1.0870262498145633,1.0086990790534425,1.0957749889704709,0.951045716410127,0.3424355540740874,52172448.0,62196084.0,7527973.0,27125935.0,33152611.0,346000.0,23,23,3,49,69,2,0.4280061023898922,0.5102368111374481,0.0617570864726597,0.4474414538296088,0.546851286935823,0.0057072592345681,0.4693877551020408,0.4693877551020408,0.0612244897959183,0.4083333333333333,0.575,0.0166666666666666,-0.1056122448979591,0.8163251109163999,1.0443877551020408,-0.2029404526930996,0.0610544217687075,1.1495182177563017,0.8777210884353741,0.1393450439458627,0.0445578231292517,3.673248992815533,0.077891156462585,1.3010928877794576,-0.0366144757983748,0.93304320623117,1.057088098073271,-0.0693018104052219,-0.0194353514397166,0.9565612264250672,0.875447556219501,-0.0444081448387017,0.0560498272380916,10.818900112081572,0.0674643457072278,2.381310807366712,0.1359805334044362,1.1429788159278989,2.0380719662246904,0.1336387708351142,-0.1839359012702658,0.8321400513228233,2.007614076670676,-0.183753424726008,0.666263524979355,2.945652463361744,1.35113463312753,1.0803313334691338,4,13,0.235,258,416,-158,0.167,0.25,-0.42917822907192166,0.12034634362854378,1.6071932534395506,3
223,new-orleans-saints,2020,0.8324000528662426,1.162790301209737,1.0400803827001692,0.7915310166717324,1.1655445867561056,1.4723149624494158,63358889.0,88506844.0,9500000.0,11714926.0,20428168.0,573441.0,25,25,3,38,45,1,0.3926415343708692,0.5484859911366684,0.0588724744924624,0.3580735551610218,0.6243988857621995,0.0175275590767787,0.4716981132075472,0.4716981132075472,0.0566037735849056,0.4523809523809524,0.5357142857142857,0.0119047619047619,-0.0640161725067385,0.8805015010512861,1.0074123989218329,-0.1272615262780989,0.0193171608265947,1.0426987874404163,0.9240790655884996,0.0418144599068869,0.0446990116801437,4.754317618452126,0.0685085354896675,1.559070843997717,-0.075912894625531,0.8784210305662313,1.172884876898868,-0.1296274434130666,0.0345679792098473,1.096535703840512,0.750715089531891,0.0921583968368104,0.0413449154156836,3.3586602432401107,0.0764000335692411,1.2115591430497787,-0.0027542855463686,0.99763605509928,2.3283348879658425,-0.0023658834297921,0.0408690361945102,1.051631564275004,1.6239310695379752,0.0503440302442636,-0.4322345797492466,0.7064247140062527,2.512395345149585,-0.3475376829881246,12,4,0.75,482,337,145,1.0,0.833,-0.9132871852167329,0.5719934689798685,0.9933860411781228,3
224,new-england-patriots,2017,0.923027448397887,1.08006823932517,0.9485450851071532,0.9931579361281332,1.0073683764773949,0.0,55155202.0,67228253.0,7085000.0,17635160.0,16609812.0,0.0,24,25,3,42,39,0,0.4260126684913325,0.5192635765986394,0.054723754910028,0.5149707816960691,0.4850292183039308,0.0,0.4615384615384615,0.4807692307692308,0.0576923076923076,0.5185185185185185,0.4814814814814814,0.0,-0.0007122507122506,0.9985186362127736,0.9622507122507122,-0.0014803820935175,-0.0569800569800569,0.8901081734726984,0.98005698005698,-0.1164101137496606,0.0576923076923076,57692.307692307695,0.0576923076923076,,0.0342343582947085,1.0705798463741432,1.0042927949025704,0.0682023399938523,-0.0889581132047366,0.8272543926353632,0.9409834501874016,-0.1896406749243464,0.054723754910028,54723.75491002809,0.054723754910028,,0.072699862847775,1.0721670367844525,2.087436615802565,0.069682794273204,-0.0701304877302463,0.9293854335101122,1.9161853845260204,-0.0732306520672363,0.9485450851071532,948545.0851071532,0.9485450851071532,,13,3,0.813,458,296,162,0.833,0.833,-0.9023133633857895,-0.1918987305266363,0.9353311896330209,3
225,tampa-bay-buccaneers,2012,0.8920708657202813,1.0496933310693422,1.3142804389955114,0.6499484626534378,1.3658445587844898,0.0472085823000335,36673835.0,50058450.0,8645000.0,12528508.0,30089409.0,65000.0,25,29,4,14,16,1,0.3845133041897764,0.5248466655346711,0.0906400302755525,0.2935251121660687,0.7049520303403819,0.0015228574935494,0.4310344827586206,0.5,0.0689655172413793,0.4516129032258064,0.5161290322580645,0.032258064516129,-0.0161290322580645,0.9687481230505116,1.0161290322580645,-0.0317486358147033,-0.0205784204671857,0.9544313841531666,0.882647385984427,-0.0466372050942849,0.0367074527252502,2.137864760675177,0.1012235817575083,0.7598220554339836,-0.1801053648057108,0.7445129575246344,1.2297986958750529,-0.2950231173616841,0.0909881920237077,1.3099798902123905,0.678038416355845,0.2700143867991895,0.089117172782003,59.48064740911424,0.0921628877691019,4.0856620386089375,-0.3161512277151477,0.768530032050987,2.415537889853832,-0.2632746853171704,0.2421224030668435,1.3725234298654172,1.5420193283737191,0.3166520861825835,1.267071856695478,27.83927276972705,1.3614890212955448,3.3264484742203235,7,9,0.438,389,394,-5,0.5,0.333,-2.1117851489812263,-0.955443717953036,3.6857546415584554,3
226,new-england-patriots,2016,0.87200525314756,1.1328619364815815,0.9594400864238178,0.8082416962260318,1.1869643461796189,0.0,48378334.0,62850508.0,6387500.0,11993522.0,18065024.0,0.0,25,25,3,39,40,0,0.4113232326167736,0.5343688379630103,0.0543079294202161,0.3990053943394334,0.6009946056605665,0.0,0.4716981132075472,0.4716981132075472,0.0566037735849056,0.4936708860759494,0.5063291139240507,0.0,-0.0346310007165034,0.9316019336710866,0.9780272271315978,-0.0708475453311329,-0.0219727728684022,0.9554891143527228,0.9653689992834966,-0.0455297879877672,0.0566037735849056,56603.77358490566,0.0566037735849056,,-0.0666257676975562,0.8891393430001449,1.1353634436235769,-0.1174994431035035,0.0123178382773401,1.0308687741652138,0.8103286269562071,0.0304043479589442,0.0543079294202161,54307.92942021611,0.0543079294202161,,-0.0541024096980373,0.9544187116564312,2.3198262826612,-0.0466519199956895,0.0637635569215282,1.0788903595655834,1.680246949373592,0.0759342148875975,0.9594400864238178,959440.086423818,0.9594400864238178,,14,2,0.875,441,250,191,0.833,0.917,-0.7098368927131918,0.377508974215594,0.7986454768378423,3
227,miami-dolphins,2014,0.9217303300767516,1.09996127568514,0.8264671539048668,1.207819635795239,0.7479634204185396,0.0,45434517.0,54219990.0,5092343.0,24962629.0,12746519.0,0.0,24,24,3,57,47,0,0.4337554494478831,0.5176288356165364,0.0486157149355804,0.6619780696185446,0.3380219303814554,0.0,0.4705882352941176,0.4705882352941176,0.0588235294117647,0.5480769230769231,0.4519230769230769,0.0,0.0186651583710407,1.041299322882099,0.9225113122171946,0.0404714072891667,-0.0774886877828054,0.858615564466132,1.0186651583710409,-0.1524318706315546,0.0588235294117647,58823.52941176471,0.0588235294117647,,0.1796069052350809,1.531342370863413,0.8556507659979918,0.4261466492049846,-0.2282226201706614,0.6552404288217574,1.0957335190664277,-0.4227507383521311,0.0486157149355804,48615.71493558041,0.0486157149355804,,0.3519978552666004,1.4706064161041683,1.8479246961036797,0.385675752808899,-0.2860893057184874,0.7631351069522644,2.1295499658719907,-0.2703191051259496,0.8264671539048668,826467.1539048669,0.8264671539048668,,8,8,0.5,388,373,15,0.5,0.5,-0.44552538408367304,0.13866236239149016,0.8038993027773197,3
228,seattle-seahawks,2012,0.766752445013922,1.2999748267529292,0.5662727335154663,1.720466386608709,0.3903745959464768,0.0,33048581.0,56031544.0,3755000.0,26535347.0,7115588.0,0.0,26,26,4,11,13,0,0.3559922066136066,0.6035597409924315,0.0404480523939618,0.788547093862325,0.2114529061376749,0.0,0.4642857142857143,0.4642857142857143,0.0714285714285714,0.4583333333333333,0.5416666666666666,0.0,-0.0773809523809523,0.8571412747281961,1.005952380952381,-0.154150372135566,0.0059523809523809,1.0129848028383523,0.9226190476190476,0.0129033768639406,0.0714285714285714,71428.57142857143,0.0714285714285714,,0.3921068348547565,2.854332426469632,0.8150126471301065,1.0488396464966243,-0.4325548872487184,0.4514527514358057,1.1445393004759317,-0.7952817505374776,0.0404480523939618,40448.05239396188,0.0404480523939618,,0.9096002308064524,3.330061715566782,1.690349422699406,1.2029916062692216,-0.9537139415947872,0.4456652017829308,2.487218831622632,-0.8081859733019454,0.5662727335154663,566272.7335154663,0.5662727335154663,,11,5,0.688,412,245,167,0.5,0.667,-1.3031048444768734,1.0751816772737923,1.920147930724952,3
229,san-francisco-49ers,2014,0.8383888661863916,1.227017057273652,0.6883700261465414,1.3635086457641996,0.7121368085076148,0.0039427951689839,39610774.0,53512633.0,5003529.0,20741071.0,12638150.0,1666.0,26,24,4,36,42,1,0.4036687133490034,0.5453409143438454,0.0509903723071512,0.6213457119938125,0.3786043792065801,4.9908799607392096e-05,0.4814814814814814,0.4444444444444444,0.074074074074074,0.4556962025316455,0.5316455696202531,0.0126582278481012,-0.0872011251758086,0.8359772635454117,0.9760900140646976,-0.1791516129858189,0.0257852789498359,1.0565820435293225,0.937177684013127,0.0550412879470025,0.0614158462259728,5.851389592074078,0.0867323019221753,1.7666926700518493,0.1667365351372652,1.44039399410194,0.9239452935504254,0.3649185168932304,-0.2176769986448091,0.6496674168495853,1.025014425342816,-0.4312922361477559,0.0509404635075438,1001.6023300566544,0.0510402811067586,6.909375938030715,0.5148802487660372,1.7230050737581806,1.9391538657812668,0.5440707172489823,-0.525119779577808,0.6148756400740414,2.201897511950591,-0.4863340501215741,0.6844272309775574,174.5450756571324,0.6923128213155254,5.162184474212765,8,8,0.5,306,340,-34,0.333,0.583,0.08305504048634296,1.1858827711987299,2.605592384079773,3
230,seattle-seahawks,2022,0.8681592568385664,1.090268445720184,1.494508604598157,0.8323050794859767,1.206795938468753,0.5067412315153207,53474699.0,57206643.0,10228333.0,39824920.0,53829071.0,1232900.0,27,23,3,59,55,3,0.4422698100875715,0.473135363237061,0.0845948266753673,0.419709399057031,0.5672972360323197,0.0129933649106492,0.5094339622641509,0.4339622641509434,0.0566037735849056,0.5042735042735043,0.4700854700854701,0.0256410256410256,-0.0361232059345266,0.9231541253932312,0.9040477342364136,-0.0799567709829804,0.0051604579906466,1.0102314472512937,1.0137074665376553,0.010181423256399,0.03096274794388,2.2074610788292466,0.0822447992259313,0.7918606885167275,-0.0941618727952586,0.8340152201885321,1.0404325992693808,-0.1815015136055631,0.0225604110305405,1.0537499453938362,0.8619792091446026,0.0523574395737925,0.0716014617647181,6.510116289410922,0.0975881915860166,1.8733691402416583,-0.1165274927485688,0.9034398505382136,2.2970643841889373,-0.1015448277981706,0.0358541773525897,1.0430769139337923,1.700464336324543,0.0421760681469053,0.9877673730828364,2.9492481811296845,2.0012498361134776,1.0815509531326528,9,8,0.529,407,401,6,0.667,0.5,1.3074111737765577,1.352953055450361,1.9854417487524487,3
231,tampa-bay-buccaneers,2011,0.7779890538467897,1.2477067153115762,1.0742602734926057,0.4103716865368322,1.5343739295938763,0.2075240601587029,31872442.0,43543009.0,6520000.0,912106.0,4774492.0,92250.0,27,23,4,5,7,1,0.3889945269233948,0.5314306380030788,0.0795748350735263,0.1578352640526278,0.826201346704395,0.0159633892429771,0.5,0.4259259259259259,0.074074074074074,0.3846153846153846,0.5384615384615384,0.0769230769230769,-0.1125356125356125,0.791003821998193,0.9643874643874644,-0.2344501315467032,0.1153846153846153,1.299996620008788,0.8846153846153846,0.2623636644688711,-0.0028490028490028,0.9629504446071828,0.150997150997151,-0.037739827989472,-0.2947707087013163,0.6432209253857494,1.3576319847074738,-0.4412651466862442,0.231159262870767,2.464544692933756,0.5468297909760227,0.9020096524118604,0.0636114458305492,4.984521102711894,0.0955382243165035,1.606349897846407,-0.2866672142823001,0.8131693833408915,2.7820806449054523,-0.2068150460720275,0.3676173673099575,1.895811001488187,1.188360740383622,0.6396480014690809,0.8667362133339027,5.176532765108344,1.2817843336513086,1.6441364126639133,4,12,0.25,287,494,-207,0.333,0.25,0.7785803456036475,1.936548883017963,3.7595955376302324,3
232,san-francisco-49ers,2020,1.0092121303207509,1.008908281906714,0.8845203531016651,0.9146494640834024,1.0990674986270297,0.4274419966922665,46382278.0,48223046.0,6504253.0,41367699.0,59087515.0,1094282.0,25,26,4,53,63,3,0.4587327865094322,0.4769384605377194,0.0643287529528483,0.4073648873648767,0.5818592639790157,0.0107758486561075,0.4545454545454545,0.4727272727272727,0.0727272727272727,0.4453781512605042,0.5294117647058824,0.0252100840336134,-0.0566844919786096,0.8929276062882587,1.0021390374331551,-0.1132476539957193,0.0091673032849503,1.0205808989015497,0.8999236058059588,0.0203741739122191,0.0475171886936592,2.884734057064221,0.0979373567608861,1.0594464643563437,-0.1049208034412962,0.8196786927435206,1.058797724516735,-0.198840756925747,0.0513678991445554,1.126095239532284,0.8660976738743089,0.1187582882344322,0.0535529042967408,5.969161765707025,0.0751046016089559,1.7866220548195555,-0.0901592167203155,0.9179666992248938,2.107975780533744,-0.0855931732038757,0.0945626662373484,1.1033855772785417,1.9238615944041533,0.0983842414790471,0.4570783564093985,2.069329384143512,1.3119623497939317,0.7272257163307798,6,10,0.375,376,390,-14,0.5,0.333,-0.2984175738231263,-0.6625088988754914,2.9843452629143705,3
233,san-francisco-49ers,2015,1.0046936722706443,0.9639632952376592,1.2627564948543517,1.100614103614174,0.9629315421358888,0.3062945187978348,34546804.0,34527368.0,5427550.0,27039802.0,34697267.0,501668.0,24,25,3,30,44,2,0.4637047718172205,0.4634438919411822,0.0728513362415972,0.434452935637174,0.5574866822891987,0.0080603820736272,0.4615384615384615,0.4807692307692308,0.0576923076923076,0.3947368421052631,0.5789473684210527,0.0263157894736842,-0.0981781376518218,0.8304181460609644,1.0597165991902835,-0.1858238346185555,0.0668016194331984,1.169227807186991,0.8562753036437247,0.1563457037248889,0.0313765182186234,2.1922243877809566,0.0840080971659919,0.7849340637181628,-0.0940427903480164,0.8313078596430209,1.020930574230381,-0.1847529260926623,0.0292518361800465,1.0673278195469609,0.8981577074543945,0.0651603164892894,0.0647909541679699,9.037077709035769,0.0809117183152244,2.2013495863587464,0.0010317531017702,1.0010704312676817,1.926894837373548,0.0010708961480048,-0.0959204313435295,0.912847433195724,2.1053077758848184,-0.0911855219564832,0.9564619760565168,4.122673749229132,1.5690510136521865,1.4165027130500991,5,11,0.313,238,387,-149,0.167,0.333,-0.3608987672505426,-0.7497429927220921,1.6499483261529997,3
234,san-francisco-49ers,2013,0.981129210014338,1.0102143480272536,1.0692515356672674,1.0115885226218213,0.9458014999080554,1.85781571892821,50149076.0,51635723.0,6831666.0,5361107.0,7418435.0,787668.0,24,24,3,25,37,2,0.4617078635361591,0.4753949873069428,0.062897149156898,0.3951517666491489,0.5467914921343445,0.0580567412165065,0.4705882352941176,0.4705882352941176,0.0588235294117647,0.390625,0.578125,0.03125,-0.1075367647058823,0.8139890530682198,1.0487132352941178,-0.2058062363914244,0.0799632352941176,1.2047027983137777,0.8612132352941176,0.1862350211161098,0.0275735294117647,1.8822927078098208,0.0900735294117647,0.6325075591110011,-0.0713965048274016,0.8694248625311051,1.0221864794412874,-0.1399212599803117,0.0665560968870102,1.1684287761702643,0.856859630185308,0.1556620857951222,0.0048404079403915,1.0833550847654336,0.1209538903734046,0.0800786845623876,0.0644128481191982,1.0681028524723288,1.956015847935309,0.0658850296025705,-0.0304593126074833,0.96988866340911,1.9927177326361591,-0.0305729748298172,-0.7885641832609427,0.5755419922607476,2.927067254595477,-0.5524421516794324,12,4,0.75,406,272,134,0.833,0.75,-0.039999107036716525,-0.2801063498012826,1.367810755888246,3
235,detroit-lions,2017,0.9384985334262884,1.0352061836697115,1.2308627520899038,1.3053107760170242,0.7359927382193131,0.6444545482356304,58742123.0,62203401.0,9245000.0,18900795.0,11367590.0,622110.0,25,24,3,45,48,3,0.4512012179934079,0.4777874693860207,0.0710113126205713,0.61186442625798,0.3679963691096565,0.0201392046323634,0.4807692307692308,0.4615384615384615,0.0576923076923076,0.46875,0.5,0.03125,-0.0384615384615384,0.9230750769267692,0.9615384615384616,-0.080042541007217,0.0120192307692307,1.0256388376115055,0.9495192307692308,0.0253177546510688,0.0264423076923076,1.8460947711211704,0.0889423076923077,0.6130898065815108,0.1097911002763641,1.2983447967087198,0.8457838384956773,0.2610923128949166,-0.1606632082645721,0.7374190444994493,1.063065644251388,-0.3045967506599685,0.0508721079882079,3.52584861558272,0.0911505172529348,1.2601352314639302,0.2992134454503986,1.4065421075107551,1.7711989218890247,0.3411352522868038,-0.3668122425907357,0.7189841926424545,2.2438093094433125,-0.329914841169825,0.5864082038542734,1.9099265348241936,1.875317300325534,0.6470655903139069,9,7,0.563,410,376,34,0.833,0.667,0.2433755613458548,0.18807153762533702,1.569747435274562,3
236,houston-texans,2023,0.7883185558139986,1.2210917764970315,1.0658383043024264,0.7874010782408452,1.3285445851952258,0.1691261973861452,54990670.0,78627318.0,8578799.0,34943246.0,49278400.0,560110.0,26,24,3,67,56,5,0.3867223103993201,0.5529472195458256,0.0603304700548543,0.4121552518916923,0.5812382560229113,0.0066064920853962,0.490566037735849,0.4528301886792453,0.0566037735849056,0.5234375,0.4375,0.0390625,0.0153301886792452,1.035038065465554,0.8903301886792453,0.0344404125995132,-0.0328714622641509,0.9371989980405512,1.014003537735849,-0.0648576029884642,0.0175412735849056,1.4490195088741578,0.0956662735849056,0.370904793439792,-0.0282910364770857,0.9513246289132774,1.1341854755687368,-0.0498981108718207,-0.0254329414923722,0.938290535747943,0.7988775622910125,-0.063693052500534,0.053723977969458,9.130615561113592,0.0669369621402506,2.21164968937774,-0.1074528086981942,0.919119215858593,2.549636361692257,-0.0843386226421302,0.0009174775731534,1.0011639257737304,1.5757196340548436,0.0011645174591848,0.8967121069162812,6.301992351170712,1.2349645016885715,1.840866767847944,10,7,0.588,377,353,24,0.667,0.583,-0.22821843449424115,1.3968850367009094,1.0435722361270439,3
237,jacksonville-jaguars,2013,0.8563676393224982,1.1361836509909993,1.155344584610355,1.043263644146486,0.9802668519010423,0.271301030882724,28065322.0,34371320.0,4368871.0,25379797.0,27821797.0,183334.0,26,24,3,36,42,1,0.4201048796676406,0.5144982570525279,0.0653968632798314,0.4754112808768797,0.521154528858782,0.0034341902643382,0.490566037735849,0.4528301886792453,0.0566037735849056,0.4556962025316455,0.5316455696202531,0.0126582278481012,-0.0788153809410078,0.8517504194613629,0.9844757582994984,-0.1604595216402399,0.0348698352042035,1.0765175537845926,0.9462622402674946,0.0737333824976958,0.0439455457368044,4.471344876962268,0.0692620014330069,1.4977068972139582,-0.006656271806254,0.987225940362118,1.03565278591131,-0.0128544058330197,-0.0553064012092391,0.8836643405441131,0.8955161605445203,-0.1236756133624918,0.0619626730154931,19.03733366932699,0.0688310535441696,2.946417272317615,0.1559167990899568,1.1590542817328833,2.1164505028920417,0.1476052783721962,-0.1868960048239878,0.8208536962575861,1.899631283468984,-0.197409219566154,0.8840435537276309,4.258518009803535,1.426645615493079,1.448922080274866,4,12,0.25,247,449,-202,0.5,0.333,0.1986621507939069,0.9693287817162972,1.2312950161666223,3
238,dallas-cowboys,2024,0.9449495361218976,1.0474710371183509,1.0631618896645971,0.5729384031112242,1.704074524600414,0.0,43459134.0,48174196.0,5867500.0,50966754.0,91947413.0,0.0,25,25,3,61,37,0,0.445730913265046,0.4940901118482786,0.0601789748866753,0.3566249243855579,0.6433750756144421,0.0,0.4716981132075472,0.4716981132075472,0.0566037735849056,0.6224489795918368,0.3775510204081632,0.0,0.0941470927993839,1.2493592610035689,0.8492491336157104,0.2226329486950383,-0.1507508663842895,0.7578088660503401,1.094147092799384,-0.2773219607449942,0.0566037735849056,56603.77358490566,0.0566037735849056,,-0.1492849637661634,0.7679646952622675,1.1374651874627206,-0.2640094926814327,0.0891059888794881,1.2498556128049578,0.8023558376506039,0.2230302783899423,0.0601789748866753,60178.97488667533,0.0601789748866753,,-0.6566034874820634,0.6146858058793905,2.751545561718765,-0.486643071790777,0.3720111330106734,1.6493010098285306,1.517887939233122,0.5003526260058373,1.0631618896645971,1063161.889664597,1.0631618896645971,,7,10,0.412,350,468,-118,0.5,0.417,-0.2667388379850489,-0.06710509815634624,1.0184292702226354,3
239,cleveland-browns,2012,1.119297957760999,0.917486239219228,0.8135919909690471,1.2815145624223414,0.5777281563664876,0.0,51446115.0,46855861.0,5540000.0,18076021.0,5432648.0,0.0,27,30,4,18,12,0,0.4954269649106061,0.4512227405996203,0.0533502944897735,0.7689087374534049,0.231091262546595,0.0,0.4426229508196721,0.4918032786885246,0.0655737704918032,0.6,0.4,0.0,0.0918032786885245,1.229505122958504,0.8918032786885246,0.2066137826973901,-0.1573770491803278,0.7377036885266394,1.042622950819672,-0.3042107818115622,0.0655737704918032,65573.77049180328,0.0655737704918032,,0.2201314780530252,1.9525653331151247,0.6823140031462154,0.6691462796323403,-0.2734817725427988,0.6443239573885985,1.264335702364011,-0.4395516214774608,0.0533502944897735,53350.29448977358,0.0533502944897735,,0.3397580828527405,1.5880905941974175,1.4952143955857156,0.4625335003744134,-0.1622166046613424,0.8734173743823165,2.40081252018334,-0.1353408518994159,0.8135919909690471,813591.9909690472,0.8135919909690471,,5,11,0.313,302,368,-66,0.333,0.417,-0.5918785114951235,-1.6381247385955715,1.7320495773608215,3
240,tennessee-titans,2012,0.8546688439618,1.1379383971372654,1.064070577141434,0.417039457358016,1.6801206330823146,0.0,36960387.0,49210456.0,5309541.0,6380748.0,22033735.0,0.0,26,26,3,14,12,0,0.4040252716910327,0.5379345150103436,0.0580402132986236,0.2245597078081624,0.7754402921918375,0.0,0.4727272727272727,0.4727272727272727,0.0545454545454545,0.5384615384615384,0.4615384615384615,0.0,0.0111888111888111,1.0242402050553132,0.9342657342657344,0.0239531897405513,-0.0657342657342657,0.8779204474983897,1.0111888111888112,-0.1301971805635201,0.0545454545454545,54545.454545454544,0.0545454545454545,,-0.2375057771814939,0.6937140444118408,1.3133748072021811,-0.3656935841788242,0.1794655638828702,1.7991806119358291,0.6285849794991951,0.5873338207584771,0.0580402132986236,58040.21329862367,0.0580402132986236,,-0.5421822359450492,0.6772952473980283,2.81805903021958,-0.3896471109861849,0.437629386603784,2.049366743399895,1.271708301319816,0.7175320098136849,1.064070577141434,1064070.5771414342,1.064070577141434,,6,10,0.375,330,471,-141,0.167,0.417,-0.7994779260853393,0.4478035958567602,0.7240483230076598,3
241,denver-broncos,2013,0.8186439107664558,1.212059872104447,0.8611163250829688,1.202230944877943,0.8922385749992247,0.1224774188523179,37277449.0,52984209.0,6273833.0,19791879.0,16691580.0,183300.0,25,24,4,22,25,2,0.3861527880973848,0.5488573005755987,0.0649899113270165,0.5397771589247907,0.4552237627547065,0.0049990783205027,0.4716981132075472,0.4528301886792453,0.0754716981132075,0.4489795918367347,0.5102040816326531,0.0408163265306122,-0.0573738929534077,0.8875454302222775,0.9630342703118984,-0.1192933616289346,0.0227185213708124,1.0505980030848938,0.9206777050442818,0.0493616487958956,0.0346553715825953,1.8490113029966613,0.1162880246438197,0.6146643153307897,0.0936335378208921,1.205684192692622,1.0040810633303052,0.187049022539365,-0.1536243708274058,0.7153916506488157,0.9259299470221756,-0.3349225334652255,0.0599908330065137,12.997778666891271,0.0699889896475192,2.564793857968925,0.3198212971052224,1.3584466617113462,2.104298447103672,0.3063427115206107,-0.3835870341114871,0.6809367478998148,2.020874855644399,-0.384284636819155,0.7386389062306508,7.030759648532738,0.9835937439352868,1.9502959193800984,13,3,0.813,606,399,207,0.833,0.75,-0.4087630802587723,0.9377153035619078,3.3436700872762524,3
242,denver-broncos,2014,0.8814182208663058,1.21087797476628,0.4462228262044834,1.180840163167861,0.8423005156008447,1.3563237426084938,49005239.0,67322598.0,4134862.0,6591106.0,6965150.0,1121571.0,24,24,4,27,40,4,0.4068084096306028,0.5588667575844369,0.0343248327849602,0.4490518930356653,0.4745355017469548,0.0764126052173799,0.4615384615384615,0.4615384615384615,0.0769230769230769,0.380281690140845,0.5633802816901409,0.056338028169014,-0.1018418201516793,0.8192293150987349,1.0249187432286024,-0.1993890736402079,0.0812567713976165,1.2136720221673036,0.8418201516793067,0.1936526598416519,0.0205850487540628,1.3653603802378662,0.133261105092091,0.3114314085329183,0.0843312558374821,1.1777107883735591,1.0334022593313916,0.1635743337018323,-0.0422434834050625,0.9059253730234684,0.8558603026662681,-0.0987958879064164,-0.0420877724324196,0.4491979234236318,0.1107374380023401,-0.8002625459587227,0.3685774591654354,1.4375825667397928,2.0531784903671246,0.362963755618621,-0.2994219423015548,0.7464324994410864,2.0622583840341666,-0.2924489542746148,-0.9101009164040104,0.3289940913016925,1.8025465688129767,-1.111713246917052,12,4,0.75,482,354,128,1.0,0.833,-0.6675060780701064,0.49174871319145824,2.258382724772997,3
243,buffalo-bills,2014,1.245947360204952,0.8491695915630514,0.4670058915012178,0.6190817061436076,1.39826593403308,1.2938151979575878,62216549.0,44170206.0,3886667.0,11748203.0,24260245.0,1403000.0,24,25,4,35,32,2,0.5642025782060159,0.4005516941335147,0.0352457276604692,0.314026952391685,0.6484711578124429,0.0375018897958721,0.4528301886792453,0.4716981132075472,0.0754716981132075,0.5072463768115942,0.463768115942029,0.0289855072463768,0.0079299972655181,1.0170968634886617,0.935466229149576,0.0169544768636891,-0.0544161881323489,0.892720612032734,0.9600765654908396,-0.1134794031920639,0.0464861908668307,2.6036837578160155,0.1044572053595843,0.9569405221124136,-0.2479194636789281,0.6176852611293853,1.0490228519459577,-0.481773740899572,0.2501756258143309,1.7966635578424233,0.878229530597701,0.585933138333864,-0.0022561621354028,0.939813647756518,0.0727476174563413,-0.0620452986085803,-0.5490963424700287,0.6073014893613738,2.247435525596132,-0.498728746030196,0.6268656540613444,2.0125701264798885,1.86502906634856,0.6994133777611417,-0.82680930645637,0.3609522683658089,1.7608210894588057,-1.0190074086861798,9,7,0.563,343,289,54,0.667,0.417,0.8466884400092365,-1.762475736449483,2.0570825164776654,3
244,dallas-cowboys,2011,1.1787432050046518,0.9484232059919676,0.4701399541807519,0.2877462697720442,1.474835820151971,0.0,48608244.0,39110458.0,4652958.0,1612646.0,12398361.0,0.0,25,25,6,8,12,0,0.5262246450913625,0.4234032169606998,0.0503721379479377,0.1150985079088176,0.8849014920911823,0.0,0.4464285714285714,0.4464285714285714,0.1071428571428571,0.4,0.6,0.0,-0.1535714285714285,0.7440463789703208,1.0464285714285717,-0.2956496687687444,0.0464285714285714,1.1160686383998326,0.8464285714285715,0.1098146060078228,0.1071428571428571,107142.85714285714,0.1071428571428571,,-0.4614982751304824,0.4784744316406235,1.3083047090518822,-0.7371501421026092,0.4111261371825447,4.57191046818584,0.6413231530001802,1.5199330634315864,0.0503721379479377,50372.137947937714,0.0503721379479377,,-0.526412614160003,0.6430699268100996,2.4232590261439384,-0.4415007554053245,0.8909969352326076,4.096453133815873,1.466489474776696,1.4101223583521956,0.4701399541807519,470139.954180752,0.4701399541807519,,8,8,0.5,369,347,22,0.333,0.5,1.1358742125143932,-1.1149450527923046,6.217309470659601,3
245,cincinnati-bengals,2020,0.8349417507119816,1.199900512211689,0.7822358567270603,1.1253496288563207,0.8734477449647476,0.046510642485627,44631739.0,64140578.0,6690296.0,49794400.0,32338341.0,42000.0,25,25,4,49,41,1,0.3865471068111025,0.5555094963943004,0.057943396794597,0.6059574924610958,0.3935314015775237,0.0005111059613805,0.4629629629629629,0.4629629629629629,0.074074074074074,0.5384615384615384,0.4505494505494505,0.0109890109890109,0.0124135124135124,1.0275496615270838,0.9135124135124136,0.0271791586044036,-0.0754985754985754,0.8597867630415141,1.0014245014245011,-0.1510687104333156,0.063085063085063,6.740127389148328,0.085063085063085,1.9080923251215909,0.1619780948167766,1.4115978612370197,0.949040897971824,0.3447240978315773,-0.2194103856499932,0.6379102060953786,0.9925045992721984,-0.4495551613362866,0.0574322908332165,113.14728037610672,0.0584545027559775,4.728707594301207,0.3264527672469414,1.3737503421109352,2.073348257176437,0.3175453091720912,-0.2904078781443391,0.7419392048152336,1.9602913795683024,-0.2984867756951994,0.7357252142414332,16.81806564816079,0.8287464992126874,2.822454923235433,4,11,0.281,311,424,-113,0.167,0.333,-0.825735437888375,0.5981580580579643,2.9080498070003005,3
246,denver-broncos,2020,0.982766461428242,0.994484584221835,1.1895746195826922,1.5285671354136214,0.5250796111462938,0.030408396828758,47457696.0,48023563.0,6893333.0,69085477.0,24258990.0,61082.0,25,25,3,45,46,2,0.4635690855793594,0.4690965019914316,0.067334412429209,0.7396292590711072,0.25971679691107,0.0006539440178227,0.4716981132075472,0.4716981132075472,0.0566037735849056,0.4838709677419355,0.4946236559139785,0.021505376344086,-0.0229255427064313,0.9536486051952524,0.9663217691215256,-0.0474578937590941,-0.0121728545343883,0.9748407526247088,0.9555690809494828,-0.0254790319677632,0.0350983972408196,2.63195308587962,0.0781091499289916,0.9677438553010028,0.2093797050803615,1.8061777343354528,0.7288132989025016,0.59121499516108,-0.2760601734917478,0.6267578697517733,1.2031983446504666,-0.4671928284043288,0.0666804684113862,102.8094166781621,0.0679883564470317,4.632891801890373,0.4694049730755413,1.8939655418827863,1.5195641953681287,0.6386738068401822,-0.5458006739853795,0.642932715042049,2.5113335968418635,-0.4417141849209903,1.159166222753934,39.11865224691724,1.2199830164114502,3.6666002334434986,5,11,0.313,323,446,-123,0.167,0.333,-0.01732750868648634,-0.32249429144998604,1.2989526725303622,3
247,tennessee-titans,2020,0.870563129586708,1.1584305165695927,0.768050830749594,1.1391366849931648,1.06952370623865,0.3693839125553124,55560087.0,73932031.0,6127208.0,39168685.0,37592299.0,4233698.0,24,24,3,45,46,15,0.4096767668643332,0.5451437725033378,0.045179460632329,0.4835957624970983,0.464132929122433,0.0522713083804687,0.4705882352941176,0.4705882352941176,0.0588235294117647,0.4245283018867924,0.4339622641509434,0.1415094339622641,0.0366259711431742,1.08439647815543,0.904550499445061,0.081025715899163,0.0460599334073251,1.108494120906659,0.8951165371809101,0.1030045714103281,-0.0826859045504994,0.4156833370142223,0.2003329633740288,-0.8778145178325553,0.0810108433809048,1.1745398004711167,1.0092767016257709,0.1608782460809069,-0.0739189956327651,0.8471453877170887,0.8932725293614314,-0.1658805079172305,-0.0070918477481396,0.8643096513642798,0.0974507690127977,-0.1458020478959434,0.0889068103309427,1.083126467123523,2.2279542228082425,0.0798525992517246,-0.2685735554064568,0.7642299443301551,2.009699814579873,-0.2688854121640376,0.3986669181942816,2.079269630793555,1.1374347433049063,0.7320179950042298,11,5,0.688,491,439,52,0.833,0.667,-0.7523875762941706,0.4457364993183257,0.6773322548738933,3
248,washington-commanders,2019,1.0415195758690126,0.9134427221848256,1.418006467446077,0.6564595264303787,1.3864830327658235,0.0,37064748.0,35215758.0,6307857.0,35462571.0,66577012.0,0.0,24,26,3,45,40,0,0.4716315060538925,0.4481039769208578,0.0802645170252496,0.3475373963454947,0.6524626036545054,0.0,0.4528301886792453,0.490566037735849,0.0566037735849056,0.5294117647058824,0.4705882352941176,0.0,0.0199778024417314,1.0424506149811226,0.9611542730299668,0.0415763403074589,-0.076581576026637,0.855344296299348,0.9822419533851277,-0.1562489970403896,0.0566037735849056,56603.77358490566,0.0566037735849056,,-0.2043586267336475,0.686787698824867,1.1005665805753633,-0.3757278293516737,0.1240941097083977,1.3570630209878578,0.8191689023993871,0.305324941477455,0.0802645170252496,80264.51702524966,0.0802645170252496,,-0.4730403105809981,0.658819503577439,2.299925754950649,-0.4173045816564308,0.3850600494386338,1.5865684743185715,1.6979791022993913,0.4615744518616494,1.418006467446077,1418006.4674460771,1.418006467446077,,3,13,0.188,266,435,-169,0.0,0.167,-0.6076341877099843,-1.2599487589931109,1.8305570491826404,3
249,kansas-city-chiefs,2016,0.9685612090164544,1.080070577147008,0.6881916387324724,0.9497998840484964,1.1239802366361542,0.0149791670297106,50883158.0,59105499.0,6025667.0,21982559.0,14507730.0,6667.0,24,25,4,52,29,1,0.438593755026319,0.5094672533712302,0.0519389916024507,0.6023121215917294,0.3975052056396155,0.000182672768655,0.4528301886792453,0.4716981132075472,0.0754716981132075,0.6341463414634146,0.3536585365853658,0.0121951219512195,0.1180395766221813,1.3337633073940576,0.825356649792913,0.2880066210094016,-0.1813161527841693,0.7140772484108412,1.08697653014266,-0.3367619231122891,0.063276576161988,6.188171815194173,0.087666820064427,1.8226529481060576,0.1119620477316146,1.281658615999369,0.9069724590108458,0.2481569956976228,-0.1637183665654104,0.728182301370506,1.0409058766180483,-0.3172015681516961,0.0517563188337957,282.780033114259,0.0521216643711057,5.644688580438904,-0.0439096594891461,0.960932924805256,2.2040508137831623,-0.0398497438718117,0.018761324967958,1.0197518503962564,1.9183610930649508,0.0195603462313443,0.6732124717027617,45.94018460325309,0.703170805762183,3.827341668690978,12,4,0.75,389,311,78,1.0,0.75,-0.5882768082998474,-0.3701188117750904,2.799372607916457,3
250,las-vegas-raiders,2015,0.8581187409010824,1.1472490912695958,1.0025618182773208,1.234662242119689,0.6400872983285035,2.348995613741248,38983467.0,50113814.0,5255235.0,30224052.0,11367770.0,1127500.0,26,25,3,51,37,1,0.4131682826560767,0.5311338385507388,0.0556978787931844,0.7075030825629677,0.2661037082938722,0.02639320914316,0.4814814814814814,0.4629629629629629,0.0555555555555555,0.5730337078651685,0.4157303370786517,0.0112359550561797,0.0472326258843112,1.1136109349278511,0.8786933000416146,0.1076099899869965,-0.091552226383687,0.8402309229666609,1.05451518934665,-0.1740764397105747,0.0443196004993757,4.944004428050349,0.0667915106117353,1.5981936156342422,0.2650301302568665,1.995958064613356,0.7972375468446111,0.6911260507186657,-0.294334799906891,0.5839800685804591,1.1206713652190443,-0.5378860055609889,0.0293046696500244,2.1102310166250344,0.0820910879363445,0.7468153818908393,0.5071617929410923,1.7923294243395296,1.7873363895980994,0.5835169998544941,-0.3765435012186062,0.6950225062405285,2.092780983020771,-0.3638098855225564,-1.3464337954639272,0.4268042841835093,3.351557432018569,-0.8514287242424373,7,9,0.438,359,399,-40,0.5,0.583,-0.32305944633579176,0.7248777885124285,0.7311571888396278,3
251,las-vegas-raiders,2016,0.9232636095873956,1.0505272557141931,1.2608306711956931,1.1346524949201848,0.8360752235754272,0.0,64652998.0,67906003.0,10187500.0,13448539.0,8140056.0,0.0,26,24,3,28,23,0,0.4529217707409865,0.4757104554177478,0.0713677738412656,0.6229464677993172,0.3770535322006828,0.0,0.490566037735849,0.4528301886792453,0.0566037735849056,0.5490196078431373,0.4509803921568627,0.0,0.0018497965223825,1.0040994962420522,0.903810580836108,0.0040933245330489,-0.0584535701072882,0.8935293698046585,1.0395856455789865,-0.1125740359489699,0.0566037735849056,56603.77358490566,0.0566037735849056,,0.098656923217065,1.2616489520527938,0.8527639876184308,0.2324216595944723,-0.1700246970583306,0.7270625440392599,1.0758682385403038,-0.3187405669492978,0.0713677738412656,71367.77384126565,0.0713677738412656,,0.2144520321387659,1.2564969868676323,1.8866024792896203,0.2283286318650309,-0.2113888853327893,0.8136965282536242,2.0579161045075804,-0.2061667147920848,1.2608306711956931,1260830.6711956933,1.2608306711956931,,12,4,0.75,416,385,31,0.5,0.75,0.6230526189282033,0.5430235325161451,1.4559603702252504,3
252,chicago-bears,2014,0.6717728021935891,1.4513669907968034,0.6201733881116536,1.2491585734137032,0.7970461120525408,0.6525980387431376,27421794.0,50467845.0,3750445.0,28411799.0,20578427.0,802334.0,27,23,4,37,42,2,0.3358864010967946,0.6181748294134534,0.0459387694897521,0.5706032989667532,0.4132831692124285,0.0161135318208182,0.5,0.4259259259259259,0.074074074074074,0.4567901234567901,0.5185185185185185,0.0246913580246913,-0.0925925925925925,0.8214269872479532,0.9444444444444444,-0.1967098749922923,0.0432098765432099,1.0945921983251876,0.9567901234567902,0.0903838722794762,0.0493827160493827,2.9998785049205505,0.0987654320987654,1.0985852893970882,0.2048916602010248,1.4957621788211075,1.0314579986258818,0.4026375132027706,-0.2347168978699586,0.5886503163488526,0.9064897000635478,-0.5299199848512925,0.0298252376689339,2.85076662484257,0.0620523013105703,1.047609717150748,0.6543208787442626,1.8209299912765131,2.2484131028493444,0.5993480438039629,-0.577385771220114,0.5377798133170196,1.9209313756072923,-0.6203045829237975,-0.032424650631484,0.9503130579322738,1.2727714268547912,-0.0509622015556312,5,11,0.313,319,442,-123,0.167,0.333,-0.023041032166121383,2.771540524496344,2.4247690935523987,3
253,washington-commanders,2020,0.8823328537869016,1.1235017338093336,0.9513784366980416,1.344533375118979,0.7800755302824968,0.1095976326937465,54894778.0,69899220.0,7102858.0,34161209.0,26934540.0,142800.0,25,25,3,39,53,2,0.416194742352312,0.5299536480232705,0.0538516096244174,0.5578383152089381,0.439829820265663,0.0023318645253988,0.4716981132075472,0.4716981132075472,0.0566037735849056,0.4148936170212766,0.5638297872340425,0.0212765957446808,-0.0921316740264953,0.8365951698408202,1.0355279004415898,-0.1784128735516191,0.0568044961862705,1.1369106608181363,0.8865917302288238,0.1283167572006837,0.0353271778402248,2.6602523266312144,0.0778803693295865,0.9784386444411248,0.0901238277576074,1.2049033937712057,0.9697834682889336,0.186401279540212,-0.1416435728566261,0.7460835602747481,0.97403305756125,-0.2929152712405148,0.0515197450990185,23.08389923122952,0.0561834741498162,3.139153940905829,0.3434262035268368,1.4402455274516064,1.9035772640918305,0.3648144943021673,-0.4622005213320773,0.6562367389891562,2.2268662289058807,-0.421232539176599,0.8417808040042949,8.680568482605942,1.060976069391788,2.161088071021328,7,9,0.438,335,329,6,0.667,0.417,-0.6532690848953986,0.3223523489535384,0.7775992124916243,3
254,las-vegas-raiders,2013,0.8157125325143144,1.045793885808704,2.062154767607148,1.2379523821682803,0.7943070072857579,0.0724637833069051,20541331.0,29627163.0,6491166.0,41451165.0,23271761.0,151647.0,24,27,3,32,28,2,0.3625389033396953,0.5228969429043521,0.1145641537559526,0.6389431649900802,0.3587192936129229,0.0023375413969969,0.4444444444444444,0.5,0.0555555555555555,0.5161290322580645,0.4516129032258064,0.032258064516129,0.0483870967741935,1.1071404056176737,0.9516129032258064,0.1017824800246796,-0.07168458781362,0.8611094427115658,0.9605734767025088,-0.1495314214716181,0.0232974910394265,1.7221688349883375,0.0878136200716845,0.5436024469074735,0.1641776492914292,1.4576731570937664,0.8816162365172749,0.3768433487877276,-0.2764042616503849,0.5674031053172288,1.0014820683297754,-0.5666825254124812,0.1122266123589557,48.98957696582633,0.1169016951529495,3.891616289196144,0.2514868785229462,1.316610025602414,1.840100893094462,0.2750612270006937,-0.4222398496539659,0.6589202342059042,2.053664914682595,-0.4171515665430375,1.9896909843002424,28.457337116064284,2.1346185509140527,3.348406507369144,4,12,0.25,322,453,-131,0.167,0.333,-2.1229244529294817,-0.5278684509189936,3.1661886911349475,3
255,las-vegas-raiders,2012,0.8891892561738995,0.9371528997180348,2.6417555784359346,1.4041169536625135,0.3140306986098274,0.3037355002488189,33561790.0,36635433.0,10683333.0,30675519.0,3632071.0,390333.0,28,29,3,17,9,1,0.4149549862144864,0.4529572348637168,0.1320877789217967,0.8840736374912124,0.1046768995366091,0.0112494629721784,0.4666666666666667,0.4833333333333333,0.05,0.6296296296296297,0.3333333333333333,0.037037037037037,0.15,1.4499956500130502,0.8166666666666667,0.37156262540036,-0.1629629629629629,0.7411752934274751,1.0962962962962963,-0.2995159754779699,0.0129629629629629,1.3499635509841237,0.087037037037037,0.3000975926148342,0.3482803353271076,4.327152501806777,0.5576341344003259,1.4649119125686303,-0.4691186512767259,0.46936646366423,1.299028623705699,-0.7563690333329127,0.1208383159496182,11.740652740108525,0.1433372418939752,2.463064983217324,0.6231222011082074,2.9842621106935203,1.2511835983278623,1.093353584249351,-0.514927697488614,0.6332724781807187,2.293306209836413,-0.4568533695761064,2.338020078187116,8.697524256293947,2.945491078684753,2.1630387954573216,4,12,0.25,290,443,-153,0.333,0.333,-0.687077059588756,-0.4539392471623999,3.216429487233141,3
256,indianapolis-colts,2016,0.691454133303674,1.3285194324782057,1.0459087182091769,1.1988922315240444,0.7726945925439493,0.0,38674567.0,68591119.0,6750000.0,24595934.0,13870723.0,0.0,26,24,3,48,42,0,0.3392039144508589,0.6015937052731499,0.0592023802759911,0.6394091901461569,0.360590809853843,0.0,0.490566037735849,0.4528301886792453,0.0566037735849056,0.5333333333333333,0.4666666666666667,0.0,-0.0138364779874213,0.9703483249948291,0.919496855345912,-0.0300979656812314,-0.0427672955974842,0.9198095961117242,1.0238993710691824,-0.083586552647047,0.0566037735849056,56603.77358490566,0.0566037735849056,,0.2410028954193069,1.66835099642721,0.962184515126993,0.5118373735621401,-0.300205275695298,0.5304950088038531,0.978613104597016,-0.6339417813728192,0.0592023802759911,59202.38027599115,0.0592023802759911,,0.5558248399342564,1.7193309309612017,2.101214025022155,0.5419359742378539,-0.5074380982203704,0.5767437125528609,1.8903463648277183,-0.5503558372733779,1.0459087182091769,1045908.7182091768,1.0459087182091769,,8,8,0.5,411,392,19,0.5,0.417,-0.8067227659636084,1.9686691723084186,1.0228306384669568,3
257,washington-commanders,2021,1.0913248693347664,0.984704029874136,0.505812155142135,1.1527931970726797,0.9621592818710274,0.3237050241211972,54731845.0,49384624.0,3902671.0,36600742.0,47519404.0,1427432.0,26,26,4,36,56,5,0.5066865464768558,0.4571840138701345,0.0361294396530096,0.4278407741713038,0.5554733998430674,0.0166858259856287,0.4642857142857143,0.4642857142857143,0.0714285714285714,0.3711340206185567,0.5773195876288659,0.0515463917525773,-0.1130338733431516,0.8042077906706891,1.04160530191458,-0.2178954432429563,0.0931516936671575,1.2509886927725302,0.835419734904271,0.2239363467366255,0.0198821796759941,1.38568740337866,0.1229749631811487,0.3262103365442023,-0.0982893859729329,0.8230514565555102,1.0126574137132018,-0.1947343698051556,0.078845772305552,1.184284885360407,0.9345273206481596,0.1691410937595411,0.0194436136673809,2.1651475052311078,0.0528152656386383,0.7725161687563507,0.0225447480031084,1.0234303456792766,1.9468633117451632,0.0231610843088388,-0.0614683277379133,0.9466779691518192,2.244118066407446,-0.0547953810043772,0.1821071310209377,1.5625663949731017,0.8295171792633322,0.4463315715249807,7,10,0.412,335,434,-99,0.333,0.5,0.4936773269698786,-0.6903182552101655,1.666024286331292,3
258,las-vegas-raiders,2011,0.9780748168112464,0.9651780202484423,1.4741824944815431,1.5540159478667692,0.1689760781998458,0.0,43707881.0,52934179.0,8983333.0,4328869.0,313800.0,0.0,22,27,3,6,4,0,0.4138008840355273,0.5011501258982298,0.0850489900662428,0.9324095687200616,0.0675904312799383,0.0,0.4230769230769231,0.5192307692307693,0.0576923076923076,0.6,0.4,0.0,0.1192307692307692,1.2980736778927284,0.9192307692307692,0.2608833052242532,-0.1769230769230769,0.7051270299164886,1.023076923076923,-0.3493749444888284,0.0576923076923076,57692.307692307695,0.0576923076923076,,0.4335596946182914,7.414403222542428,0.5687405571781682,2.003426485296824,-0.5186086846845344,0.4437968615087235,1.346210452755589,-0.8123859237499111,0.0850489900662428,85048.99006624288,0.0850489900662428,,0.7962019420485966,5.711887260276484,1.1341540984482883,1.7425505235737062,-0.5759411310555229,0.629384909961162,2.5320907646780157,-0.4630112474992882,1.4741824944815431,1474182.4944815433,1.4741824944815431,,8,8,0.5,359,433,-74,0.5,0.5,-2.4321240167538454,-1.7862905865274106,2.1947816156784326,3
259,san-francisco-49ers,2019,1.0875384850348533,0.9305858673084356,0.729676353191461,0.7151077942096514,1.384246068707334,0.1306536994763776,88857373.0,73109186.0,4586018.0,18297306.0,35418400.0,382058.0,26,25,2,35,35,4,0.533509445488796,0.4389555977869979,0.027534956724206,0.3382266594234837,0.654710978442658,0.0070623621338582,0.490566037735849,0.4716981132075472,0.0377358490566037,0.4729729729729729,0.4729729729729729,0.054054054054054,-0.0012748597654257,0.9973024736278698,0.94467108618052,-0.0026990512548913,0.017593064762876,1.0371945725729843,0.963539010708822,0.0365215803600978,-0.0163182049974502,0.6981002926917549,0.0917899031106578,-0.3593660010878934,-0.21575538065566,0.6704560359978861,1.093666576229656,-0.3997948692595179,0.1952827860653122,1.5773678781864684,0.8717361049122797,0.4557594323819796,0.0204725945903478,3.89827906348128,0.0345973188580643,1.360571506786994,-0.4536602013988986,0.6722686204981125,2.3148319360157696,-0.3970962108555118,0.3724306908252018,1.52080144146013,1.8026462792445048,0.419238379529075,0.5990226537150833,5.584769289706158,0.8603300526678386,1.7200444932219638,13,3,0.813,479,310,169,0.833,0.833,0.8315642957121794,-0.47540947212970514,-2.4612409367181645,4
260,new-york-jets,2011,0.983629458481052,1.0790994755940253,0.2836152333094736,2.126425100743082,0.4367874496284591,0.0,52555950.0,59404155.0,1377613.0,6822793.0,2802930.0,0.0,33,34,3,3,6,0,0.4637110304267817,0.5241340310028123,0.012154938570406,0.7088083669143607,0.2911916330856394,0.0,0.4714285714285714,0.4857142857142857,0.0428571428571428,0.3333333333333333,0.6666666666666666,0.0,-0.1809523809523809,0.728570335715925,1.1523809523809525,-0.3166690505024981,0.1380952380952381,1.4142814714413,0.8047619047619048,0.3466237292996023,0.0428571428571428,42857.14285714286,0.0428571428571428,,0.2329423979171729,1.799956356892673,0.8153256640884516,0.587764326344552,-0.2450973364875789,0.6542112055395677,1.1725193973411423,-0.4243228788969834,0.012154938570406,12154.938570406017,0.012154938570406,,0.6423120259655661,2.470531161050455,1.5158869252224845,0.9044340991789268,-1.1427956422620302,0.4625740147458317,3.110054559224134,-0.7709476863080339,0.2836152333094736,283615.23330947367,0.2836152333094736,,8,8,0.5,377,363,14,0.5,0.5,-0.6938633147391461,-0.23834403350076253,-2.4657768327403913,4
261,dallas-cowboys,2019,0.7663008616739827,1.3460252450573609,0.3725323200523838,1.5082532462109797,0.5814385509721778,0.9103065758553658,57031865.0,88618818.0,3199117.0,22554501.0,10493801.0,469406.0,26,23,3,29,35,1,0.3831504308369914,0.5953573199292173,0.0214922492337913,0.6729129867710525,0.3130822966773265,0.014004716551621,0.5,0.4423076923076923,0.0576923076923076,0.4461538461538462,0.5384615384615384,0.0153846153846153,-0.0961538461538461,0.8214270459212004,0.9807692307692308,-0.1967098905201774,0.0538461538461538,1.1206871432874377,0.946153846153846,0.1139440179704193,0.0423076923076923,3.74975626584272,0.073076923076923,1.3217081752778408,0.2822750232518907,1.9015940046869104,0.9084396166065438,0.6426941639480589,-0.2897625559340611,0.5693899047566562,1.056063417608044,-0.5631872239738144,0.0074875326821703,1.534534070754408,0.0354969657854123,0.4282733253136968,0.7645866940851829,2.314987418394193,1.9274637960295384,0.8394049956323459,-0.741952384536997,0.5080714101081271,2.2745541078849625,-0.6771319652342288,-0.5377742558029819,0.4092378553505234,1.2828388959077497,-0.8934560542244836,8,8,0.5,434,321,113,0.833,0.583,-0.05064940022163159,2.074869932576666,-0.4129326684259808,4
262,detroit-lions,2015,0.80114129557565,1.284169533980883,0.4500858331639691,1.585110457456897,0.5754246682387751,0.0494717530663094,42076787.0,62257791.0,2727575.0,24883526.0,11223047.0,47068.0,26,24,3,33,41,2,0.3930127110371113,0.5815107323687018,0.0254765565941869,0.6882716460010211,0.3104264657603919,0.001301888238587,0.490566037735849,0.4528301886792453,0.0566037735849056,0.4342105263157895,0.5394736842105263,0.0263157894736842,-0.086643495531281,0.8393909889245728,0.9923038728897716,-0.1750764549480767,0.0563555114200595,1.1297858486121222,0.9247765640516384,0.1220301387210207,0.0302879841112214,2.150861663483203,0.0829195630585898,0.7658862020749683,0.2710842666083098,1.87325799585514,0.8919371981290937,0.6276808783503637,-0.2952589349639097,0.5710131200485458,1.0812843570381323,-0.5603405478284295,0.0241746683555998,19.553907879170698,0.026778444832774,2.973214408975441,0.7087448657421078,2.231686219197319,1.859594202219658,0.8027582305525548,-0.7839691618812471,0.5054163805370355,2.386251753032547,-0.6823714252998883,0.4006140800976597,9.097650833393264,0.4995575862302785,2.2080184518157147,7,9,0.438,358,400,-42,0.5,0.5,-0.3192899663036358,1.533045551494502,-0.37179610137187963,4
263,new-york-giants,2023,0.9937701669317598,1.042546054309438,0.5491621510191471,1.0136509735405033,1.030680925093607,0.7199690277757831,63340928.0,63894044.0,2692500.0,33785490.0,54392419.0,5332650.0,26,25,2,36,57,8,0.4875098932118066,0.4917670067497349,0.0207231000384583,0.3613013371035457,0.5816714131716398,0.0570272497248145,0.490566037735849,0.4716981132075472,0.0377358490566037,0.3564356435643564,0.5643564356435643,0.0792079207920792,-0.0926583224360171,0.8358144739771999,1.0360545488511117,-0.1793464916077136,0.1341303941714926,1.3763064112325896,0.8470016813002055,0.3194054357623505,-0.0414720717354754,0.4764090796749917,0.1169437698486829,-0.7414518831021771,-0.0899044064219048,0.8454363583590209,1.073438419921375,-0.1679003510076598,0.1262085561082609,1.3493128694379055,0.8488112303153523,0.2995975285099647,-0.0363041496863561,0.3633830625778649,0.0777503497632728,-1.0122494781482134,0.0118651292158307,1.0115109510771263,2.0732269794030453,0.0114461633283893,-0.0198808066087434,0.9803859636959026,2.007421140472263,-0.0198079380779306,-0.1708068767566359,0.7627569618636543,1.2691311787949302,-0.2708140071524519,6,11,0.353,266,407,-141,0.5,0.417,0.24415496758370886,0.11271700834372327,-2.7130513007350636,4
264,dallas-cowboys,2020,1.0559075039831316,1.006053772604354,0.4856739526390698,0.5272145904779586,1.5222097438955782,1.0301358888091736,55145772.0,50440429.0,3043774.0,22223565.0,57874661.0,2554300.0,25,24,3,51,46,3,0.5076478384534288,0.4643325104327788,0.0280196511137924,0.2688794411437589,0.700216482191966,0.0309040766642752,0.4807692307692308,0.4615384615384615,0.0576923076923076,0.51,0.46,0.03,0.0015384615384615,1.0033423004264372,0.9215384615384616,0.0033388940191535,-0.0292307692307692,0.9426829178163,0.9907692307692308,-0.0590232212340157,0.0276923076923076,1.9230128226495016,0.0876923076923077,0.6539104678119868,-0.2358839717591871,0.6631261318686715,1.1645489926247448,-0.4107879091178211,0.2387683973096698,1.8880058225656184,0.7765272795971876,0.6355231215721523,-0.0028844255504827,0.906635871451562,0.0589237277780676,-0.0979786856465638,-0.5161559712912243,0.6609162211204102,2.528263516499932,-0.4141271988386726,0.528692913505173,2.0028002264232665,1.5831220944610902,0.6945472615792064,-0.5444619361701037,0.4714654507717934,1.5158098414482435,-0.7519073957403497,6,10,0.375,395,473,-78,0.333,0.417,0.7182421314834073,-0.22283355191803164,-0.2016591274645263,4
265,dallas-cowboys,2021,0.7967564975012192,1.281947400500479,0.5211430531507306,1.3300917492145563,0.8068990156442482,0.5593033143856919,66780843.0,96332280.0,4518627.0,19934458.0,16490757.0,1270066.0,29,26,3,33,45,5,0.3983782487506096,0.5746660760864216,0.0269556751629688,0.5288316593262695,0.4374753699276044,0.033692970746126,0.5,0.4482758620689655,0.0517241379310344,0.3975903614457831,0.5421686746987951,0.0602409638554216,-0.0938928126298296,0.8268183983510461,0.9904445367677608,-0.19016796817466,0.1024096385542168,1.257572594590141,0.8975903614457832,0.2291853506198203,-0.0085168259243872,0.8586064367883217,0.1119651017864561,-0.1524252932315868,0.1371907061588171,1.313593408900051,1.012141446014026,0.272768182257701,-0.1304534105756599,0.7533162744867946,0.9272099080768792,-0.2832676099528042,-0.0067372955831571,0.8000147968926479,0.0606486459090948,-0.223087958118299,0.4750483848562308,1.5887314111364117,2.088846416144727,0.4629366232084498,-0.5333352517133373,0.5990232620783161,2.126848246715776,-0.5124535916776393,-0.0381602612349613,0.9317701289737492,1.0804463675364224,-0.0706672185928089,12,5,0.706,530,358,172,1.0,0.833,-0.015898255976723077,1.7577647550886768,-0.8635398726051262,4
266,dallas-cowboys,2023,0.93463382902492,1.1284235268683147,0.4745220342230453,0.9462877205250646,1.0638764636853737,0.0083802742036604,81780766.0,98737428.0,4982500.0,15435277.0,21162578.0,3334.0,25,25,3,41,50,1,0.440865013691,0.5322752485227898,0.0268597377862101,0.4217151797992136,0.5781937302637901,9.108993699630906e-05,0.4716981132075472,0.4716981132075472,0.0566037735849056,0.4456521739130434,0.5434782608695652,0.0108695652173913,-0.071780147662018,0.8679229313236931,1.0151763740771125,-0.1416502370635812,0.0260459392945037,1.0584421716686476,0.9173502871205906,0.0568002977586428,0.0457342083675143,5.207068119544323,0.0674733388022969,1.6500346229073817,-0.0459184817410002,0.920581286308074,1.1104689787865798,-0.0827480967924286,0.0191498338917863,1.0454069224967928,0.8625801934902136,0.0444084774043407,0.0267686478492138,291.66854340758914,0.0269508277232064,5.675655261961432,0.064547063182941,1.06067058038747,2.192299990553688,0.0589022173011366,-0.0116538915001446,0.9876835776995444,1.8809215495499845,-0.0123918280793434,0.4661417600193849,56.61693230556792,0.4829023084267058,4.03631020519417,12,5,0.706,509,315,194,0.833,0.75,-0.48501169233885033,0.19240667796566827,-0.3289030728841231,4
267,denver-broncos,2024,0.9335122327005836,1.1096270197311984,0.677048569645549,0.5657465406498129,1.4712811658023424,0.58261621095061,67561031.0,77094698.0,5880000.0,28740989.0,71629525.0,1233250.0,25,24,3,48,46,2,0.4488039580291267,0.5121355475682454,0.0390604944026278,0.2828732703249064,0.7049888919469558,0.0121378377281377,0.4807692307692308,0.4615384615384615,0.0576923076923076,0.5,0.4791666666666667,0.0208333333333333,-0.0176282051282051,0.9632086921664752,0.9407051282051282,-0.037483013544765,-0.0192307692307692,0.9615365384653846,0.9807692307692308,-0.0392206331534446,0.0368589743589743,2.769097852533848,0.078525641025641,1.0185389153296494,-0.1928533443787103,0.7264438163132969,1.2171244395152012,-0.319592181093502,0.1659306877042203,1.586584589378296,0.7316772283540331,0.4615858769956415,0.0269226566744901,3.217811727731229,0.0511983321307655,1.1687271418575875,-0.361654146071144,0.7541904914793006,2.5809081855335405,-0.2821094004600524,0.3677656920507708,1.650050889533447,1.4992587733503966,0.500807200801031,0.094432358694939,1.1620813064222095,1.2596647805961592,0.150214104083127,10,7,0.588,425,311,114,0.5,0.5,0.06143025642630328,0.4099509567011879,0.27655813543915475,4
268,new-orleans-saints,2024,1.054287089308518,1.0204058783107683,0.3843605626095359,0.7492462811722675,1.2140870256401608,0.1123043915990783,71412284.0,66352642.0,3124166.0,34024892.0,74737626.0,226666.0,25,24,3,45,61,2,0.5068687929367874,0.4709565592203547,0.0221746478428578,0.3121859504884448,0.6857343385560167,0.0020797109555384,0.4807692307692308,0.4615384615384615,0.0576923076923076,0.4166666666666667,0.5648148148148148,0.0185185185185185,-0.1032763532763532,0.8171486162967753,1.0263532763532763,-0.2019321291084898,0.0641025641025641,1.1538433846220308,0.8974358974358975,0.1431005236413902,0.0391737891737891,3.115216393699356,0.0762108262108262,1.1363159512920171,-0.214777779335662,0.6867905629773562,1.1566908977763717,-0.3757237672861737,0.1946828424483426,1.623606599006606,0.8190547434252322,0.4846519432983595,0.0200949368873193,10.657245680296354,0.0242543587983963,2.3662851019210254,-0.1936811473293924,0.8404710834477852,2.234492903950929,-0.1737917507119411,0.3050408081362503,1.4071283484125388,1.8035333704807852,0.3415519438105109,0.2720561710104576,3.422458682853569,0.4966649542086142,1.2303618076157,5,12,0.294,338,398,-60,0.333,0.333,0.6808509087812209,-0.1781952428172949,-0.4380530995529655,4
269,detroit-lions,2013,0.9167292290119698,1.1719852033747438,0.3180414645689683,1.0689330741910226,1.0115838225524243,0.0042678215740546,40475789.0,49676113.0,1685075.0,10105697.0,17822918.0,3668.0,25,24,3,22,41,2,0.4407352062557547,0.5409162477114202,0.0183485460328251,0.3617927328031153,0.6380759496099907,0.0001313175868939,0.4807692307692308,0.4615384615384615,0.0576923076923076,0.3384615384615385,0.6307692307692307,0.0307692307692307,-0.1692307692307691,0.7317061570512144,1.0923076923076924,-0.3123741037424299,0.1423076923076923,1.4204503486694244,0.8192307692307692,0.3509760482808416,0.0269230769230769,1.8749390644804045,0.0884615384615384,0.6285934931336005,-0.0971597018985704,0.8477288641159069,1.1789921973214108,-0.1651925813156425,0.0789424734526393,1.2181946957483607,0.80252793905887,0.1973722741728155,0.0182172284459311,138.6705007515415,0.018479863619719,4.932155119607512,0.1604013808223194,1.158563451374842,2.1835690259271683,0.1471816869279005,-0.1522038451790527,0.8576106339446214,1.9856623032029923,-0.1536039982528525,0.3137736429949137,74.50333986831012,0.322309286143023,4.310847099066937,7,9,0.438,395,376,19,0.667,0.5,-0.1350866168241341,0.6312382800720069,-0.5583227487179042,4
270,new-york-giants,2018,0.9253281735899958,1.1549912661504411,0.3306713354963606,1.324168397793304,0.7692706731397169,0.3444923282327184,51302753.0,64035910.0,2200000.0,32434584.0,19984735.0,1022800.0,25,25,3,33,35,4,0.4364755535801866,0.544807201014359,0.0187172454054543,0.6069105156552643,0.3739510216651401,0.0191384626795954,0.4716981132075472,0.4716981132075472,0.0566037735849056,0.4583333333333333,0.4861111111111111,0.0555555555555555,-0.0144129979035639,0.9703484081673718,0.9578092243186582,-0.0300979683002678,0.0133647798742138,1.0291572742915045,0.9300314465408804,0.0287424070476051,0.0010482180293501,1.0188495852357675,0.1121593291404612,0.0186917996847637,0.1708561793492188,1.4568906422498584,0.9187582226794992,0.3763063031113154,-0.1704349620750777,0.719174941192106,1.043386069235451,-0.3296483479691797,-0.000421217274141,0.9779399619932264,0.0378557080850498,-0.0222535741488105,0.3857205930107242,1.5014088084596209,1.924261939290158,0.4064047387772982,-0.3988402242033083,0.6987989415342422,2.2494965713833,-0.3583911347168499,-0.0138209927363578,0.9598773282279054,0.6751636637290791,-0.0409467616348661,5,11,0.313,369,412,-43,0.167,0.333,-0.5769508861820086,0.2938752229509148,-0.6564804613301044,4
271,tennessee-titans,2021,0.7995214553726441,1.243387424774541,0.6949492202668504,1.0197019336673667,1.0871963371956332,0.3426795515350341,54388691.0,81450647.0,5252778.0,18601346.0,23551183.0,1172089.0,27,26,3,48,57,9,0.385483558840382,0.5772870186453225,0.0372294225142955,0.429348182596786,0.5435981685978166,0.0270536488053974,0.4821428571428571,0.4642857142857143,0.0535714285714285,0.4210526315789473,0.5,0.0789473684210526,-0.0357142857142857,0.9285695714322856,0.9642857142857144,-0.0741078183078876,0.0610902255639098,1.1450865661336913,0.9031954887218046,0.135482311830528,-0.025375939849624,0.6785628334422049,0.1325187969924812,-0.3877595311027619,0.0336888500475058,1.061971857194708,1.1208851872431391,0.0601291548910412,-0.0438646237564039,0.8978322877171996,0.814831741437168,-0.1077693959887106,0.0101757737088981,1.376082268969178,0.0642830713196929,0.3192673863339302,0.1561910875789076,1.143663051991823,2.330583761970174,0.1342371188557111,-0.2201804782947226,0.7840729186657934,1.819223389040011,-0.2432520037070729,0.3522696687318162,2.027979753020217,1.0376287718018844,0.7070415409142795,12,5,0.706,419,354,65,0.833,0.667,-0.7773437293913655,1.1583228104580667,-0.2236792052264177,4
272,san-francisco-49ers,2021,0.8204492189662039,1.240508532140063,0.6117192614703078,1.229101024411514,0.8335764372786775,0.1722395814953214,55651153.0,77910943.0,4610331.0,31804993.0,24925506.0,198088.0,27,25,3,45,52,2,0.4027659802197728,0.5638675146091195,0.0333665051711076,0.5586822838234154,0.4378381286716285,0.0034795875049559,0.4909090909090909,0.4545454545454545,0.0545454545454545,0.4545454545454545,0.5252525252525253,0.0202020202020202,-0.0707070707070707,0.8653829678285804,0.97979797979798,-0.1445809326578694,0.0363636363636363,1.0799976240052274,0.9454545454545454,0.0769608781735105,0.0343434343434343,2.699866356615347,0.0747474747474747,0.9932206074006475,0.126029385937491,1.28784176124197,1.001705643280748,0.2529695374207943,-0.1559163036036426,0.7209200487678742,0.9614482640431884,-0.327224554382552,0.0298869176661517,9.58645778150881,0.0368460926760636,2.2603814245399843,0.4069320948613856,1.4881743155019471,2.0740849694187404,0.3975508831851077,-0.4086518054453102,0.6675192153873716,2.049550243377718,-0.4041858831811518,0.4394796799749862,3.5515396903541205,0.7839588429656292,1.2673828597880967,10,7,0.588,427,365,62,0.333,0.583,-0.21062256290566578,1.3476928565306399,-0.28647151772144025,4
273,detroit-lions,2012,0.8940435061688289,1.1303428495375445,0.8158416299197001,1.447258733075098,0.7745789023543385,0.0422870420219999,48634011.0,59292172.0,4755000.0,12199304.0,7753328.0,66834.0,28,27,3,16,19,3,0.431607209874607,0.5261940851295465,0.0421987049958465,0.6093720981368834,0.3872894511771693,0.0033384506859473,0.4827586206896552,0.4655172413793103,0.0517241379310344,0.4210526315789473,0.5,0.0789473684210526,-0.0344827586206896,0.9310326206933792,0.9655172413793104,-0.0714588158343042,0.0617059891107078,1.1465490010840536,0.9038112522686026,0.1367586335446355,-0.0272232304900181,0.6551641150476462,0.1306715063520871,-0.4228501842600317,0.1389046339523771,1.3586549410918334,0.9134835363067156,0.3064970968855883,-0.1777648882622764,0.7082807088042063,1.0409793080114904,-0.34491246558575,0.0388602543098991,12.636421065722438,0.0455371556817939,2.53660690222029,0.3557639471832058,1.4592979318232542,1.9049217518918828,0.3779563361385863,-0.553215226906269,0.6177491750352162,2.3413022392439267,-0.4816716510358306,0.7735545878977002,19.29249004943917,0.8581286719417001,2.9597171293032933,4,12,0.25,372,437,-65,0.0,0.25,-0.22699293156642514,0.5729064161823721,-0.25248401951266314,4
274,new-york-giants,2015,1.0234714115579782,1.0457312655443791,0.4233110241470214,0.7028982112407952,1.343874732721751,1.5179949582403254,37991085.0,38817367.0,1885588.0,18995692.0,28394043.0,2237647.0,25,25,3,55,43,3,0.4827695337537633,0.4932694648794241,0.0239610013668125,0.3827663526558785,0.5721446881884682,0.0450889591556532,0.4716981132075472,0.4716981132075472,0.0566037735849056,0.5445544554455446,0.4257425742574257,0.0297029702970297,0.0459555389501214,1.1079394774901172,0.897440687464973,0.102504083627078,-0.0728563422379974,0.8662076717634075,1.016252568653092,-0.1436284734393301,0.0269008032878759,1.9055962222856735,0.0863067438819353,0.6448126036997935,-0.078875223309044,0.8621396176928597,1.0654141530678922,-0.1483360246653771,0.1000031810978847,1.2612609994138928,0.8655358864096419,0.2321140850689933,-0.0211279577888406,0.5314043706293397,0.0690499605224657,-0.6321902873335703,-0.2981434671773719,0.7781458062543178,2.38960599826613,-0.2508404044570037,0.3205732003171829,1.4560713615701628,1.7263696227987737,0.3757429377072456,-1.094683934093304,0.278861759709642,1.9413059823873469,-1.2770367425392346,6,10,0.375,420,442,-22,0.333,0.333,0.006498788493433765,-0.2882610636184518,-0.4683544574515737,4
275,new-york-giants,2013,0.9836793659538644,1.0535968712641082,0.6769392774442375,0.8583615639599158,1.1249750906236038,0.0,44002651.0,47130251.0,3494000.0,13933362.0,20695991.0,0.0,26,26,3,30,34,0,0.4650120639054632,0.4980639755066693,0.0369239605878674,0.4023569831062105,0.5976430168937895,0.0,0.4727272727272727,0.4727272727272727,0.0545454545454545,0.46875,0.53125,0.0,-0.0585227272727272,0.8898378972035303,1.0039772727272729,-0.11671385543627,0.0039772727272727,1.0084826970550949,0.9414772727272728,0.0084490365378477,0.0545454545454545,54545.454545454544,0.0545454545454545,,-0.0995790413871201,0.833379003935018,1.095706992400459,-0.1822647458014725,0.0626550807992527,1.1557172553544537,0.8673690470116737,0.1447233020192734,0.0369239605878674,36923.9605878675,0.0369239605878674,,-0.0713782193594956,0.9365504565346556,2.178571961887712,-0.0655509316469201,0.1253178019939486,1.1459951857823574,1.84204092991378,0.1362744339866286,0.6769392774442375,676939.2774442376,0.6769392774442375,,7,9,0.438,294,383,-89,0.5,0.5,-0.16507878110885105,-0.14947844497316198,-0.16348759350719283,4
276,arizona-cardinals,2015,1.0074075806377936,1.0825481861416073,0.2528378037175934,1.2756739457936912,0.7195063796825176,1.7393151980152424,56116325.0,62814515.0,1760500.0,14721866.0,8752270.0,542500.0,24,25,3,37,39,1,0.4649573449097507,0.5204558587219266,0.0145867963683226,0.6129861817450204,0.3644253091898465,0.022588509065133,0.4615384615384615,0.4807692307692308,0.0576923076923076,0.4805194805194805,0.5064935064935064,0.0129870129870129,-0.0257242757242756,0.9492091712852456,0.9872627372627372,-0.0521240123483776,-0.0189810189810189,0.9604969616269052,0.942057942057942,-0.0403022934386184,0.0447052947052947,4.441965660951799,0.0706793206793206,1.491114328087827,0.15603054953208,1.428151166909294,0.8848811679117732,0.3563826388855688,-0.1480288368352696,0.7585107140187403,1.0779435266547712,-0.276396204288794,-0.0080017126968103,0.6457332174092028,0.0371753054334557,-0.4373002838451054,0.3630418064590897,1.5045685655361607,1.802054565824125,0.4085071134320299,-0.2682663651558976,0.7897055468240863,2.2830815264314848,-0.2360941358932344,-1.486477394297649,0.1453662100117909,1.992153001732836,-1.9284951791097256,13,3,0.813,489,313,176,0.667,0.833,-0.6248580473916685,-0.4119970981815469,-0.7112267140434678,4
277,carolina-panthers,2011,0.8053846811467812,1.2134659175141125,0.9412375592932094,0.7931138138926523,1.165726242109113,1.329279551985875,47071114.0,66489026.0,5157291.0,1909278.0,2806275.0,400000.0,32,30,3,8,8,1,0.3964970737953384,0.5600611926988212,0.0434417335058404,0.3732300300671305,0.5485770551101709,0.0781929148226985,0.4923076923076923,0.4615384615384615,0.0461538461538461,0.4705882352941176,0.4705882352941176,0.0588235294117647,-0.009049773755656,0.9807671466390444,0.9321266968325792,-0.0194180441905242,0.0217194570135746,1.0461516230816472,0.96289592760181,0.0451203415306643,-0.0126696832579185,0.7846020463805962,0.1049773755656108,-0.242556970594865,0.0114841375886503,1.020932550038561,1.108638247808992,0.0207182598720037,0.0232670437282078,1.0623368419394903,0.769727103862469,0.0604735715807999,-0.0347511813168581,0.55556412035825,0.1216346483285389,-0.5877482293018222,0.0477396754049994,1.0409518399163662,2.379192159623225,0.0401363493592941,0.0122708672541288,1.015470480489335,1.5984984950394336,0.0153532743156462,-0.3880419926926657,0.7080804408723577,2.2705171112790845,-0.3451965122605163,6,10,0.375,406,429,-23,0.333,0.25,-0.4285813126605933,1.2730170467715034,-0.8094385342383268,4
278,denver-broncos,2023,0.8992635535933672,1.1713923547438132,0.4112007638568297,1.144318115600302,0.8378745114435483,1.9812646445393396,73535216.0,95787925.0,4035000.0,32712095.0,24472627.0,1231250.0,25,25,3,46,47,1,0.4241809215063052,0.5525435635584025,0.0232755149352922,0.5599854608256797,0.4189372557217741,0.0210772834525461,0.4716981132075472,0.4716981132075472,0.0566037735849056,0.4893617021276595,0.5,0.0106382978723404,-0.0283018867924528,0.9433943396264152,0.9716981132075472,-0.058268788124223,-0.0176635889201123,0.9639028703182528,0.9610598153352068,-0.0367626263814323,0.0459654757125652,5.320254613047506,0.067242071457246,1.671538828314328,0.1336063078366283,1.3189140786544893,0.9714808192801768,0.2768105401459355,-0.1358045393193744,0.7574842450313279,0.984166382331985,-0.2777501829715741,0.002198231482746,1.104241480939031,0.0443527983878384,0.0992016193518247,0.3335178433002649,1.3980505919377684,2.0092668661873616,0.335079685638072,-0.2450545620069347,0.785850329103014,2.043581669193669,-0.24098781365341,-1.5700638806825096,0.2075444880347871,2.392465408396169,-1.5724071302250264,8,9,0.471,357,413,-56,0.5,0.417,-0.7033992753657266,0.41246048270551855,-0.4653492924905152,4
279,baltimore-ravens,2024,0.9450142551933088,1.111263188720654,0.5493498823192071,1.0398755517408689,0.9830906339025302,0.0051361052476136,99843330.0,112892291.0,6696959.0,15853323.0,16582041.0,1666.0,26,25,3,47,52,1,0.4550068636115931,0.5144736984817843,0.0305194379066226,0.4887415093182082,0.5112071296293156,5.136105247613607e-05,0.4814814814814814,0.4629629629629629,0.0555555555555555,0.47,0.52,0.01,-0.057037037037037,0.8903116781755476,0.982962962962963,-0.1161815173668165,0.0114814814814814,1.0244265043722918,0.9514814814814814,0.0241350249988495,0.0455555555555555,5.555000055550001,0.0655555555555555,1.7147164329295954,0.0032665688524686,1.0063879438983816,1.0256808281110998,0.0063695711911118,-0.0337346457066151,0.930974603061076,0.9437483729298014,-0.0715210835145245,0.0304680768541464,582.8652493288226,0.0305707989590987,6.367988791874775,0.1281725548181237,1.1303759999556984,2.094353822623184,0.1225512205775226,-0.0948612965475598,0.9087754249398644,1.9848898069341776,-0.0956562144156739,0.5442137770715935,106.9376342979156,0.5544859875668208,4.672247627837744,12,5,0.706,518,361,157,0.667,0.667,0.06094403729410887,0.3798388177721156,-0.310894720955247,4
280,cleveland-browns,2022,0.8546783646221024,1.205490508315946,0.4985927255162636,0.7358598779319788,1.322837926972026,0.0,53296256.0,75172291.0,3730965.0,21982312.0,32332159.0,0.0,25,25,3,55,45,0,0.4031501719915577,0.5686275982622386,0.0282222297462036,0.4047229328625883,0.5952770671374117,0.0,0.4716981132075472,0.4716981132075472,0.0566037735849056,0.55,0.45,0.0,0.0216981132075471,1.0482156999818828,0.9216981132075472,0.0470915053118501,-0.0783018867924528,0.8576313737748607,1.021698113207547,-0.1535787861107133,0.0566037735849056,56603.77358490566,0.0566037735849056,,-0.026649468875173,0.955230218705469,1.1639046653996503,-0.0458011422273314,-0.0015727608710305,0.9961115201171836,0.8078731048541461,-0.0038935792141532,0.0282222297462036,28222.2297462036,0.0282222297462036,,-0.1173474186560801,0.9112904706208712,2.528328435287972,-0.0928927549039856,0.1188184866901236,1.1614673238561637,1.5905382425540813,0.149685310151689,0.4985927255162636,498592.7255162636,0.4985927255162636,,7,10,0.412,361,381,-20,0.5,0.333,-0.9333501213845202,0.6325603290839501,-0.25389162007630345,4
281,chicago-bears,2012,1.0101360578565923,1.04408217827179,0.4973418154206302,0.6497139549192383,1.0656469595596323,4.853653278176545,52138825.0,55886938.0,2852291.0,5294195.0,9923915.0,2825000.0,27,28,3,14,16,1,0.4702357510711723,0.5040396722691399,0.0257245766596877,0.2934192054473979,0.5500113339662619,0.1565694605863401,0.4655172413793103,0.4827586206896552,0.0517241379310344,0.4516129032258064,0.5161290322580645,0.032258064516129,-0.0333704115684093,0.9353430153591148,0.9988876529477198,-0.0668398841975475,0.0139043381535038,1.03078589488542,0.9171301446051168,0.0303236641903755,0.0194660734149054,1.6033985705063831,0.0839822024471635,0.4721448162337735,-0.0459716616971219,0.9164152167904984,1.0540510062354018,-0.0872837396061846,0.1768165456237744,1.6026018056737834,0.7636549565185702,0.4716305636670191,-0.1308448839266524,0.1643003192514852,0.1822940372460279,-1.806020438263758,-0.0215647812878425,0.9797627527042286,2.1097291378314225,-0.0204438679245721,0.360422102937354,1.5547372739513985,1.6598500127758309,0.4413075656634784,-4.356311462755915,0.1024674991082131,5.350995093597176,-2.278207601868304,10,6,0.625,375,277,98,0.5,0.583,-0.5248790609122664,-0.48418502303986904,-0.9292467221585222,4
282,chicago-bears,2017,0.875131095283095,1.2134103202743522,0.262154870354606,1.2075716273095016,0.82643293868721,0.8736180342758814,45667458.0,63320073.0,1641621.0,30905961.0,23320659.0,2866529.0,25,25,3,39,43,5,0.4127976864542901,0.5723633586199774,0.0148389549257324,0.5413252122421904,0.4084668547534486,0.0502079330043609,0.4716981132075472,0.4716981132075472,0.0566037735849056,0.4482758620689655,0.4942528735632184,0.057471264367816,-0.0225547603556712,0.9543640190555104,0.9659509867707656,-0.0467079889789141,0.0234222511385816,1.0522472898344202,0.9199739752765128,0.0509302730720263,-0.0008674907829104,0.9848885233170528,0.1140750379527217,-0.0152091520015376,0.1638965038665288,1.4012445580704418,0.980830213373426,0.3373625589120355,-0.1285275257879003,0.762567333926929,0.9541228986964804,-0.2710620451187076,-0.0353689780786285,0.2955441200959906,0.0650468879300934,-1.2188697587757538,0.3869773815871422,1.4682484146305197,2.0398432589615623,0.3840709597750243,-0.3324405320264066,0.7247026601065861,2.0827027225925967,-0.3219926895569343,-0.6114631639212753,0.3000791650240301,1.1357729046304874,-1.2037051411917945,5,11,0.313,264,320,-56,0.0,0.083,-0.881096190042432,0.5988593402107222,-0.8011666178258328,4
283,pittsburgh-steelers,2020,0.9355891639750396,1.1234138496176993,0.5297784987354953,1.6742542192938084,0.4683740963651432,0.3424295057018008,66152062.0,76377359.0,4322156.0,36027053.0,10358561.0,1432762.0,26,25,3,36,37,7,0.4504688567287228,0.5200990044526386,0.0294321388186386,0.7534143986822137,0.2166230195688787,0.0299625817489075,0.4814814814814814,0.4629629629629629,0.0555555555555555,0.45,0.4625,0.0875,0.0004629629629629,1.000998836679192,0.9254629629629628,0.0010004981714261,0.0314814814814814,1.069956470055581,0.9314814814814816,0.0676200423761461,-0.0319444444444444,0.6349133787677347,0.1430555555555555,-0.4542487009457173,0.3034759848837598,2.4009295252102256,0.7367220240215173,0.8758578872517049,-0.3029455419534909,0.5979023756570815,1.2038832554109364,-0.5143255698612037,-0.0005304429302689,0.982263704829336,0.0593947205675462,-0.0178614922682982,0.655039753252556,2.398534547067145,1.5917879459828426,0.8748588356133362,-0.7386650553187688,0.5588091667229002,2.609843383268848,-0.5819461785891289,0.1873489930336944,1.5471124503050058,0.8722080044372962,0.4363921458015241,12,4,0.75,416,312,104,0.667,0.75,0.0010051032823380109,0.44037289337054925,-0.3525614909325482,4
284,pittsburgh-steelers,2018,0.916163051422708,1.162108590937334,0.347736313666318,1.072291843742823,0.7929532282701175,2.2078799721342426,56320777.0,71440186.0,2565235.0,16812956.0,11248975.0,3296987.0,25,25,3,21,19,2,0.4321523827465603,0.5481644296874217,0.019683187566018,0.5361459218714115,0.3587169365983864,0.105137141530202,0.4716981132075472,0.4716981132075472,0.0566037735849056,0.5,0.4523809523809524,0.0476190476190476,0.0193171608265947,1.0426987874404163,0.9240790655884996,0.0418144599068869,-0.0283018867924528,0.9433943396264152,0.9716981132075472,-0.058268788124223,0.008984725965858,1.1886542835430645,0.1042228212039532,0.1728394795705207,0.1894474930890353,1.5281210493277784,0.9068813662858082,0.4240407326392571,-0.1039935391248512,0.8060335052155851,0.9682983046179718,-0.2156276535972206,-0.085453953964184,0.1872126259751681,0.12482032909622,-1.675459467275737,0.3691553626672166,1.4655430912734413,1.955061819207452,0.3822267450440375,-0.1561287923201151,0.8543963123215984,1.988454895165531,-0.1573590353803506,-1.8601436584679245,0.1574977628119959,2.5556162858005607,-1.848341149447523,9,6,0.594,428,360,68,0.75,0.542,-0.624464481430085,0.33942810957665664,-0.6150755103714145,4
285,pittsburgh-steelers,2016,0.8015599807445819,1.2878887157524332,0.254594195858207,1.5689551897983225,0.6194697897109469,1.4062919691826548,45389185.0,72928066.0,1730000.0,18624690.0,11555621.0,1192411.0,25,25,3,28,44,2,0.3780943305398971,0.6074946772417138,0.014410992218389,0.5936587204642301,0.3683333884767792,0.0380078910589906,0.4716981132075472,0.4716981132075472,0.0566037735849056,0.3783783783783784,0.5945945945945946,0.027027027027027,-0.1228964813870474,0.793309128920067,1.0662927078021418,-0.2315401912170274,0.0933197348291687,1.2466274331045872,0.8500764915859256,0.220443971489147,0.0295767465578786,2.0942621349425163,0.0836308006119326,0.7392189549553084,0.2391612887649345,1.6493020913794256,0.975828065718493,0.5003538696154074,-0.2155643899243329,0.6368872899853049,0.9717530510041272,-0.4511599330249461,-0.0235968988406016,0.3791479261003138,0.0524188832773797,-0.9697594546490428,0.6684189260414863,2.0790144380389246,1.90735850546338,0.7318947300197302,-0.7673952090537404,0.5108874205388849,2.3705151705429044,-0.6716047775411801,-1.1516977733244478,0.1810392296892293,1.6608861650408615,-1.7090376047746034,11,5,0.688,399,327,72,0.833,0.75,-1.3016898721231263,1.014045260162673,-0.800275205636057,4
286,chicago-bears,2021,1.0177773974329711,1.0422669816220218,0.4996301745417245,1.268268384174598,0.7343495885945692,0.0826220184020256,61748427.0,63234207.0,3637500.0,38977347.0,21096703.0,55200.0,25,25,3,46,43,1,0.4800836780344203,0.491635368689633,0.0282809532759466,0.6482260630225722,0.3508559145507386,0.0009180224266891,0.4716981132075472,0.4716981132075472,0.0566037735849056,0.5111111111111111,0.4777777777777778,0.0111111111111111,-0.0060796645702306,0.9872730542814968,0.9494758909853248,-0.0128065070705311,-0.0394129979035638,0.9228858071512304,0.9828092243186582,-0.0802476513648234,0.0454926624737945,5.09388117333591,0.0677148846960167,1.628057716006623,0.1407794541388943,1.401241783475058,0.8424912832403716,0.3373608657018264,-0.1681423849881519,0.7406103592711356,1.1283097410569924,-0.300278539958719,0.0273629308492574,30.772865225748934,0.0291989757026358,3.4266686613695656,0.3079173930274526,1.419304345648794,1.776616570216591,0.3501678135903983,-0.2504909867416267,0.8024930745256069,2.286045781607569,-0.2200310713572012,0.4170081561396989,6.047106293195835,0.5822521929437502,1.7995818604545435,6,11,0.353,311,407,-96,0.333,0.333,-0.005203281420429257,-0.28247424857867837,-0.2919259633474771,4
287,carolina-panthers,2018,1.0776239185545808,1.004442458563635,0.3161135240148717,0.7004639640424832,1.1582577629240582,1.7496384108511327,70193178.0,65426358.0,2470882.0,13184213.0,29347312.0,3799834.0,25,25,3,26,35,3,0.5083131691295192,0.4737936125300164,0.0178932183404644,0.2845634853922588,0.6334222140990943,0.0820143005086468,0.4716981132075472,0.4716981132075472,0.0566037735849056,0.40625,0.546875,0.046875,-0.0751768867924528,0.8625321155207892,1.0185731132075473,-0.147880775385667,0.0654481132075471,1.161100189802726,0.8779481132075472,0.1493701151165895,0.0097287735849056,1.2075214093545878,0.1034787735849056,0.1885875032123819,-0.1596286015690778,0.7479890253215363,1.1072158266291106,-0.2903648625239122,0.2237496837372603,1.7862846392403229,0.792876654521778,0.5801398095200653,-0.0641210821681824,0.2181692712151674,0.0999075188491113,-1.5224281584947883,-0.1538153043604235,0.8672003965917687,2.162700221487693,-0.1424841953957094,0.3771599545120976,1.538440855536099,1.778087882597064,0.4307704000676424,-1.4335248868362611,0.1806735273876201,2.0657519348660043,-1.7110604290459008,7,9,0.438,376,382,-6,0.333,0.417,0.28550831237664415,-0.5552304809559082,-0.7276014825124593,4
288,arizona-cardinals,2021,1.0985199165071668,0.952828288319145,0.5221422526695747,0.7180217205468674,1.4073193612383323,0.2556992291323521,81552520.0,68116712.0,4307009.0,13998035.0,22777128.0,376221.0,27,26,3,53,44,4,0.5296435311730984,0.4423845624338887,0.0279719063930129,0.3767836751384551,0.6130896227176893,0.0101267021438555,0.4821428571428571,0.4642857142857143,0.0535714285714285,0.5247524752475248,0.4356435643564356,0.0396039603960396,0.0286421499292786,1.06574430687914,0.89992927864215,0.0636755886012545,-0.0426096181046676,0.9187987881651124,1.006895332390382,-0.0846860530283211,0.0139674681753889,1.352644417157038,0.0931753889674681,0.3020801704655517,-0.1707050602838005,0.7215647182351281,1.055474185151578,-0.3263309447532351,0.1528598560346432,1.4056928694843362,0.9064272063115536,0.34053221483041,0.0178452042491574,2.761920324639827,0.0380986085368684,1.0159619571068712,-0.4544910729191873,0.6770514479593902,2.3601476495574776,-0.3900069654191735,0.3804981959602994,1.5299236153286366,1.8165416370540344,0.4252187198516149,0.2664430235372226,2.0420093264731123,0.7778414818019268,0.7139362022398832,11,6,0.647,449,366,83,0.667,0.583,0.9169743739336041,-0.499596582884587,-0.6744639933058902,4
289,philadelphia-eagles,2023,0.9481939220163688,1.1012473261224371,0.5879895988432843,1.375880221495997,0.7159927350191787,0.1090986218748682,71578673.0,83132596.0,5326444.0,47796152.0,23915947.0,437300.0,25,25,3,52,50,6,0.4472612839699852,0.5194562859068099,0.0332824301232047,0.6624608473869616,0.3314781180644346,0.0060610345486037,0.4716981132075472,0.4716981132075472,0.0566037735849056,0.4814814814814814,0.4629629629629629,0.0555555555555555,0.0087351502445842,1.0188657237783385,0.93466107617051,0.018692093012238,-0.0097833682739342,0.9796786619446078,0.9531795946890288,-0.020528537064296,0.0010482180293501,1.0188495852357675,0.1121593291404612,0.0186917996847637,0.1879781678423753,1.5670860020987367,0.8509344039712445,0.4492197702351505,-0.2151995634169763,0.6751502531567346,1.109722131356947,-0.3928177797844059,0.0272213955746009,5.490306902139048,0.0393434646718085,1.703014201419538,0.3852545911032584,1.538068382809158,1.817240061141616,0.4305282403204579,-0.4276862994796283,0.6891539089292872,2.324074143512366,-0.3722895981194651,0.478890976968416,5.3894742139223775,0.6970882207181526,1.6844495324342506,11,6,0.647,433,428,5,0.667,0.583,-0.37710634956968625,0.07748758115450437,-0.07205547898266917,4
290,cincinnati-bengals,2021,1.08156620543643,0.97499151792923,0.4177504449628877,1.2319247614993134,0.9266331497799712,0.0415498996754955,82096108.0,69072802.0,3170928.0,22202739.0,14612962.0,131048.0,30,28,3,40,35,7,0.5319178059523426,0.4475370901970235,0.0205451038506338,0.6009389080484456,0.3955141492963291,0.0035469426552252,0.4918032786885246,0.4590163934426229,0.0491803278688524,0.4878048780487805,0.4268292682926829,0.0853658536585365,0.03218712514994,1.0754073165398608,0.8858456617353059,0.0727016674913893,0.0039984006397441,1.0081946545124336,0.9796081567373052,0.0081632939725283,-0.0361855257896841,0.5761056635116419,0.134546181527389,-0.5514438583867506,0.0520229409006943,1.131529578559122,0.8430512394933527,0.1235725612145354,-0.069021102096103,0.885143088066405,1.132856714000788,-0.1220040856243358,0.0169981611954085,5.790709108665003,0.024092046505859,1.7563034275706084,0.0483583681492587,1.0521860414498443,1.9016246677092008,0.0508709698142639,-0.1503585560628833,0.8779475510927799,2.313490966935744,-0.130167499343038,0.3762005452873922,10.053944637190476,0.4593003446383832,2.3079674524803835,10,7,0.588,460,376,84,0.667,0.667,1.1637538100716336,-0.16663039056873488,-1.4711914689509829,4
291,cincinnati-bengals,2022,1.1108309347297756,0.9828690181528896,0.1822234144011991,1.1257307930288036,0.9193385169249604,0.887037178339505,93649539.0,79674617.0,1772596.0,16140699.0,15454116.0,3508501.0,26,25,3,29,34,8,0.5348445241291512,0.4550319528485599,0.0101235230222888,0.4598055351807789,0.4402466137387134,0.0999478510805076,0.4814814814814814,0.4629629629629629,0.0555555555555555,0.4084507042253521,0.4788732394366197,0.1126760563380281,-0.0159102764736567,0.9667735802778288,0.9418362023995828,-0.0337887975063661,0.0730307772561293,1.178796603125047,0.8899321857068336,0.164496167160104,-0.0571205007824726,0.4930511797263354,0.1682316118935837,-0.7071242976573008,0.0147853391098465,1.033581872220257,0.8952785665872733,0.0330325130512567,0.0750389889483722,1.1631946986548811,0.99465005930993,0.1511721399346716,-0.0898243280582187,0.101287037448129,0.1100713741027964,-2.289698062964747,0.0635305012279291,1.0691034161573134,1.9022075350778505,0.0668213858193326,-0.014899858299028,0.986763402800469,2.236561727758579,-0.0133240815326299,-0.7048137639383059,0.2054290546347318,1.0692605927407042,-1.582649049819548,12,4,0.75,418,322,96,0.5,0.727,0.9261464488331136,-0.4459250346366699,-1.1791494563866414,4
292,philadelphia-eagles,2019,1.009995477227562,1.0763243415659849,0.2840000024629641,0.93957290360269,1.0550557989397715,0.0,55265245.0,61348592.0,1942500.0,23205796.0,28600266.0,0.0,24,25,3,41,45,0,0.4661517587204132,0.5174636257528773,0.0163846155267094,0.4479359191594219,0.5520640808405781,0.0,0.4615384615384615,0.4807692307692308,0.0576923076923076,0.4767441860465116,0.5232558139534884,0.0,-0.0424865831842576,0.918801662871352,1.0040250447227193,-0.0846829183414869,-0.01520572450805,0.9681030350108948,0.9382826475849732,-0.032414589578738,0.0576923076923076,57692.307692307695,0.0576923076923076,,-0.0346004550877008,0.9373235941041292,1.0695277065934554,-0.0647247726308822,0.0182158395609913,1.0406638497116345,0.9140876778798352,0.0398609717678625,0.0163846155267094,16384.615526709465,0.0163846155267094,,0.0212685426262133,1.020157722927889,2.1313801405057564,0.0199581747511443,0.0704225736248721,1.0749505423201395,1.949568380830252,0.072275643480162,0.2840000024629641,284000.0024629641,0.2840000024629641,,9,7,0.563,385,354,31,0.833,0.583,-0.6018417755955564,-0.4370787932973221,-0.6390176846558193,4
293,philadelphia-eagles,2018,0.8250003942502511,1.2689510989884618,0.2170708896773926,1.425259021525954,0.5005178525217032,0.5336853592038975,52970912.0,81475715.0,1672500.0,27240099.0,7772448.0,425000.0,25,25,3,48,39,2,0.389151129363326,0.5985618391455009,0.0122870314911731,0.7686790228454582,0.2193280477342294,0.0119929294203123,0.4716981132075472,0.4716981132075472,0.0566037735849056,0.5393258426966292,0.4382022471910112,0.0224719101123595,0.0334958660165359,1.0764368275024117,0.9099003603985584,0.0736584728676468,-0.067627729489082,0.8746052965750063,1.0110239559041765,-0.133980464026867,0.0341318634725461,2.5187558398934264,0.0790756836972652,0.9237827317888908,0.3792337914112714,2.7290586692867254,0.8178898868797303,1.0039584106209842,-0.3795278934821322,0.5062589345340176,1.1578301522087842,-0.6807044425624235,0.0002941020708608,1.0244375350720742,0.0242799609114854,0.0242250990141947,0.7684332464667586,2.535271334127096,1.7694689515101651,0.930301454526032,-0.6002586272757029,0.5788420230625461,2.2502594157762053,-0.5467244709696241,-0.3166144695265048,0.4067386882460296,0.7507562488812901,-0.8995797365799894,9,7,0.563,367,348,19,0.667,0.5,-1.1785110568541488,0.8954435539616881,-0.8921330719048978,4
294,washington-commanders,2015,0.9036980756901782,1.1787309236039365,0.3726686470836911,0.9915607868635312,1.0491763588155565,0.1536886138772515,42486921.0,53200757.0,2102500.0,21918375.0,19945088.0,135891.0,25,24,3,50,43,2,0.4344702286972011,0.5440296570479706,0.0215001142548283,0.521874098349227,0.4748903518849361,0.0032355497658368,0.4807692307692308,0.4615384615384615,0.0576923076923076,0.5263157894736842,0.4526315789473684,0.0210526315789473,0.0089068825910931,1.0196757436501906,0.91417004048583,0.0194868450379309,-0.0455465587044534,0.913459802887913,1.007085020242915,-0.09051382754119,0.0366396761133603,2.740254453298084,0.078744939271255,1.00806811543848,0.0691393051630344,1.1455876273354129,1.018920008932907,0.1359195551381907,-0.0874038696520259,0.8325176466006879,0.956344327046428,-0.1832985585832209,0.0182645644889914,6.64291168384647,0.0247356640206652,1.89359688427492,0.1295545647883798,1.123481090875461,2.2279072824194928,0.1164328303198542,-0.087862711173353,0.9113885666658452,1.8952588625537092,-0.092784838471154,0.2189800332064395,2.4248134775153587,0.5263572609609426,0.8857572882879983,9,7,0.563,388,379,9,0.667,0.667,-0.19555124110407013,0.6866495314131995,-0.4273497744978238,4
295,cincinnati-bengals,2024,0.9660333224361368,1.130836595771504,0.1814284557483749,1.049787176828704,0.992406855315858,0.6730781454013016,82815196.0,100982600.0,1944166.0,33583999.0,37304289.0,2691576.0,24,25,3,40,47,5,0.4458615334320631,0.5436714402747614,0.0104670262931754,0.4564292073168279,0.506990458693971,0.0365803339892011,0.4615384615384615,0.4807692307692308,0.0576923076923076,0.4347826086956521,0.5108695652173914,0.0543478260869565,-0.0301003344481605,0.941078354288524,0.9916387959866222,-0.0607267958213009,0.0267558528428094,1.0615360200056156,0.8963210702341138,0.0597191013685868,0.0033444816053511,1.0615189295901573,0.1120401337792642,0.0597181680540132,0.0366809815807904,1.072348322544288,1.0506618989687324,0.0698527769620721,-0.0105676738847647,0.976844928939095,0.902290740748891,-0.0234251183497602,-0.0261133076960257,0.2861302514628183,0.0470473602823766,-1.2512126135862829,0.1384297404556458,1.1394877516478217,2.1232434510873617,0.1305797050635011,-0.0837538543925673,0.9202173769516232,2.0158204992648407,-0.0831443223929214,-0.4916496896529266,0.2695499585568114,0.8545066011496766,-1.3109960190346632,9,8,0.529,472,434,38,0.5,0.5,-0.8748975315127078,-0.16002851404968693,-0.8681030938296733,4
296,carolina-panthers,2017,0.932027679113496,1.1108356266551809,0.6570935538505865,1.1816177178160427,0.8025745079255989,1.4146965450492912,63317796.0,75465209.0,5580000.0,15741835.0,12830541.0,2512930.0,24,24,3,30,36,4,0.4386012607592922,0.5227461772494969,0.0386525619912109,0.5064075933497325,0.4127526040760222,0.0808398025742452,0.4705882352941176,0.4705882352941176,0.0588235294117647,0.4285714285714285,0.5142857142857142,0.0571428571428571,-0.0436974789915965,0.9150309005118112,0.984873949579832,-0.088795318227943,0.042016806722689,1.0980366536007495,0.8991596638655461,0.0935258496779546,0.0016806722689075,1.029393750315252,0.1159663865546218,0.028987036881877,0.1099935731734746,1.2664848279634062,0.9354987813255192,0.2362471238604269,-0.0678063325904403,0.8661015364255249,0.9450088541090248,-0.1437508497155257,-0.0421872405830342,0.4781318438261666,0.1194923645654561,-0.7378428894473759,0.3082611187295819,1.384088619308027,1.91341013458078,0.3250427866602818,-0.2495900387025468,0.7887719321475715,2.1136453969295386,-0.237276986375084,-0.7576029911987047,0.4644763512526573,2.0717900988998776,-0.7668431124377036,11,5,0.688,363,327,36,0.5,0.583,-0.43480180943352253,0.14135005407261264,0.39770874086375163,4
297,philadelphia-eagles,2014,0.974370830853978,1.0946007240686089,0.4252370423117769,0.4215250455875488,1.5214362219907265,0.1418649106274932,53624165.0,60240976.0,2808333.0,3189958.0,14803343.0,115027.0,25,25,3,28,36,3,0.4596088824782915,0.5163210962587778,0.0240700212629307,0.1761597205440502,0.8174881192785993,0.0063521601773504,0.4716981132075472,0.4716981132075472,0.0566037735849056,0.417910447761194,0.5373134328358209,0.044776119402985,-0.0656153196282737,0.8778809657466932,1.009011546043368,-0.1302421488606915,0.0537876654463531,1.1287034986346878,0.8896085609687412,0.1210717476753139,0.0118276541819205,1.2641227113223403,0.1013798929878907,0.2343960392655091,-0.3011670230198215,0.6315938452054383,1.333809215537377,-0.4595068046372919,0.2834491619342413,2.60903157672634,0.6357686030223417,0.9589812848417284,0.0177178610855803,3.7886690388733535,0.0304221814402812,1.332056324931579,-0.4268354979221176,0.7194517843045651,2.616036946059335,-0.32926485410577,0.5528457852664294,2.311531733456329,1.3958958764415268,0.8379114191670459,0.2833721316842836,2.997457531769913,0.5671019529392701,1.0977667915626996,10,6,0.625,474,400,74,0.667,0.5,-0.27231079753190457,-0.013558878326916941,-0.4517712728665838,4
298,washington-commanders,2013,0.8895221377146743,1.1865601780166213,0.3659807022392055,1.407307520172411,0.7275004301638446,1.0803804864045252,37217284.0,49645248.0,1837500.0,9933971.0,7854012.0,897205.0,25,25,3,17,26,2,0.4195859140163557,0.5596981971776516,0.0207158888059927,0.5316495076206886,0.4203335818724436,0.0480169105068677,0.4716981132075472,0.4716981132075472,0.0566037735849056,0.3777777777777777,0.5777777777777777,0.0444444444444444,-0.1060796645702305,0.8163991675529648,1.0494758909853248,-0.2028497477050635,0.0939203354297694,1.2486093474658229,0.8494758909853249,0.2220325299726154,0.0121593291404612,1.2735562506447378,0.1010482180293501,0.2418308510900964,0.139364615305208,1.3315540079628754,0.9800317790500952,0.2863484738693899,-0.1120635936043329,0.7892137936520385,0.9512354216370444,-0.2367156436688368,-0.027301021700875,0.4314200386339147,0.0687327993128605,-0.8406248249037852,0.4590597478527767,1.6310073476410754,1.9140606081804656,0.4891986713920943,-0.5177853824577368,0.6320732980467552,2.296829657887085,-0.4587487894396348,-0.7143997841653197,0.3387513640734233,1.4463611886437309,-1.082486147630548,3,13,0.188,334,478,-144,0.0,0.083,-0.7710775862064296,0.4825833051408142,-0.566635661477983,4
299,carolina-panthers,2016,0.8126996194787877,1.2150313761574738,0.9030189552573824,0.5192451522003462,1.4344958612570025,2.81730094663836,39469415.0,54469830.0,5060290.0,10706361.0,26692337.0,2833667.0,26,24,3,41,37,2,0.3986828321971411,0.550202887316592,0.0511142804862669,0.2661131405026773,0.6634543358313636,0.0704325236659589,0.490566037735849,0.4528301886792453,0.0566037735849056,0.5125,0.4625,0.025,-0.0096698113207547,0.97909018289527,0.9153301886792452,-0.0211293150034488,-0.0219339622641508,0.9572001571428136,1.0030660377358491,-0.0437407203192138,0.0316037735849056,2.264060380980987,0.0816037735849056,0.8171774965405157,-0.1132514485147716,0.8292990614464543,1.2136572231479557,-0.1871726217577931,0.1325696916944637,1.4981647778808282,0.6647959726998185,0.4042433858873104,-0.019318243179692,0.7257095460491751,0.1215468041522259,-0.3205858547079869,-0.2194644850995286,0.84700873802734,2.6495272374144765,-0.1660434449164813,0.2934544672784415,1.5651528972047446,1.331944771679134,0.4479847475805594,-1.9142819913809768,0.3205261531639787,3.720319901895742,-1.1377902974190917,6,10,0.375,369,402,-33,0.167,0.417,-0.12810937476137355,1.310463498505566,0.6639066042683035,4
300,cleveland-browns,2018,0.7146251338746302,1.3771305184127167,0.4562046924514721,1.0731557959558735,0.9412278006941518,0.1751837401255823,49939572.0,88834063.0,3678529.0,21997466.0,17410951.0,87583.0,26,24,3,41,37,1,0.350570820391328,0.6236062724887773,0.0258229071198946,0.5569542738505165,0.4408282104516913,0.0022175156977921,0.490566037735849,0.4528301886792453,0.0566037735849056,0.5189873417721519,0.4683544303797468,0.0126582278481012,-0.0155242417005015,0.9668515817401464,0.921184619058992,-0.0337080701833399,-0.0284213040363028,0.945235178233,1.009553379508001,-0.0563194781358773,0.0439455457368044,4.471344876962268,0.0692620014330069,1.4977068972139582,0.182778062037086,1.4146210316911745,1.0644344829404686,0.3468632766727028,-0.2063834534591885,0.6294416030351102,0.9075250942418444,-0.4629193445341029,0.0236053914221024,11.639722516091746,0.0280404228176868,2.4544623277523776,0.4359027177185649,1.4631198252721225,2.3183583191068684,0.3805717486400706,-0.3585306620812433,0.6659093401520186,1.787780929830504,-0.4066003442715141,0.2810209523258897,2.6041348814082705,0.6313884325770545,0.957102712776792,7,8,0.469,359,392,-33,0.583,0.458,-0.8295064739064438,2.0355501685770157,-0.3354692481408223,4
301,atlanta-falcons,2020,0.8420600263506436,1.2526111352066602,0.2637203115722528,0.7066647044403004,1.3913340391608813,0.1178460737784052,67367394.0,96358410.0,2434435.0,11298377.0,21688958.0,188416.0,26,25,3,40,39,4,0.4054363089836432,0.5799125625956761,0.0146511284206807,0.340561303344723,0.6537593677984863,0.0056793288567906,0.4814814814814814,0.4629629629629629,0.0555555555555555,0.4819277108433735,0.4698795180722891,0.0481927710843373,-0.0069165551093262,0.9852780550730093,0.932842481035252,-0.0148292282343185,-0.000446229361892,0.999072000999672,0.9634091923248548,-0.0009263529370578,0.0073627844712182,1.1527538581352212,0.1037483266398929,0.1421717388338228,-0.0738468052028101,0.887041477519523,1.2336719303941623,-0.1198618117916253,0.0648750056389201,1.190490858799641,0.7459976123283663,0.1743681749361765,0.0089717995638901,2.5792746846277854,0.0203304572774713,0.947576481219016,-0.138722903954221,0.9002943934784494,2.6439451743675413,-0.1050326669476499,0.1353953219103432,1.1915959994373568,1.548724730790944,0.1752947721111178,0.1458742377938476,2.2378180731762733,0.381566385350658,0.805505108562061,4,12,0.25,396,414,-18,0.167,0.167,-0.6129109188793599,1.0652346392448857,-0.9277404085155587,4
302,new-york-jets,2021,0.9011837213367386,1.1767003464758174,0.4168436206708739,0.9499937060187604,1.132561110254905,0.1709602829255848,39008550.0,47161607.0,2004828.0,51971219.0,64595467.0,994969.0,27,25,3,47,49,5,0.4423992813834899,0.5348637938526443,0.0227369247638658,0.442076279038433,0.5494603406187162,0.0084633803428507,0.4909090909090909,0.4545454545454545,0.0545454545454545,0.4653465346534653,0.4851485148514851,0.0495049504950495,-0.0306030603060306,0.9369182914355813,0.9396939693969396,-0.0651570028584227,0.0255625562556255,1.0549300347635036,0.9562556255625564,0.0534764840041599,0.005040504050405,1.1017959255404857,0.104050405040504,0.0969598412120948,-0.0145965467660719,0.9734329866599268,1.0843241344713603,-0.0269244244409155,0.0003230023450568,1.0007283847424986,0.884475560421923,0.0007303799980221,0.0142735444210151,2.6861889285339267,0.0312003051067165,0.9881674142297922,0.0441392362209125,1.0389720226566457,2.3092614567307224,0.038232634405009,-0.0488099846820218,0.948619729801886,1.851177427355499,-0.0527461572404501,0.245883337745289,2.438234046549097,0.5878039035964588,0.8912764248346118,4,13,0.235,310,504,-194,0.0,0.333,0.2164676677322917,0.940817985595219,-0.7379355760823894,4
303,atlanta-falcons,2011,0.8775555942563095,1.185731864571445,0.4726045097687118,1.153637582718235,0.9876304825556836,0.0482320954155178,48300532.0,65262509.0,3121450.0,4185731.0,5119156.0,25000.0,25,25,3,7,10,1,0.413941318045429,0.5593074832884175,0.0267511986661535,0.448636837723758,0.5486836014198243,0.0026795608564176,0.4716981132075472,0.4716981132075472,0.0566037735849056,0.3888888888888889,0.5555555555555556,0.0555555555555555,-0.0838574423480084,0.849055075474449,1.0272536687631026,-0.1636291037824294,0.0828092243186582,1.2129348864154137,0.8605870020964361,0.1930450687294178,0.0010482180293501,1.0188495852357675,0.1121593291404612,0.0186917996847637,0.0106238818685931,1.0193606342170063,1.107991084708242,0.0191773894813105,-0.034695519678329,0.9226625202761144,0.8625781557691871,-0.0804893290447365,0.0240716378097358,9.979702047094792,0.0294307595225711,2.3005906156810174,0.1981013820157613,1.2005812750147848,2.173362347127129,0.1828066787184484,-0.2760819884619255,0.7606850251042999,2.0311931769745444,-0.2735347633229375,0.4243724143531939,9.798345009735,0.5208366051842297,2.2822156107894878,10,6,0.625,402,350,52,0.5,0.583,-0.8102479455164042,0.5131652606546159,-0.3191572864211569,4
304,cleveland-browns,2020,0.8961304015476323,1.1949597083939023,0.3059023199518471,1.0143511691806026,1.0303759971837456,0.1634192357096257,61880157.0,79214501.0,2534803.0,25119823.0,30109669.0,242819.0,25,24,3,50,59,3,0.430831923820977,0.5515198654125701,0.0176482107664527,0.4528353433841975,0.5427873556592946,0.0043773009565078,0.4807692307692308,0.4615384615384615,0.0576923076923076,0.4464285714285714,0.5267857142857143,0.0267857142857142,-0.0652472527472527,0.876139145164804,0.988324175824176,-0.1322281924830702,0.0343406593406593,1.0769206646207885,0.9271978021978022,0.0741078121540673,0.0309065934065934,2.1537657465916147,0.0844780219780219,0.7672351532603184,0.0087325097532755,1.0160863984317974,1.0943072210718647,0.0159601965370231,-0.0220034195632204,0.951407567248746,0.8836672672051746,-0.0498104201239144,0.0132709098099448,4.030835463747804,0.0220255117229605,1.394030326938894,0.1645837112101567,1.159730575954237,2.225335705577648,0.1481885528807854,-0.1182207676329702,0.8834509638516669,1.910481570728235,-0.1239183750029388,0.1424830842422213,1.8718754052918605,0.4693215556614728,0.6269440878502084,11,5,0.688,408,419,-11,0.5,0.583,-0.2578806692566888,0.753219237327448,-0.5814937503836953,4
305,cleveland-browns,2021,0.6584239962428928,1.463049568512156,0.329296297465034,0.7117612681399083,1.3371337916796235,0.3381061626886276,41636725.0,82606064.0,2231110.0,24981281.0,49926068.0,1262425.0,28,25,3,47,50,5,0.3292119981214463,0.6531471288000696,0.0176408730784839,0.3279684274762322,0.6554577410194232,0.0165738315043444,0.5,0.4464285714285714,0.0535714285714285,0.4607843137254901,0.4901960784313725,0.0490196078431372,-0.043767507002801,0.910712427860933,0.936624649859944,-0.0935258580112513,0.0392156862745098,1.0851040280721094,0.96078431372549,0.0816778608018562,0.0045518207282913,1.0928348490262227,0.1025910364145658,0.0887937654836548,-0.0023106122193535,0.9964732910331496,1.3086048698194928,-0.0035314114176243,0.0012435706452141,1.0037886782764354,0.6571804255976785,0.0037845568629581,0.0010670415741394,1.064316887556899,0.0342147045828284,0.0623898581592453,0.1259157768325325,1.094167601962078,2.80018336019178,0.0899945768315411,-0.0533372718970154,0.925061675387194,1.3701852643828012,-0.0778933488211712,-0.0088098652235936,0.9739406135216728,0.6674024601536617,-0.0264019121679735,8,9,0.471,349,371,-22,0.5,0.417,-0.8405110311630333,2.668352261053797,-0.9990755118541271,4
306,carolina-panthers,2014,0.8037440356661213,1.254323338266461,0.6662983180952621,1.6061219813439398,0.5580397926582011,0.0022635313473353,34705320.0,49994898.0,3319670.0,31236458.0,14141743.0,1334.0,26,24,3,33,43,1,0.3942895269305501,0.5679954739319822,0.0377149991374676,0.6883379920045457,0.31163261148445,2.939651100435472e-05,0.490566037735849,0.4528301886792453,0.0566037735849056,0.4285714285714285,0.5584415584415584,0.0129870129870129,-0.1056113697623131,0.8108805137326124,1.0112717471208037,-0.209632359409231,0.0619946091644205,1.144651417197008,0.9191374663072776,0.1351021899854135,0.0436167605978926,4.358154988103652,0.0695907865719186,1.4720664664446326,0.2563628624475322,1.822638678884368,0.8796280854164322,0.6002870352479555,-0.2940484650739956,0.5728130056708254,1.0826275189350958,-0.557193421958412,0.0376856026264633,1240.7673739944848,0.037744395648472,7.123511831484384,0.6962835456082598,2.2477269668612405,1.8123631309246624,0.8099202658747674,-0.8023779456778185,0.5004249643408877,2.409866017010061,-0.6922963686866043,0.6640347867479267,294.23232267431365,0.6685618494425974,5.684371169290684,7,8,0.469,339,374,-35,0.667,0.5,-0.24527306252120548,1.443793742046974,0.12335881608888413,4
307,carolina-panthers,2015,0.9671422865608862,1.0692052930295668,0.6971035034128905,0.7067944361544138,1.319858773141107,0.0537806776167246,55202052.0,61027552.0,4774670.0,7990698.0,16200731.0,34744.0,25,25,3,35,38,2,0.456199191774003,0.5043421193535693,0.0394586888724277,0.3298374035387265,0.6687284450581609,0.0014341514031126,0.4716981132075472,0.4716981132075472,0.0566037735849056,0.4666666666666667,0.5066666666666667,0.0266666666666666,-0.0349685534591195,0.9309812807097364,0.978364779874214,-0.0715139885585066,0.0050314465408805,1.0107795052029471,0.938364779874214,0.0107239405058815,0.0299371069182389,2.122561913362211,0.0832704402515723,0.7526414753060734,-0.1643863257045915,0.7541796208924306,1.1730705644117303,-0.2821227325706549,0.1263617882352765,1.383099077850225,0.7860365953127295,0.3243288819440721,0.0380245374693151,27.494443294865583,0.0408928402755404,3.3140092648898984,-0.2506534801115401,0.8100900677387776,2.3890640661706737,-0.2106089074844522,0.2603478504064723,1.368348233575173,1.6739367227153,0.3136053774867828,0.6433228257961658,12.96172849758985,0.7508841810296152,2.562002488264701,15,1,0.938,500,308,192,0.833,0.917,-0.23972761705055304,-0.06615809123397118,0.17347302584545596,4
308,green-bay-packers,2012,1.0137247096272397,1.0166643762510692,0.7320530191789103,1.4269164160899157,0.6340716433515009,0.0,50615057.0,48881766.0,4061250.0,10637598.0,5514805.0,0.0,27,26,3,18,21,0,0.4887601278559905,0.4720227461165678,0.0392171260274416,0.6585768074261149,0.3414231925738851,0.0,0.4821428571428571,0.4642857142857143,0.0535714285714285,0.4615384615384615,0.5384615384615384,0.0,-0.0741758241758241,0.8622432966502042,1.0027472527472527,-0.1482156476047421,0.0206043956043955,1.044640593754904,0.9436813186813188,0.0436749709102652,0.0535714285714285,53571.42857142857,0.0535714285714285,,0.1305995535426827,1.382511129507675,0.813445938690453,0.3239036231984779,-0.1698166795701243,0.742144849621013,1.1473369352821057,-0.2982087937527746,0.0392171260274416,39217.12602744164,0.0392171260274416,,0.3825927328995683,1.6033878561253063,1.65073601960257,0.4721197843790217,-0.413191706462676,0.7104298386132817,2.440641125717155,-0.3418840991731584,0.7320530191789103,732053.0191789103,0.7320530191789103,,11,5,0.688,433,336,97,0.833,0.667,0.47775582897309327,-0.08158504658115215,-0.19740137618113995,4
309,green-bay-packers,2011,0.927116861470234,1.1237041723665817,0.5911994544885059,1.5095279132949666,0.1507868111750557,0.0,51238204.0,57819879.0,3380000.0,3100359.0,185817.0,0.0,29,27,3,10,6,0,0.4557015081802844,0.5142375026084356,0.0300609892112799,0.943454945809354,0.0565450541906459,0.0,0.4915254237288136,0.4576271186440678,0.0508474576271186,0.625,0.375,0.0,0.0826271186440678,1.2203357288222374,0.8326271186440678,0.1991281936300223,-0.1334745762711864,0.7864394196630302,1.1165254237288136,-0.2402375501915408,0.0508474576271186,50847.45762711865,0.0508474576271186,,0.4576924484177896,9.094135921043682,0.5707825567990815,2.2076317461490635,-0.4877534376290696,0.4830130227112574,1.3991564539896384,-0.7277094691414404,0.0300609892112799,30060.98921127996,0.0300609892112799,,0.9729173611915256,7.452221526460301,1.2744909835416371,2.008513069325946,-0.5824110518247327,0.6141762859291934,2.4366447747652007,-0.4874722027974044,0.5911994544885059,591199.4544885058,0.5911994544885059,,15,1,0.938,560,359,201,1.0,1.0,0.327983358866411,0.6994563412897921,-0.8599873560031215,4
310,detroit-lions,2022,0.8607824712119774,1.2238903295911412,0.2943933266406774,1.673098378045628,0.6798975472003391,0.181230529692159,63764404.0,90662438.0,2616942.0,34094359.0,22605422.0,680310.0,25,25,3,38,62,7,0.4060294675528195,0.5773067592411044,0.016663773206076,0.594184470707793,0.3939593264151498,0.0118562028770571,0.4716981132075472,0.4716981132075472,0.0566037735849056,0.3551401869158878,0.5794392523364486,0.0654205607476635,-0.1077411391289013,0.8140582420802523,1.0511373655439955,-0.2057212450743161,0.1165579262916593,1.3281988419981965,0.826838300123435,0.2838258902638428,-0.0088167871627578,0.8652158850693148,0.1220243343325692,-0.1447585585642665,0.1833474328259546,1.465393138680535,0.9712660856562544,0.3821252926965173,-0.1881550031549734,0.6833379265722498,1.0002139382606126,-0.3807633108549374,0.0048075703290189,1.4053713492850268,0.0285199760831332,0.3403615820218111,0.5439927823908021,1.8001072875222797,1.90378787679148,0.5878470843712441,-0.8123159068336505,0.5144837673763708,2.533880849257605,-0.6645901127616153,0.1131627969485184,1.6244045787216816,0.4756238563328364,0.4851447323520297,9,8,0.529,453,427,26,0.833,0.583,-0.9539848682139082,0.6682837063026248,-0.7236809513443941,4
311,indianapolis-colts,2020,0.7951983230501951,1.3054099242988366,0.3316684725076175,0.4658228997210915,1.5169406849973393,0.1169372637190535,73280376.0,111044496.0,3526666.0,8655724.0,34629927.0,248329.0,26,24,3,35,43,4,0.3900972905529259,0.5911290223240014,0.0187736871230726,0.1988268474419292,0.7954688957912877,0.005704256766783,0.490566037735849,0.4528301886792453,0.0566037735849056,0.4268292682926829,0.524390243902439,0.048780487804878,-0.0715600552231937,0.8635349921355524,0.9772204325816845,-0.1467186502775165,0.0637367694431661,1.1493234528519,0.917395306028532,0.1391755058492621,0.0078232857800276,1.1603535712423556,0.1053842613897837,0.1487424279810854,-0.2043398734672862,0.7431192876708179,1.3865979181152892,-0.2968970067921816,0.1912704431109966,1.9619851825175536,0.5889241379948552,0.6739593723407796,0.0130694303562895,3.290594602573551,0.0244779438898557,1.1911215433361035,-0.2115307606985026,0.8605537953168756,2.822350609296176,-0.1501783828946771,0.3293754233291036,1.7070792707851918,1.2610212227712867,0.5347851389368439,0.214731208788564,2.836269856926024,0.448605736226671,1.042492773261619,11,5,0.688,451,362,89,0.667,0.583,-0.3865560589443281,1.608275802187852,-0.6418232348234978,4
312,arizona-cardinals,2019,0.8669211386219727,1.1869118707227255,0.5513915887941835,0.8997277921327664,1.1236615300985933,0.0711420296874075,48395581.0,66258956.0,3693750.0,33142211.0,40471194.0,58235.0,25,25,3,45,44,1,0.4089250653877229,0.5598640899635497,0.0312108446487273,0.4498638960663832,0.54934563693709,0.0007904669965267,0.4716981132075472,0.4716981132075472,0.0566037735849056,0.5,0.4888888888888889,0.0111111111111111,-0.0171907756813416,0.964835076216418,0.960587002096436,-0.0357959777266178,-0.0283018867924528,0.9433943396264152,0.9716981132075472,-0.058268788124223,0.0454926624737945,5.09388117333591,0.0677148846960167,1.628057716006623,0.0105184530264597,1.0191453852982522,1.1092097269006398,0.0189662046928079,-0.0409388306786602,0.9089952760559048,0.8587889614541062,-0.0954129362435289,0.0304203776522006,39.43417070540159,0.0320013116452541,3.674664756855629,0.0632503406241322,1.056288555442516,2.310573400821319,0.0547622437393371,-0.0328066535107937,0.963536063536408,1.766648930754739,-0.0371442086001636,0.4802495591067759,7.750465382440424,0.6225336184815911,2.047754704501008,5,10,0.344,361,442,-81,0.167,0.292,-0.8493869569920135,0.5458131920954813,-0.13584509047296342,4
313,indianapolis-colts,2021,0.8962440650047577,1.1703023212536134,0.4010825236746619,0.9378928721057758,1.125022149165001,0.7612410434166537,72466843.0,94626138.0,3603332.0,8820162.0,7135328.0,665943.0,27,27,3,43,29,4,0.4245366623706746,0.5543537311201326,0.0211096065091927,0.5306499144808995,0.4292847674445398,0.0400653180745607,0.4736842105263157,0.4736842105263157,0.0526315789473684,0.5657894736842105,0.3815789473684211,0.0526315789473684,0.0921052631578946,1.2413760570834365,0.8552631578947368,0.2162225988922974,-0.0921052631578947,0.8372078226094297,1.0394736842105263,-0.1776808335688683,0.0,0.9999810003609932,0.1052631578947368,0.0,0.1250689636755928,1.2913396463621418,0.9836384985646724,0.2556819689732622,-0.1061132521102248,0.8000300212164349,0.9551865768515742,-0.2231036699913755,-0.0189557115653679,0.5268666431966416,0.0611749245837534,-0.6407604407505335,0.0452801720886124,1.040247324797022,2.295324470418614,0.0394593516649434,-0.041648807101018,0.9555921961538087,1.8341369371105336,-0.0454229142328976,-0.3601585197419917,0.5268791012573327,1.1623235670913157,-0.6407816728886271,9,8,0.529,451,365,86,0.5,0.583,-0.7471131798878571,0.43314403318826833,-0.9964497383627029,4
314,indianapolis-colts,2022,0.9004350081829737,1.1809478462873595,0.3218095460805569,1.5723319958347328,0.5239359779126713,0.8021882058554982,62502410.0,81973808.0,2680554.0,40348114.0,15365587.0,2940744.0,25,25,3,42,48,6,0.424733494425931,0.5570508708902638,0.0182156346838051,0.6878952481776957,0.2619679889563357,0.0501367628659686,0.4716981132075472,0.4716981132075472,0.0566037735849056,0.4375,0.5,0.0625,-0.0283018867924528,0.9433943396264152,0.9716981132075472,-0.058268788124223,0.0341981132075471,1.0781646515266188,0.9091981132075472,0.0752623187866262,-0.0058962264150943,0.9056458870242982,0.1191037735849056,-0.0990892360056193,0.2950828819339281,2.1264000487596326,0.8190188598465995,0.754432227074018,-0.2631617537517646,0.6174383063595585,1.1126287426036263,-0.4821737697858802,-0.0319211281821635,0.3633116765201563,0.0683523975497737,-1.0124393037232335,0.6570118683746882,2.253988353698901,1.7048838242000308,0.8127020954331861,-0.6718969876517591,0.5726744974304527,2.4727670040177063,-0.557436680416658,-0.4803786597749413,0.4011641439844128,1.1239977519360551,-0.9133814913882732,4,12,0.265,289,427,-138,0.25,0.375,-0.7209699022300013,0.4365150433543628,-0.6706344632345135,4
315,jacksonville-jaguars,2011,0.9544072546077904,1.02983589117819,1.2749060401204193,1.5127470967267729,0.7645529125796788,0.0294499674274192,40555936.0,42435054.0,3283333.0,4620433.0,2335199.0,25700.0,33,32,2,7,7,2,0.4700811851053296,0.4918619181746578,0.0380568967200125,0.6618268548179631,0.3344918992536095,0.0036812459284274,0.4925373134328358,0.4776119402985074,0.0298507462686567,0.4375,0.4375,0.125,0.0401119402985074,1.091681939695012,0.9151119402985076,0.087721664629363,0.0550373134328358,1.1257970003104811,0.9300373134328358,0.1184932598492777,-0.0951492537313432,0.2388040597167759,0.1548507462686567,-1.432078397680297,0.1573700189210483,1.4704704323236848,0.8263538174282674,0.3855844046722855,-0.1917456697126334,0.7102771237010359,1.1319080399232928,-0.3420979427381513,0.0343756507915851,10.335240355949171,0.0417381426484399,2.3355857254664016,0.2652829785985111,1.3469761572515195,1.7943888037578688,0.2978631676696929,-0.5583398421189824,0.6309095722367134,2.4671543513345635,-0.4605916875985353,1.245456072693,43.28910563846071,1.3043560075478386,3.767901785839477,5,11,0.313,243,329,-86,0.5,0.333,-0.03602597905177282,0.158700438718816,-2.880099766609879,4
316,arizona-cardinals,2016,0.9847243390501982,1.117026807966342,0.1961745978342145,0.9759726133225346,1.0757344652727163,0.5360972147388697,53761252.0,56293233.0,1235792.0,19497666.0,23694848.0,1373074.0,26,24,3,39,43,5,0.4830723172699085,0.5058234602111737,0.0111042225189178,0.4375049645928603,0.5316848506520322,0.0308101847551074,0.490566037735849,0.4528301886792453,0.0566037735849056,0.4482758620689655,0.4942528735632184,0.057471264367816,-0.0414226848839731,0.91618945829329,0.9470830622424636,-0.087529895166027,0.0422901756668835,1.0943371814277971,0.9388418998048146,0.0901509046870157,-0.0008674907829104,0.9848885233170528,0.1140750379527217,-0.0152091520015376,-0.0258613904408584,0.9513577605852362,1.037508310863206,-0.0498631161116838,0.0455673526770482,1.1041502433445722,0.9205772818627688,0.0990780986628154,-0.0197059622361896,0.3603958305133689,0.0419144072740252,-1.0204622705902535,0.0412923426936258,1.0383842905868663,2.1927612732390585,0.0376668336069933,0.0087517257276635,1.0089661499124687,1.960696952372733,0.0089272081666869,-0.3399226169046552,0.3659303322428895,0.7322718125730843,-1.005307215275652,7,8,0.469,418,362,56,0.75,0.542,0.6980461954821123,0.5492938830609353,-1.0013824031343177,4
317,jacksonville-jaguars,2015,0.9773866171665422,1.110559326844806,0.3115080364648536,1.394356868094034,0.6005135167944943,4.754396417305163,51565529.0,54084491.0,1896314.0,17160392.0,9536178.0,1887500.0,26,24,3,31,40,1,0.4794726801194358,0.5028947895146291,0.0176325303659351,0.6003480959849314,0.3336186204413857,0.0660332835736828,0.490566037735849,0.4528301886792453,0.0566037735849056,0.4305555555555556,0.5555555555555556,0.0138888888888888,-0.1027253668763102,0.815092872455471,1.008385744234801,-0.2044510099695423,0.0600104821802934,1.1393765381248513,0.9211215932914046,0.130483254881782,0.0427148846960167,4.075178285276668,0.0704926624737945,1.404932163234532,0.1692761690732434,1.507389729804527,0.8365134099560148,0.4103814877042718,-0.1208754158654956,0.7986564539300487,1.0798207761043672,-0.2248223101071011,-0.0484007532077477,0.2670208475308173,0.0836658139396179,-1.3203718312408006,0.5100458100503117,1.849346345152314,1.7110728436393003,0.6148331501576283,-0.4169702509274919,0.7009582256688125,2.371743485260576,-0.3553059630710561,-4.4428883808403095,0.065519982686138,5.065904453770016,-2.7253968935055406,5,11,0.313,376,448,-72,0.333,0.417,0.6859005840922651,0.5525790774231069,-0.7350050379301956,4
318,atlanta-falcons,2024,0.9066806282560566,1.173194248015616,0.334376031069396,0.781434955795075,0.9846138554544372,3.021211909981531,94019565.0,121656082.0,4160833.0,11902490.0,16043544.0,5350911.0,25,25,3,43,46,5,0.4276795416302153,0.5533935132149131,0.0189269451548714,0.3574649265871088,0.4818323122436608,0.1607027611692303,0.4716981132075472,0.4716981132075472,0.0566037735849056,0.4574468085106383,0.4893617021276595,0.0531914893617021,-0.0176635889201123,0.9639028703182528,0.9610598153352068,-0.0367626263814323,0.0142513046969088,1.0311517607731144,0.9291449217181856,0.030678511846151,0.0034122842232035,1.064130937734597,0.1097952629466078,0.0621761116392221,0.0715612009712523,1.1485165079974062,1.035225825458574,0.1384729236029038,0.0702146150431065,1.1964204412808463,0.7851444682173241,0.1793364714819309,-0.1417758160143589,0.1177753713862384,0.1796297063241018,-2.1389232677149086,0.1885803925611789,1.1915260485016168,2.157808103470053,0.1752357316311837,0.1252456724609815,1.160275031539278,1.6881155840511315,0.1486581760935565,-2.686835878912135,0.1106760897137302,3.3555879410509277,-2.201144463702498,8,9,0.471,389,423,-34,0.667,0.583,-0.6820318342557516,0.3971837408224101,-0.6433641530404496,4
319,tennessee-titans,2011,0.91298889900778,1.078400771106991,1.1640501688893192,0.3885146504767179,3.140198723331487,0.0,49549229.0,56508220.0,4356875.0,1065543.0,2460666.0,0.0,29,28,2,7,2,0,0.4487572554445019,0.511783416796538,0.0394593277589599,0.3021780614818917,0.6978219385181083,0.0,0.4915254237288136,0.4745762711864407,0.0338983050847457,0.7777777777777778,0.2222222222222222,0.0,0.2523540489642185,2.135583610212737,0.6967984934086628,0.7587420701965207,-0.2862523540489642,0.631960446559329,1.2693032015065913,-0.4589264368711095,0.0338983050847457,33898.30508474576,0.0338983050847457,,-0.1860385217215702,0.7334001055960665,1.2096053553146464,-0.3100619254137348,0.1465791939626101,1.4850706506393527,0.7509353169263937,0.3954645756848129,0.0394593277589599,39459.32775895997,0.0394593277589599,,-2.061797952224496,0.3434178925291091,4.218599494438478,-1.0688063005323567,0.524474248531062,2.3499411101908527,1.3015035494844978,0.8543913636517889,1.1640501688893192,1164050.1688893193,1.1640501688893192,,9,7,0.563,325,317,8,0.5,0.583,-0.2079497379033645,0.43264721201139983,-2.361151022897883,4
320,jacksonville-jaguars,2019,1.0589402040487186,1.0056535910768418,0.4617183739536633,0.9213317335328188,1.1058633043102275,0.0365062872455395,61310454.0,58225269.0,3207905.0,32177963.0,35593578.0,25000.0,25,25,3,51,47,1,0.4995000962493955,0.4743649014513405,0.0261350022992639,0.4746254384866036,0.5250058111371788,0.0003687503762175,0.4716981132075472,0.4716981132075472,0.0566037735849056,0.5151515151515151,0.4747474747474747,0.0101010101010101,-0.0030493615399275,0.99357478390731,0.946445587955022,-0.0064438266423972,-0.0434534019439679,0.9156475011459716,0.9868496283590624,-0.0881216924504907,0.0465027634838955,5.603218866237903,0.0667047836859157,1.723358896661367,-0.0506409096858382,0.9035404710728484,0.9993707125885194,-0.1014322682123649,0.0248746577627919,1.0524068103793465,0.9741255347359992,0.0510817434467357,0.0257662519230463,70.6828281464287,0.0265037526754815,4.258240922171832,-0.1002097132333859,0.909382450592895,2.1115168953870693,-0.0949885411863017,0.1376084705158997,1.1493569755068276,1.9802719375815372,0.1392035785982765,0.4252120867081237,12.647293425234594,0.4982246611992028,2.537445399621731,6,10,0.375,300,397,-97,0.333,0.5,0.2186923789264035,-0.5003321923387686,-0.389066076898913,4
321,baltimore-ravens,2012,1.0442601857144007,1.0028473846498964,0.5769809949379563,1.4197839688895613,0.4549602663311001,0.9864114822494028,50984018.0,47148705.0,3130000.0,22453743.0,5534732.0,600000.0,27,26,3,26,20,1,0.5034825895408718,0.4656077143017377,0.0309096961573905,0.785412408321885,0.193600113332383,0.0209874783457319,0.4821428571428571,0.4642857142857143,0.0535714285714285,0.5531914893617021,0.425531914893617,0.0212765957446808,0.0387537993920972,1.091068864559597,0.8898176291793314,0.087159979288996,-0.071048632218845,0.8715643585457474,1.0353343465045592,-0.1374634946609943,0.0322948328267477,2.517738809133113,0.0748480243161094,0.9233798672399308,0.2720076009693546,2.404984693979324,0.6592078276341208,0.8775456870161432,-0.2819298187810132,0.6410415001911072,1.2888949978627569,-0.4446590951053288,0.0099222178116585,1.472698289424875,0.0518971745031224,0.3871286410105102,0.5478871183187963,2.20424783133092,1.4578076509809963,0.79038732828668,-0.3755237831751605,0.7355058749009964,2.464044154603962,-0.3071957937284361,-0.4094304873114466,0.5849287243630736,1.5633924771873593,-0.5362635447109805,10,6,0.625,398,344,54,0.667,0.667,0.6155282192081387,-0.20634402936326368,-0.5417005699810311,4
322,los-angeles-rams,2019,0.9068422290362051,1.1441355740109114,0.6542827562655973,1.4714618094516807,0.5088939484878326,0.0,72216648.0,84104837.0,6012000.0,13996815.0,4647065.0,0.0,26,24,3,25,24,0,0.4448659991498365,0.5180991278539976,0.0370348729961658,0.7507458211488167,0.2492541788511833,0.0,0.490566037735849,0.4528301886792453,0.0566037735849056,0.5102040816326531,0.4897959183673469,0.0,-0.0369657296881016,0.92452641431203,0.9426261070465922,-0.0784714487751826,-0.019638043896804,0.9615075494074672,1.000770119368502,-0.0392508238268324,0.0566037735849056,56603.77358490566,0.0566037735849056,,0.2688449490028142,2.078589220259797,0.767353306705181,0.7316913342314207,-0.3058798219989802,0.5925646124869212,1.1956118202986532,-0.5232931134422238,0.0370348729961658,37034.87299616589,0.0370348729961658,,0.6352416255230787,2.248274574960272,1.653029522498744,0.8101639404808865,-0.5646195804154756,0.6162862039130481,2.3783040384878857,-0.4840427038805522,0.6542827562655973,654282.7562655973,0.6542827562655973,,9,7,0.563,394,364,30,0.5,0.583,0.3614528559520275,0.8465954483768751,0.06923632339244071,4
323,jacksonville-jaguars,2020,0.971977168060553,1.1104966146561486,0.3220594213406363,1.0896465399405784,1.0353628763064016,0.4669383417524563,41126595.0,45180454.0,1572355.0,47828356.0,43822599.0,4757893.0,26,25,3,56,54,13,0.4679890068439699,0.5141188030815502,0.0178921900744797,0.4960992376965235,0.4545495554515909,0.0493512068518856,0.4814814814814814,0.4629629629629629,0.0555555555555555,0.4552845528455284,0.4390243902439024,0.1056910569105691,0.0239385727190605,1.0545243469990695,0.9019873532068654,0.0530919693345529,0.026196928635953,1.0575373597344102,0.93676603432701,0.0559450365892366,-0.0501355013550135,0.5256360523152999,0.1612466124661246,-0.6431282216409836,0.0595692476299593,1.1310486741585408,0.9686683585331411,0.1231471776730537,-0.0281102308525535,0.9433355827784348,0.9640882445404936,-0.0583310556449811,-0.0314590167774058,0.3625408308118278,0.0672433969263654,-1.014562285562754,0.075133738349747,1.0725665054278102,2.1458594909625504,0.0700552801180236,-0.1176693718800253,0.8920106111684131,2.0616237080011315,-0.1142762217139474,-0.14487892041182,0.6897243229322347,0.7889977630930927,-0.371460188195021,1,15,0.063,306,492,-186,0.167,0.083,0.15703674612176216,0.3019159552554152,-0.8292918964669855,4
324,jacksonville-jaguars,2021,1.0312345330945285,1.0918181931840505,0.1693940976195954,1.0700669677893755,0.86498687035827,1.817218548312937,60921904.0,64500985.0,1482554.0,21273833.0,26272687.0,6021306.0,27,27,4,36,55,6,0.4800574550612458,0.508260193378782,0.011682351559972,0.3971382560867786,0.4904564728835551,0.1124052710296662,0.4655172413793103,0.4655172413793103,0.0689655172413793,0.3711340206185567,0.5670103092783505,0.0618556701030927,-0.1014930678990401,0.8210016868478087,1.0325275506576608,-0.197227966760146,0.0943832207607536,1.2543069651671523,0.836651261997867,0.2265853492102089,0.0071098471382865,1.1149245041228155,0.1308211873444721,0.1088011932076875,0.0178037204952268,1.0362981939913345,0.9987166662623372,0.0356569019538312,0.0829191989744672,1.2087887251225269,0.8771957111480245,0.1896208876839138,-0.1007229194696941,0.1039297136446141,0.1240876225896382,-2.2639548431162058,0.2268313228257802,1.2622352643301566,1.9568050635423204,0.2328850844623231,-0.0388324346948474,0.9637093756062316,2.101301500883904,-0.0369645377009481,-1.6478244506933415,0.0932160881588891,1.9866126459325324,-2.3728290490811053,3,14,0.176,253,457,-204,0.167,0.25,0.0320876771520123,-0.2184371514108603,0.4147738789502849,4
325,kansas-city-chiefs,2019,0.7458236391393622,1.3117332858719992,0.7089955071495352,1.8634090578274864,0.4909431404917638,0.0566432069725343,49458905.0,80295607.0,5425000.0,22238449.0,9032708.0,56333.0,26,24,3,24,37,2,0.3658757475023286,0.5939924313382637,0.0401318211594076,0.7098701172676138,0.288331685685639,0.0017981970467471,0.490566037735849,0.4528301886792453,0.0566037735849056,0.3809523809523809,0.5873015873015873,0.0317460317460317,-0.134471398622342,0.7710338732880658,1.0401317759808326,-0.2600207638272263,0.1096136567834681,1.2877324687588734,0.87151841868823,0.2528849339758534,0.0248577418388739,1.7829627045993337,0.0883498053309374,0.5782940879543028,0.3056607456526247,2.0600939845782067,0.8823241170239028,0.7227532888641371,-0.3439943697652852,0.515411514290977,1.0757458647699425,-0.6627869073541217,0.0383336241126605,22.305406309978338,0.0419300182061547,3.104854002080343,0.8207901453802354,2.6718585225563056,1.802676426363763,0.9827750684773096,-1.117585418688124,0.4002466531756857,2.609232696966848,-0.9156729481762608,0.6523523001770009,12.516646362324623,0.7656387141220695,2.5270608778014463,12,4,0.75,451,308,143,1.0,0.75,-0.5763850789586037,1.7669838580549737,0.23619928818999866,4
326,tampa-bay-buccaneers,2014,0.9383307259192762,1.0894874285184848,0.7681820463519919,1.6633383885976885,0.4528161011159701,0.1442301678084353,41632630.0,48339275.0,4090000.0,32760059.0,10162804.0,132124.0,25,25,3,43,49,2,0.4426088329807907,0.5139091643955117,0.0434820026236976,0.7608888373372404,0.236042435688112,0.0030687269746475,0.4716981132075472,0.4716981132075472,0.0566037735849056,0.4574468085106383,0.5212765957446809,0.0212765957446808,-0.0495784825371337,0.904888522081395,0.992974708952228,-0.099941402892298,0.0142513046969088,1.0311517607731144,0.9291449217181856,0.030678511846151,0.0353271778402248,2.6602523266312144,0.0778803693295865,0.9784386444411248,0.2778667287073997,2.1771804960276384,0.7499516000836237,0.7780326351226972,-0.3182800043564497,0.5816989677897594,1.2034976703180311,-0.5417999432100161,0.0404132756490501,14.164778490989384,0.0465507295983452,2.6507814931466416,0.6366713274025146,2.4060209427458403,1.542303529634455,0.8779752397601419,-0.7250076626784122,0.564124635267824,2.6016691145169646,-0.5724790016583876,0.6239518785435566,5.326047469658393,0.9124122141604272,1.6726107019420065,2,14,0.125,277,410,-133,0.0,0.083,-0.3843655151543951,0.07107009019182627,0.3436117611743022,4
327,tampa-bay-buccaneers,2020,0.8949329964787851,1.181187653452032,0.4006835850835943,0.9258485138347872,1.1485338259472029,0.2938679549074443,79848179.0,101335136.0,4125000.0,5149690.0,9067257.0,316361.0,26,25,3,31,44,6,0.4308936649712669,0.5468461358574223,0.0222601991713107,0.3543370855417087,0.6238949177984806,0.0217679966598106,0.4814814814814814,0.4629629629629629,0.0555555555555555,0.382716049382716,0.5432098765432098,0.074074074074074,-0.0802469135802468,0.852271158319004,1.0061728395061729,-0.1598483818516253,0.0987654320987654,1.258061228936789,0.8641975308641975,0.2295739056656081,-0.0185185185185185,0.7499898751366857,0.1296296296296296,-0.2876775725226547,-0.0770487819410583,0.8765021861131241,1.1707410536559029,-0.1318142518183526,0.0765565794295582,1.2160523594648902,0.7852307505129756,0.1956121621429342,0.0004922025115001,1.0225643156263122,0.0440281958311214,0.0223584295435669,0.0326538275048291,1.0284299846788714,2.329721479399235,0.0280341992202865,-0.0309155173560021,0.9666074055297078,1.8207815103135725,-0.0339617407778618,0.1068156301761499,1.3634770818502822,0.6945515399910387,0.3100406105700536,11,5,0.688,492,355,137,0.667,0.667,-0.2694347919145812,0.7165137647573837,-0.6328409932220893,4
328,kansas-city-chiefs,2022,0.8903984101858706,1.1722413273860424,0.4780021869007234,0.9699812694717752,1.1401428116578842,0.2371253463946777,76202372.0,100323146.0,4909025.0,11549857.0,11920409.0,344332.0,25,25,3,41,36,5,0.4199992500876748,0.5529440223519069,0.0270567275604183,0.4849906347358876,0.5005505026790711,0.0144588625850413,0.4716981132075472,0.4716981132075472,0.0566037735849056,0.5,0.4390243902439024,0.0609756097560975,0.0326737229636447,1.0744210327915051,0.9107225034514496,0.0717840623467912,-0.0283018867924528,0.9433943396264152,0.9716981132075472,-0.058268788124223,-0.0043718361711918,0.9282866628911814,0.1175793833410032,-0.0743970234087679,0.0523935196728357,1.1046695882290205,1.053494525030978,0.0995480835781022,-0.0649913846482127,0.8659927718472801,0.9049898848235624,-0.1438763360974116,0.0125978649753769,1.871160766659594,0.0415155901454596,0.6265959278284272,0.0320985157281581,1.0281521641392637,2.3123841390439264,0.0277640287361791,-0.0795828592859047,0.9179532845180316,1.860379679657646,-0.0856076548889651,0.2408768405060456,2.0158122206510414,0.7151275332954011,0.701024293391019,14,3,0.824,496,369,127,1.0,0.75,-0.735722172440376,0.43929201989372674,-0.30996140854177184,4
329,los-angeles-chargers,2022,1.011240541837594,1.0778128867153345,0.2578880953922656,1.2072511649273812,0.8464480152968372,0.6864037051750892,83625918.0,89131209.0,2559169.0,20706393.0,13809815.0,2297167.0,25,25,3,41,39,8,0.4770002555837707,0.508402305054403,0.0145974393618263,0.5624692927502573,0.3751303704156438,0.062400336834099,0.4716981132075472,0.4716981132075472,0.0566037735849056,0.4659090909090909,0.4431818181818182,0.0909090909090909,0.028516295025729,1.0643420589785375,0.9148799313893654,0.062358943254681,0.0057890222984562,1.0124230455862475,0.937607204116638,0.0123486327485703,-0.0343053173241852,0.6226346604526972,0.1475128644939966,-0.473777685514529,0.1332719346387592,1.3552647023124076,0.8835326754700468,0.3039987544572766,-0.0854690371664865,0.8480452420899033,1.039469548334028,-0.1648191966595255,-0.0478028974722726,0.2339283115141473,0.0769977761959253,-1.4526720687940493,0.231364871418497,1.2733346808104693,1.9242609020121717,0.2416401199823288,-0.1960106230897871,0.8376382094940558,2.218491706764975,-0.1771680137527774,-0.4285156097828236,0.3757085192568473,0.9442918005673548,-0.9789377733256376,10,7,0.588,391,384,7,0.333,0.583,-0.10793034504809743,-0.16299720832288941,-0.8446771749490607,4
330,los-angeles-chargers,2021,1.0556831266575188,1.0330454436456151,0.2605952474738823,0.6225835222302865,1.5691832001027497,0.226816143771499,79567389.0,77861175.0,2356944.0,7241207.0,15643726.0,376868.0,25,25,3,35,30,5,0.4979637389893957,0.4872855866252902,0.014750674385314,0.3112917611151432,0.6725070857583211,0.0162011531265356,0.4716981132075472,0.4716981132075472,0.0566037735849056,0.5,0.4285714285714285,0.0714285714285714,0.0431266846361186,1.1006263626894306,0.9002695417789757,0.0958815583704243,-0.0283018867924528,0.9433943396264152,0.9716981132075472,-0.058268788124223,-0.0148247978436657,0.7924417360043753,0.1280323450134771,-0.2326186286601413,-0.1852214991330308,0.7245795209671364,1.1597926723836114,-0.3221617112730147,0.1866719778742525,1.599663728785538,0.809255500104539,0.4697954458243247,-0.0014504787412215,0.9104144535676346,0.0309518275118497,-0.0937875484605228,-0.5361377564571344,0.6583328098625846,2.6022286437483646,-0.4180437174496241,0.4330996044272324,1.695646276068255,1.6782666488878053,0.5280648992317805,0.0337791037023832,1.1489221808401402,0.4874113912453813,0.1388281062058155,9,8,0.529,474,459,15,0.5,0.5,0.14563614637737035,-0.4131640489853055,-0.8494812396057176,4
331,kansas-city-chiefs,2023,0.8316741071652775,1.204481478315745,0.8229725780416343,1.103578564247075,0.8770004549565984,0.0,79488561.0,106264811.0,9075796.0,13654527.0,9137757.0,0.0,26,24,3,38,32,0,0.4079910714395701,0.5454255750863751,0.0465833534740547,0.599085506305555,0.400914493694445,0.0,0.490566037735849,0.4528301886792453,0.0566037735849056,0.5428571428571428,0.4571428571428571,0.0,-0.0043126684636118,0.9905638708773816,0.9099730458221024,-0.0094787231212562,-0.0522911051212937,0.903672615379641,1.033423180592992,-0.1012860968517722,0.0566037735849056,56603.77358490566,0.0566037735849056,,0.14451108139193,1.3604502287009828,0.94634006878082,0.3078175289072883,-0.1910944348659849,0.6810219678549735,1.0070765777451252,-0.3841582640913798,0.0465833534740547,46583.35347405477,0.0465833534740547,,0.3274810233591465,1.3734087572013811,2.081481933272343,0.3172966237099593,-0.2719044570817975,0.7536149944319539,1.9352526714123528,-0.2828724564545958,0.8229725780416343,822972.5780416343,0.8229725780416343,,11,6,0.647,371,294,77,0.667,0.75,-0.037547765909750765,1.2272186249281998,0.47545194753564024,4
332,los-angeles-chargers,2019,0.9658379489254858,1.132606686746095,0.1796280360701591,0.5137762213627693,1.4358166412774942,0.4938184633030999,70795554.0,83019639.0,1580000.0,6109295.0,21783106.0,809928.0,25,25,3,29,37,4,0.4555839381723989,0.5342484371443845,0.0101676246832165,0.2128501488502901,0.7589316532466756,0.0282181979030342,0.4716981132075472,0.4716981132075472,0.0566037735849056,0.4142857142857143,0.5285714285714286,0.0571428571428571,-0.0568733153638814,0.8924001474734589,1.0002695417789758,-0.1138385311711361,0.0574123989218328,1.1385789042760346,0.8859838274932614,0.1297830295865263,-0.0005390835579514,0.9905487031335444,0.1137466307277628,-0.0094785772908075,-0.224683216102291,0.7039470957783891,1.29318009039106,-0.351050201903314,0.2427337893221088,2.1403874991195657,0.6684340870226891,0.7609890819795024,-0.0180505732198177,0.3603087769593647,0.0383858225862508,-1.020695554830438,-0.3032099545313989,0.7888234927510558,2.5684233280235897,-0.2372118103191591,0.4520617275627164,1.879876936473842,1.4796141702882553,0.631207350746718,-0.3141904272329408,0.3637524427827296,0.673446499373259,-1.0112761779208876,5,11,0.313,337,345,-8,0.0,0.25,-0.38744156480205333,0.11843687657548722,-1.0128956648687804,4
333,los-angeles-chargers,2017,0.9693154377777397,1.1225118119547988,0.2347729188955115,0.8180368600111618,1.1974232315456337,0.496932896011167,58083129.0,67262932.0,1688162.0,10308760.0,19401071.0,894609.0,25,25,3,28,36,4,0.4572242631027073,0.5294867037522637,0.0132890331450289,0.3368387070634195,0.6339299461123942,0.0292313468241862,0.4716981132075472,0.4716981132075472,0.0566037735849056,0.4117647058823529,0.5294117647058824,0.0588235294117647,-0.0577136514983351,0.8909836419784876,1.0011098779134295,-0.1154270908532766,0.0599334073251942,1.145549778597438,0.8834628190899001,0.1358867977462549,-0.002219755826859,0.96224779273092,0.1154273029966703,-0.0384656141726847,-0.1044432423601304,0.8352435024656253,1.163416649864658,-0.1800300883049671,0.1203855560392878,1.3573941952651742,0.7940629701661269,0.3055690160237432,-0.0159423136791573,0.4546002832052424,0.0425203799692152,-0.7882614973990012,-0.0749114195908347,0.9374386974830652,2.319935043500432,-0.0646030217681195,0.1512785777665778,1.1849273550303816,1.7873522977889014,0.1696825005914894,-0.2621599771156554,0.4724429562563705,0.7317058149066786,-0.749834007410255,9,7,0.563,355,272,83,0.5,0.5,-0.35270781531280704,0.08004280750684754,-0.887297261382626,4
334,los-angeles-chargers,2014,0.8547242838515131,1.2108807580601029,0.5017165561193636,0.7052440436583558,1.1233903068889242,3.03809471225842,39023959.0,53158574.0,2643088.0,12491886.0,22883218.0,4036000.0,26,25,3,40,46,3,0.4115339144470248,0.5605929435463439,0.0278731420066313,0.3169636151273509,0.58062869794259,0.1024076869300591,0.4814814814814814,0.4629629629629629,0.0555555555555555,0.449438202247191,0.5168539325842697,0.0337078651685393,-0.0538909696213067,0.8957309561662739,0.9798168955472326,-0.1101130232360987,0.0320432792342904,1.0712939126673406,0.9309196837286724,0.0688692589988066,0.0218476903870162,1.6480992545369302,0.0892634207240948,0.4996406567792475,-0.020035754396246,0.9654913373062994,1.1412216414889338,-0.0351163655657248,0.0945702993196739,1.2983591694665275,0.7284975295743756,0.2611037198477884,-0.0745345449234277,0.2721755628569626,0.1302808289366904,-1.301272093033221,0.0874904511711787,1.077879765167018,2.334271064949027,0.0749967570155814,0.1494802401931573,1.211953620287433,1.559968327509869,0.1922347897925865,-2.5363781561390564,0.1651417873686422,3.539811268377784,-1.8009488635423716,9,7,0.563,348,348,0,0.333,0.5,-0.4760413671536633,0.9127144889570081,-0.3952696836278974,4
335,los-angeles-chargers,2012,0.8967256880508732,1.1348481691496357,0.8057340646285135,0.6253886380784531,1.314070278820751,0.5307529650273428,41567939.0,48709412.0,4150000.0,8271698.0,22728399.0,540000.0,27,25,3,13,17,1,0.4402107923158831,0.5158400768861979,0.0439491307979189,0.2622597514522545,0.7206191851597666,0.0171210633879788,0.4909090909090909,0.4545454545454545,0.0545454545454545,0.4193548387096774,0.5483870967741935,0.032258064516129,-0.0938416422287389,0.8288754938687518,1.002932551319648,-0.1876831234655092,0.0715542521994134,1.1706265791352204,0.9102639296187685,0.1575411802178884,0.0222873900293255,1.690856674352186,0.0868035190615835,0.5252536415665549,-0.2047791082735687,0.715827959734201,1.2364592620459645,-0.3343134820106803,0.1779510408636285,1.6785233393797585,0.7024705437681377,0.5179167138807345,0.0268280674099401,2.566812760941832,0.0610701941858977,0.9426877117388178,-0.1792221096711155,0.8636123378086838,2.4489184479703865,-0.1466304127835035,0.27133704997242,1.433867198065699,1.5221143261293264,0.360376243618374,0.2749810996011707,1.518093349687938,1.3364870296558564,0.4174564133692963,7,9,0.438,350,350,0,0.667,0.583,0.2916719378202501,0.8384534864407119,0.12260080629250289,4
336,tampa-bay-buccaneers,2018,0.9491002713688412,1.125700136108825,0.4355298925994419,0.940539007213554,0.8025060022979387,4.776816812577584,73456490.0,80422707.0,3889412.0,18728916.0,9079699.0,4323662.0,26,24,3,44,25,2,0.4655963595394315,0.5097510050304114,0.024652635430157,0.5828692439069911,0.2825725360204009,0.1345582200726079,0.490566037735849,0.4528301886792453,0.0566037735849056,0.6197183098591549,0.352112676056338,0.028169014084507,0.1007175126229072,1.2860340835122597,0.8049428647355833,0.2515653373038663,-0.1291522721233058,0.7915939199108403,1.110284347595004,-0.2337047075831865,0.0284347595003986,2.0093626298907896,0.0847727876694127,0.697835238738081,0.2271784690100104,1.8039587578137852,0.7923235410508123,0.5899855215969733,-0.1172728843675595,0.7987993286782487,1.0484656034464228,-0.2246433700728287,-0.1099055846424509,0.183210302622552,0.159210855502765,-1.6970800285088663,0.3231941338108863,1.4027293629656052,1.928206138406764,0.3384207720357734,0.0085612641552874,1.0091014354409529,1.8896392785823952,0.0090613206124696,-4.341286919978142,0.0911757386795601,5.212346705177026,-2.394964144491735,5,11,0.313,396,464,-68,0.333,0.333,0.5521673574365729,0.6750694588361454,-0.443304725979581,4
337,indianapolis-colts,2017,0.8928205506411131,1.1158632302920368,0.9450424630150706,0.9989498250343616,0.9875689400502732,1.3872802001658615,39534585.0,47510613.0,3219000.0,30297278.0,34063179.0,1650000.0,26,25,2,51,58,2,0.4379874399371498,0.5263505803264324,0.0356619797364177,0.4589769466374093,0.5160270137199626,0.0249960396426281,0.490566037735849,0.4716981132075472,0.0377358490566037,0.4594594594594595,0.5225225225225225,0.018018018018018,-0.0508244093149753,0.9027308683260578,0.9942206357300696,-0.1023286917115257,0.0311065782763895,1.0677002289010555,0.9500254971953086,0.0655090550486096,0.0197178310385857,2.094223393243184,0.0557538670746217,0.7392092889491614,0.0103235666064698,1.0200038880293651,1.042377594046395,0.0198083389550186,-0.0209895067002594,0.95426685126368,0.8969643865745591,-0.0468096451740895,0.0106659400937896,1.4266481249884648,0.0606580193790458,0.355355765012618,0.1282942902417635,1.1299080551552962,2.1034321703423102,0.122137158461333,-0.1061292743932483,0.8937582594322421,1.8917703756754745,-0.1123188236485561,-0.4422377371507912,0.681219108931976,2.3323226631809324,-0.3838702205668413,4,12,0.25,263,404,-141,0.333,0.25,-0.2815645563826517,0.6110847230114818,-2.081806407884169,4
338,seattle-seahawks,2018,0.7893087226071462,1.2966923263185943,0.4524524601893098,1.6210269846354963,0.3786801859506948,1.0122988353799631,48343893.0,73311069.0,3197537.0,40353578.0,9426802.0,600000.0,26,24,3,42,42,1,0.3872080525997321,0.5871814307857787,0.0256105166144892,0.8009780394669512,0.187112562469755,0.0119093980632936,0.490566037735849,0.4528301886792453,0.0566037735849056,0.4941176470588235,0.4941176470588235,0.0117647058823529,-0.0412874583795782,0.916440193817128,0.9469478357380688,-0.087256260473809,-0.0035516093229744,0.9928102099685552,0.9846836847946726,-0.0072137226717067,0.0448390677025527,4.810911827211669,0.0683684794672586,1.5709043017292126,0.4000688683160236,3.1381019261000405,0.7742939932555337,1.1436198380631142,-0.4137699868672191,0.4834184585621837,1.1881860920666834,-0.7268700439924162,0.0137011185511955,2.1502653797455813,0.0375199146777829,0.7656303126594359,0.9180121403678998,3.424232241861171,1.6753725122692893,1.230878054818343,-0.8317182620283503,0.4869186282336944,2.410335707242643,-0.7196569907455028,-0.5598463751906535,0.4469549874217685,1.4647512955692732,-0.8052951785447302,10,6,0.625,428,347,81,0.5,0.667,-0.3886561103171088,1.6012476219514307,-0.36331966528862153,4
339,indianapolis-colts,2018,0.5929285396251787,1.446373129856023,0.935451426600402,0.8319759141738144,1.1518054797842745,0.0054831507261781,34475942.0,77630436.0,4184000.0,10315277.0,17640856.0,1333.0,26,24,2,51,63,1,0.2964642698125893,0.6675568291643184,0.0359789010230923,0.3689632315031698,0.6309890889252981,4.767957153198362e-05,0.5,0.4615384615384615,0.0384615384615384,0.4434782608695652,0.5478260869565217,0.008695652173913,-0.0862876254180601,0.8424893046135405,1.0093645484949834,-0.1713921449926042,0.0565217391304347,1.1274484381064631,0.9434782608695652,0.1199590601775606,0.0297658862876254,4.422568327719236,0.0471571906354515,1.4867465966157671,0.0365677402390202,1.0579513702050385,1.2985459180896166,0.0563358664890412,-0.0724989616905805,0.8035040919950052,0.6654275013157591,-0.2187696280223293,0.0359312214515604,739.0965016907227,0.0360265805946243,6.605456290259225,0.2945676500717487,1.2557431784260489,2.598178609640297,0.2277282627468328,-0.2390473745486357,0.7126742695907372,1.4249044537989932,-0.3387291213045814,0.929968275874224,170.57361719383567,0.94093457732658,5.139168044936577,10,6,0.625,433,344,89,0.667,0.583,-1.5908781554225613,2.6859598803409668,-1.9198880247048458,4
340,tampa-bay-buccaneers,2019,0.844101855995449,1.2398938197272598,0.4319666902213647,0.9008285705495084,1.0895470887670866,0.3643863107810741,62177532.0,84306491.0,3671443.0,13016028.0,21573484.0,195000.0,26,24,3,27,37,1,0.4140877029411636,0.5614613523293251,0.0244509447295112,0.3741903293051804,0.6202037274520338,0.0056059432427857,0.490566037735849,0.4528301886792453,0.0566037735849056,0.4153846153846154,0.5692307692307692,0.0153846153846153,-0.1164005805515239,0.7955110961062081,1.0220609579100146,-0.2287682743770823,0.0751814223512336,1.1809894699449868,0.9059506531204644,0.1663546594156194,0.0412191582002902,3.6790061476192726,0.071988388969521,1.3026603136346464,-0.0587423751227086,0.9052838965545424,1.181665079781359,-0.0995049055598671,0.0398973736359832,1.106620251490234,0.7882780322463441,0.1013129669006657,0.0188450014867254,4.360833286652461,0.0300568879722969,1.4727040572704555,0.1503467309601731,1.137989073185656,2.3294409084943464,0.1292635404083176,-0.0567267145540595,0.9370272508711548,1.7449304265449574,-0.0650417293692813,0.0675803794402906,1.1854602985362812,0.7963530010024389,0.1701334517387416,7,9,0.438,458,449,9,0.333,0.417,-0.07002486402246991,1.2886877685882143,-0.4244182915820998,4
341,buffalo-bills,2020,1.0801860708152362,1.0156994202877467,0.2061873809043921,0.5651770781582116,1.3322640080800825,1.4814148286091935,103949999.0,93834459.0,2381054.0,4487427.0,12693588.0,882167.0,25,24,3,40,48,3,0.519320226353479,0.4687843478251138,0.0118954258214072,0.2484294849047083,0.7027326636026808,0.0488378514926107,0.4807692307692308,0.4615384615384615,0.0576923076923076,0.4395604395604395,0.5274725274725275,0.0329670329670329,-0.0659340659340659,0.8749983411489782,0.989010989010989,-0.1335311217917395,0.0412087912087912,1.0937475117244109,0.9203296703296704,0.0896119636901117,0.0247252747252747,1.7499469182768124,0.0906593406593406,0.5596027882452485,-0.2339483157775669,0.6670867956172941,1.1715170114277946,-0.4048329799959652,0.2708907414487705,2.090404591661434,0.7677497112581874,0.7373595573609706,-0.0369424256712035,0.2435648148525153,0.060733277314018,-1.4122881293928984,-0.3165645877923357,0.7623854219150167,2.347963428367829,-0.2713020635898927,0.5150089926570246,1.9112313668203835,1.645363148973448,0.6477486547685616,-1.2752274477048011,0.1391826500854714,1.6876022095135856,-1.9719633290950584,13,3,0.813,501,375,126,1.0,0.833,0.7817891244967174,-0.26401948008405246,-0.8610440776638916,4
342,green-bay-packers,2021,0.8539493136574462,1.215868755374908,0.5409607547288188,1.0508901855526227,0.9915558803399948,0.6756759817655865,69380293.0,88565807.0,4546666.0,8868275.0,9225775.0,731014.0,29,26,3,39,43,5,0.4269746568287231,0.545044614478407,0.0279807286928699,0.4710887038684171,0.4900793431565491,0.0388319529750337,0.5,0.4482758620689655,0.0517241379310344,0.4482758620689655,0.4942528735632184,0.057471264367816,-0.0459770114942528,0.9069749091437884,0.942528735632184,-0.0976382620509405,0.0517241379310344,1.1153821272244857,0.9482758620689656,0.1091990611962494,-0.0057471264367816,0.8999843402724792,0.1091954022988505,-0.1053585823600011,0.0549652713218578,1.1121535929554724,1.0351239576349562,0.1063001441621713,-0.044114047039694,0.9063553147575988,0.8980633606971402,-0.0983215281207081,-0.0108512242821637,0.7205408435165661,0.0668126816679036,-0.3277174391646195,0.2243128750349133,1.226221893551885,2.207424635714903,0.203938633440747,-0.1969408718951765,0.8125953718113904,1.9048394992100688,-0.2075208199468724,-0.1347152270367677,0.8006203693890152,1.2166367364944053,-0.2223665415318188,13,4,0.765,450,371,79,0.667,0.75,0.3339017144634628,1.4115718552674794,-0.837032873083033,4
343,houston-texans,2011,1.0363679750545838,0.9897122472481382,0.6479169989132527,1.275964425538733,0.999880610000954,0.2643734418944856,56143790.0,53616281.0,2600000.0,4785225.0,3281104.0,371803.0,27,27,2,8,7,3,0.4996774165441743,0.4771826906374952,0.0231398928183304,0.5670953002394369,0.3888424594448155,0.0440622403157476,0.4821428571428571,0.4821428571428571,0.0357142857142857,0.4444444444444444,0.3888888888888889,0.1666666666666666,0.0932539682539682,1.2397927303288976,0.871031746031746,0.2149462867566891,0.0376984126984127,1.0848189877287062,0.9265873015873016,0.081415215559963,-0.1309523809523809,0.2142844285791428,0.2023809523809523,-1.5404230413211415,0.0883402311926797,1.2271845624427091,0.8660251500823107,0.2047246676871324,-0.0674178836952625,0.8811156347399951,1.0667727167836112,-0.1265644064084389,-0.0209223474974171,0.5251518647406547,0.067202133134078,-0.6440245775690664,-0.0101683627528158,0.9898294331537848,1.989592857249092,-0.0102216300465556,-0.2395964504841492,0.8122226153714257,2.312332400593317,-0.2079798546254469,0.3835435570187671,2.45075505132165,0.9122904408077384,0.8963977046969318,10,6,0.625,381,278,103,0.667,0.667,0.008589680626427815,-0.42223561189360825,-2.841072502456478,4
344,houston-texans,2012,0.8535822865554242,1.2170294107323871,0.4133006288912212,1.6046828564021152,0.6459806765777429,0.2111824654260604,41130088.0,56548495.0,2133750.0,17338427.0,7478306.0,651944.0,28,27,3,14,15,4,0.4120742073026186,0.5665481739616286,0.0213776187357528,0.6807745451402913,0.2936275802626104,0.0255978745970982,0.4827586206896552,0.4655172413793103,0.0517241379310344,0.4242424242424242,0.4545454545454545,0.1212121212121212,0.0109717868338558,1.0241356779359914,0.9200626959247648,0.0238511639704408,0.0585161964472309,1.1379283522230714,0.9070010449320794,0.1292114457663531,-0.0694879832810867,0.4267206174859402,0.1729362591431557,-0.8516064383512421,0.2729205936990181,1.929472170096416,0.860175754224239,0.6572482435891404,-0.2687003378376727,0.6053011308120654,1.09284875244291,-0.5020267811573329,-0.0042202558613454,0.8350999437364364,0.046975493332851,-0.1801570913956656,0.5710487341546442,1.8839998948266132,1.86301008731013,0.6333979420021468,-0.7511005698466909,0.5319317466489963,2.4582651429575395,-0.6312389221111343,0.2021181634651608,1.9570690728906808,0.6244830943172817,0.671450402628595,12,4,0.75,416,331,85,0.833,0.833,-0.5622984776056631,0.93115524896396,-1.0857642793076416,4
345,seattle-seahawks,2011,0.8114915474305093,1.214501049709042,0.5971147443369542,0.8865863682422772,1.275433105697327,0.0,33914372.0,50757202.0,1610000.0,12790802.0,7576760.0,0.0,31,31,2,17,7,0,0.3930662182866529,0.5882739459528172,0.0186598357605298,0.6279986775049463,0.3720013224950536,0.0,0.484375,0.484375,0.03125,0.7083333333333334,0.2916666666666667,0.0,0.1927083333333333,1.6607085918562563,0.7760416666666667,0.5072464383665536,-0.2239583333333333,0.6838225640152037,1.1927083333333337,-0.3800547398325076,0.03125,31250.0,0.03125,,0.2162726234577636,1.581371702217368,0.9602752684478708,0.4582943362480002,-0.2349324592182933,0.6259019428932063,1.021064895791599,-0.4685590167997989,0.0186598357605298,18659.83576052982,0.0186598357605298,,-0.0609320559882848,0.9522256338323568,2.489934155406369,-0.0489524385621186,-0.0750948208117678,0.9152978899748472,1.6980779156727863,-0.0885044715786817,0.5971147443369542,597114.7443369542,0.5971147443369542,,7,9,0.438,321,315,6,0.5,0.5,-1.3409572848027411,0.8856695180768459,-3.4646386896929573,4
346,indianapolis-colts,2011,0.8638203947519704,1.1561697546502994,0.7882277109922429,0.6613603694705705,1.5643993842157158,0.0,49729571.0,64264761.0,3129500.0,2711704.0,3848602.0,0.0,29,28,2,10,6,0,0.4245896855560532,0.5486907310204809,0.0267195834234658,0.4133502309191065,0.5866497690808935,0.0,0.4915254237288136,0.4745762711864407,0.0338983050847457,0.625,0.375,0.0,0.0995762711864406,1.2655333484082465,0.8495762711864407,0.2354957597587367,-0.1334745762711864,0.7864394196630302,1.1165254237288136,-0.2402375501915408,0.0338983050847457,33898.30508474576,0.0338983050847457,,-0.0379590380604125,0.9352936362465106,1.1353405001013743,-0.0668929270165043,0.0112394546369467,1.0271886323211314,0.8379399164751598,0.0268279424389938,0.0267195834234658,26719.583423465858,0.0267195834234658,,-0.4082296295654164,0.7390497767167991,2.720569138866015,-0.3023891385214977,0.2024600252813998,1.3061246613836417,1.525180764222541,0.2670656367668463,0.7882277109922429,788227.7109922429,0.7882277109922429,,2,14,0.125,243,430,-187,0.333,0.167,-0.5604443201673972,0.7970862263336823,-2.8645909756587535,4
347,new-england-patriots,2012,0.9012391471892596,1.1150953379502926,0.8366551486044771,1.317687715398781,0.759587674833355,0.0,43645839.0,54002616.0,4051812.0,14951878.0,11389505.0,0.0,30,30,3,28,37,0,0.4291614986615522,0.5309977799763299,0.0398407213621179,0.5676193235563979,0.432380676443602,0.0,0.4761904761904761,0.4761904761904761,0.0476190476190476,0.4307692307692308,0.5692307692307692,0.0,-0.093040293040293,0.8365493669370838,1.0454212454212453,-0.1784676442353835,0.0454212454212453,1.105439610671652,0.906959706959707,0.1002451935629737,0.0476190476190476,47619.04761904762,0.0476190476190476,,0.0986171035327278,1.22807650949471,0.963378456419932,0.2054510151781862,-0.1384578248948457,0.7560714105031712,0.99678082221795,-0.2796171188035521,0.0398407213621179,39840.721362117954,0.0398407213621179,,0.3555076631169376,1.4680252285158564,1.874683012783648,0.3839190124660618,-0.4164485682095213,0.683954515704046,2.2189268625880407,-0.379862751496561,0.8366551486044771,836655.1486044772,0.8366551486044771,,12,4,0.75,557,331,226,1.0,0.917,-0.6491055619543302,0.2796866285639012,-0.7992421145810911,4
348,new-england-patriots,2011,0.7934098794436968,1.2398510756146166,0.7362538229356353,1.3994012351264808,0.7603592589241114,0.0,38660430.0,58465297.0,3471812.0,3746329.0,3392589.0,0.0,31,30,3,15,25,0,0.3843079103555406,0.5811801916943515,0.0345118979501079,0.5247754631724303,0.4752245368275696,0.0,0.484375,0.46875,0.046875,0.375,0.625,0.0,-0.15625,0.74999880000192,1.09375,-0.2876815391194432,0.109375,1.2916632222314075,0.859375,0.2559327719880874,0.046875,46875.0,0.046875,,0.1059556548667818,1.2229565683151122,1.0564047285219211,0.2012730642936328,-0.1404675528168896,0.7323268807299105,0.9090833735279708,-0.3115257042473446,0.0345118979501079,34511.8979501079,0.0345118979501079,,0.4794918166905052,1.6306100444662526,2.000210334538728,0.4889550117576118,-0.6059913556827841,0.5669634216155063,2.1928111145701776,-0.5674592290955497,0.7362538229356353,736253.8229356353,0.7362538229356353,,13,3,0.813,513,342,171,0.833,0.833,-0.9123098902608846,1.1634945881710068,-1.07954754680631,4
349,minnesota-vikings,2024,0.9168466284818418,1.1699010371703944,0.3337364652881622,0.9219477633923971,1.1489711588616676,0.1404129557269763,72480478.0,88786046.0,3165988.0,36449474.0,51103024.0,578257.0,25,24,3,48,54,5,0.4407916483085778,0.5399543248478743,0.0192540268435478,0.413584043390982,0.579854603537664,0.006561353071354,0.4807692307692308,0.4615384615384615,0.0576923076923076,0.4485981308411215,0.5046728971962616,0.0467289719626168,-0.0431344356578,0.9145281024094154,0.9662113587347232,-0.0893449151510488,0.0321710999281092,1.0717123545642866,0.9293673616103524,0.0692597806744433,0.0109633357296908,1.2345889644115462,0.1044212796549245,0.2107554255265778,-0.0399002786897897,0.9311875604092562,1.1198089283855384,-0.0712927087544407,0.0272076049175958,1.0657823713704175,0.8543756916995597,0.0637114191074932,0.0126926737721937,2.9340126375698143,0.0258153799149018,1.076422922833714,0.0209298783087268,1.0182153049987408,2.318872196032062,0.0180522485726903,-0.0051011349105554,0.9944659235814995,1.838794391874239,-0.0055483554561103,0.1933235095611859,2.376804097287067,0.4741494210151386,0.8657597654034732,14,3,0.824,432,332,100,0.667,0.75,-0.1300689650486922,0.6250869318252448,-0.5216679427803135,4
350,new-england-patriots,2020,0.997887471538913,1.070474129405823,0.4303199921271951,1.0887750540988188,0.9681938355307188,0.4888908876111343,48951473.0,52512219.0,2533127.0,38894118.0,42046475.0,1712212.0,25,25,3,51,62,5,0.4707016375183552,0.5049406270782186,0.0243577354034261,0.4705722691444047,0.5087120152788523,0.0207157155767429,0.4716981132075472,0.4716981132075472,0.0566037735849056,0.4322033898305085,0.5254237288135594,0.0423728813559322,-0.0537256156060121,0.8977463132971869,0.9971218420211064,-0.1078656324895905,0.0394947233770386,1.0913774230579345,0.9039015030380556,0.0874427093323571,0.0142308922289734,1.335817531310035,0.0989766549408378,0.2895611539366409,-0.0037713882006337,0.992584447247598,1.013652642357071,-0.0074412042234413,0.0001293683739505,1.0002727914702507,0.94127390666276,0.0002748787552075,0.0036420198266831,1.175752754494088,0.0450734509801691,0.1619496384721862,0.1022802938751044,1.1056391648887898,2.0386679649365425,0.1004245316723769,-0.0908875825599058,0.9165222432861694,2.086662525637732,-0.0871679400645983,-0.0585708954839392,0.8801945850029578,0.9192108797383294,-0.1276099527822564,7,9,0.438,326,353,-27,0.5,0.5,-0.13714727723527723,-0.14718440185188295,-0.4459419492702848,4
351,houston-texans,2014,0.8174833923436029,1.2439718037944727,0.6300361693329928,0.789856996750127,1.2806975271969665,0.0091955275578741,39263705.0,55151937.0,3491610.0,13794862.0,20333998.0,7300.0,26,24,3,44,40,2,0.4010295886968618,0.5633079866239122,0.035662424679226,0.4041128820582045,0.5956732684637054,0.00021384947809,0.490566037735849,0.4528301886792453,0.0566037735849056,0.5116279069767442,0.4651162790697674,0.0232558139534883,-0.0122860903905221,0.9735828124573308,0.9179464677490128,-0.0267701827313985,-0.0210618692408951,0.9588317451307484,1.0021939447125932,-0.0420376292794769,0.0333479596314172,2.4338576082737875,0.079859587538394,0.8894951582446368,-0.0323652818397931,0.9456644620166847,1.1589812550876175,-0.0558656889361595,-0.0030832933613427,0.9923677619149482,0.8051424707550663,-0.0076590190844869,0.0354485752011359,165.98795117515348,0.0358762741573161,5.111943242765086,-0.0367257234024938,0.9713228971357712,2.524669330991439,-0.0290955212742996,0.0276263955934759,1.0349751419965876,1.60734038909373,0.0343786323000016,0.6208406417751187,68.50804995343624,0.6392316968908669,4.226952843141147,9,7,0.563,372,307,65,0.667,0.667,-0.1738148465459051,1.3760826047776524,0.036660675763216716,4
352,minnesota-vikings,2021,0.8765303333989806,1.1864705383660905,0.3918355985806918,1.572840402932523,0.5600686211999202,1.045726725713623,48080263.0,67584524.0,2480000.0,45292455.0,21221147.0,3962286.0,26,27,3,38,50,5,0.4069605119352409,0.5720482952836505,0.0209911927811084,0.6426659710907083,0.3011121619354409,0.0562218669738506,0.4642857142857143,0.4821428571428571,0.0535714285714285,0.4086021505376344,0.5376344086021505,0.053763440860215,-0.0554915514592933,0.8967840462673883,1.0197772657450077,-0.1089381229320573,0.0556835637480798,1.1362754146041545,0.8728878648233487,0.127757887191611,-0.0001920122887864,0.9964100382018608,0.1073348694316436,-0.0035777546824596,0.2709361333482096,1.8997784474339867,0.8731604572190914,0.6417390208622477,-0.2357054591554673,0.6332370111452345,1.0496264830259494,-0.4569080444897909,-0.0352306741927422,0.373356854798449,0.0772130597549591,-0.9851729635290396,0.6264019171661701,2.1184340186567137,1.7465391595660105,0.7506779881231143,-0.6963100695335424,0.5572909841797857,2.449370736331504,-0.5846666213548027,-0.6538911271329308,0.3747013576725208,1.4375623242943143,-0.981623397742841,8,9,0.471,425,426,-1,0.667,0.5,-1.3054181967496374,0.27881059480560544,-0.8814836014772581,4
353,atlanta-falcons,2021,0.9815498956348884,1.0978684389253717,0.2729349193809211,0.9155215312470256,1.243323675644901,0.248013199916853,62951471.0,76044456.0,2100554.0,19442350.0,24003342.0,957618.0,25,27,3,44,40,8,0.4461590434704037,0.5389535972906369,0.0148873592389593,0.4378581236398818,0.540575511149957,0.0215663652101611,0.4545454545454545,0.4909090909090909,0.0545454545454545,0.4782608695652174,0.4347826086956521,0.0869565217391304,0.0561264822134387,1.129088312187791,0.9256916996047432,0.1214125407445694,-0.0237154150197628,0.9504112359170026,0.932806324110672,-0.050858308142816,-0.0324110671936758,0.6272655137193195,0.1415019762845849,-0.4663670279637525,-0.0016219138593202,0.9969978091429318,1.0795291084405938,-0.003004851026545,0.0083009198305219,1.018955685476017,0.8840171671102856,0.0187805063983504,-0.0066790059712018,0.6902725063488692,0.0364537244491204,-0.3706016537960969,-0.1454552367195296,0.8830102550292563,2.3411921145702728,-0.1244175537404146,0.0660283643878626,1.0721198683094422,1.8970714268819135,0.069638892646733,0.024921719464068,1.1004810187175684,0.5209481192977742,0.0957510378346577,7,10,0.412,313,459,-146,0.333,0.333,-1.2202265394438505,-0.5275404226773761,-1.0348141301509668,4
354,new-england-patriots,2021,1.0296477337266683,1.0370037076743257,0.3803718715732736,1.3727464469110473,0.6992231287237018,0.6084668569213123,74688161.0,70034039.0,2854268.0,33142131.0,17704778.0,2149782.0,29,27,3,41,43,6,0.5060980386114133,0.4745610187662168,0.0193409426223698,0.6253622702594771,0.3340732726124353,0.0405644571280874,0.4915254237288136,0.4576271186440678,0.0508474576271186,0.4555555555555555,0.4777777777777778,0.0666666666666666,-0.02015065913371,0.9578221970690316,0.9354048964218457,-0.0430909311029555,0.035969868173258,1.078955878769857,0.9470809792843692,0.0759958290678589,-0.015819209039548,0.7627004239004213,0.1175141242937853,-0.2708702875496204,0.1404877461537815,1.4205254869080035,0.8086342913786522,0.3510289715685907,-0.1192642316480637,0.8092864782439525,1.1314603088708903,-0.2116003346852294,-0.0212235145057176,0.4767835491487213,0.0599053997504573,-0.7406409639989955,0.3377805789506238,1.4830776929382783,1.7362268363980276,0.3941204151343565,-0.3430987131843788,0.7500634847608562,2.402394180637716,-0.2875964584807995,-0.2280949853480386,0.6251305919393269,0.988838728494586,-0.4697920749664968,10,7,0.588,462,303,159,0.5,0.667,0.884451478519097,0.1651626340047291,-1.3207705060346269,4
355,green-bay-packers,2016,0.9913029200235568,1.0779752796837323,0.4457744023416854,1.847292041377269,0.4025376943680021,1.2721179008578252,62710515.0,68193469.0,3525000.0,14811818.0,4626223.0,340000.0,24,24,3,30,43,1,0.4664954917757914,0.5072824845570506,0.0262220236671579,0.748902178936731,0.2339070386192444,0.0171907824440246,0.4705882352941176,0.4705882352941176,0.0588235294117647,0.4054054054054054,0.581081081081081,0.0135135135135135,-0.1104928457869633,0.809848127511704,1.051669316375199,-0.2109064207967824,0.0651828298887122,1.160781450464579,0.875993640699523,0.1490955674997519,0.0453100158982511,4.352619082658472,0.0723370429252782,1.4707947517413202,0.2733754459378061,2.168726169273751,0.741189523176295,0.7741419477078423,-0.2824066871609395,0.6229049427165031,1.2153976707125225,-0.4733592081043465,0.0090312412231333,1.525264977761043,0.0434128061111826,0.4222062860292777,0.6754375853157304,2.6779420084724683,1.4805129740517349,0.9850495199091728,-0.8559891213537126,0.53662461657111,2.8385949614008266,-0.6224554581840389,-0.8263434985161398,0.3504188185877023,1.7178923031995106,-1.0486239720622257,10,6,0.625,432,388,44,0.833,0.667,-0.157917948958083,-0.1150564155862831,-0.12055236283038046,4
356,houston-texans,2016,1.059000965830445,0.9992717689303188,0.514393876993637,1.261140321340335,0.7192179969023264,0.9040378974858488,57558815.0,54312414.0,3355000.0,23854641.0,12530098.0,450000.0,25,25,3,38,35,1,0.4995287574671909,0.4713546079859994,0.0291166345468096,0.6476125974450369,0.3401706742105597,0.0122167283444033,0.4716981132075472,0.4716981132075472,0.0566037735849056,0.5135135135135135,0.4729729729729729,0.0135135135135135,-0.0012748597654257,0.9973024736278698,0.94467108618052,-0.0026990512548913,-0.0418154003059663,0.91856822113974,0.9852116267210608,-0.0849369825749093,0.0430902600713921,4.188369305954378,0.0701172870984191,1.4323291375686356,0.1311839337754397,1.3856374405067011,0.8115252821965592,0.3261624011546037,-0.1480838399778459,0.7713376609724227,1.1471413549122278,-0.2596270474324303,0.0168999062024062,2.3831463367040127,0.041333362891213,0.8684559488743102,0.2800537720279924,1.3893845591317509,1.7184897658326452,0.328861886607719,-0.2021393555098902,0.8397163330632476,2.32014128717078,-0.1746901986263086,-0.3896440204922118,0.5689952925965654,1.418431774479486,-0.5638811739730929,9,7,0.563,279,328,-49,0.833,0.583,0.2333189915893226,-0.518718865451698,-0.2682839240282562,4
357,houston-texans,2022,0.9256332248255632,1.1020470862481473,0.7422030422899087,1.273150329128103,0.7625067545021992,3.230980248231521,52664759.0,57878759.0,3248333.0,52750751.0,43081541.0,3042500.0,26,24,2,44,60,1,0.4628166124127816,0.5086371167299142,0.0285462708573041,0.5335106141108241,0.435718145429828,0.0307712404593478,0.5,0.4615384615384615,0.0384615384615384,0.419047619047619,0.5714285714285714,0.0095238095238095,-0.1098901098901098,0.8076908942332428,1.0329670329670328,-0.2135736836322083,0.0809523809523809,1.1931789708229106,0.9190476190476192,0.1766231493165279,0.0289377289377289,4.038037544519364,0.0479853479853479,1.3957848173101617,0.0729189713000861,1.1673508544779552,0.9443552621597422,0.1547389206662505,-0.0706940016980424,0.8674911663996928,0.9963272265236058,-0.142147789356835,-0.0022249696020436,0.927663063565869,0.059317511316652,-0.0750516599469581,0.3395403317459481,1.445292955699336,1.8645538407503464,0.3683129459259484,-0.3475171043025398,0.7270410073400058,2.198783553953666,-0.3187713164536093,-2.488777205941612,0.2297144382054689,3.9731832905214297,-1.470916967129683,3,13,0.206,289,420,-131,0.583,0.292,0.37983417720440593,0.7531457092355889,-2.30839750930982,4
358,minnesota-vikings,2015,0.9362592455850248,1.1294712748939009,0.5166496724452436,0.3353961575271,1.7306454759293248,0.7483959899002575,54270878.0,60434344.0,3455531.0,4974502.0,23587224.0,300000.0,26,24,3,37,34,1,0.4592969884002009,0.5114586905179929,0.0292443210818062,0.1723563587292042,0.8172492525221811,0.0103943887486146,0.490566037735849,0.4528301886792453,0.0566037735849056,0.5138888888888888,0.4722222222222222,0.0138888888888888,-0.0193920335429769,0.958932486522548,0.9250524109014676,-0.0419323981182038,-0.0233228511530397,0.954613134725282,1.0044549266247378,-0.0464470766434007,0.0427148846960167,4.075178285276668,0.0704926624737945,1.404932163234532,-0.3057905620041882,0.6258287335360735,1.328707943040174,-0.4686765787245427,0.2869406296709966,2.6647947716686478,0.6316533471294051,0.980129223135872,0.0188499323331915,2.8132012942472597,0.0396387098304209,1.0343572796024143,-0.601174201035424,0.652629691045016,2.860116750823225,-0.4267445139436145,0.6008630880579247,2.791494276481384,1.2716554031121248,1.026578103507814,-0.2317463174550138,0.6903417296134503,1.265045662345501,-0.3705666081367308,11,5,0.688,365,302,63,0.833,0.667,0.4981855672647913,0.7221735128736329,-0.2539690763356179,4
359,minnesota-vikings,2013,1.0405505275120417,1.0408337454798369,0.3082808825636614,0.7286726892944688,1.245069829024351,0.0,58813828.0,56567150.0,2010531.0,4097259.0,7751010.0,0.0,26,25,3,28,31,0,0.501005809542835,0.4818674747591838,0.0171267156979811,0.3458107678007648,0.6541892321992352,0.0,0.4814814814814814,0.4629629629629629,0.0555555555555555,0.4745762711864407,0.5254237288135594,0.0,-0.0624607658505964,0.8811213815694613,0.9883866917765224,-0.1265577255018287,0.0069052102950407,1.014548126752426,0.956057752667922,0.014445394968006,0.0555555555555555,55555.55555555556,0.0555555555555555,,-0.1723217574400513,0.7365861656773101,1.136056706958419,-0.3057269812135385,0.1551950417420702,1.4487818408524589,0.8468165773435998,0.370725089568433,0.0171267156979811,17126.715697981188,0.0171267156979811,,-0.204236083544514,0.8359634819293325,2.285903574504188,-0.179169387986457,0.3118778382175728,1.4280061745052777,1.7692232168065103,0.3562801488205676,0.3082808825636614,308280.8825636614,0.3082808825636614,,5,10,0.344,391,480,-89,0.417,0.375,0.5515734230447291,-0.08599505559591018,-0.877648009785714,4
360,houston-texans,2024,0.8225026609844589,1.2223382908643583,0.7596039445531557,1.301979020487915,0.7332518652356753,0.0,73002502.0,100145109.0,7779211.0,44382832.0,28296947.0,0.0,26,24,3,53,60,0,0.4034918714263383,0.5535116788819736,0.042996449691688,0.6106627264235353,0.3893372735764648,0.0,0.490566037735849,0.4528301886792453,0.0566037735849056,0.4690265486725664,0.5309734513274337,0.0,-0.0781432626481883,0.8528285825187482,0.983803640006679,-0.1591945017146013,0.0215394890632826,1.0459215863209752,0.9595925864084154,0.0449004360158409,0.0566037735849056,56603.77358490566,0.0566037735849056,,0.1641744053055088,1.421672916452345,0.9428489524584384,0.3518360950086319,-0.2071708549971969,0.6607431454778931,1.0141545978498736,-0.4143876210410341,0.042996449691688,42996.44969168806,0.042996449691688,,0.4890864256286832,1.667007861566945,1.9555901561000335,0.5110311378582963,-0.479476359503456,0.6317321679607859,2.124481681472374,-0.4592885437288418,0.7596039445531557,759603.9445531558,0.7596039445531557,,10,7,0.588,372,372,0,0.833,0.667,-0.10899086806135996,1.3024198263033213,0.3324963442479459,4
361,baltimore-ravens,2022,0.9145846555715516,1.1198782853373004,0.7128088257595653,0.9218759366071808,1.0569363276157364,2.5281311692110484,69101866.0,84612921.0,6462792.0,21441255.0,21948686.0,1050000.0,25,25,3,56,50,1,0.4314078564016753,0.5282444742157079,0.0403476693826169,0.4824771257009544,0.4938954801942694,0.0236273941047761,0.4716981132075472,0.4716981132075472,0.0566037735849056,0.5233644859813084,0.4672897196261682,0.0093457943925233,0.0044083935813789,1.0094318020800943,0.9389878328337152,0.0093897203498816,-0.0516663727737611,0.9012786013642358,0.9950625991888556,-0.1039387356718716,0.0472579791923822,6.055955786315771,0.065949567977429,1.801059881812599,0.0343489940214384,1.0695449257057432,1.0221399544099772,0.0672351479891415,-0.0510692692992791,0.8941500835398845,0.9138849821026298,-0.1118793212293048,0.0167202752778407,1.7075925347995264,0.063975063487393,0.5351092884138975,0.0629419577215639,1.059550321553642,2.176814612953037,0.0578454861195053,-0.0072912810356291,0.9920897456633776,1.8364605921787325,-0.0079406129787489,-1.8153223434514831,0.2819507755332312,3.240939994970613,-1.2660213752274765,10,7,0.588,350,315,35,0.5,0.5,-0.5344685305322896,0.22321104851087917,0.22251197168721304,4
362,seattle-seahawks,2016,1.0856965336895426,0.903492752576136,1.0868802979670849,1.3147893330332605,0.7745757371996186,0.6648097172406336,63992727.0,51123205.0,5125000.0,16754362.0,12654384.0,651667.0,25,24,2,39,50,3,0.5322041831811484,0.4251730600358287,0.0426227567830229,0.5573563476988822,0.4209650745650101,0.0216785777361076,0.4901960784313725,0.4705882352941176,0.0392156862745098,0.4239130434782608,0.5434782608695652,0.0326086956521739,-0.0728900255754475,0.8658807597205785,1.0140664961636827,-0.1440059457560509,0.0662830349531116,1.1563572520722842,0.9141091219096332,0.1452768040896113,0.0066069906223358,1.2025775000416328,0.0718243819266837,0.1844926696949766,0.0042079854708185,1.009993644915842,0.8461381346008389,0.0099463906515223,-0.0251521645177338,0.9548706684830088,1.089560530880031,-0.0461774943682078,0.0209441790469153,1.966032609206875,0.0643013345191305,0.6760410695326835,0.1289170153765173,1.1664341429134528,1.6780684897757543,0.153952460704108,-0.2290927993437179,0.8257564011630724,2.400485866722803,-0.1914545417356912,0.4220705807264512,1.6348718060357017,1.7516900152077186,0.491565315245023,10,5,0.656,354,292,62,0.583,0.542,0.9168019063996279,-0.5406378955734121,-1.6844260528589226,4
363,green-bay-packers,2020,0.988783196694889,1.0638246529466449,0.5828761373027658,0.4188572578869357,1.5138608483633984,0.0802173664127487,78793236.0,81382147.0,5573723.0,6146691.0,27898869.0,82129.0,25,24,3,43,54,3,0.4753765368725428,0.4909959936676822,0.0336274694597749,0.1801086208913823,0.8174848581162352,0.0024065209923824,0.4807692307692308,0.4615384615384615,0.0576923076923076,0.43,0.54,0.03,-0.0784615384615384,0.8546992719244252,1.0015384615384617,-0.1570034339954826,0.0507692307692307,1.118065378381052,0.9107692307692308,0.111601931000448,0.0276923076923076,1.9230128226495016,0.0876923076923077,0.6539104678119868,-0.3264888644485529,0.6006171101223741,1.3084808517839177,-0.5097955987820302,0.2952679159811604,2.63937336895082,0.6554851577639251,0.9705436323313272,0.0312209484673924,13.96767445275628,0.0360339904521574,2.6367754293295893,-0.4500361954167535,0.7027224142656885,2.577685501310043,-0.3527923839416687,0.5699259388079533,2.36066301207268,1.4076404545818249,0.8589435282444877,0.5026587708900171,7.266118264035507,0.6630935037155145,1.9832239256559605,13,3,0.813,509,369,140,0.833,0.833,0.3558897354884631,0.12690642216883635,0.0424870552735545,4
364,tennessee-titans,2017,1.137873865577167,0.8785545647805002,0.8630964136861065,1.364105501612206,0.7773689776484547,0.3853023925449058,80031937.0,61792810.0,7284668.0,6625557.0,5373163.0,143957.0,25,25,3,26,37,2,0.5367329554609278,0.4144125305568397,0.0488545139822324,0.5456422006448826,0.4425023411229665,0.0118554582321509,0.4716981132075472,0.4716981132075472,0.0566037735849056,0.4,0.5692307692307692,0.0307692307692307,-0.097532656023222,0.8286573917773,1.0409288824383165,-0.1879463681899693,0.0716981132075471,1.1792423349130308,0.8716981132075472,0.1648742631911117,0.0258345428156748,1.839562855716623,0.0873730043541364,0.6095456314904061,-0.0280898105661268,0.9365184215449333,0.8569148716798063,-0.0655836736099879,-0.0089092451839547,0.983670198449419,1.0823751561058104,-0.0164627391652,0.0369990557500814,4.1204981306942505,0.0607099722143833,1.415994530289418,0.1011855871320455,1.130162715362547,1.655923542428955,0.1223627564864769,-0.2262316360350391,0.8341532455364299,2.501979367189373,-0.1813372670256773,0.4777940211412006,2.240043639339395,1.2483988062310123,0.8064965061435644,9,7,0.563,334,356,-22,0.833,0.667,0.7765618940615485,-1.0805084200593194,0.5118287826155313,5
365,tampa-bay-buccaneers,2016,1.2734993890631994,0.7992602144801729,0.4605832323118415,0.4287153347909107,1.422750652254726,0.0,71124968.0,46424248.0,3086830.0,6397689.0,28691363.0,0.0,25,26,3,37,50,0,0.5895830504922218,0.3848289921571202,0.0255879573506578,0.1823272113478586,0.8176727886521414,0.0,0.4629629629629629,0.4814814814814814,0.0555555555555555,0.425287356321839,0.5747126436781609,0.0,-0.0932311621966794,0.8377763200469809,1.0561941251596425,-0.1770020583939209,0.0376756066411239,1.0885860289403586,0.888250319284802,0.0848817929633659,0.0555555555555555,55555.55555555556,0.0555555555555555,,-0.4328437964950212,0.4706387773435598,1.2025017808092615,-0.7536618077350434,0.4072558391443632,3.233635903811801,0.7719102618400804,1.1736088670739775,0.0255879573506578,25587.957350657864,0.0255879573506578,,-0.623490437774553,0.5617707160722913,2.222010866734899,-0.5766602396971771,0.8447840542722886,2.9704942072811336,1.70221472385411,1.0887291239672643,0.4605832323118415,460583.2323118416,0.4605832323118415,,9,7,0.563,354,369,-15,0.667,0.583,0.9248001104396747,-1.9395245962921441,-0.5696109966278657,5
366,arizona-cardinals,2012,1.1301223314524262,0.9124598443001808,0.6451485353949415,0.7266423601196249,1.1102955977108944,0.1033470919316822,47320889.0,38206847.0,3241667.0,4218652.0,24709741.0,100000.0,25,25,3,6,23,1,0.5330765714398237,0.4304055869340475,0.0365178416261287,0.145328472023925,0.8512266249116857,0.0034449030643894,0.4716981132075472,0.4716981132075472,0.0566037735849056,0.2,0.7666666666666667,0.0333333333333333,-0.2949685534591195,0.6152576060216624,1.238364779874214,-0.4857121073001382,0.2716981132075471,2.3584787736438675,0.6716981132075472,0.8580189437604319,0.0232704402515723,1.6980622656791995,0.089937106918239,0.5295054237387472,-0.4208210379776381,0.505629251610228,1.281632211845733,-0.6819492591940752,0.3877480994158987,3.668055515622224,0.6784050434637486,1.2996635653016,0.0330729385617393,10.597466308182268,0.0399627446905181,2.3606423285161986,-0.1978357534107137,0.8218163022217713,2.022755442011075,-0.1962372895783884,0.4034799713328013,1.555264099938074,1.8567646915720517,0.4416462552581948,0.5418014434632593,6.242481339872381,0.7484956273266238,1.8313793039892987,5,11,0.313,250,357,-107,0.167,0.25,0.6733754444081239,-0.9623708860966521,0.013944199561470022,5
367,washington-commanders,2011,1.3363558282729764,0.7569748397473884,0.5028454762241583,0.8263282740780563,1.0868358629609718,0.0,59729278.0,39666832.0,2325000.0,6680089.0,17572097.0,0.0,29,34,3,9,18,0,0.5871866518169139,0.3899567356274425,0.0228566125556435,0.2754427580260187,0.7245572419739812,0.0,0.4393939393939394,0.5151515151515151,0.0454545454545454,0.3333333333333333,0.6666666666666666,0.0,-0.1515151515151515,0.7727261136381023,1.1818181818181817,-0.2578286681263882,0.106060606060606,1.3181778636482273,0.7727272727272727,0.2762526524921374,0.0454545454545454,45454.545454545456,0.0454545454545454,,-0.3346005063465386,0.5381992958427293,1.1145139776014237,-0.6195237846625661,0.3117438937908951,2.1317842017006154,0.8626294098429326,0.7569609855006437,0.0228566125556435,22856.612555643565,0.0228566125556435,,-0.3298610232135833,0.6964935268068575,1.8438107027083603,-0.3616954586466833,0.5100275541949201,1.6172195155060454,2.1626841023510326,0.4807090744810979,0.5028454762241583,502845.4762241584,0.5028454762241583,,5,11,0.313,288,367,-79,0.333,0.417,-0.34970552571581387,-3.022347306252725,-1.7877550146402694,5
368,arizona-cardinals,2013,1.0389151360159223,0.9788336823896024,0.8850920431680405,0.6886294549067279,1.3762394086543703,0.0,42445665.0,45207208.0,4716666.0,10428469.0,17248137.0,0.0,23,26,3,29,24,0,0.4595201563147348,0.4894168411948012,0.0510630024904638,0.3767972489112285,0.6232027510887715,0.0,0.4423076923076923,0.5,0.0576923076923076,0.5471698113207547,0.4528301886792453,0.0,0.0471698113207547,1.104164228303996,0.9528301886792452,0.0990906943113361,-0.1048621190130624,0.8083539603292342,0.989477503628447,-0.2127529858041573,0.0576923076923076,57692.307692307695,0.0576923076923076,,-0.1337859098939703,0.7853239656208147,1.1126195922835729,-0.2416569080305997,0.0827229074035063,1.2195389910715726,0.8363174052259634,0.1984750873418679,0.0510630024904638,51063.00249046388,0.0510630024904638,,-0.3974057262647679,0.7112374235157538,2.3550730910439728,-0.3407479543018433,0.3502856811091944,1.508668587938997,1.7275445909226503,0.4112284945747647,0.8850920431680405,885092.0431680405,0.8850920431680405,,10,6,0.625,379,324,55,0.333,0.5,-1.2796140106413747,-1.3461409133881415,0.7816413766855768,5
369,tampa-bay-buccaneers,2015,1.1683679046419042,0.9243272683021416,0.3088871042462057,0.8935914525605316,1.1575775481100012,0.246424726845918,45835099.0,39283161.0,1514706.0,23753687.0,23078277.0,102352.0,24,26,3,64,48,1,0.529072258705768,0.4534435655821826,0.0174841757120493,0.5061048934856108,0.4917143567192925,0.0021807497950966,0.4528301886792453,0.490566037735849,0.0566037735849056,0.5663716814159292,0.4247787610619469,0.0088495575221238,0.0657872766739021,1.1548714950765,0.915344798797796,0.1439911165693751,-0.1135414927366839,0.7995268902221269,1.0192018700951744,-0.2237329051440538,0.0477542160627817,6.395503723173622,0.0654533311070295,1.8556128667229608,-0.0382707911371099,0.9221667767456808,0.9451579223014752,-0.0810269805984415,0.0229673652201571,1.0453785769258388,1.0351771521913788,0.044380984480571,0.0153034259169527,8.013831719541923,0.019664925507146,2.081226206622774,-0.2332502798078596,0.7985006890558805,2.081904816412143,-0.2250183665222691,0.2747764520813726,1.307495269565025,2.061959357202436,0.2681141549213188,0.0624623774002877,1.2534693848720704,0.5553118310921238,0.2259184520255442,6,10,0.375,342,417,-75,0.5,0.417,-0.21555839281996428,-1.5629050752128026,-0.743086059887372,5
370,tampa-bay-buccaneers,2021,1.0211513617456782,0.9909555681186074,0.911168160306144,0.4691792454682646,1.6304471369261628,0.3691071902979421,66775382.0,75168941.0,7150000.0,6797208.0,24242617.0,985051.0,25,29,3,38,39,7,0.4478734042744203,0.5041703767620984,0.0479562189634812,0.2122477539023101,0.7569933135728613,0.0307589325248285,0.4385964912280701,0.5087719298245614,0.0526315789473684,0.4523809523809524,0.4642857142857143,0.0833333333333333,0.0444862155388471,1.0958141040225238,0.9730576441102756,0.0914995265370665,-0.0137844611528822,0.9695269427077554,0.8909774436090225,-0.0309447343758934,-0.0307017543859649,0.6315713685119989,0.1359649122807017,-0.4595253294869384,-0.2528229368107628,0.6660160687106292,1.2611636903349597,-0.4064394980851555,0.2356256503721101,2.110134434431398,0.6601211581767304,0.7467538912303517,0.0171972864386527,1.559048249692109,0.0787151514883097,0.4440963908611836,-0.6394915688075554,0.6077811036583032,2.6214027050447704,-0.4979394795925258,0.5519721162774136,2.176458560667915,1.4903306072139428,0.7777000216794043,0.5420609700082019,2.468566626957408,1.2802753506040865,0.9036387667120864,13,4,0.765,511,353,158,0.667,0.667,-1.7308325752450433,-1.4263432559076512,0.10125040284273279,5
371,seattle-seahawks,2013,1.0615621457017468,0.9990512320764812,0.4952047744892726,0.2887088143512704,1.6401620670838568,0.0,49885294.0,48825670.0,2792500.0,4406590.0,27815499.0,0.0,25,26,3,27,30,0,0.4914639563434012,0.4810246672960836,0.0275113763605151,0.1367568067979701,0.8632431932020298,0.0,0.4629629629629629,0.4814814814814814,0.0555555555555555,0.4736842105263157,0.5263157894736842,0.0,-0.0448343079922027,0.9148130766699692,1.0077972709551657,-0.0890334454476725,-0.0107212475633527,0.977364191819628,0.9366471734892788,-0.022893770977068,0.0555555555555555,55555.55555555556,0.0555555555555555,,-0.3822185259059462,0.5572289638136109,1.3442678604981135,-0.584776978533409,0.354707149545431,3.593681178796849,0.6282207631413714,1.2791791098674632,0.0275113763605151,27511.376360515147,0.0275113763605151,,-0.6411108350073755,0.609117015329917,2.639213299160338,-0.495743885381372,0.7728533313504764,3.6769174199604953,1.3502709600530172,1.3020756855377469,0.4952047744892726,495204.7744892727,0.4952047744892726,,13,3,0.813,417,231,186,0.667,0.833,-0.24936425410193053,-0.7846066020713011,-0.44014368815706384,5
372,seattle-seahawks,2023,1.0061392555140265,1.020201460599285,0.769072810494222,1.2440778818557423,0.7011291242582749,0.0,74226591.0,84672013.0,7092166.0,33547102.0,15440106.0,0.0,24,27,3,60,49,0,0.4471730024506784,0.5101007302996425,0.042726267249679,0.684813512948115,0.315186487051885,0.0,0.4444444444444444,0.5,0.0555555555555555,0.5504587155963303,0.4495412844036697,0.0,0.0504587155963302,1.1122424237872617,0.9495412844036696,0.1063801790692502,-0.1060142711518858,0.8074059406199485,0.9949031600407748,-0.2139264628768337,0.0555555555555555,55555.55555555556,0.0555555555555555,,0.1949142432477574,1.61840412851057,0.8252872173515275,0.4814425182461423,-0.2376405104974365,0.6529841205111238,1.1319865153987934,-0.4262002314800571,0.042726267249679,42726.26724967901,0.042726267249679,,0.3190723363410102,1.4550814824545664,1.72133058485756,0.375062880940484,-0.2379386263417158,0.8087423315258027,2.250217137369769,-0.2122739211989026,0.769072810494222,769072.8104942221,0.769072810494222,,9,8,0.529,364,402,-38,0.333,0.583,-1.4462624801483384,-1.0993128389558189,0.21130537514544956,5
373,washington-commanders,2012,0.9746121029153768,1.0606081448031068,0.6224096257305393,1.0890568999128314,1.0180205144016974,0.0898419783265058,39178049.0,47372189.0,2780000.0,13394717.0,12521014.0,130000.0,27,30,3,17,17,2,0.4385754463119196,0.5303040724015534,0.0311204812865269,0.5142768694032814,0.4807319095785793,0.0049912210181392,0.45,0.5,0.05,0.4722222222222222,0.4722222222222222,0.0555555555555555,0.0277777777777777,1.0588212872019802,0.9722222222222222,0.0571582961931321,-0.0222222222222222,0.952939158481782,0.9222222222222224,-0.0482019972429411,-0.0055555555555555,0.8999838002915949,0.1055555555555555,-0.1053585156958255,0.0495721628229741,1.103115808872809,1.011035981980133,0.098140614913613,-0.0757014230913618,0.8527985985879585,0.952852315715201,-0.1592295887719044,0.0261292602683877,6.233794772597377,0.0361117023046661,1.830017392804813,0.0425876304014094,1.0418327410560062,2.078628659204804,0.0409823560810293,-0.1144447969974544,0.8949130280340332,2.0636690028282083,-0.1110277147613774,0.5325676474040335,6.927749250126025,0.712251604057045,1.9355365835742864,10,6,0.625,436,388,48,0.833,0.667,-1.5478328152192515,-0.7979620285504416,-0.8759528119893493,5
374,seattle-seahawks,2014,1.0946143970404083,0.9446022167900632,0.7416648725661651,1.1231220704753495,0.8739464516561896,0.0,47080832.0,45707183.0,3987500.0,19123709.0,14534859.0,0.0,24,27,3,43,42,0,0.4864952875735148,0.4723011083950315,0.0412036040314536,0.5681676356522357,0.4318323643477643,0.0,0.4444444444444444,0.5,0.0555555555555555,0.5058823529411764,0.4941176470588235,0.0,0.0058823529411764,1.011902714006412,0.9941176470588236,0.0118344338375269,-0.061437908496732,0.8785512349051816,0.9503267973856208,-0.1294788021643383,0.0555555555555555,55555.55555555556,0.0555555555555555,,0.0404687440472672,1.0937114808356443,0.904133472742796,0.0895790578389557,-0.0816723480787208,0.8562515722379448,1.0546629232257505,-0.155188997700831,0.0412036040314536,41203.604031453615,0.0412036040314536,,0.0706557651338735,1.0808455531279118,1.8185486684462528,0.0777447130234804,-0.0285076734349414,0.9746166077570864,2.217736467515758,-0.0257101945665961,0.7416648725661651,741664.8725661652,0.7416648725661651,,12,4,0.75,394,254,140,0.833,0.833,-0.9793044535384354,-1.5576083198180988,0.12896038238516244,5
375,tennessee-titans,2014,1.1504192012237229,0.9105777842745526,0.521499192756186,0.6161397160736634,1.381037366516386,0.5248842144275754,48366985.0,39814685.0,2631042.0,10303211.0,25733294.0,752333.0,25,26,3,35,39,3,0.5326014820480199,0.4384263405766364,0.0289721773753436,0.2800635073062106,0.6994864583654422,0.020450034328347,0.4629629629629629,0.4814814814814814,0.0555555555555555,0.4545454545454545,0.5064935064935064,0.0389610389610389,-0.0250120250120249,0.9506154070945572,0.987974987974988,-0.0506436302548601,0.0084175084175084,1.0185162777827077,0.9175084175084176,0.0183490986682838,0.0165945165945165,1.425889328099838,0.0945165945165945,0.3548137087901279,-0.2610601177888058,0.626782275126345,1.1379127989420788,-0.4671537663740405,0.2525379747418093,1.9017100280604144,0.8126649893542306,0.6427553737452776,0.0085221430469965,1.416660737554259,0.0494222117036907,0.3483370242811602,-0.4704595822418334,0.6593428584981667,2.2916151507909386,-0.4165105107082098,0.5342794851500595,1.867137118538005,1.7665589172973863,0.6244071743555215,-0.0033850216713894,0.9935490244756044,1.0463834071837614,-0.006469955441498,2,14,0.125,254,438,-184,0.167,0.167,0.2537764097404594,-1.282540873949387,-0.4025708041379574,5
376,tennessee-titans,2024,1.3474833200364564,0.7100190462401449,0.7333017056270918,0.971059409548746,1.1703469758288685,0.0354324608690103,86671425.0,49474868.0,5895834.0,51771349.0,51144447.0,216777.0,24,26,3,61,50,7,0.6101811260542445,0.3483112302310145,0.041507643714741,0.5019883388345213,0.4959097355207069,0.0021019256447718,0.4528301886792453,0.490566037735849,0.0566037735849056,0.5169491525423728,0.423728813559322,0.059322033898305,0.066837224176527,1.1577331168064482,0.9142948512951712,0.1464659219691245,-0.0641189638631275,0.8759649000047991,0.969779341221618,-0.1324270490052861,-0.0027182603133994,0.9541618131321312,0.1159258074832107,-0.0469043399638248,-0.1475985052896924,0.70236678757375,0.8442209657517215,-0.3532966509936486,0.1081927872197231,1.2155260656947695,1.112169464888766,0.1951785978222686,0.0394057180699692,19.73804628705511,0.0436095693595128,2.982572148478219,-0.4603279295887234,0.6066734517460866,1.8803660220690133,-0.4997631950331715,0.3764239104877103,1.387641084721634,2.318542729585203,0.3276059862753166,0.6978692447580814,20.69517590556409,0.7687341664961023,3.029901988765275,3,14,0.176,311,460,-149,0.167,0.25,0.8777283454176431,-2.6726247065302426,0.18758877637634347,5
377,san-francisco-49ers,2023,1.068836039593092,0.9993133091915016,0.4550341066594187,1.1441845514519808,0.8714323888395674,0.0244855242679237,75529390.0,73558917.0,4019378.0,25794419.0,18791360.0,12000.0,24,25,3,46,44,1,0.4933089413506579,0.4804390909574526,0.0262519676918895,0.5783790040306716,0.4213519242740765,0.0002690716952519,0.4615384615384615,0.4807692307692308,0.0576923076923076,0.5054945054945055,0.4835164835164835,0.0109890109890109,-0.0027472527472527,0.9943161253916498,0.9642857142857144,-0.0056980092964803,-0.0439560439560439,0.9130416720262576,0.967032967032967,-0.09097158980032,0.0467032967032967,5.249522293471294,0.0686813186813186,1.658154413926894,0.059087166683376,1.140229634777478,0.9017910152315292,0.1312317575637604,-0.0850700626800136,0.8529149312093052,1.0716879453813295,-0.1590934382842348,0.0259828959966376,97.20369869712935,0.0265210393871414,4.576846854839226,0.1278809203519341,1.1467466383428613,1.8707456980310688,0.1369299237128149,-0.0753485118588888,0.9341457233372074,2.2130205910450726,-0.0681218966228537,0.4305485823914949,18.583041908299457,0.4795196309273424,2.922251637119599,12,5,0.706,491,298,193,0.833,0.833,-0.22704833831782048,-0.819677209462038,-0.2535196662237645,5
378,san-francisco-49ers,2022,1.1136392787319835,0.9115672215677972,0.8951829428005502,1.0700377086487456,0.9553538464156088,0.0228469944658893,79499093.0,73561715.0,8335331.0,22621278.0,21158540.0,11500.0,23,26,3,42,44,1,0.4925712194391465,0.4557836107838986,0.0516451697769548,0.5165699283131876,0.4831674625550206,0.0002626091317918,0.4423076923076923,0.5,0.0576923076923076,0.4827586206896552,0.5057471264367817,0.0114942528735632,-0.0057471264367816,0.9886344088365095,1.0057471264367817,-0.0114286730963953,-0.0404509283819629,0.916206893351655,0.9250663129973477,-0.0875108128404789,0.0461980548187444,5.0187941341411,0.0691865605658709,1.6132070257086597,-0.027383851771122,0.9433223525676544,0.9389510733389193,-0.0583450234471626,-0.023998708874041,0.9535403415898572,1.0091411477523342,-0.0475715157191214,0.0513825606451629,195.91570832886893,0.0519077789087466,5.27770386988935,-0.0437866248478117,0.954166114285076,1.866921067983406,-0.0469164016919234,0.0436015700832379,1.040746722273531,2.1836769873807294,0.0399393556555457,0.8723359483346609,39.17993520774893,0.9180299372664396,3.668165875897224,13,4,0.765,450,277,173,1.0,0.833,-0.8782094154083891,-1.742615667242735,0.7878653312313312,5
379,los-angeles-rams,2016,1.042490084716842,0.992524429794881,0.7248675973762924,0.9814159380865566,1.0272566241397167,0.0,51760363.0,53386161.0,4498773.0,23348993.0,16663360.0,0.0,24,26,3,44,30,0,0.4720709817585701,0.4868987768805077,0.0410302413609222,0.58354461183525,0.41645538816475,0.0,0.4528301886792453,0.490566037735849,0.0566037735849056,0.5945945945945946,0.4054054054054054,0.0,0.0851606323304436,1.210059908267321,0.8959714431412544,0.1906719078072108,-0.1417644059153493,0.7615767637632643,1.04742478327384,-0.2723620974041404,0.0566037735849056,56603.77358490566,0.0566037735849056,,0.0704433887157576,1.1691470961129564,0.9033541650452576,0.1562765591078696,-0.1114736300766798,0.8089701510630979,1.05561559359382,-0.2119911403711771,0.0410302413609222,41030.24136092221,0.0410302413609222,,-0.0347321943448357,0.9661884287557144,2.0197810539345977,-0.0343953954364193,0.0610741466302855,1.0622295624419915,2.0239060228033985,0.0603710191932288,0.7248675973762924,724867.5973762923,0.7248675973762924,,4,12,0.25,224,394,-170,0.333,0.25,-0.7902518376752424,-1.0277137951640194,0.24079717038116139,5
380,san-francisco-49ers,2011,1.1018346055151889,0.9267849612818532,0.8793141206639017,0.97960124610737,1.022438629281893,0.0,51291428.0,52387569.0,4385667.0,3204921.0,3040973.0,0.0,28,34,3,11,10,0,0.4746364454526967,0.484779825901277,0.0405837286460262,0.5131244622467176,0.4868755377532824,0.0,0.4307692307692308,0.5230769230769231,0.0461538461538461,0.5238095238095238,0.4761904761904761,0.0,0.0468864468864469,1.098459231697152,0.9992673992673992,0.0939104112149852,-0.093040293040293,0.8223760523869769,0.9545787545787546,-0.1955551824585907,0.0461538461538461,46153.84615384616,0.0461538461538461,,-0.0020957118520053,0.9956935450993784,0.9716553636545596,-0.0043136915956901,-0.0384880167940208,0.9249910214443522,0.9877609076994144,-0.0779691411899722,0.0405837286460262,40583.72864602623,0.0405837286460262,,-0.0956536680000399,0.9064446787266818,1.949223590563746,-0.098224198979643,0.1222333594078188,1.1247775409800576,2.081435851622559,0.1175861823287437,0.8793141206639017,879314.1206639017,0.8793141206639017,,13,3,0.813,380,229,151,0.833,0.833,-1.9443025178267284,-2.128367082970304,-0.9271612882120535,5
381,kansas-city-chiefs,2018,1.185172426283674,0.908717642368798,0.3714584979622484,0.7180306682709119,1.3470391775127235,0.0,75462813.0,65407255.0,3085000.0,13048064.0,19888713.0,0.0,23,26,3,32,26,0,0.5242108808562405,0.454358821184399,0.0214302979593604,0.3961548514598134,0.6038451485401866,0.0,0.4423076923076923,0.5,0.0576923076923076,0.5517241379310345,0.4482758620689655,0.0,0.0517241379310344,1.1153821272244857,0.9482758620689656,0.1091990611962494,-0.1094164456233421,0.8016812392604461,0.9940318302387268,-0.2210419465369329,0.0576923076923076,57692.307692307695,0.0576923076923076,,-0.1494863273557875,0.7524413665348748,1.0582039697245855,-0.2844300027197144,0.128056029396427,1.323244069031294,0.920365732316054,0.2800882572507461,0.0214302979593604,21430.297959360487,0.0214302979593604,,-0.4383215351439257,0.6746032208532359,2.2557568198815217,-0.3936294814510166,0.4671417580127621,1.6505851742412436,1.903203094554586,0.5011307198526953,0.3714584979622484,371458.4979622484,0.3714584979622484,,12,4,0.75,565,421,144,0.833,0.833,-0.641333881031557,-1.9359151722467787,-0.4528739297529856,5
382,kansas-city-chiefs,2013,1.1665126898756737,0.8896914805792211,0.5871361428344357,0.5258920036584872,1.4011683045966643,0.0,61808850.0,49105416.0,3888750.0,5261382.0,16567014.0,0.0,24,25,3,33,39,0,0.5383904722503109,0.4277362887400101,0.0338732390096789,0.24103383501014,0.75896616498986,0.0,0.4615384615384615,0.4807692307692308,0.0576923076923076,0.4583333333333333,0.5416666666666666,0.0,-0.0608974358974358,0.8875723259019782,1.0224358974358974,-0.1192631869811229,0.0032051282051282,1.0069908099221492,0.9198717948717948,0.0069686541646113,0.0576923076923076,57692.307692307695,0.0576923076923076,,-0.3312298762498499,0.5635768034124701,1.18670245372987,-0.5734493198095587,0.2973566372401709,2.233662500391952,0.7794243072604509,0.8036444724897046,0.0338732390096789,33873.23900967898,0.0338732390096789,,-0.5114768240174434,0.6349635819600862,2.2908597851758854,-0.454186508993545,0.6406206862171865,2.2181559400117106,1.692404693534161,0.7966770503001999,0.5871361428344357,587136.1428344358,0.5871361428344357,,11,5,0.688,430,305,125,0.333,0.583,0.3531658887919627,-1.4017880036690404,0.031565388443296434,5
383,kansas-city-chiefs,2012,1.259478158147371,0.7631146488627776,0.9545883043334784,1.0699146845615757,0.9344549832235226,0.0,65270441.0,42476618.0,5496668.0,16135563.0,15032184.0,0.0,27,29,3,15,16,0,0.5763713605081189,0.3750902511359415,0.0485383883559395,0.5177006538201173,0.4822993461798827,0.0,0.4576271186440678,0.4915254237288136,0.0508474576271186,0.4838709677419355,0.5161290322580645,0.0,-0.0246036085292509,0.9523286633377912,1.007654455986878,-0.0488430346913144,-0.0262438490978677,0.9457607572921752,0.9414980863860032,-0.0557634560001876,0.0508474576271186,50847.45762711865,0.0508474576271186,,-0.1072090950439411,0.7777109307652141,0.8573895973158242,-0.2513977121120178,0.0586707066880015,1.1133272537475554,1.094072014328236,0.1073547925908175,0.0485383883559395,48538.388355939576,0.0485383883559395,,-0.171340334360745,0.8166405508265016,1.6975696320863003,-0.2025549327843673,0.1895634735857954,1.177175151576055,2.3293928427089465,0.1631184230603672,0.9545883043334784,954588.3043334784,0.9545883043334784,,2,14,0.125,211,425,-214,0.0,0.0,0.525321972325365,-2.2184717249933494,-0.1532411397886933,5
384,kansas-city-chiefs,2011,1.0796914545734209,0.970364211468928,0.5995546716612082,0.3048963629270497,1.5213277278047128,0.0,51936898.0,46677879.0,3605082.0,195050.0,1297643.0,0.0,24,24,3,3,4,0,0.5080900962698451,0.4566419818677308,0.035267921862424,0.1306698698258784,0.8693301301741215,0.0,0.4705882352941176,0.4705882352941176,0.0588235294117647,0.4285714285714285,0.5714285714285714,0.0,-0.1008403361344537,0.8235279705907573,1.042016806722689,-0.1941556394416841,0.042016806722689,1.0980366536007495,0.8991596638655461,0.0935258496779546,0.0588235294117647,58823.52941176471,0.0588235294117647,,-0.4126881483063907,0.5252796845964417,1.3259721120418524,-0.6438222357804805,0.3774202264439666,3.888319538600189,0.6387599660957236,1.357979037228017,0.035267921862424,35267.92186242402,0.035267921862424,,-0.5509635163357849,0.6378399314585809,2.4916919392736405,-0.4496668877061822,0.7747950916463711,3.541163636865399,1.3845878175004709,1.2644563103010924,0.5995546716612082,599554.6716612083,0.5995546716612082,,7,9,0.438,212,338,-126,0.5,0.333,0.38706524092760675,-0.6643327401157029,0.22408141463968428,5
385,jacksonville-jaguars,2017,1.2536978566969266,0.8477842447463096,0.2896203586232351,0.6865297687466858,1.1916737238742574,1.3908605460915529,86208594.0,63154620.0,2489412.0,5378386.0,12447688.0,1614256.0,24,26,3,27,36,4,0.5677122369948348,0.4158941578000765,0.0163936052050887,0.276661250091948,0.6403022993951234,0.0830364505129285,0.4528301886792453,0.490566037735849,0.0566037735849056,0.4029850746268656,0.5373134328358209,0.0597014925373134,-0.0467473950999718,0.9129962043765608,1.02787947057167,-0.0910215172457022,0.0498451140523796,1.1236869390549822,0.8558152633061109,0.1166173970349531,-0.0030977189524077,0.948097326916944,0.116305266122219,-0.053280449962044,-0.2244081415950469,0.6495268073629482,1.0561964571951998,-0.4315087654222435,0.2910509869028867,2.052004698169544,0.8443734870867827,0.7188189783164368,-0.0666428453078397,0.1974242357372999,0.0994300557180173,-1.6223393872259506,-0.3438894791279477,0.711422528112433,2.039457968620567,-0.3404875731312122,0.5671680879502408,1.8261349873446275,1.9402276254436124,0.602202502241832,-1.1012401874683178,0.208230905108488,1.680480904714788,-1.569104241505303,10,6,0.625,417,268,149,0.667,0.75,0.24524016006956093,-2.015703642865928,-0.8075669230070771,5
386,jacksonville-jaguars,2016,1.2709552562188982,0.8146065534873383,0.5294195720981808,0.8565548310239698,1.1279375831407836,0.0,61656896.0,44672968.0,3350000.0,16466883.0,24312470.0,0.0,23,26,3,33,37,0,0.5621532864045127,0.4073032767436692,0.0305434368518181,0.4038044203398715,0.5961955796601285,0.0,0.4423076923076923,0.5,0.0576923076923076,0.4714285714285714,0.5285714285714286,0.0,-0.0285714285714285,0.9459441563218663,1.0285714285714285,-0.055569743046913,-0.0291208791208791,0.9382264480511242,0.9137362637362636,-0.0637616824122608,0.0576923076923076,57692.307692307695,0.0576923076923076,,-0.1888923029164593,0.6831694287408676,1.0034988564037977,-0.3810099294981459,0.1583488660646411,1.3921390305542811,0.9659577067443842,0.3308432140691367,0.0305434368518181,30543.436851818125,0.0305434368518181,,-0.3133310296534453,0.7222082528811441,1.942544136628122,-0.3254405152005228,0.4144004251949283,1.4837973313421198,2.127510087242868,0.3946053530517507,0.5294195720981808,529419.5720981808,0.5294195720981808,,3,13,0.188,318,400,-82,0.333,0.167,-0.1400764063743644,-2.4421766752783958,-0.1035974634767508,5
387,jacksonville-jaguars,2012,1.1365228602908426,0.91206592976737,0.7123388431584022,1.1117423948678056,0.998672070922636,0.0681166861680649,46886630.0,43647067.0,3526458.0,14566623.0,20782245.0,105000.0,25,29,3,17,27,2,0.4984749387240538,0.4640335432149777,0.0374915180609685,0.4108613198424499,0.5861770851067647,0.0029615950507854,0.4385964912280701,0.5087719298245614,0.0526315789473684,0.3695652173913043,0.5869565217391305,0.0434782608695652,-0.078184591914569,0.8667951444204881,1.095728451563692,-0.1429506455502528,0.0690312738367658,1.1867872943691582,0.8081617086193744,0.1712521835852384,0.0091533180778032,1.210498474324564,0.0961098398169336,0.1910512368467073,-0.122143541891787,0.7916255400958226,1.0502106283217425,-0.2336646468692621,0.0876136188816039,1.213240822169334,0.9093362585665036,0.193297150725768,0.0345299230101831,12.654958716355422,0.0404531131117539,2.538075804095896,-0.0866061411552662,0.9132777846154866,1.910738000690006,-0.0907140934704275,0.024780465423037,1.0222888352990698,2.248265255158648,0.0220449494384394,0.6442221569903372,10.457472695136294,0.7804555293264672,2.347318217124447,2,14,0.125,255,444,-189,0.333,0.167,-1.1706689670390598,-1.9646197446742424,-0.34929541624372573,5
388,buffalo-bills,2016,1.0966943181821012,0.9492087949132872,0.6666358986280359,1.2652325873628083,0.8783674474150741,0.0879565747420437,55868187.0,52384505.0,4245000.0,22781674.0,16825332.0,235876.0,24,26,3,47,50,7,0.4966162950258571,0.4656495975046315,0.0377341074695114,0.571787803904346,0.4222920420264779,0.005920154069176,0.4528301886792453,0.490566037735849,0.0566037735849056,0.4519230769230769,0.4807692307692308,0.0673076923076923,0.0097968069666182,1.0203752361100749,0.9713352685050798,0.0201724766442108,0.0009071117561683,1.0020050088110766,0.9047532656023224,0.0020052097945235,-0.0107039187227866,0.8409578561733068,0.1239114658925979,-0.1731960653198307,0.0433575554781535,1.1026693579181328,0.8879416395311094,0.0977360767010629,-0.0751715088784889,0.8685309884258166,1.068404098930203,-0.1409499999143185,0.0318139534003354,6.372762307595635,0.0436542615386874,1.85205951972456,0.0708413474982131,1.080649922827587,1.8275762423283612,0.0775636940432661,-0.1685382691807071,0.8667919735422119,2.3619269055449097,-0.1429553574049613,0.5786793238859922,7.579061844111806,0.7545924733700795,2.0253909247950146,7,9,0.438,399,378,21,0.167,0.333,-0.510007497227359,-1.2995889642826233,0.09436456559656659,5
389,houston-texans,2017,1.0815070929005126,0.9658788173060932,0.6051174149449514,0.9246667671566412,1.0763967884663956,0.4162989220755358,50899908.0,45457994.0,3417500.0,25543347.0,34259655.0,250000.0,25,25,3,46,53,1,0.5101448551417512,0.4556032157104213,0.0342519291478274,0.4253467128920549,0.5704902978871897,0.0041629892207553,0.4716981132075472,0.4716981132075472,0.0566037735849056,0.46,0.53,0.01,-0.0583018867924528,0.8899947607788422,1.001698113207547,-0.1165375830408717,0.0116981132075471,1.0254284516936858,0.9316981132075473,0.0251126469021475,0.0466037735849056,5.659811377352831,0.0666037735849056,1.733408232614359,-0.1148870821767684,0.798615539619525,1.026093513597611,-0.2248734310755027,0.0847981422496962,1.1993595820067715,0.9354915680338062,0.1817896928998155,0.030088939927072,8.225748754847652,0.0384149183685827,2.107298521541787,-0.1105179711603024,0.8973251595790019,2.0422756057724887,-0.108335950539789,0.1568403257438714,1.169616949259682,2.006173860057154,0.1566772260446819,0.1888184928694155,1.4535612015684105,1.0214163370204874,0.3740181990430368,4,12,0.25,338,436,-98,0.167,0.25,0.38595188793928253,-0.6760166112361649,-0.06581037655973734,5
390,buffalo-bills,2018,1.215771620340046,0.842904741769937,0.6353192752735105,0.7128540017394175,1.3505187864896242,0.2759754532050096,57260574.0,43007510.0,3740294.0,23872370.0,50395544.0,1320284.0,24,26,3,35,39,5,0.5505380922294548,0.413500439358837,0.0359614684117081,0.3158213931756912,0.6667118059885486,0.0174668008357601,0.4528301886792453,0.490566037735849,0.0566037735849056,0.4430379746835443,0.4936708860759494,0.0632911392405063,-0.0031048483401003,0.9937086789268318,0.9842369238117984,-0.0063091563727779,0.009792213995701,1.0221001188500285,0.8958681633627896,0.0218616589640168,-0.0066873656556006,0.894325492298731,0.119894912825412,-0.1116678182156593,-0.2532113666297116,0.6202077350917709,1.0802122453473857,-0.4776983820881052,0.2347166990537635,1.7431889065674702,0.8663594854051461,0.5557179571987767,0.018494667575948,2.058729015165308,0.0534282692474682,0.7221166166139105,-0.5076140447196872,0.6241335744964392,2.193423528259561,-0.471389685454657,0.5029176186006284,1.7054963735591049,1.9286256220794635,0.5338570190756134,0.3593438220685009,2.302077832711193,0.91129472847852,0.8338136946470441,6,10,0.375,269,374,-105,0.333,0.333,0.13183236373832127,-1.9299482710464941,-0.005777072442268814,5
391,buffalo-bills,2019,1.0933967814957364,0.9432027865992844,0.7450682641736426,0.597068408942685,1.3153118452270065,0.0019099559881585,75664930.0,70710519.0,6445000.0,5000485.0,16982720.0,1333.0,24,26,3,24,37,2,0.4951230708659938,0.4627032538034226,0.0421736753305835,0.2274546319781657,0.7724847344984006,6.063352343360593e-05,0.4528301886792453,0.490566037735849,0.0566037735849056,0.3809523809523809,0.5873015873015873,0.0317460317460317,-0.0967355495657382,0.8352866960620713,1.0778676250374364,-0.179978226025124,0.0718778077268643,1.188676125008191,0.8337825696316262,0.1728423961737512,0.0248577418388739,1.7829627045993337,0.0883498053309374,0.5782940879543028,-0.309781480694978,0.5989796744969931,1.2351879883018233,-0.512525452624693,0.2676684388878281,2.17678967348464,0.7225777028441596,0.7778531842763037,0.0421130418071499,684.2652014859201,0.0422343088540171,6.52836927514139,-0.372109058627722,0.7170938761998478,2.2585146318262908,-0.3325474575871374,0.4963283725530514,1.8312724871166457,1.6904651904384214,0.6050119879426403,0.743158308185484,389.89294823665546,0.7469782201618012,5.965873551901064,10,6,0.625,314,259,55,0.5,0.583,-0.5067527771266288,-1.3087055637478897,0.2750126609190417,5
392,green-bay-packers,2017,1.0405115478862983,0.9997465102836084,0.6781045277850056,0.7010083024362587,1.2932202711647454,0.4470337307846837,54469644.0,56696942.0,4437254.0,14728274.0,36539938.0,1619351.0,24,26,3,29,39,5,0.4711750405522861,0.490441684290072,0.0383832751576418,0.2784827502828973,0.6908985010332203,0.0306187486838824,0.4528301886792453,0.490566037735849,0.0566037735849056,0.3972602739726027,0.5342465753424658,0.0684931506849315,-0.0436805376066167,0.9182372749588694,1.0248126130783148,-0.0852974138455543,0.0555699147066425,1.139880019391155,0.850090462651848,0.1309252190504249,-0.0118893771000258,0.8264030288554014,0.1250969242698371,-0.1906550295525293,-0.2004568167431482,0.7098596591206545,1.1813401853232923,-0.3426859527187491,0.1926922902693888,1.6919301039060402,0.7496577908351835,0.5258720729338126,0.0077645264737593,1.2535463812557652,0.0690020238415242,0.226002692006861,-0.2934737608811369,0.7730668622417434,2.292966781448354,-0.2573887368037365,0.3395032454500398,1.4843049076098531,1.741519850322557,0.3949475480547205,0.2310707970003219,1.5168945074910023,1.1251382585696894,0.4166666324292993,7,9,0.438,320,384,-64,0.333,0.417,-0.813735453009831,-1.0010413615081815,0.13402919116543444,5
393,green-bay-packers,2015,1.1466206204611105,0.8971267704015439,0.6843119496315853,0.9708950804960932,0.944265792925622,3.68327149906777,66234755.0,53981975.0,4941176.0,7462728.0,8259153.0,976250.0,24,25,3,29,33,1,0.5292095171358971,0.4313109473084345,0.0394795355556683,0.4469199576886778,0.4946154153419925,0.0584646269693296,0.4615384615384615,0.4807692307692308,0.0576923076923076,0.4603174603174603,0.5238095238095238,0.0158730158730158,-0.043040293040293,0.9178304156104652,1.0045787545787546,-0.0857405578794242,0.0012210012210012,1.0026503417224673,0.921855921855922,0.002649002424463,0.0418192918192918,3.634386418271034,0.0735653235653235,1.2904576316457446,-0.0633044680335579,0.8720109845327582,0.925926362650427,-0.1369509397010385,0.0822895594472192,1.1841232952528955,0.976129474824575,0.1690045551533065,-0.0189850914136613,0.6752606206785199,0.097944162524998,-0.3926312286620928,-0.0471390225240782,0.9500776444991524,1.841392563327166,-0.0512104520065641,0.1757255399650171,1.1809921200580271,2.117515700957204,0.1663557370581639,-2.9989595494361847,0.1857891181835673,4.367583448699356,-1.6831415603618425,10,6,0.625,368,323,45,0.5,0.583,0.26929003644791333,-1.3265649629770782,0.26352047275937135,5
394,denver-broncos,2022,1.0476444516121062,0.9599989818271856,0.9655198779342088,1.0031152604376468,1.0418118308762123,0.2696064048530884,51659581.0,51282577.0,5951250.0,43851552.0,57804814.0,906611.0,24,26,3,52,66,4,0.4744050346922744,0.4709428967454118,0.0546520685623137,0.4275573241209642,0.5636031216215575,0.0088395542574783,0.4528301886792453,0.490566037735849,0.0566037735849056,0.4262295081967213,0.5409836065573771,0.0327868852459016,-0.050417568821528,0.9068022117258144,1.0315496442932262,-0.0978288828474881,0.026600680482524,1.062406796254592,0.8790596968759665,0.0605391051274541,0.023816888339004,1.7263624402851938,0.0893906588308073,0.5460342257050822,-0.0926602248761456,0.8355916478936526,1.0345460183669692,-0.1796131212925379,0.0468477105713102,1.1095680002666874,0.9019623588132388,0.1039728585228466,0.0458125143048354,6.181973094739281,0.063491622819792,1.821655788908556,-0.0818128490490266,0.9214697240960092,2.001810812703398,-0.0817843157680897,0.0445291911744594,1.0443898608073927,2.0507597120497527,0.0434338041668493,0.6959134730811205,3.5812068235304206,1.2351262827872973,1.2757008808623804,5,12,0.294,287,359,-72,0.167,0.25,-0.6968580900786959,-1.1379080682531764,0.7914428663310248,5
395,kansas-city-chiefs,2021,1.2652182894765018,0.7830278799048579,0.6702726285203833,0.5837652382936784,1.4525936016048793,0.0979387289322437,93934418.0,60460238.0,5971618.0,6439685.0,18189388.0,116799.0,25,26,3,37,42,4,0.5857492080909731,0.3770134236578945,0.0372373682511324,0.2602326965887482,0.7350473646675292,0.0047199387437225,0.4629629629629629,0.4814814814814814,0.0555555555555555,0.4457831325301205,0.5060240963855421,0.0481927710843373,-0.0245426149040606,0.9514972378260051,0.9875055778670236,-0.0497164182971662,0.0171798304328424,1.0385362088492052,0.9087460954930836,0.0378143902132399,0.0073627844712182,1.1527538581352212,0.1037483266398929,0.1421717388338228,-0.3580339410096346,0.5129096829273568,1.1120607883254237,-0.6676528535610493,0.3255165115022249,2.250858423675404,0.8459819046797212,0.8113133723027949,0.0325174295074098,7.887704177616531,0.041957306994855,2.0653319681430675,-0.6695657217000214,0.5390546536795195,2.235621481509737,-0.6179370378284353,0.6814530511828234,2.1673372087681466,1.8489835277701805,0.7735001117011718,0.5723338995881395,6.843725583354316,0.768211357452627,1.923333751210482,12,5,0.706,480,364,116,0.833,0.583,0.9343580716262047,-1.964449647413689,-0.09563533294131835,5
396,denver-broncos,2019,1.2172135107190374,0.8014473854730422,0.9168970353056832,1.2459052261221468,0.8051537822680765,0.372622196904761,59154989.0,40572185.0,5570000.0,43467084.0,33131993.0,333334.0,24,25,3,39,46,1,0.5617908511010942,0.3853112430158857,0.0528979058830201,0.5650035327763223,0.430663650980599,0.0043328162430786,0.4615384615384615,0.4807692307692308,0.0576923076923076,0.4534883720930232,0.5348837209302325,0.0116279069767441,-0.0541144901610017,0.8988277510210274,1.0156529516994632,-0.1066617835144467,0.0080500894454383,1.0177492350223971,0.9150268336314848,0.0175957234289254,0.0460644007155635,4.961111805923153,0.0693202146690518,1.601647203221091,-0.0453524079647133,0.8946897362914598,0.8159748939964848,-0.1112756888692881,-0.0032126816752281,0.9943121134631668,1.1267943838774164,-0.0057023441443072,0.0485650896399415,12.205848821463428,0.0572307221260988,2.501934152614901,-0.0037063967950343,0.9953954234928708,1.6066011677411187,-0.0046139624828349,-0.0286917154031094,0.9769704053150012,2.463118736841184,-0.0232980972368281,0.5442748384009222,2.460654738948079,1.2895192322104445,0.900428559209909,7,9,0.438,282,316,-34,0.5,0.5,0.7265101806593213,-1.7951443349454625,0.7900343518112017,5
397,denver-broncos,2016,1.247735363075139,0.8481623347589174,0.2008525180495294,0.866171236270866,1.1144062383463382,0.9168564636782912,66354855.0,45105469.0,1281766.0,12440759.0,20274446.0,1755833.0,25,25,3,30,38,4,0.588554416544877,0.4000765729994893,0.0113690104556337,0.3609046817795275,0.588158848016123,0.0509364702043495,0.4716981132075472,0.4716981132075472,0.0566037735849056,0.4166666666666667,0.5277777777777778,0.0555555555555555,-0.0560796645702306,0.8937421000397945,0.999475890985325,-0.1123359041315459,0.0550314465408804,1.132072754723502,0.8883647798742138,0.1240523686706116,0.0010482180293501,1.0188495852357675,0.1121593291404612,0.0186917996847637,-0.1880822750166336,0.6802174176781313,0.9882354210156123,-0.3853403005173381,0.2276497347653494,1.630770714506005,0.9494590983244044,0.489054433131397,-0.0395674597487157,0.2231954278456283,0.0623054806599832,-1.4996195787127993,-0.2662439035874208,0.7610883217319193,1.962568573105256,-0.2730046887415113,0.3815641268042731,1.4405164594596311,2.113906599346005,0.3650025031417088,-0.7160039456287619,0.2190662409440829,1.1177089817278207,-1.5183761460710608,9,7,0.563,333,297,36,0.333,0.5,1.222018693311421,-1.4697492391521991,-1.0340728645423585,5
398,dallas-cowboys,2015,1.2021926959711042,0.8212074041056834,0.9993918286389456,0.7087365701033509,1.276226599633325,0.0023061735481315,42607578.0,32901154.0,4620000.0,18290850.0,39394582.0,2334.0,23,26,3,51,61,2,0.5317390770641423,0.4106037020528417,0.057657220883016,0.3170663603093938,0.6828931805055513,4.0459185054938685e-05,0.4423076923076923,0.5,0.0576923076923076,0.4473684210526316,0.5350877192982456,0.0175438596491228,-0.0350877192982456,0.9344244832067036,1.0350877192982455,-0.0678224651914738,-0.0050607287449392,0.9886855728023848,0.8896761133603239,-0.0113766614067179,0.0401484480431848,3.288274106837449,0.0752361673414305,1.1903801727287835,-0.2722894784527095,0.6012698801282345,1.093496882558393,-0.5087089580110681,0.2146727167547484,1.6770539753611728,0.8488054373735361,0.5170405486085446,0.0576167616979611,1390.6983653106774,0.057697680068071,7.237578664771322,-0.4550191955276417,0.6434646957499006,2.0974340037390085,-0.4408868985920644,0.4934561258677533,1.6962451924141622,1.9109292660744552,0.528417929732307,0.9970856550908144,433.16716657414713,1.0016980021870772,6.071124720097333,4,12,0.25,275,374,-99,0.5,0.25,-0.37702532174377873,-2.2446779344849292,1.0108612582234136,5
399,dallas-cowboys,2012,1.086351629657966,0.9776632261400966,0.4675413569433596,0.988568567063406,1.096313314778716,0.2567360687438797,47138191.0,47316915.0,2340833.0,15570228.0,18706174.0,505458.0,26,29,3,24,26,3,0.4869852132949503,0.4888316130700483,0.0241831736350013,0.4476536907456933,0.5378140789480493,0.0145322303062573,0.4482758620689655,0.5,0.0517241379310344,0.4528301886792453,0.490566037735849,0.0566037735849056,0.0094339622641509,1.0192286915722826,0.9905660377358492,0.0190481565092338,-0.0045543266102797,0.9899403426173756,0.9011060507482108,-0.0101083668849134,-0.0048796356538711,0.9137769600553148,0.1083279115159401,-0.0901494303584635,-0.048982465878001,0.908921360156336,1.0266456920180975,-0.0954946553342403,0.039331522549257,1.087859064949685,0.9346389040406436,0.0842136575997496,0.009650943328744,1.663991633339024,0.0387154039412587,0.5092606645556175,-0.1186500886386192,0.8917727452436228,2.0739765409188125,-0.1145429259211645,0.09778306259456,1.0989126773192366,2.074920196721372,0.0943221362880815,0.2108052881994799,1.8210901886154112,0.7242774256872393,0.5994374653366555,8,8,0.5,376,400,-24,0.5,0.417,-1.0151180326174034,-1.3715295796619609,-0.9895350363800459,5
400,cleveland-browns,2016,1.0844373230229982,0.9651951457782448,0.6095993294708137,1.2299074620725077,0.8304835405409309,0.2763620989923447,40309427.0,38747265.0,2719117.0,27279653.0,20844059.0,322620.0,25,27,3,38,43,2,0.4929260559195446,0.4738230715638655,0.0332508725165898,0.5630901633584974,0.4302505089549401,0.0066593276865625,0.4545454545454545,0.4909090909090909,0.0545454545454545,0.4578313253012048,0.5180722891566265,0.0240963855421686,-0.0271631982475356,0.9475668813349626,1.0089813800657177,-0.0538557203208394,-0.0032858707557502,0.9928207979775394,0.9123767798466592,-0.0072028965046189,0.0304490690032858,2.2635424266256585,0.0786418400876232,0.8169493646986722,0.0435725626089254,1.1012699820966547,0.9040735805188056,0.0964661535170084,-0.0701641074389527,0.8753929878415061,1.056016219278042,-0.1330803357912357,0.0265915448300273,4.992377865082344,0.0399102002031523,1.6079423962761017,0.1347116052373138,1.162207240064422,1.7956786863191756,0.1503220263188915,-0.1454701390495092,0.8817219788825771,2.3143447850955057,-0.1258775672162106,0.333237230478469,2.205791336446476,0.8859614284631585,0.7910879676783739,1,15,0.063,264,452,-188,0.0,0.083,-0.5682329084191653,-1.1947061955435054,-0.3154055808064456,5
401,cleveland-browns,2014,1.376430956426746,0.7864087664223571,0.1831550880886134,0.6584688658885376,1.29372173901173,0.4489236363873773,58326090.0,37489470.0,1293529.0,10400846.0,27246645.0,644634.0,24,27,4,33,44,3,0.6006244173498528,0.3860552126073389,0.0133203700428082,0.2716184071790218,0.7115469564564516,0.0168346363645266,0.4363636363636363,0.4909090909090909,0.0727272727272727,0.4125,0.55,0.0375,-0.0590909090909091,0.892560360634055,1.040909090909091,-0.1136590996177246,0.0238636363636363,1.0578486751877847,0.8488636363636364,0.0562395857474311,0.0352272727272727,1.93934222360131,0.1102272727272727,0.6623626054875438,-0.3254917438491126,0.5425568425913488,1.0976021690637905,-0.6114598297865184,0.329006010170831,2.2112721016064474,0.8722428245288747,0.7935696264480758,-0.0035142663217184,0.7912008643091623,0.0301550064073348,-0.2341283360997096,-0.5073129725893728,0.6078649951094559,2.080130505434087,-0.4978011975869985,0.7179620905382085,2.0903476798735405,2.034899822315284,0.7373311326642857,-0.2657685482987639,0.4079862703961045,0.6320787244759907,-0.8965162962952476,7,9,0.438,299,337,-38,0.333,0.333,0.44635003201160983,-2.7763512754425377,0.854822427562563,5
402,cleveland-browns,2013,1.2203012087436518,0.8566918735999516,0.4318247167178548,1.506967275412051,0.690506342387067,0.4312685121812701,45553797.0,33312786.0,2015000.0,17145176.0,11613333.0,426666.0,24,25,3,23,34,2,0.5632159424970701,0.4118710930768998,0.02491296442603,0.5874618192284268,0.3979189091722081,0.014619271599365,0.4615384615384615,0.4807692307692308,0.0576923076923076,0.3898305084745763,0.576271186440678,0.0338983050847457,-0.0955019556714472,0.834274570387793,1.0570404172099088,-0.1811906297184438,0.0717079530638852,1.183943451221983,0.8513689700130378,0.1688529411933063,0.0237940026075619,1.7018728716733629,0.0915906127770534,0.5317466670506857,0.0139521839046917,1.0350602811850111,0.809790002249108,0.0344620956533006,-0.0242458767313566,0.9587261083804376,1.1506777617254969,-0.0421480706458652,0.010293692826665,1.7040014788173965,0.0395322360253951,0.5330194351951786,0.1661855312128846,1.240670186993796,1.5471982159870186,0.2156528742760528,-0.2866660666683993,0.8097723280936251,2.7272684841557027,-0.2110013277831842,0.0005562045365847,1.0012873725614793,0.8630932288991249,0.0012888603596838,4,12,0.25,308,406,-98,0.333,0.25,0.6096599088827102,-1.6427125977529722,-0.34449016374332764,5
403,cincinnati-bengals,2023,1.050178868674989,1.0371039005366205,0.2770019126160472,0.9878723839569216,1.0369391529612757,0.0092074377682291,81261658.0,86937426.0,2679262.0,19956069.0,25001580.0,6000.0,24,26,3,31,37,1,0.4755526952490516,0.5087679512066439,0.0156793535443045,0.4438267232270227,0.5560398356459014,0.0001334411270757,0.4528301886792453,0.490566037735849,0.0566037735849056,0.4492753623188406,0.5362318840579711,0.0144927536231884,-0.045665846322122,0.914837661620944,1.02679792179382,-0.0890066099812702,0.0035548263604047,1.0079101120345224,0.902105550998086,0.0078811994348573,0.0421110199617172,3.905390905386019,0.071096527208094,1.3623755486042508,-0.0472718844392575,0.914983070651016,1.0648077868525454,-0.0888477503678474,0.0317259720220288,1.0714803748431037,0.9193794184760744,0.0690433229858735,0.0155459124172287,116.62616853446951,0.0158127946713803,4.759037454811388,0.0001647475753445,1.000157914200619,2.074043053497896,0.0001588659565646,0.0623064847180674,1.0630703142021127,2.038051252631911,0.0611621963350883,0.267794474847818,30.0813145061104,0.2862093503842763,3.4039078085397843,9,8,0.529,366,384,-18,0.167,0.333,-0.8696818126023372,-0.9156759272953431,-0.7880922127296087,5
404,cincinnati-bengals,2017,1.0961967033819506,0.9466213162244644,0.6752487377405259,1.0776180079659348,1.0697172211133927,0.0462714044106436,64806004.0,58295066.0,4990000.0,15517927.0,17971513.0,111053.0,24,25,3,24,28,4,0.5059369400224387,0.4551064020309925,0.0389566579465687,0.4618362891282577,0.5348586105566963,0.0033051003150459,0.4615384615384615,0.4807692307692308,0.0576923076923076,0.4285714285714285,0.5,0.0714285714285714,-0.0192307692307692,0.9615365384653846,0.9807692307692308,-0.0392206331534446,0.032967032967033,1.0769205641084276,0.8901098901098901,0.0741078054874302,-0.0137362637362637,0.8076810001583056,0.1291208791208791,-0.213570767016947,-0.0797522085257037,0.850889454070584,0.9899650125876888,-0.1614708627703637,0.0441006508941809,1.0954874193407411,0.9677732291506964,0.0912013725736706,0.0356515576315228,11.783265549831654,0.0422617582616147,2.466706020392041,-0.1230959048889283,0.8849258594839999,2.016338537337857,-0.1222503556897682,0.0185786954160158,1.0172395765838265,2.1738147113478856,0.0170935734305171,0.6289773333298823,14.592903618062357,0.7215201421511694,2.6805368379292567,7,9,0.438,290,349,-59,0.5,0.5,-0.013896004913086658,-1.0467075954981577,0.25456189254500566,5
405,cincinnati-bengals,2015,1.0929835719548993,0.9441241783130376,0.7403885456478149,1.8990508857567945,0.365069700078615,0.004668925156666,66371288.0,62109472.0,5620000.0,7792782.0,2019136.0,833.0,24,26,3,23,31,1,0.4949359571116524,0.463155257285641,0.0419087856027065,0.7941485522255686,0.2057665582261284,8.48895483030192e-05,0.4528301886792453,0.490566037735849,0.0566037735849056,0.4181818181818181,0.5636363636363636,0.0181818181818181,-0.0730703259005145,0.8703575550260055,1.0542024013722129,-0.1388491305158288,0.0346483704974271,1.08285220958639,0.8710120068610634,0.0796007031285513,0.0384219554030874,3.113036330171652,0.0747855917667238,1.1356162283715163,0.2573886990595126,2.2508662749288018,0.6689218155117695,0.8113173122989221,-0.2992125951139161,0.6232276473928828,1.289084509337221,-0.4728414013524797,0.0418238960544034,487.9381302001016,0.0419936751510095,6.190212476499259,0.5790544782344225,2.5861406519606427,1.3091938783916526,0.9501677278287024,-0.806067313801895,0.5755417111835955,2.9920344577116937,-0.5524426603558277,0.7357196204911488,158.54398535508685,0.7450574708044809,5.0660334155865225,12,4,0.75,419,279,140,0.833,0.75,-0.5102782105588616,-1.3048777195213501,0.26437926690457064,5
406,cincinnati-bengals,2014,1.1823699587800254,0.8634486108188637,0.7092128461300127,1.3270846351040406,0.799016939549185,0.0070542097726912,62240570.0,49088575.0,4480000.0,8467391.0,7363899.0,1667.0,25,27,3,27,39,1,0.5374408903545571,0.4238747725838059,0.038684337061637,0.5347953007135685,0.4650994125734062,0.0001052867130252,0.4545454545454545,0.4909090909090909,0.0545454545454545,0.4029850746268656,0.582089552238806,0.0149253731343283,-0.091180461329715,0.8433551945156681,1.0729986431478968,-0.1703650268791023,0.0515603799185888,1.127943328975645,0.8575305291723202,0.1203981115415442,0.0396200814111261,3.6543006164041554,0.0694708276797829,1.2959230582362844,-0.0412246399896003,0.9113618503120684,0.8889741851572122,-0.0928129001804256,0.0026455896409885,1.0049450410136718,1.0722361910681255,0.0049347151251997,0.0385790503486118,363.9621168118149,0.0387896237746622,5.897075637449246,0.0644316712696787,1.0806373274998446,1.6624655503680486,0.0775521432861957,-0.1447146763240152,0.8909522697737062,2.509454593884066,-0.1154635764651455,0.7021586363573215,100.52328264925303,0.7162670559027039,4.610390778832926,10,5,0.656,365,344,21,0.5,0.583,-0.00533219411225038,-1.756838016799812,-0.11865917225132169,5
407,cincinnati-bengals,2013,1.1125724276223388,0.9461323837428888,0.548317381163882,1.3726097883095352,0.4265197663291388,1.5463806456114069,47723644.0,42275230.0,2940000.0,25476324.0,5873473.0,2777574.0,24,25,3,31,23,3,0.5134949665949257,0.4548713383379273,0.031633695067147,0.7465070778525542,0.1721044671152665,0.0813884550321793,0.4615384615384615,0.4807692307692308,0.0576923076923076,0.543859649122807,0.4035087719298245,0.0526315789473684,0.0772604588394062,1.1914686191362986,0.8842780026990553,0.175188759932212,-0.0823211875843454,0.8486336753410585,1.0053981106612686,-0.1641254969277455,0.0050607287449392,1.0961330196264734,0.1103238866396761,0.0918058826167335,0.2827668712226608,2.6429801793180707,0.6269758054531939,0.9719093347033496,-0.2330121112576285,0.6878625721935565,1.26000204444748,-0.3741642632832316,-0.0497547599650322,0.3886706828868664,0.1130221500993263,-0.9449912561028074,0.5196126174137501,2.2182563158314657,1.3726521500720277,0.7967225008767965,-0.2600373606871964,0.810552005782024,2.485182215931874,-0.2100388759863084,-0.9980632644475248,0.3545808906358875,2.094698026775289,-1.036816952950257,11,5,0.688,430,305,125,0.5,0.667,0.042184116141900284,-1.092245402533864,-0.046089312656296115,5
408,chicago-bears,2023,1.0453562831016048,0.9929440542600498,0.713420025967265,1.217235815485817,0.8006251820563296,0.0436876469993725,79105439.0,84940009.0,7041752.0,36982799.0,19360779.0,81266.0,23,26,3,49,39,3,0.4623691252180175,0.4964720271300249,0.0411588476519576,0.6554346698769783,0.3431250780241413,0.0014402520988804,0.4423076923076923,0.5,0.0576923076923076,0.5384615384615384,0.4285714285714285,0.0329670329670329,0.0714285714285714,1.1666639444507965,0.9285714285714286,0.1541503464946473,-0.0961538461538461,0.8214270459212004,0.9807692307692308,-0.1967098905201774,0.0247252747252747,1.7499469182768124,0.0906593406593406,0.5596027882452485,0.1533469491058836,1.4469084658004183,0.8395971051541662,0.3694312019459899,-0.1930655446589608,0.7054378430530057,1.1178037950949955,-0.3489344521963541,0.0397185955530771,28.557701795494605,0.042599099750838,3.3519509607056515,0.1923188722037202,1.2402093217958108,1.7935692363163795,0.2152811803759214,-0.1718795323842121,0.8587945006283662,2.262592098587421,-0.15222465994019,0.6697323789678924,16.32964339631553,0.7571076729666375,2.7929834711065213,7,10,0.412,360,379,-19,0.333,0.5,-1.2926910085235652,-1.3200694064586465,0.3788900000808199,5
409,chicago-bears,2020,1.1463140229909812,0.927175965578466,0.3875834285879416,0.6494321631992584,1.3444090184669872,0.7571306826694153,88579170.0,71645706.0,3593970.0,11773169.0,27205943.0,1915196.0,25,25,3,43,48,6,0.5407141617881986,0.437347153574748,0.0219386846370533,0.2878926084285373,0.665274565839334,0.0468328257321287,0.4716981132075472,0.4716981132075472,0.0566037735849056,0.4432989690721649,0.4948453608247423,0.0618556701030927,-0.0231472476171951,0.9532213441387852,0.9665434740322896,-0.0479060219219678,0.0283991441353822,1.064060785284556,0.914997082279712,0.0620946383122429,-0.0052518965181871,0.9150795458366504,0.1184594436879984,-0.0887266156340588,-0.2279274122645859,0.657392479194657,1.1026217194140822,-0.4194717715341347,0.2528215533596613,1.8781735542503997,0.8286067702167359,0.6303016403242188,-0.0248941410950754,0.4684367397729585,0.068771510369182,-0.7583086330408141,-0.4172330528885213,0.689652675034148,2.271584984045453,-0.3715660990961871,0.4968818597917227,1.7650993018957828,1.7957461861902395,0.5682078228608846,-0.3695472540814737,0.5119101966799761,1.144714111257357,-0.6696034863495823,8,8,0.5,372,370,2,0.333,0.5,0.6956606068570382,-0.9649375404889287,-0.580724691024925,5
410,chicago-bears,2018,1.0364927592246274,1.0019775373055133,0.690919269555197,0.9121349092086836,1.0878650907913163,0.0,71317834.0,74688195.0,5942500.0,12547902.0,14965357.0,0.0,24,26,3,22,22,0,0.4693552117243596,0.4915361503762896,0.0391086378993507,0.4560674546043418,0.5439325453956582,0.0,0.4528301886792453,0.490566037735849,0.0566037735849056,0.5,0.5,0.0,-0.0094339622641509,0.9811301132114716,0.9905660377358492,-0.0190481565092337,-0.0471698113207547,0.9056585660413584,0.9528301886792452,-0.0990906943113359,0.0566037735849056,56603.77358490566,0.0566037735849056,,-0.0523963950193685,0.9036694914977994,1.035468695771948,-0.1012895577543336,0.0132877571200177,1.029133251786828,0.9254226663287016,0.0287190754396832,0.0391086378993507,39108.637899350775,0.0391086378993507,,-0.085887553485803,0.9210485976051268,2.0898426280968296,-0.0822414799637009,0.1243578500159438,1.1363358779765929,1.948627668433311,0.127809908622543,0.690919269555197,690919.269555197,0.690919269555197,,12,4,0.75,421,283,138,0.833,0.833,-0.8322094867587045,-0.983795178254981,0.1643723443715715,5
411,denver-broncos,2017,1.255732374812165,0.823228777121504,0.4861582664496465,0.991232548082819,1.0391074387365342,0.0035102558107107,69223646.0,49163187.0,3350002.0,17887761.0,16777846.0,1667.0,24,26,3,38,34,1,0.5686335282168293,0.4038480793426246,0.027518392440546,0.5159840661253031,0.4839678481786598,4.808569603713289e-05,0.4528301886792453,0.490566037735849,0.0566037735849056,0.5205479452054794,0.4657534246575342,0.0136986301369863,0.0248126130783148,1.0532718784079371,0.9563194623933832,0.0519034324045321,-0.0677177565262341,0.8699089544797692,0.9733781338847248,-0.1393645145020623,0.0429051434479193,4.131773852206902,0.0703024037218919,1.4187244854393624,-0.0801197688360351,0.834450566110697,0.8878159275212845,-0.1809792991936024,0.0526494620915262,1.1020348563319484,1.0846175943421326,0.0971600988961399,0.0274703067445089,560.6193792124008,0.0275664781365831,6.3290785455035214,-0.2158786616150302,0.7922453003292697,1.862336215858038,-0.2328829977554781,0.2644998267293459,1.2668380496613767,2.246964922894984,0.2365248676236463,0.4826480106389358,138.45709132518175,0.4896685222603572,4.930562524641105,5,11,0.313,289,382,-93,0.333,0.333,0.30963521047479886,-2.093988298726118,-0.35734363915635187,5
412,buffalo-bills,2013,1.413467415531983,0.7784935498185956,0.3946280764839631,1.130562105668148,0.8696639585641501,0.8941939300716933,50356205.0,40941581.0,2008432.0,12169840.0,8260080.0,1415511.0,21,31,3,34,30,5,0.5396875586576663,0.4387872735341175,0.0215251678082161,0.5570885738074932,0.3781147645931087,0.064796661599398,0.3818181818181818,0.5636363636363636,0.0545454545454545,0.4927536231884058,0.4347826086956521,0.072463768115942,0.1288537549407114,1.2963606547341304,0.9984189723320158,0.2595626163823989,-0.1109354413702239,0.7748647376408132,0.8745718050065876,-0.2550641778934661,-0.0179183135704874,0.7527168852342564,0.1270092226613965,-0.2840477711407034,0.0606725089410087,1.1604574964132943,0.8169020381272263,0.1488165998314235,-0.0174010151498269,0.9687626263925728,1.0967761324651597,-0.031733811781731,-0.0432714937911818,0.3321905031279111,0.0863218294076142,-1.1020002138602694,-0.0911704087455544,0.8951649047742685,1.6481575083827458,-0.1107460420036713,0.282905309863835,1.2502330992807715,2.544029521200131,0.2233307208335016,-0.4995658535877302,0.4413222030372317,1.2888220065556564,-0.8179775171471245,6,10,0.375,339,388,-49,0.5,0.417,-2.9493075605351997,-4.622028026982413,-0.7687981039725365,5
413,buffalo-bills,2011,1.207537172927256,0.8119118469186377,0.7666117618492779,1.5682535646279934,0.6725517420174704,0.5062904225576732,40733671.0,27388101.0,2155000.0,22942438.0,13118607.0,1975112.0,24,24,2,15,20,4,0.5796178430050828,0.389717686520946,0.0306644704739711,0.6031744479338436,0.3448983292397284,0.051927222826428,0.48,0.48,0.04,0.3846153846153846,0.5128205128205128,0.1025641025641025,-0.0328205128205127,0.9359981748035592,0.9928205128205128,-0.0661396691714806,0.0953846153846153,1.2479967552084363,0.8646153846153846,0.221541753281779,-0.0625641025641025,0.389996197537074,0.1425641025641025,-0.9415932901234088,0.0448193572812176,1.129946200185463,0.7346160157606745,0.122172587092214,-0.0235566049287607,0.9609440254747494,1.1827922909389263,-0.0398373925590946,-0.0212627523524569,0.5905164630121894,0.0825916933003991,-0.5267251534504364,0.1393601049011673,1.2072091840457433,1.4844635889361082,0.1883124678277133,-0.3607163917007374,0.7699879854733257,2.775790737555249,-0.2613795394060223,0.2603213392916047,1.514170945216736,1.2729021844069512,0.4148693627362177,6,10,0.375,372,434,-62,0.167,0.333,1.0493611370384224,-1.4309420195235873,-2.10007362114505,5
414,baltimore-ravens,2021,1.1479598044729489,0.8395815702193264,1.161447562593841,1.2755736459624565,0.7954152675306688,0.0082507130987527,60333343.0,45823053.0,7043333.0,43157198.0,26403962.0,21068.0,26,27,3,53,52,4,0.5329813377910119,0.4047982570700323,0.0622204051389557,0.6202330572111028,0.3794641643265576,0.0003027784623395,0.4642857142857143,0.4821428571428571,0.0535714285714285,0.4862385321100917,0.4770642201834862,0.036697247706422,0.0050786369593708,1.0106434859313742,0.9592070773263436,0.01058931683717,-0.0219528178243774,0.9548497882738856,0.950524246395806,-0.0461990867944697,0.0168741808650065,1.4597816495214788,0.0902686762778506,0.3783055359059344,0.0253340927434747,1.0667599957124754,0.7842624213965901,0.0646284836537831,-0.0872517194200909,0.8593229146228686,1.1532143950021148,-0.1516086321662689,0.0619176266766162,204.82164752486145,0.0625231836012953,5.322155660153173,0.0441663026886576,1.0555247667058238,1.6349968377499953,0.0540392435297034,-0.1276138414895078,0.8999550187882428,2.4235334504354054,-0.1054096249207384,1.1531968494950882,140.7522957589734,1.1696982756925938,4.947002438779507,8,9,0.471,387,392,-5,0.167,0.417,0.4119437821764606,-1.469012435123428,0.7226686492894222,5
415,pittsburgh-steelers,2021,1.017885240489316,0.9977314986552114,0.8698605071289394,1.0034097262527033,1.24739460606403,0.0933537047817882,59615485.0,58435121.0,6113517.0,26238855.0,24984754.0,519398.0,25,25,3,47,36,10,0.4801345474006207,0.4706280654034016,0.0492373871959777,0.5070995390739468,0.4828624281538179,0.0100380327722352,0.4716981132075472,0.4716981132075472,0.0566037735849056,0.5053763440860215,0.3870967741935484,0.1075268817204301,0.0846013390139988,1.2185503111978595,0.8587948874010956,0.1976640026809812,-0.0336782308784743,0.9333582494890358,0.9770744572935688,-0.0689640559644175,-0.0509231081355244,0.5264101987247745,0.1641306553053357,-0.6416568581709442,-0.0122343627504163,0.9746608211825089,0.9534904935572196,-0.0256636193994288,-0.026964991673326,0.946823184762196,0.9872340864745676,-0.0546408313977287,0.0391993544237424,4.904594726710362,0.0592754199682129,1.5901927746434203,-0.2496631074088185,0.79985170206219,2.245126104719241,-0.2233279386469063,0.0144755142366126,1.0144253134413548,2.021294966742019,0.0143232409202959,0.7765068023471512,9.317800416831624,0.9632142119107276,2.231927743674746,9,7,0.559,343,398,-55,0.667,0.583,0.0957839778092297,-0.40991494141751045,0.5570717792330806,5
416,pittsburgh-steelers,2013,1.0778703659229243,0.9827943665176004,0.5001957741564282,1.4385295312640618,0.6808189169321298,0.184681909295529,48060021.0,45573609.0,2676324.0,19353350.0,9464756.0,331284.0,25,26,3,30,31,4,0.4990140582976501,0.4731972875825483,0.0277886541198015,0.6639367067372594,0.3246982526907081,0.0113650405720325,0.4629629629629629,0.4814814814814814,0.0555555555555555,0.4615384615384615,0.4769230769230769,0.0615384615384615,0.0045584045584045,1.0095558282312085,0.9584045584045584,0.0095125370166231,0.0014245014245014,1.0030842464038858,0.9245014245014244,0.0030816598707558,-0.0059829059829059,0.9027631078772748,0.1170940170940171,-0.1022770991503865,0.1484990348918402,1.4573402422742618,0.7978955402732564,0.3766151357265045,-0.1649226484396092,0.7515977074866232,1.1629507650349096,-0.2855520576753848,0.016423613547769,2.4448842975432226,0.0391536946918341,0.8940337850011998,0.3019754495854705,1.4435452636964703,1.66361328344973,0.3671030940434096,-0.3606591653411375,0.7492857068356977,2.516399897186986,-0.2886339893949566,0.3155138648608993,2.7084031547067333,0.6848776834519572,0.9963612186300088,8,8,0.5,379,370,9,0.667,0.5,-0.15697730346502348,-0.8760495889264114,-0.43287621307757507,5
417,pittsburgh-steelers,2011,1.3054713150441355,0.8153894544497887,0.4468278758819192,1.2002642008609796,0.9569465776740208,0.0006343056758722,61586398.0,47751505.0,2907500.0,5040951.0,7033336.0,333.0,29,36,4,8,14,1,0.5486763498011584,0.4254205849303245,0.025903065268517,0.4174832002994711,0.5824892211928823,2.757850764661745e-05,0.4202898550724637,0.5217391304347826,0.0579710144927536,0.3478260869565217,0.6086956521739131,0.0434782608695652,-0.0869565217391304,0.8571414489819051,1.1304347826086958,-0.1541504060182218,0.072463768115942,1.2083298593849876,0.7681159420289855,0.1892415039501755,0.0144927536231884,1.333302667371984,0.1014492753623188,0.2876763225674974,-0.1570686362625578,0.7303480289490616,1.0079098061232068,-0.3142317558525863,0.1311931495016873,1.3142445855617535,0.9661595501006296,0.273263863482125,0.0258754867608704,906.382712100187,0.0259306437761636,6.80950024111007,-0.1415571232242322,0.8520732728449905,1.7723360321238095,-0.1600815284518578,0.105207114183156,1.08765239057809,2.505735515905116,0.0840223694373023,0.446193570206047,703.3273790108613,0.4474621815577914,6.555824709900568,12,4,0.75,325,227,98,0.667,0.75,-1.191262898898356,-3.139828831786806,-0.23951704237287155,5
418,arizona-cardinals,2022,1.0919275162610047,0.8775527301366931,1.4886843130909315,0.9396788780379792,1.2050369556448606,0.1507746854257625,49466224.0,43067561.0,5620000.0,40405738.0,64770009.0,1496132.0,24,26,2,52,65,12,0.5039665459666176,0.4387763650683465,0.0572570889650358,0.3787852841703482,0.6071891636970227,0.014025552132629,0.4615384615384615,0.5,0.0384615384615384,0.4031007751937984,0.5038759689922481,0.0930232558139534,-0.003875968992248,0.9923057229624882,1.003875968992248,-0.0077220307093256,0.0584376863446631,1.1449675738008562,0.86463923673226,0.1353784834449288,-0.054561717352415,0.4134570937977802,0.1314847942754919,-0.8831755337280235,-0.1684127986286761,0.7226341783877913,1.0459655287653693,-0.3248498831439906,0.1251812617962693,1.3304772823822026,0.8827518301369659,0.2855397210499073,0.0432315368324067,4.082050130612094,0.0712826410976649,1.4066168101407122,-0.3274842255081674,0.7282365887529925,2.082589685781554,-0.3171281594986637,0.1522486382230253,1.1620207495992287,2.031606394298984,0.1501614308795333,1.3379096276651692,9.873503866934277,1.6394589985166943,2.289855463896785,4,13,0.235,340,449,-109,0.167,0.25,-0.514133689793784,-1.465904167016917,-1.142384337112669,5
419,new-york-jets,2022,1.1031246133976929,0.9608865592595992,0.4796113747693661,0.5760218258542105,1.3268467896324423,0.4547708642915862,78288882.0,70922000.0,4084569.0,11269455.0,37184239.0,721400.0,25,26,3,37,53,3,0.510705839535969,0.4626490840879551,0.0266450763760758,0.2291699737269439,0.7561599983926823,0.0146700278803737,0.4629629629629629,0.4814814814814814,0.0555555555555555,0.3978494623655914,0.5698924731182796,0.032258064516129,-0.0884109916367981,0.844862249162049,1.0513739545997611,-0.1685796067361799,0.0651135005973715,1.1636607387866718,0.8608124253285543,0.1515730053002705,0.0232974910394265,1.7221688349883375,0.0878136200716845,0.5436024469074735,-0.2935109143047272,0.6118393901184739,1.2188090824806377,-0.4912833038956037,0.281535865809025,2.2284926892376538,0.7398758132629131,0.8013273908960857,0.0119750484957021,1.816169704899852,0.0413151042564496,0.5967672553293585,-0.3659602303728434,0.7241874816144357,2.2877333488920417,-0.3227039269076727,0.5271027875434824,1.9150710074063804,1.679146439251903,0.6497556080462431,0.0248405104777798,1.0546197168913984,0.9343822390609524,0.0531823290438798,7,10,0.412,296,316,-20,0.333,0.417,-0.021444528177062296,-1.008134370348174,-0.4853486122585387,5
420,new-york-jets,2013,1.0975603739679134,0.9829102010251036,0.3733251990307593,1.3822066029373763,0.7985277465442565,0.0503902789419238,39333156.0,39627506.0,1672352.0,22501878.0,19759657.0,65627.0,24,27,3,25,38,2,0.487804610652406,0.4914551005125518,0.0207402888350421,0.5316179242066832,0.4668316056720268,0.0015504701212899,0.4444444444444444,0.5,0.0555555555555555,0.3846153846153846,0.5846153846153846,0.0307692307692307,-0.0846153846153846,0.8552616949471007,1.0846153846153848,-0.1563457809175468,0.0598290598290597,1.1555525511189226,0.829059829059829,0.1445808788119561,0.0247863247863247,1.805496876907056,0.0863247863247863,0.5908538318056424,0.024623494840525,1.052743734138021,0.9582867061845788,0.0514018709147026,-0.0438133135542772,0.917583231974558,1.019422534859089,-0.0860099371202766,0.0191898187137522,13.368152277272175,0.0222907589563321,2.592923396580486,0.1843824544808472,1.230901461317183,1.7814379475693602,0.2077478137139008,-0.2846462289694629,0.7940633314673213,2.4797669769052897,-0.2305911472513677,0.3229349200888354,7.408527960979477,0.4237154779726831,2.002634442461272,8,8,0.5,290,387,-97,0.5,0.417,-1.0615250917694967,-1.4493237827197971,-0.7007737682309052,5
421,new-york-jets,2012,1.2613788027811104,0.848943372858969,0.3134566969651981,1.209800531214151,0.9475044996746558,0.0213542845374848,58349344.0,43333239.0,2000000.0,14805384.0,15460585.0,37333.0,29,32,4,21,28,3,0.5627690043177261,0.4179413527921078,0.019289642890166,0.4885732914518688,0.5101947305940455,0.0012319779540856,0.4461538461538462,0.4923076923076923,0.0615384615384615,0.4038461538461538,0.5384615384615384,0.0576923076923076,-0.0461538461538461,0.914284016329684,1.0307692307692309,-0.0896119845828828,0.0423076923076923,1.1047591691677716,0.8500000000000001,0.0996296061382293,0.0038461538461538,1.0666481780982462,0.1192307692307692,0.0645374378224286,-0.0922533778019377,0.8191784598147822,0.9281360833861534,-0.1994509265366614,0.0741957128658573,1.1518596335582396,1.051342295769595,0.1413794859067237,0.0180576649360803,15.644758956351826,0.0205216208442517,2.750187809877512,-0.0985611268156867,0.8959772509504905,1.7964478725336248,-0.1098390779595372,0.051578271566959,1.0426328370697269,2.471179333995262,0.0417498810059349,0.2921024124277133,14.678179371245978,0.3348109815026829,2.686365184691069,6,10,0.375,281,375,-94,0.333,0.333,0.07905071064857133,-2.1594085030420236,-0.13441903752800605,5
422,new-york-giants,2017,1.25271812001197,0.8183059239303944,0.6135017245306891,1.0214463697906346,0.9943886423295714,0.3461522062922004,58235404.0,42795879.0,3565000.0,30984020.0,31599611.0,250000.0,24,27,3,42,44,1,0.556763608894209,0.4091529619651972,0.0340834291405938,0.4931120405885822,0.5029091984195534,0.0039787609918643,0.4444444444444444,0.5,0.0555555555555555,0.4827586206896552,0.5057471264367817,0.0114942528735632,-0.0057471264367816,0.9886344088365095,1.0057471264367817,-0.0114286730963953,-0.0383141762452107,0.9206330136093924,0.9272030651340996,-0.0826915372740707,0.0440613026819923,4.832912869913651,0.0670498084291187,1.5754673643807016,-0.0937562364543562,0.8135706200649779,0.9120621603847504,-0.2063201018603233,0.0636515683056266,1.12907906112086,1.0498756494827912,0.1214041063734743,0.0301046681487294,8.564189962731154,0.0380621901324582,2.147618891364493,-0.176082718399177,0.8229228152591542,1.8126945662599656,-0.1948916452852899,0.2312717502213355,1.226414749365637,2.2741644898026045,0.2040958733208541,0.2673495182384887,1.772341591465168,0.9596539308228896,0.5723032352979566,3,13,0.188,246,388,-142,0.167,0.083,-0.16592818432624643,-2.3499497865128105,-0.19641706394650454,5
423,new-york-giants,2011,0.9973603943149828,1.0381852863083108,0.592749610127644,1.2727077990501263,0.6850422095900927,0.0359187778788367,53132769.0,64843451.0,3266667.0,3684742.0,850000.0,14856.0,29,34,3,7,3,1,0.438234112653553,0.5348227232497359,0.026943164096711,0.8099049630318986,0.1868296935245707,0.0032653434435306,0.4393939393939394,0.5151515151515151,0.0454545454545454,0.6363636363636364,0.2727272727272727,0.0909090909090909,0.2424242424242424,1.8888819629883584,0.7878787878787878,0.6359870412346389,-0.1969696969696969,0.6904751054438819,1.0757575757575757,-0.3703730838647519,-0.0454545454545454,0.4999945000604993,0.1363636363636363,-0.6931361807414421,0.3479930297251651,2.862606315698333,0.7216524167743066,1.051734378822664,-0.3716708503783456,0.5410925868640541,1.2481390756854518,-0.6141625926664257,0.0236778206531804,8.248723553573418,0.0302085075402417,2.1100955820740674,0.3531430767182181,1.515503360626736,1.7232274958984033,0.415748598235617,-0.2753474047351438,0.7836516845482271,2.270068193365109,-0.2437896346201774,0.5568308322488073,16.502039966034438,0.6286683880064808,2.803485694621125,9,7,0.563,394,400,-6,0.5,0.417,-2.1265919947365237,-1.2761515024990175,-1.5439480222353903,5
424,new-orleans-saints,2021,1.1881479265599155,0.8917838746456807,0.3699736984048027,0.7488396212025407,1.1944344738313477,1.1308867527035888,59231672.0,46235593.0,2213276.0,24838307.0,47204747.0,5586663.0,25,26,3,47,56,7,0.5500684845184796,0.4293774211256981,0.0205540943558223,0.3199587472410855,0.6080757321323225,0.071965520626592,0.4629629629629629,0.4814814814814814,0.0555555555555555,0.4272727272727272,0.509090909090909,0.0636363636363636,-0.0276094276094275,0.9457653380138532,0.9905723905723904,-0.0557587208483903,0.0356902356902357,1.0835278029333535,0.8902356902356903,0.0802243619611581,-0.008080808080808,0.8730021544105895,0.1191919191919191,-0.1357992554833059,-0.1786983110066243,0.7061237479355846,1.037453153258021,-0.3479624475360082,0.230109737277394,1.7191802695856304,0.8700272317595651,0.5418494077250506,-0.0514114262707696,0.2856063371810076,0.0925196149824143,-1.2530922088301224,-0.302650599185667,0.7466153628082877,2.0862183484770283,-0.2922040143391529,0.4393083053573751,1.5866499398121654,1.9369875477624563,0.4616256790301484,-0.7609130542987861,0.3271533337595306,1.5008604511083916,-1.1173236045183037,9,8,0.529,364,335,29,0.667,0.583,0.42411966752230096,-1.4392605854207612,-0.7527946933206504,5
425,new-england-patriots,2024,1.10232681940555,0.9638572347754336,0.4946227433685094,1.0332809011799782,1.0340093960349188,0.0917631113126272,64899487.0,61476015.0,3640114.0,50537656.0,48734258.0,326409.0,24,26,3,55,53,4,0.4991668616176075,0.4728356246068164,0.027997513775576,0.507414728258025,0.489308017766524,0.0032772539754509,0.4528301886792453,0.490566037735849,0.0566037735849056,0.4910714285714285,0.4732142857142857,0.0357142857142857,0.0173517520215633,1.0366656626388846,0.9637803234501348,0.0360115074664793,-0.0382412398921832,0.9221250518921758,0.9439016172506738,-0.0810722251722204,0.0208894878706199,1.5848612842613992,0.0923180592991913,0.4605145521937975,-0.0164723931597076,0.9663333546663392,0.9621436423733404,-0.034244301754721,-0.0082478666404174,0.9837433761292024,1.0065815898756325,-0.0163882092237902,0.024720259800125,8.540373621212352,0.0312747677510269,2.144840473219323,-0.070152161259485,0.9321542979369466,1.9978666308103523,-0.070255884775535,0.0690459182255718,1.0668209886834603,2.1356077205855284,0.0646840947351886,0.4028596320558822,5.390154563622377,0.5863858546811367,1.6845760822473044,4,13,0.235,289,417,-128,0.333,0.25,-0.5258808538829054,-1.2709838279414842,-0.3014415229330006,5
426,new-england-patriots,2019,1.1179523853879576,0.9835407180832731,0.1990280268413065,0.8752669049968792,1.0676097040021937,1.0923084081648773,79294779.0,75574579.0,1764597.0,12100996.0,23330686.0,2922910.0,24,26,3,31,49,6,0.5062425896096412,0.482491673021983,0.0112657373683758,0.3155031866849216,0.6082892499547381,0.0762075633603402,0.4528301886792453,0.490566037735849,0.0566037735849056,0.3604651162790697,0.5697674418604651,0.0697674418604651,-0.079201404124616,0.8609919428566516,1.0603334795963142,-0.1496680940287986,0.0923650724001755,1.2562351029095564,0.813295304958315,0.2281214427053799,-0.0131636682755594,0.8113091259528425,0.1263712154453707,-0.2090884645785585,-0.1257975769327551,0.7931931722691337,1.0907809229767211,-0.231686417631202,0.1907394029247195,1.6045510993969807,0.8217457762945628,0.472846003948131,-0.0649418259919644,0.147827709533213,0.0874733007287161,-1.911619047334589,-0.0840689859189203,0.921254081095512,2.051150422085467,-0.0820183887997737,0.2426854803910784,1.2772687985079765,1.993219290384837,0.2447249415675036,-0.8932803813235708,0.1822084707442751,1.2913364350061838,-1.7025987793701545,12,4,0.75,420,225,195,0.833,0.667,-0.520682367197274,-1.2538419497067548,-0.9830260260761587,5
427,new-england-patriots,2014,0.9809148610641818,1.0404235029385445,0.8087057989977645,0.7300067944183734,1.3987992833845206,0.0800248698046676,49937916.0,55086172.0,4940500.0,8697207.0,15554107.0,105934.0,25,26,3,45,42,5,0.4541272504926767,0.500944649563003,0.0449280999443202,0.3570685407481173,0.6385822815451072,0.0043491777067754,0.4629629629629629,0.4814814814814814,0.0555555555555555,0.4891304347826087,0.4565217391304347,0.0543478260869565,0.0249597423510467,1.0546714111077733,0.9380032206119162,0.0532313366700084,-0.0261674718196457,0.9465001225462516,0.9520933977455716,-0.0549820188620404,0.001207729468599,1.0222034136794105,0.109903381642512,0.021978506726055,-0.1376376319821042,0.7844625188917008,1.1395269311081102,-0.2427544887899037,0.0970587097445594,1.271817387563241,0.8111957912407941,0.2404490933988438,0.0405789222375448,10.327876921980597,0.0492772776510956,2.3348689940841347,-0.3583757804459762,0.7437970347140251,2.4392227863230653,-0.2959861230236218,0.2509080666458084,1.343704640641154,1.7109216554825553,0.2954314759781128,0.7286809291930969,10.10555462841837,0.8887306688024321,2.313086472425472,12,4,0.75,468,313,155,0.667,0.75,-0.6162481650907078,-0.4461146898312978,0.2850868216193755,5
428,minnesota-vikings,2023,1.191505535674673,0.86510868068236,0.5920500422496117,0.76572299447393,1.235191580497108,0.0135049294596674,67110417.0,50756692.0,4168332.0,33072829.0,57617941.0,11666.0,24,25,3,50,54,1,0.5499256318498492,0.4159176349434423,0.0341567332067083,0.3646299973685381,0.6352413842556555,0.0001286183758063,0.4615384615384615,0.4807692307692308,0.0576923076923076,0.4761904761904761,0.5142857142857142,0.0095238095238095,-0.0335164835164834,0.9348272421094224,0.9950549450549452,-0.0673914545646948,-0.0146520146520146,0.9692287338504284,0.9377289377289376,-0.0312524768375798,0.0481684981684981,6.057056316779046,0.0672161172161172,1.8012412589394329,-0.2193237493122131,0.6547384829033305,1.0511590191990978,-0.4235169814971807,0.1852956344813111,1.5081702757542332,0.9145556292183874,0.4108989965937819,0.034028114830902,263.5176763650923,0.0342853515825147,5.574149725086862,-0.3700828998147478,0.7003836440907003,2.100300261179468,-0.3561258751602215,0.4257825412007433,1.5560509325468703,1.9572285301486037,0.4421519974937301,0.5785451127899442,43.83630493685328,0.6055549717092791,3.7804640429330343,7,10,0.412,344,362,-18,0.333,0.5,0.4936448691773196,-1.5406478304628084,0.036991349401934194,5
429,minnesota-vikings,2019,1.1199213091664006,0.9733018786868656,0.3030876406670461,0.918272799601662,1.1056044934050135,0.5340998877854349,89480117.0,84527645.0,3158644.0,5575269.0,7971270.0,304010.0,23,25,3,32,38,3,0.5050625511926906,0.4771087640621891,0.0178286847451203,0.4025305422911395,0.5755201472519248,0.0219493104569356,0.4509803921568627,0.4901960784313725,0.0588235294117647,0.4383561643835616,0.5205479452054794,0.0410958904109589,-0.0303518667741068,0.9416906574229528,1.010744023636852,-0.0600764074869869,0.0126242277733011,1.0287966726654338,0.8893365565404243,0.0283920576949365,0.0177276390008058,1.4313377198017594,0.0999194198227236,0.3586264752422844,-0.0984113831897356,0.8290030111670991,1.0526289113141138,-0.1875293956090719,0.1025320089015511,1.2547154648253462,0.90759309348383,0.2269108055747095,-0.0041206257118153,0.8122292748477732,0.039777995202056,-0.2079165326749762,-0.1323026147181479,0.8803337940093958,2.078906372091879,-0.1274531046260092,0.2016485095647385,1.2195941010755302,2.038194108768063,0.198518992269928,-0.2310122471183888,0.567472639717472,0.837187528452481,-0.5665594433701358,10,6,0.625,407,303,104,0.333,0.583,-0.5118426132451194,-1.316064929092443,-0.4683953195320831,5
430,minnesota-vikings,2016,1.105033063613989,0.99183021149315,0.2682746088544059,0.7782584032596127,1.1344722813362127,3.167459652184565,57126578.0,60191643.0,1808989.0,13710299.0,22564377.0,1800000.0,23,27,3,31,35,1,0.4795426502475798,0.5052719945342462,0.0151853552181739,0.3600897089708655,0.5926347738323499,0.0472755171967845,0.4339622641509434,0.5094339622641509,0.0566037735849056,0.4626865671641791,0.5223880597014925,0.0149253731343283,-0.0129540974373415,0.975200289522249,1.0318220219656435,-0.0251104409690859,-0.0287243030132356,0.937916414764949,0.8966488313151225,-0.0640921396599682,0.0416784004505773,3.792198752872237,0.071529146719234,1.3329636632619666,-0.0873627792981036,0.8525843643674168,1.0979067683665962,-0.1594811344559007,0.1194529412767143,1.331727362858393,0.8396323592184454,0.2864789539472008,-0.0320901619786106,0.3212029167666084,0.0624608724149584,-1.1356163653553155,-0.1426420698430627,0.8742649366981531,2.1263024928293626,-0.134370809791431,0.3267746603543759,1.419877561370589,1.8832914668736012,0.3505715484586123,-2.899185043330159,0.0846970612466423,3.435734261038971,-2.468670646434631,8,8,0.5,327,307,20,0.333,0.417,-1.5734015398144172,-1.7234644561331938,-0.7982097784817379,5
431,minnesota-vikings,2011,1.168814023404658,0.8584292588323096,1.0133858249571268,1.8000645206471222,0.5674419700372911,1.3903092356697735,56058833.0,49406535.0,3888333.0,6991501.0,4407921.0,900000.0,25,30,2,6,12,1,0.5126377295634466,0.4518048730696367,0.0355573973669167,0.5684414275727754,0.3583844021288155,0.0731741702984091,0.4385964912280701,0.5263157894736842,0.0350877192982456,0.3157894736842105,0.631578947368421,0.0526315789473684,-0.1052631578947368,0.833332013890978,1.1578947368421053,-0.1823212401278394,0.1228070175438596,1.3888844907546682,0.7543859649122806,0.3285031803077841,-0.0175438596491228,0.6666540002406621,0.087719298245614,-0.4054556083337839,0.0934204709408211,1.260667623139525,0.8101892751984522,0.2316436536143054,-0.0558036980093288,0.901828759954438,1.081079157136222,-0.1033286710888164,-0.0376167729314924,0.4859216209803583,0.1087315676653258,-0.7216798186428973,0.2909872887950184,1.5128027029322355,1.4258712288696007,0.4139651899864375,-0.6312504972424642,0.6493174887236718,2.96887854405178,-0.431832629527326,-0.3769234107126469,0.7288918681296583,2.4036950606269007,-0.3162289002250666,3,13,0.188,340,449,-109,0.0,0.25,-1.5237619373518643,-2.4240497309496885,-2.3868279954050413,5
432,baltimore-ravens,2019,1.1632744599309,0.8202220807673558,1.25187962056905,0.9936164848585074,1.0684458976403155,0.0015047493353908,73495299.0,56139809.0,9886668.0,27073131.0,23431620.0,2000.0,24,26,3,41,33,2,0.5267657931762566,0.4023730962254953,0.0708611105982481,0.5360299457789316,0.4639304555543476,3.9598666720811246e-05,0.4528301886792453,0.490566037735849,0.0566037735849056,0.5394736842105263,0.4342105263157895,0.0263157894736842,0.0563555114200595,1.1297858486121222,0.9247765640516384,0.1220301387210207,-0.086643495531281,0.8393909889245728,0.9923038728897716,-0.1750764549480767,0.0302879841112214,2.150861663483203,0.0829195630585898,0.7658862020749683,-0.0615573593288523,0.8673115207174371,0.8663035517798429,-0.1423545726990324,-0.0092641526026749,0.9827152654606324,1.062795738955188,-0.017433961157005,0.0708215119315273,1745.4048697102676,0.0709007092649689,7.464755936764106,-0.2482238168729599,0.7676769735387236,1.888667978407672,-0.2643850225047496,0.1696579750723925,1.1707467689103237,2.156890944789408,0.1576426688737184,1.250374871233659,831.399749709414,1.253384369904441,6.723111524569889,14,2,0.875,531,282,249,0.833,0.833,0.012280432796202133,-1.858539465619588,1.420627214843055,5
433,los-angeles-chargers,2024,1.2878439318474215,0.8064749084149719,0.5349223467683537,0.9924061427248886,1.0041136348106912,1.2673508082942193,102532876.0,75374890.0,5555000.0,40718891.0,34860908.0,800000.0,23,27,3,65,55,1,0.5588756685375603,0.4108457080604573,0.0302786234019822,0.5331107378274196,0.4564152885503142,0.0104739736222662,0.4339622641509434,0.5094339622641509,0.0566037735849056,0.5371900826446281,0.4545454545454545,0.0082644628099173,0.0548885077186964,1.1207522513261792,0.9639794168096054,0.114002075779934,-0.1032278184936846,0.8078359417556185,0.9711523467955716,-0.213393979113426,0.0483393107749883,6.848227968189435,0.064868236394823,1.9240075945432515,-0.0455695804898568,0.9001556657090399,0.8672609966107716,-0.1051851347142755,0.0257649307101407,1.0483274497296495,1.0919864063649798,0.0471977784331262,0.019804649779716,2.8905679855479645,0.0407525970242485,1.0614860436607658,-0.1976387263957192,0.8031701565300053,1.8105885432256632,-0.2191874464861845,0.2954377891225329,1.2976971611785677,2.28025007457231,0.2605920556708307,-0.7324284615258656,0.4220788128975234,1.802273155062573,-0.862561352534538,11,6,0.647,402,301,101,0.667,0.667,-0.5443050665870012,-2.7580218423902028,-0.22839828025858683,5
434,los-angeles-rams,2012,1.120405945880156,0.972721655242253,0.2421222204850904,0.2899791133898045,1.6559421267661103,1.3174755504274167,49412224.0,46330964.0,1281371.0,3169470.0,19104962.0,800000.0,25,27,3,18,19,1,0.5092754299455254,0.4775179034825605,0.013206666571914,0.1373585273951705,0.8279710633830554,0.0346704092217741,0.4545454545454545,0.4909090909090909,0.0545454545454545,0.4736842105263157,0.5,0.0263157894736842,-0.009090909090909,0.9818162181857454,0.990909090909091,-0.0183491016312344,-0.0191387559808612,0.959593933786544,0.9282296650717704,-0.0412428696453518,0.0282296650717703,2.0726485120838136,0.0808612440191387,0.728845597049286,-0.3504531599004948,0.5767319026821323,1.305488966865616,-0.5503756663581845,0.3719169025503549,3.707609072360795,0.646633957340696,1.310389177551842,-0.0214637426498601,0.3809094256145797,0.0478770757936881,-0.9651179436953008,-0.6832204715238576,0.5874124778318203,2.628663782008364,-0.5320269899220301,0.8304268324903517,3.863733732575156,1.4103850592699605,1.3516348967200889,-1.075353329942326,0.1837772523590959,1.5595977709125073,-1.6940267095910333,7,8,0.469,299,348,-49,0.75,0.542,-0.467053865882477,-1.267772690878502,-1.1360606236641024,5
435,los-angeles-rams,2013,1.4151757900540065,0.6838649510382602,0.4184307705696952,0.9145797510838786,1.0742784773183662,0.0,44680849.0,23390714.0,1651371.0,23230378.0,31379745.0,0.0,24,26,3,20,23,0,0.6408343200244556,0.3354809193772597,0.0236847605982846,0.4253859307366878,0.5746140692633123,0.0,0.4528301886792453,0.490566037735849,0.0566037735849056,0.4651162790697674,0.5348837209302325,0.0,-0.0443176831943834,0.917143486324852,1.0254497586660816,-0.086489306870236,-0.0122860903905221,0.9735828124573308,0.9179464677490128,-0.0267701827313985,0.0566037735849056,56603.77358490566,0.0566037735849056,,-0.2391331498860525,0.5838359230769296,0.910094988640572,-0.538132308473158,0.2154483892877678,1.506473926960226,1.0662202507611434,0.409773332873582,0.0236847605982846,23684.760598284636,0.0236847605982846,,-0.390413526280106,0.6365801129751961,1.7581434283566264,-0.4516435417819174,0.5005960389701277,1.547349196204783,2.3297555411378847,0.4365439775053602,0.4184307705696952,418430.7705696953,0.4184307705696952,,7,9,0.438,348,364,-16,0.167,0.333,1.16205961991531,-2.929196670534065,-0.550585919950782,5
436,los-angeles-rams,2015,1.1120382517579102,0.9332527543111656,0.7417652810555336,1.1119897855133478,0.8986652616902473,0.1364940170063846,45366548.0,44694205.0,3947080.0,26891389.0,19710904.0,76764.0,23,27,3,43,39,1,0.4825826375553194,0.4754306484226692,0.0419867140220113,0.5760910936996864,0.422264400071321,0.0016445062289925,0.4339622641509434,0.5094339622641509,0.0566037735849056,0.5180722891566265,0.4698795180722891,0.0120481927710843,0.0395544441918617,1.0841776636199605,0.97931348033644,0.0808237488773316,-0.0841100250056831,0.8376464744156029,0.95203455330757,-0.1771568314054608,0.0445555808138213,4.697723296513559,0.06865196635599,1.5470956528675082,0.0531662483513481,1.125904818018167,0.8976950484939903,0.118589098431183,-0.0935084561443669,0.8376831462069797,1.058673731255006,-0.1771132849703514,0.0403422077930187,25.515986073001063,0.0436312202510039,3.2393289773395155,0.0345874926209182,1.0384864705567856,1.8319180160014128,0.0377654078994619,4.846624456233961e-05,1.000042685825441,2.2240280372712578,4.358416366489854e-05,0.605271264049149,5.434376267529509,0.8782592980619183,1.692746099937852,7,9,0.438,280,330,-50,0.667,0.5,-1.4083685955619785,-1.9218190146864318,0.28601780119531073,5
437,los-angeles-rams,2017,1.129760064869378,0.9538722785624404,0.3030638047348449,1.0331785895745995,0.83248778579026,5.164342363689359,73041722.0,61670151.0,2351257.0,10078025.0,8120409.0,1625000.0,25,25,3,31,31,1,0.5329056909761217,0.449939754038887,0.0171545549849912,0.5083894647113109,0.4096368469761596,0.0819736883125295,0.4716981132075472,0.4716981132075472,0.0566037735849056,0.492063492063492,0.492063492063492,0.0158730158730158,-0.0203653788559448,0.9586103464394724,0.9637616052710392,-0.0422684790357812,-0.0203653788559448,0.9586103464394724,0.9637616052710392,-0.0422684790357812,0.0407307577118897,3.5658130896244105,0.0724767894579215,1.2714097700025502,0.0403029070627273,1.098384237101688,0.8595766010150467,0.0938424471045334,0.0245162262648108,1.048221255051925,1.0412951556874326,0.0470965613515281,-0.0648191333275382,0.2092664862547482,0.0991282432975207,-1.5640884935013826,0.1213844927721805,1.1458079614333234,1.7863600643527004,0.1361110796881601,0.0965814752947784,1.0934788842804612,2.1629386544439777,0.0893651358770611,-4.861278558954514,0.0586838990733449,5.467406168424204,-2.835586581909035,11,5,0.688,478,329,149,0.667,0.583,0.5785713768418754,-0.8431456571466199,-0.770446073939825,5
438,san-francisco-49ers,2012,1.1736470861031287,0.8526150960155241,0.977661687657193,1.0424265723868664,0.959501908176173,0.0,67282643.0,56699147.0,6725667.0,4026605.0,3882780.0,0.0,25,29,3,21,22,0,0.514757493904881,0.433786627797372,0.051455878297747,0.5090920469796324,0.4909079530203675,0.0,0.4385964912280701,0.5087719298245614,0.0526315789473684,0.4883720930232558,0.5116279069767442,0.0,-0.0028559771521827,0.9944159192078006,1.0203998368013056,-0.0055977645410641,-0.0497756017951856,0.8980766907385389,0.926968584251326,-0.1074975326157604,0.0526315789473684,52631.57894736842,0.0526315789473684,,-0.0571213252229955,0.8836396751952789,0.9246945808177396,-0.1237036014058882,0.0056654469252486,1.0111265454495104,1.0238495408845134,0.0110670434608227,0.051455878297747,51455.87829774701,0.051455878297747,,-0.1068868121606488,0.8886008460737012,1.812117004191697,-0.1181059634769302,0.1312205137162623,1.1258787825573402,2.216073658489995,0.1185647228207734,0.977661687657193,977661.687657193,0.977661687657193,,11,4,0.719,397,273,124,0.583,0.625,-0.9074070622274136,-2.242723923763286,0.20790038965252222,5
439,los-angeles-rams,2021,0.9900372561059356,1.033118397007495,0.795996758385579,0.4195390300116103,1.810348233833268,0.0369321984584923,55834929.0,60595150.0,5387000.0,13093892.0,49177065.0,149419.0,25,26,3,54,47,7,0.4583505815305257,0.497427376336942,0.0442220421325321,0.2097695150058051,0.7878367313904037,0.0023937536037911,0.4629629629629629,0.4814814814814814,0.0555555555555555,0.5,0.4351851851851852,0.0648148148148148,0.0462962962962962,1.1063804364024017,0.9166666666666666,0.1010958959225885,-0.037037037037037,0.9259240740777778,0.962962962962963,-0.0769608811364612,-0.0092592592592592,0.8571296328570931,0.1203703703703703,-0.1541481084416657,-0.2904093550534616,0.6313830329743979,1.2852641077273457,-0.4598405649485682,0.2485810665247206,2.1850095639887304,0.668120096536331,0.7816223873832189,0.0418282885287409,18.46621801195896,0.0466157957363233,2.9159656223104493,-0.7772298368257728,0.5706735350835874,2.843466630840763,-0.5609370073008723,0.5704982260943254,2.359815953863896,1.409576286117546,0.8585846404080771,0.7590645599270867,21.552337506868398,0.8329289568440714,3.070485535949368,12,5,0.706,460,372,88,0.5,0.667,-0.5686939473236322,-0.49205347324646304,0.2542632155838888,5
440,miami-dolphins,2012,1.1989834501734669,0.8612903651957147,0.8406337568199254,0.5593388844115608,1.2333577764643742,4.186581239283503,44272961.0,42812409.0,2387750.0,8031197.0,21925444.0,2862500.0,26,35,2,21,26,1,0.4948185667382561,0.4784946473309526,0.0266867859307912,0.2447107619300578,0.6680687955848692,0.0872204424850729,0.4126984126984127,0.5555555555555556,0.0317460317460317,0.4375,0.5416666666666666,0.0208333333333333,0.0138888888888889,1.025639132153397,1.0972222222222223,0.0253177618305278,-0.0248015873015873,0.9433085014626542,0.8501984126984127,-0.0583594778232687,0.0109126984126984,1.5237363844630696,0.052579365079365,0.421196965732152,-0.1895741482539166,0.7162345169520036,1.1465634429158218,-0.3337455381224187,0.2501078048081983,2.02204652050882,0.739529328668314,0.7041121484498163,-0.0605336565542816,0.3059658860303582,0.1139072284158642,-1.184244195778864,-0.3720674112686595,0.6983291331211388,2.094648141660089,-0.3590635888878066,0.6396445657619061,2.143568666544898,1.7583223345850276,0.7624728753594995,-3.3459474824635773,0.2007923668457047,5.027214996103428,-1.6054827160257334,7,9,0.438,288,317,-29,0.333,0.417,-2.9079139367858846,-3.2639330202429053,-3.0921481230728656,5
441,miami-dolphins,2017,1.1623416563156268,0.9193577951552118,0.3191712377430126,0.8882054844652342,1.1462674931681358,0.0002836486322647,56184090.0,44438983.0,1851333.0,30330336.0,39142607.0,334.0,25,25,3,29,29,1,0.5482743661866164,0.433659337337364,0.0180662964760195,0.4365755771100303,0.5634196152860329,4.80760393669065e-06,0.4716981132075472,0.4716981132075472,0.0566037735849056,0.4915254237288136,0.4915254237288136,0.0169491525423728,-0.0198273105212664,0.959659726183498,0.9632235369363608,-0.0411743892476119,-0.0198273105212664,0.959659726183498,0.9632235369363608,-0.0411743892476119,0.0396546210425327,3.339425615398125,0.0735529261272785,1.2058164872727517,-0.1297602779486689,0.7696902200094458,0.997078952623397,-0.2617648508046681,0.111698789076586,1.2558492482944976,0.9848499432966468,0.2278138595018507,0.0180614888720828,3110.8003701633816,0.0180711040799562,8.042690675969595,-0.226909698012924,0.8020440242706379,2.065625288323348,-0.2205906918014515,0.2741361718503926,1.3086390120372091,2.050547140780861,0.2689885353822728,0.3188875891107479,1121.2814732450752,0.3194548863752774,7.022230615872336,6,10,0.375,281,393,-112,0.333,0.417,0.7682939994451405,-1.0313853627948795,-0.741581196950911,5
442,miami-dolphins,2018,1.1683361327647546,0.922669639973536,0.2416185605142481,0.7981778918205136,1.2815103525115124,0.0221074272956315,68064415.0,53752484.0,1689133.0,20305178.0,26433140.0,15200.0,25,25,3,37,30,1,0.5511019494173369,0.4352215282894037,0.0136765222932593,0.43430267643175,0.5653722143433142,0.0003251092249357,0.4716981132075472,0.4716981132075472,0.0566037735849056,0.5441176470588235,0.4411764705882353,0.0147058823529411,0.0305216426193118,1.0691799664625163,0.9128745837957823,0.0668940881636853,-0.0724195338512763,0.8669030472623241,1.0158157602663709,-0.142826013990435,0.0418978912319644,3.848794885721356,0.0713096559378468,1.3477777491146028,-0.1301506860539105,0.7697950968457485,1.0005937426327178,-0.2616286098621391,0.1167992729855869,1.2689322686494493,0.985404625849087,0.2381776280537664,0.0133514130683235,41.93847106273534,0.014001631518195,3.736276684792138,-0.3588407125379764,0.7199855375180901,2.2041799924850483,-0.3285230701432594,0.370158240944241,1.4637522299042185,1.966514024585268,0.3810040152650921,0.2195111332186166,10.928799108292532,0.2637259878098796,2.391405563745026,7,9,0.438,319,433,-114,0.667,0.5,0.7813709671857397,-1.0384346174166839,-0.9209129056445088,5
443,miami-dolphins,2020,1.2911923231149611,0.8001785407067843,0.4022473956215119,1.3535659385894678,0.684884828080516,0.1118778473105652,91506874.0,61434424.0,3563412.0,30894999.0,15221044.0,134400.0,24,26,3,38,37,2,0.584690863297341,0.3925404161957809,0.022768720506878,0.667993580083114,0.3291005018049232,0.0029059181119627,0.4528301886792453,0.490566037735849,0.0566037735849056,0.4935064935064935,0.4805194805194805,0.0259740259740259,0.0100465572163685,1.0209055755657044,0.9710855182553296,0.0206920910593647,-0.0406763048272482,0.9175751019741852,0.9463366821857389,-0.0860186390597196,0.0306297476108796,2.1791613853055334,0.0825777995589316,0.7789577836614452,0.0634399143908577,1.1927639772013603,0.7216409180007042,0.1762758313174254,-0.083302716785773,0.8752928253169238,1.252684443380455,-0.1331950808007608,0.0198628023949153,7.832597833829153,0.0256746386188407,2.0583381534587235,0.1152937126262683,1.1683385871034762,1.4850633687873005,0.1555839783361847,-0.0623736154745064,0.9539183370277158,2.644758261704429,-0.0471764373200067,0.2903695483109467,3.5953838039188124,0.5141252429320772,1.2796532319817924,10,6,0.625,404,338,66,0.5,0.583,0.48054737238367023,-2.256150715330361,-0.5582058057196506,5
444,miami-dolphins,2022,1.027335634060996,1.020464112339959,0.6062497944727349,1.1123603221503595,0.927015709113542,0.0088330765355947,66779000.0,77868395.0,5140112.0,29382278.0,29383824.0,5833.0,23,27,3,40,48,1,0.4458248978000548,0.5198590760977149,0.0343160261022302,0.4999372234383639,0.4999635285106744,9.92480509617388e-05,0.4339622641509434,0.5094339622641509,0.0566037735849056,0.449438202247191,0.5393258426966292,0.0112359550561797,-0.0298918804324782,0.9445737203010068,1.0487598049607805,-0.0570195799274551,-0.0154759380962475,0.9655638893561952,0.8834004663981344,-0.0350407026571221,0.0453678185287258,5.037287530466393,0.0678397286410854,1.6168854153190058,0.0198955475870404,1.0397919181312796,1.0198226046083891,0.0390225380113231,-0.054112325638309,0.891759975330271,0.9457621212384189,-0.114556025534281,0.0342167780512685,342.3111549104083,0.034415274153192,5.835749273594959,0.0934484032264169,1.1008044432292658,1.947479821453501,0.0960422044983806,-0.0850246880893634,0.9235628869898173,2.139695956211356,-0.0795154119085784,0.5974167179371401,68.62627825670283,0.6150828710083296,4.228677175831435,9,8,0.529,397,399,-2,0.5,0.583,-1.8884294506868113,-1.4383724940503029,-0.00544182540107649,5
445,miami-dolphins,2023,1.118321700060423,0.9565185765685568,0.4841997770864134,1.0900461914015307,0.928106629702262,0.0030306675262657,83871915.0,84213001.0,4736612.0,28179940.0,22972470.0,1667.0,23,27,3,47,45,1,0.4853094170073534,0.4872830484405854,0.0274075345520611,0.5508835590953972,0.4490838530817397,3.258782286307306e-05,0.4339622641509434,0.5094339622641509,0.0566037735849056,0.5053763440860215,0.4838709677419355,0.010752688172043,0.0255629945222154,1.0528280128346854,0.9933049300060864,0.0514818521316487,-0.071414079935078,0.8586895895299129,0.9393386082369648,-0.1523454805560503,0.0458510854128626,5.2636614228838985,0.0673564617569486,1.6608445391040887,0.0381991953588457,1.085057857321884,0.9363669015223252,0.0816353624845722,-0.0655741420880438,0.8809639133909939,1.0361929761027506,-0.1267365543095881,0.027374946729198,815.9961621743984,0.0274401223749242,6.704446137387013,0.0284119468662946,1.0306116941150554,1.8846252062708184,0.0301535492049847,0.0282755086588923,1.025938793184301,2.208367891461954,0.0256089833999946,0.4811691095601476,159.71400982838583,0.4872304446126791,5.07338684254788,11,6,0.647,496,391,105,0.667,0.583,-1.4453109517409255,-1.8659998357449519,-0.3060723330190278,5
446,miami-dolphins,2011,1.1008193519914409,0.9393160865962566,0.6322520647868388,0.3375983855245348,1.5065424110694734,0.0,58676077.0,51794069.0,3486250.0,2759222.0,16101755.0,0.0,29,30,3,13,17,0,0.5148993743185771,0.4545077838368984,0.0305928418445244,0.1462926337272984,0.8537073662727016,0.0,0.4677419354838709,0.4838709677419355,0.0483870967741935,0.4333333333333333,0.5666666666666667,0.0,-0.0827956989247311,0.8538884362120576,1.0505376344086022,-0.157952663816791,0.0344086021505375,1.0794019755736046,0.9010752688172043,0.0764092993811052,0.0483870967741935,48387.09677419355,0.0483870967741935,,-0.3991995824358031,0.5323923271611868,1.3082151501096,-0.6303724041785238,0.3686067405912787,3.519629400130874,0.6611920080458755,1.2583576421386802,0.0305928418445244,30592.841844524464,0.0305928418445244,,-0.5672263244732167,0.6234908862861441,2.4458584976657303,-0.4724200663881082,0.7632209664669058,3.2607267643010545,1.4384177375159757,1.1819510127810908,0.6322520647868388,632252.0647868388,0.6322520647868388,,6,10,0.375,329,313,16,0.5,0.417,0.02758812180677281,-1.012247198980489,-1.1281328150458638,5
447,washington-commanders,2024,1.1080453196786022,0.9560826688685278,0.5162543123772746,0.7663829677352063,1.193494870746618,0.7536216423594775,93441088.0,87344973.0,5441944.0,15942070.0,35648630.0,2813751.0,24,26,3,39,56,7,0.5017563711752161,0.4690216866147494,0.0292219422100344,0.2930287817811083,0.655252085900104,0.0517191323187876,0.4528301886792453,0.490566037735849,0.0566037735849056,0.3823529411764705,0.5490196078431373,0.0686274509803921,-0.0584535701072882,0.8935293698046585,1.0395856455789865,-0.1125740359489699,0.0704772475027747,1.1843220113958426,0.8351831298557159,0.1691726769001482,-0.0120236773954865,0.8247858253580272,0.1252312245652978,-0.1926138654668507,-0.1862303992853545,0.715787070228699,1.1242737725148535,-0.3343704121035002,0.2087275893941078,1.7123050364553918,0.7947851529563243,0.5378424303449477,-0.0224971901087532,0.5650013041327692,0.080941074528822,-0.5708930193640593,-0.2374122018780902,0.8010774836367293,2.1495775396151457,-0.2217965570291863,0.3416623519433959,1.445809628498705,1.8744282874138083,0.3686703636855477,-0.2373673299822029,0.6850302570009854,1.2698759547367522,-0.3782903338631064,12,5,0.706,485,391,94,0.667,0.75,-0.4887852004596173,-1.3091817519270008,-0.2531955711908441,5
