,cluster,count,player_count,player_count_prop,cap_hit_prop,pct,div_win_pct,conf_win_pct,w,l,pf,pa,net_pts
0,0,125,53.224,0.39372838344978134,0.8068265069090415,0.6005280000000001,0.614024,0.599968,9.84,6.56,407.008,356.76,50.248
1,1,113,53.13274336283186,0.3387134009288399,0.5854145549435377,0.3989734513274336,0.39382300884955757,0.4004159292035398,6.619469026548672,9.938053097345133,346.7699115044248,397.0265486725664,-50.256637168141594
2,2,60,57.8,0.6906437017234135,0.8725081347295206,0.5049,0.5013333333333334,0.5048333333333334,8.05,7.9,362.6166666666667,359.1333333333333,3.4833333333333334
3,3,150,53.22666666666667,0.4216005533758846,0.7250702430306503,0.49107999999999996,0.4844533333333334,0.4899933333333333,7.826666666666667,8.12,361.28,366.68666666666667,-5.406666666666666
