,cluster,count,cap_hit_pct_sum,pct,div_win_pct,conf_win_pct,w,l,pf,pa,net_pts
0,0,452,10.94599557522124,0.4763982300884956,0.4657367256637168,0.4693429203539823,7.727876106194691,8.493362831858407,356.8185840707965,377.1128318584071,-20.29424778761062
1,1,1722,11.088060394889663,0.49027235772357725,0.5003031358885017,0.4950423925667828,7.944250871080139,8.264227642276422,363.5336817653891,369.5331010452962,-5.999419279907085
2,2,1187,11.020429654591407,0.509798652064027,0.5049048020219039,0.5078795282224094,8.282224094355518,7.978096040438079,380.88963774220724,371.02611625947765,9.86352148272957
3,3,671,11.027615499254843,0.5249508196721312,0.5136661698956781,0.5198643815201193,8.51117734724292,7.712369597615499,379.56333830104325,367.94485842026825,11.618479880774963
