,Feature,Coefficient
0,Intercept,0.5016366666666667
1,num__cap_hit_prop,0.12207749247135427
2,num__player_count_prop,-0.058143599472043554
