,team,season,cap_hit_per_player_prop_active_defense,cap_hit_per_player_prop_active_offense,cap_hit_per_player_prop_active_special_team,cap_hit_per_player_prop_inactive_defense,cap_hit_per_player_prop_inactive_offense,cap_hit_per_player_prop_inactive_special_team,cap_hit_sum_active_defense,cap_hit_sum_active_offense,cap_hit_sum_active_special_team,cap_hit_sum_inactive_defense,cap_hit_sum_inactive_offense,cap_hit_sum_inactive_special_team,player_count_active_defense,player_count_active_offense,player_count_active_special_team,player_count_inactive_defense,player_count_inactive_offense,player_count_inactive_special_team,position_level_one_cap_hit_prop_active_defense,position_level_one_cap_hit_prop_active_offense,position_level_one_cap_hit_prop_active_special_team,position_level_one_cap_hit_prop_inactive_defense,position_level_one_cap_hit_prop_inactive_offense,position_level_one_cap_hit_prop_inactive_special_team,position_level_one_player_count_prop_active_defense,position_level_one_player_count_prop_active_offense,position_level_one_player_count_prop_active_special_team,position_level_one_player_count_prop_inactive_defense,position_level_one_player_count_prop_inactive_offense,position_level_one_player_count_prop_inactive_special_team,delta_position_level_one_player_count_prop_offense,ratio_position_level_one_player_count_prop_offense,total_position_level_one_player_count_prop_offense,log_ratio_position_level_one_player_count_prop_offense,delta_position_level_one_player_count_prop_defense,ratio_position_level_one_player_count_prop_defense,total_position_level_one_player_count_prop_defense,log_ratio_position_level_one_player_count_prop_defense,delta_position_level_one_player_count_prop_special_team,ratio_position_level_one_player_count_prop_special_team,total_position_level_one_player_count_prop_special_team,log_ratio_position_level_one_player_count_prop_special_team,delta_position_level_one_cap_hit_prop_offense,ratio_position_level_one_cap_hit_prop_offense,total_position_level_one_cap_hit_prop_offense,log_ratio_position_level_one_cap_hit_prop_offense,delta_position_level_one_cap_hit_prop_defense,ratio_position_level_one_cap_hit_prop_defense,total_position_level_one_cap_hit_prop_defense,log_ratio_position_level_one_cap_hit_prop_defense,delta_position_level_one_cap_hit_prop_special_team,ratio_position_level_one_cap_hit_prop_special_team,total_position_level_one_cap_hit_prop_special_team,log_ratio_position_level_one_cap_hit_prop_special_team,delta_cap_hit_per_player_prop_offense,ratio_cap_hit_per_player_prop_offense,total_cap_hit_per_player_prop_offense,log_ratio_cap_hit_per_player_prop_offense,delta_cap_hit_per_player_prop_defense,ratio_cap_hit_per_player_prop_defense,total_cap_hit_per_player_prop_defense,log_ratio_cap_hit_per_player_prop_defense,delta_cap_hit_per_player_prop_special_team,ratio_cap_hit_per_player_prop_special_team,total_cap_hit_per_player_prop_special_team,log_ratio_cap_hit_per_player_prop_special_team,w,l,pct,pf,pa,net_pts,div_win_pct,conf_win_pct
0,arizona-cardinals,2011,0.9284960411868165,1.0995549391632982,0.6573365644690393,0.8570949805178115,1.2269426935275667,0.44543329851059554,46212697.0,61041169.0,3775000.0,3327689.0,3969692.0,144117.0,26,29,3,12,10,1,0.41622236329064194,0.5497774695816492,0.03400016712770893,0.44717998983537993,0.5334533450119855,0.01936666515263459,0.4482758620689655,0.5,0.05172413793103448,0.5217391304347826,0.43478260869565216,0.043478260869565216,0.06521739130434784,1.1499973550060836,0.9347826086956521,0.13976164237580377,-0.07346326836581707,0.8591937555108192,0.9700149925037481,-0.15175859228187522,0.008245877061469266,1.1896278109741407,0.09520239880059969,0.17365982746178285,0.0163241245696637,1.0305989157690654,1.0832308145936347,0.030141923788978064,-0.030957626544737993,0.9307693590549663,0.8634023531260219,-0.07174136447216799,0.01463350197507434,1.7555119246309292,0.05336683228034352,0.5627899205171473,-0.12738775436426852,0.8961739197680579,2.326497632690865,-0.10961986850105385,0.07140106066900498,1.0833046266602124,1.785591021704628,0.08001728586488518,0.21190326595844378,1.4757205870023575,1.1027698629796348,0.38914792534857384,8,8,0.5,312,348,-36,0.667,0.583
1,arizona-cardinals,2012,1.1301223314524262,0.9124598443001807,0.6451485353949415,0.7266423601196249,1.1102955977108944,0.1033470919316822,47320889.0,38206847.0,3241667.0,4218652.0,24709741.0,100000.0,25,25,3,6,23,1,0.5330765714398237,0.4304055869340475,0.03651784162612877,0.145328472023925,0.8512266249116857,0.0034449030643894066,0.4716981132075472,0.4716981132075472,0.05660377358490566,0.2,0.7666666666666667,0.03333333333333333,-0.29496855345911954,0.6152576060216624,1.238364779874214,-0.4857121073001382,0.27169811320754716,2.3584787736438675,0.6716981132075472,0.8580189437604319,0.02327044025157233,1.6980622656791995,0.089937106918239,0.5295054237387472,-0.42082103797763815,0.505629251610228,1.281632211845733,-0.6819492591940752,0.3877480994158987,3.6680555156222234,0.6784050434637486,1.2996635653016,0.03307293856173936,10.597466308182268,0.03996274469051818,2.3606423285161986,-0.1978357534107137,0.8218163022217713,2.022755442011075,-0.19623728957838846,0.40347997133280133,1.555264099938074,1.8567646915720513,0.44164625525819484,0.5418014434632593,6.242481339872381,0.7484956273266238,1.8313793039892987,5,11,0.313,250,357,-107,0.167,0.25
2,arizona-cardinals,2013,1.0389151360159223,0.9788336823896024,0.8850920431680405,0.6886294549067279,1.3762394086543703,0.0,42445665.0,45207208.0,4716666.0,10428469.0,17248137.0,0.0,23,26,3,29,24,0,0.45952015631473486,0.4894168411948012,0.051063002490463874,0.3767972489112285,0.6232027510887715,0.0,0.4423076923076923,0.5,0.057692307692307696,0.5471698113207547,0.4528301886792453,0.0,0.047169811320754707,1.1041642283039959,0.9528301886792453,0.0990906943113361,-0.10486211901306242,0.8083539603292342,0.989477503628447,-0.21275298580415736,0.057692307692307696,57692.307692307695,0.057692307692307696,,-0.13378590989397032,0.7853239656208147,1.1126195922835729,-0.2416569080305997,0.08272290740350635,1.2195389910715726,0.8363174052259634,0.1984750873418679,0.051063002490463874,51063.00249046388,0.051063002490463874,,-0.3974057262647679,0.7112374235157538,2.3550730910439728,-0.34074795430184335,0.35028568110919445,1.508668587938997,1.7275445909226503,0.4112284945747647,0.8850920431680405,885092.0431680405,0.8850920431680405,,10,6,0.625,379,324,55,0.333,0.5
3,arizona-cardinals,2014,1.2166986656481245,0.8515397198194521,0.35911389922082115,0.6478575244039233,1.2341424867121575,0.971192453020883,54661857.0,36785183.0,1861579.0,9924053.0,28643820.0,1352453.0,26,25,3,33,50,3,0.5858178760528007,0.39423135176826485,0.019950772178934508,0.24859649192243571,0.7175247015768358,0.03387880650072848,0.48148148148148145,0.46296296296296297,0.05555555555555555,0.38372093023255816,0.5813953488372093,0.03488372093023256,-0.11843238587424637,0.7962949266690224,1.0443583118001722,-0.22778349087156569,0.0977605512489233,1.254766651438648,0.8652024117140396,0.22695169710794497,0.020671834625322995,1.5925469395803244,0.09043927648578812,0.46535258327144957,-0.32329334980857094,0.5494316801501344,1.1117560533451005,-0.5988683072267632,0.33722138413036495,2.356491497651876,0.8344143679752364,0.8571755663480594,-0.013928034321793969,0.588869130008329,0.05382957867966298,-0.5295011880400086,-0.38260276689270545,0.6899843729581332,2.08568220653161,-0.3710851551914107,0.5688411412442012,1.8780314217020995,1.8645561900520478,0.6302249340127223,-0.6120785538000618,0.36976556843932856,1.330306352241704,-0.9948832883370774,11,5,0.688,310,299,11,0.5,0.667
4,arizona-cardinals,2015,1.0074075806377936,1.0825481861416073,0.25283780371759346,1.2756739457936912,0.7195063796825176,1.7393151980152424,56116325.0,62814515.0,1760500.0,14721866.0,8752270.0,542500.0,24,25,3,37,39,1,0.46495734490975077,0.5204558587219266,0.014586796368322698,0.6129861817450204,0.36442530918984656,0.02258850906513302,0.46153846153846156,0.4807692307692308,0.057692307692307696,0.4805194805194805,0.5064935064935064,0.012987012987012988,-0.025724275724275658,0.9492091712852457,0.9872627372627372,-0.05212401234837768,-0.01898101898101895,0.9604969616269053,0.942057942057942,-0.040302293438618436,0.044705294705294704,4.441965660951799,0.07067932067932069,1.491114328087827,0.15603054953208,1.4281511669092941,0.8848811679117732,0.3563826388855688,-0.14802883683526963,0.7585107140187403,1.0779435266547712,-0.276396204288794,-0.008001712696810322,0.6457332174092028,0.03717530543345572,-0.4373002838451054,0.3630418064590897,1.5045685655361607,1.802054565824125,0.4085071134320299,-0.26826636515589763,0.7897055468240863,2.2830815264314848,-0.23609413589323447,-1.486477394297649,0.14536621001179093,1.9921530017328357,-1.9284951791097256,13,3,0.813,489,313,176,0.667,0.833
5,arizona-cardinals,2016,0.9847243390501982,1.1170268079663421,0.19617459783421454,0.9759726133225346,1.0757344652727163,0.5360972147388697,53761252.0,56293233.0,1235792.0,19497666.0,23694848.0,1373074.0,26,24,3,39,43,5,0.4830723172699085,0.5058234602111737,0.011104222518917803,0.4375049645928603,0.5316848506520322,0.03081018475510746,0.49056603773584906,0.4528301886792453,0.05660377358490566,0.4482758620689655,0.4942528735632184,0.05747126436781609,-0.041422684883973104,0.91618945829329,0.9470830622424637,-0.08752989516602708,0.042290175666883534,1.0943371814277971,0.9388418998048146,0.09015090468701578,-0.0008674907829104295,0.9848885233170528,0.11407503795272175,-0.015209152001537624,-0.025861390440858445,0.9513577605852362,1.037508310863206,-0.04986311611168381,0.0455673526770482,1.1041502433445722,0.9205772818627689,0.09907809866281546,-0.01970596223618966,0.3603958305133689,0.04191440727402526,-1.0204622705902535,0.041292342693625805,1.0383842905868663,2.1927612732390585,0.03766683360699331,0.008751725727663584,1.0089661499124687,1.9606969523727327,0.0089272081666869,-0.3399226169046552,0.3659303322428895,0.7322718125730843,-1.0053072152756521,7,8,0.469,418,362,56,0.75,0.542
6,arizona-cardinals,2017,1.2319245109139538,0.7987270868802355,0.7445700183817553,0.47430305248408294,1.4015591276769155,0.23736013360511923,60710036.0,39361787.0,4403147.0,12383511.0,52117457.0,375588.0,25,25,3,33,47,2,0.5810964674122424,0.3767580598491677,0.04214547273858992,0.190878057707009,0.8033326707416466,0.0057892715513443715,0.4716981132075472,0.4716981132075472,0.05660377358490566,0.4024390243902439,0.573170731707317,0.024390243902439025,-0.10147261849976985,0.8229612297914474,1.0448688449148642,-0.1948440678113029,0.06925908881730325,1.1720954294301107,0.8741371375977911,0.1587952322662069,0.032213529682466636,2.3206595699387647,0.0809940174873447,0.8418691091713855,-0.4265746108924789,0.46899323851487573,1.1800907305908144,-0.7571642732326906,0.3902184097052334,3.044317561040143,0.7719745251192514,1.1132784790418688,0.03635620118724555,7.278669465649618,0.04793474428993429,1.9849718068568707,-0.60283204079668,0.5698842818853052,2.200286214557151,-0.5623207010087148,0.7576214584298708,2.5973307722377004,1.7062275633980368,0.954485103361245,0.5072098847766361,3.1368657836815155,0.9819301519868745,1.1432254864215792,8,8,0.5,295,361,-66,0.5,0.417
7,arizona-cardinals,2018,1.2004785771150592,0.84734001030696,0.6015117714831735,0.6374707381616469,1.3375328445717098,1.281209694249737,61111862.0,43134902.0,3674485.0,19834307.0,41616086.0,3543435.0,25,25,3,45,45,4,0.5662634797712544,0.3996886841070566,0.03404783612168907,0.30517216188589474,0.6403082766566696,0.05451956145743562,0.4716981132075472,0.4716981132075472,0.05660377358490566,0.4787234042553192,0.4787234042553192,0.0425531914893617,-0.007025291047771998,0.985322889359063,0.9504215174628663,-0.014783765073191396,-0.007025291047771998,0.985322889359063,0.9504215174628663,-0.014783765073191396,0.01405058209554396,1.3301574205459001,0.09915696507426736,0.28531496305283477,-0.24061959254961296,0.6242119217669363,1.0399969607637263,-0.471262848109568,0.2610913178853596,1.8555480969292515,0.8714356416571492,0.6181818884202616,-0.02047172533574655,0.6244953318808047,0.08856739757912468,-0.470782054404318,-0.4901928342647498,0.6335092108105017,2.18487285487867,-0.4564795596047426,0.5630078389534123,1.8831871363850923,1.8379493152767061,0.6329664597797243,-0.6796979227665636,0.46948700489532846,1.8827214657329105,-0.7561129968446045,3,13,0.188,225,425,-200,0.333,0.25
8,arizona-cardinals,2019,0.8669211386219727,1.1869118707227255,0.5513915887941835,0.8997277921327664,1.1236615300985933,0.07114202968740753,48395581.0,66258956.0,3693750.0,33142211.0,40471194.0,58235.0,25,25,3,45,44,1,0.40892506538772294,0.5598640899635497,0.03121084464872736,0.4498638960663832,0.54934563693709,0.0007904669965267503,0.4716981132075472,0.4716981132075472,0.05660377358490566,0.5,0.4888888888888889,0.011111111111111112,-0.017190775681341697,0.964835076216418,0.960587002096436,-0.03579597772661784,-0.028301886792452824,0.9433943396264151,0.9716981132075472,-0.05826878812422309,0.04549266247379455,5.09388117333591,0.06771488469601677,1.628057716006623,0.010518453026459706,1.0191453852982522,1.1092097269006398,0.01896620469280799,-0.040938830678660276,0.9089952760559049,0.8587889614541062,-0.09541293624352891,0.03042037765220061,39.43417070540159,0.03200131164525411,3.674664756855629,0.06325034062413226,1.0562885554425159,2.310573400821319,0.05476224373933716,-0.032806653510793704,0.9635360635364079,1.766648930754739,-0.037144208600163695,0.48024955910677597,7.750465382440424,0.6225336184815911,2.0477547045010076,5,10,0.344,361,442,-81,0.167,0.292
9,arizona-cardinals,2020,0.9753209787179565,1.080320186595306,0.4313244145121301,1.5199550722399713,0.34068724918931587,1.5975425787259316,54593581.0,76962977.0,3292279.0,46778439.0,8959959.0,3575730.0,22,28,3,55,47,4,0.40485021758103856,0.5707351929182749,0.02441458950068661,0.7886559337094191,0.15105944067828156,0.06028462561229932,0.41509433962264153,0.5283018867924528,0.05660377358490566,0.5188679245283019,0.44339622641509435,0.03773584905660377,0.08490566037735847,1.191486674519415,0.9716981132075472,0.17520372656383637,-0.10377358490566035,0.7999984581847897,0.9339622641509434,-0.22314306949707274,0.01886792452830189,1.4999602510533472,0.09433962264150944,0.40545627496989617,0.4196757522399933,3.7781909701547116,0.7217946335965565,1.3292470678762272,-0.38380571612838055,0.5133413532254644,1.1935061512904577,-0.6668117791518653,-0.035870036111612706,0.4049819381107262,0.08469921511298592,-0.9038718518504945,0.7396329374059902,3.1709933910722783,1.4210074357846219,1.1540458370273348,-0.5446340935220148,0.6416770829966278,2.4952760509579277,-0.44366906251566085,-1.1662181642138014,0.2699922682898696,2.028866993238062,-1.3093596379193928,8,8,0.5,410,367,43,0.333,0.5
10,arizona-cardinals,2021,1.0985199165071668,0.952828288319145,0.5221422526695747,0.7180217205468674,1.4073193612383323,0.2556992291323521,81552520.0,68116712.0,4307009.0,13998035.0,22777128.0,376221.0,27,26,3,53,44,4,0.5296435311730984,0.44238456243388874,0.027971906393012932,0.3767836751384551,0.6130896227176893,0.01012670214385553,0.48214285714285715,0.4642857142857143,0.05357142857142857,0.5247524752475248,0.43564356435643564,0.039603960396039604,0.02864214992927866,1.06574430687914,0.89992927864215,0.06367558860125455,-0.042609618104667624,0.9187987881651125,1.006895332390382,-0.08468605302832112,0.013967468175388964,1.352644417157038,0.09317538896746817,0.30208017046555175,-0.17070506028380056,0.7215647182351281,1.055474185151578,-0.32633094475323515,0.15285985603464325,1.4056928694843362,0.9064272063115535,0.34053221483041,0.017845204249157403,2.761920324639827,0.03809860853686846,1.0159619571068712,-0.45449107291918733,0.6770514479593902,2.3601476495574776,-0.39000696541917357,0.38049819596029943,1.5299236153286366,1.8165416370540344,0.4252187198516149,0.2664430235372226,2.0420093264731123,0.7778414818019268,0.7139362022398832,11,6,0.647,449,366,83,0.667,0.583
11,arizona-cardinals,2022,1.0919275162610047,0.8775527301366931,1.4886843130909317,0.9396788780379793,1.2050369556448606,0.1507746854257625,49466224.0,43067561.0,5620000.0,40405738.0,64770009.0,1496132.0,24,26,2,52,65,12,0.5039665459666176,0.43877636506834655,0.057257088965035834,0.37878528417034824,0.6071891636970227,0.01402555213262907,0.46153846153846156,0.5,0.038461538461538464,0.40310077519379844,0.5038759689922481,0.09302325581395349,-0.003875968992248069,0.9923057229624882,1.003875968992248,-0.00772203070932561,0.05843768634466312,1.1449675738008562,0.86463923673226,0.13537848344492887,-0.05456171735241502,0.4134570937977802,0.13148479427549195,-0.8831755337280235,-0.16841279862867614,0.7226341783877913,1.0459655287653693,-0.3248498831439906,0.12518126179626937,1.3304772823822026,0.8827518301369659,0.2855397210499073,0.04323153683240676,4.082050130612094,0.0712826410976649,1.4066168101407122,-0.32748422550816747,0.7282365887529925,2.082589685781554,-0.3171281594986637,0.15224863822302537,1.1620207495992287,2.031606394298984,0.15016143087953335,1.3379096276651692,9.873503866934275,1.6394589985166943,2.289855463896785,4,13,0.235,340,449,-109,0.167,0.25
12,arizona-cardinals,2023,0.8526777354997145,1.22160296447256,0.749919395870559,0.6522217974133565,1.356673353495383,0.3631293928793216,48345869.0,54421333.0,4555670.0,35021586.0,75160317.0,619001.0,28,22,3,63,65,2,0.4504712564904152,0.5070804758187984,0.04244826769078636,0.3160767172080112,0.6783366767476915,0.005586606044297256,0.5283018867924528,0.41509433962264153,0.05660377358490566,0.4846153846153846,0.5,0.015384615384615385,-0.08490566037735847,0.8301870188712452,0.9150943396226415,-0.18610187054385358,0.04368650217706821,1.0901445010195832,1.0129172714078374,0.08631215005254879,0.041219158200290276,3.6790061476192726,0.07198838896952105,1.3026603136346464,-0.17125620092889304,0.7475339984799453,1.1854171525664898,-0.2909735197636801,0.13439453928240397,1.4251914385788842,0.7665479736984264,0.3543083674547947,0.0368616616464891,7.596861223619963,0.04803487373508361,2.0277587229033776,-0.1350703890228231,0.900439343697461,2.578276317967943,-0.10487165650890982,0.20045593808635798,1.3073412013216037,1.504899532913071,0.2679966302122742,0.3867900029912374,2.0651518313416917,1.1130487887498806,0.7252050832593012,4,13,0.235,330,455,-125,0.0,0.25
13,arizona-cardinals,2024,0.9003973726786693,1.2348402636365532,0.2074625883310297,0.7370292629168153,1.208925913722919,1.0428447392478484,78439254.0,84522954.0,1936432.0,28403022.0,56941602.0,7144584.0,28,22,3,45,55,8,0.47568163084910825,0.5125752037736636,0.011743165377228096,0.30709552621533964,0.6156567153218568,0.07724775846280357,0.5283018867924528,0.41509433962264153,0.05660377358490566,0.4166666666666667,0.5092592592592593,0.07407407407407407,-0.09416491963661777,0.8150927390768993,0.9243535988819008,-0.20445097284848582,0.11163522012578614,1.267921485290322,0.9449685534591195,0.23738082683521353,-0.01747030048916841,0.7641406274977552,0.13067784765897972,-0.2689857728378912,-0.10308151154819323,0.8325652241776857,1.1282319190955206,-0.1832417619046177,0.1685861046337686,1.5489645445079208,0.782777157064448,0.4375887741386714,-0.06550459308557548,0.15201752896627593,0.08899092384003167,-1.883674290348333,0.025914349913634283,1.0214350012556455,2.443766177359472,0.021209312387401452,0.163368109761854,1.2216559047593578,1.6374266355954845,0.20020834805075982,-0.8353821509168187,0.19893890392711577,1.250307327578878,-1.6147526967036128,8,9,0.471,400,379,21,0.5,0.333
14,atlanta-falcons,2011,0.8775555942563095,1.185731864571445,0.4726045097687118,1.153637582718235,0.9876304825556836,0.048232095415517894,48300532.0,65262509.0,3121450.0,4185731.0,5119156.0,25000.0,25,25,3,7,10,1,0.413941318045429,0.5593074832884175,0.0267511986661535,0.44863683772375806,0.5486836014198243,0.002679560856417661,0.4716981132075472,0.4716981132075472,0.05660377358490566,0.3888888888888889,0.5555555555555556,0.05555555555555555,-0.0838574423480084,0.849055075474449,1.0272536687631026,-0.16362910378242948,0.08280922431865828,1.2129348864154135,0.8605870020964361,0.19304506872941782,0.0010482180293501092,1.0188495852357677,0.11215932914046121,0.018691799684763727,0.010623881868593199,1.0193606342170065,1.107991084708242,0.019177389481310533,-0.03469551967832907,0.9226625202761144,0.8625781557691871,-0.0804893290447365,0.02407163780973584,9.979702047094792,0.02943075952257116,2.3005906156810174,0.19810138201576133,1.2005812750147848,2.173362347127129,0.18280667871844847,-0.27608198846192555,0.7606850251042999,2.0311931769745444,-0.2735347633229375,0.42437241435319395,9.798345009735,0.5208366051842297,2.2822156107894873,10,6,0.625,402,350,52,0.5,0.583
15,atlanta-falcons,2012,0.8104984190759683,1.2376466565881128,0.5987910361326594,1.4518031681959012,0.5011763266378862,0.020754536741994064,39391731.0,60151930.0,3492283.0,19492790.0,4893889.0,25333.0,25,25,3,22,16,2,0.3823105750358341,0.5837955927302418,0.033893832233924115,0.7984917425077458,0.20047053065515452,0.0010377268370997032,0.4716981132075472,0.4716981132075472,0.05660377358490566,0.55,0.4,0.05,0.07169811320754715,1.1792423349130308,0.8716981132075472,0.1648742631911117,-0.07830188679245287,0.8576313737748607,1.021698113207547,-0.15357878611071332,0.006603773584905659,1.1320528306415003,0.10660377358490566,0.12405031538058915,0.3833250620750873,2.9121122127533936,0.7842661233853964,1.068880377118227,-0.4161811674719117,0.47879029411732626,1.1808023175435798,-0.7364899610998341,0.03285610539682441,32.630168994729445,0.03493155907102382,3.485266793170942,0.7364703299502265,2.469478547425081,1.7388229832259992,0.9040078219340292,-0.6413047491199328,0.5582697975603296,2.2623015872718693,-0.5829116914726665,0.5780364993906654,28.849701338782683,0.6195455728746534,3.3621013107222373,13,3,0.813,419,299,120,0.5,0.75
16,atlanta-falcons,2013,0.9277524259422623,1.090746488552953,0.7915110250029765,1.2482701651479653,0.83744446667444,0.0009711385634684063,37717052.0,48038736.0,4022283.0,18637832.0,13797322.0,1000.0,24,26,3,29,32,2,0.4201143060870622,0.5350831830637127,0.04480251084922508,0.5746005522109681,0.4253686179933663,3.082979566566369e-05,0.4528301886792453,0.49056603773584906,0.05660377358490566,0.4603174603174603,0.5079365079365079,0.031746031746031744,-0.01737047020065885,0.9657999853737317,0.998502545672357,-0.03479648222743493,-0.007487271638214998,0.9837324107465717,0.9131476489967056,-0.016399150879655874,0.024857741838873917,1.7829627045993335,0.0883498053309374,0.5782940879543028,0.10971456507034644,1.2579252500164633,0.9604518010570791,0.22946560567864,-0.15448624612390588,0.7311402213769428,0.9947148582980303,-0.3131476360168956,0.04477168105355942,1407.565141788066,0.044833340644890744,7.249638960781216,0.25330202187851303,1.3024686764194817,1.928190955227393,0.2642623623448878,-0.32051773920570303,0.7432298781269133,2.1760225910902276,-0.29674881241671264,0.7905398864395081,814.1956864451658,0.792482163566445,6.70220200155461,4,12,0.25,353,443,-90,0.167,0.25
17,atlanta-falcons,2014,0.7359915433116344,1.3100602252428408,0.895594308252564,0.8784824403386217,1.1441141538199042,0.001239098353279026,38106916.0,60293392.0,5152284.0,10989021.0,18466882.0,1000.0,27,24,3,31,40,2,0.36799577165581715,0.5822489889968182,0.04975523934736467,0.37305418699311327,0.6269118651067969,3.394790008983633e-05,0.5,0.4444444444444444,0.05555555555555555,0.4246575342465753,0.547945205479452,0.0273972602739726,-0.1035007610350076,0.8111096308360348,0.9923896499238964,-0.20934980418273993,0.07534246575342468,1.1774165822125646,0.9246575342465753,0.1633247012653627,0.02815829528158295,2.0277037665902973,0.08295281582952815,0.706922003196392,-0.044662876109978655,0.9287558469511229,1.2091608541036152,-0.0739076699872464,-0.005058415337296118,0.9864378903880795,0.7410499586489304,-0.01365219764873057,0.049721291447274836,1423.6975388926062,0.04978918724745451,7.261032765132176,0.1659460714229366,1.1450422808131586,2.454174379062745,0.13544232612220639,-0.14249089702698725,0.8377978565286761,1.6144739836502562,-0.17697707021441886,0.894355209899285,722.1961918459646,0.8968334066058431,6.5822979524149146,6,10,0.375,381,417,-36,0.833,0.5
18,atlanta-falcons,2015,0.6812832831701745,1.3468448573421052,0.7655988290643355,0.8257328736085591,1.0603902451222509,3.562229828556778,32046214.0,63352910.0,4321470.0,14748273.0,18939448.0,2827750.0,25,25,3,45,45,2,0.32136003923121437,0.6353041779915591,0.043335782777226536,0.4038910794824473,0.5186691416358836,0.07743977888166909,0.4716981132075472,0.4716981132075472,0.05660377358490566,0.4891304347826087,0.4891304347826087,0.021739130434782608,-0.017432321575061527,0.9643586154244828,0.9608285479901559,-0.036289925849802285,-0.017432321575061527,0.9643586154244828,0.9608285479901559,-0.036289925849802285,0.034864643150123054,2.6036538168300862,0.07834290401968827,0.9569334391736634,0.11663503635567551,1.2248713141416088,1.1539733196274429,0.20283736284617582,-0.08253104025123292,0.7956581858277821,0.7252511187136617,-0.2285824883821709,-0.03410399610444255,0.5595990045947807,0.12077556165889562,-0.5805117396197951,0.28645461221985435,1.270139548527515,2.407235102464356,0.23912751764011891,-0.14444959043838457,0.8250639884650515,1.5070161567787337,-0.19229286606227583,-2.7966309994924425,0.21492117325100868,4.327828657621113,-1.5374826479574766,8,8,0.5,339,345,-6,0.167,0.417
19,atlanta-falcons,2016,0.6236408872462906,1.3567554126901342,1.0379111296118906,0.9796244027756364,1.0726285836889726,0.03644265960527089,32414476.0,73457265.0,6743333.0,21528659.0,19643800.0,33370.0,24,25,3,48,40,2,0.2878342556521341,0.6522862561010261,0.05987948824683985,0.5224663481470061,0.47672381497287675,0.000809836880117131,0.46153846153846156,0.4807692307692308,0.057692307692307696,0.5333333333333333,0.4444444444444444,0.022222222222222223,0.03632478632478636,1.0817283353420148,0.9252136752136753,0.0785621525034703,-0.07179487179487176,0.8653829927915039,0.9948717948717949,-0.14458093714503034,0.03547008547008547,2.596037024487744,0.07991452991452992,0.9540033940525845,0.17556244112814934,1.3682657911108276,1.1290100710739028,0.3135456251439152,-0.234632092494872,0.5509133856363909,0.8103006037991403,-0.5961742028223075,0.059069651366722715,73.84899443423176,0.06068932512695698,4.302039092627503,0.2841268290011616,1.2648871831634554,2.429383996379107,0.23498367198467474,-0.3559835155293458,0.6366115920221018,1.603265290021927,-0.451593951543018,1.0014684700066196,28.479882120888217,1.0743537892171615,3.349198910994615,11,5,0.688,540,406,134,0.833,0.75
20,atlanta-falcons,2017,0.8439230179241717,1.1673015707844152,0.798668909808363,1.0167214066602794,1.071094494172755,0.019408117942160213,56327130.0,84403405.0,6663334.0,10561098.0,8344420.0,14400.0,24,26,3,28,21,2,0.3821538194373607,0.5726385064225432,0.045207674140096014,0.5581999879703495,0.44103890936525203,0.0007611026643984397,0.4528301886792453,0.49056603773584906,0.05660377358490566,0.5490196078431373,0.4117647058823529,0.0392156862745098,0.07880133185349614,1.1913717697413355,0.902330743618202,0.17510742936124427,-0.09618941916389201,0.8247963413581464,1.0018497965223827,-0.1926165737510722,0.01738808731039586,1.4433594207498652,0.09581945985941547,0.36699099411610075,0.13159959705729118,1.2983825142869472,1.0136774157877952,0.26112101630501716,-0.17604616853298882,0.6846168811468673,0.9403538074077102,-0.37889327803702827,0.044446571475697576,59.31966420269684,0.04596877680449445,4.082962976370076,0.09620707661166028,1.0898202607844631,2.23839606495717,0.08601364095722842,-0.17279838873610776,0.8300427062449449,1.8606444245844511,-0.18627694126650599,0.7792607918662028,41.14916052282343,0.8180770277505233,3.7172047785800846,10,6,0.625,353,315,38,0.667,0.75
21,atlanta-falcons,2018,0.7798987389423826,1.3351062205019397,0.5037974289883601,1.0944231525577992,0.9209044208964964,1.1796630112413649,54074788.0,81889254.0,5374019.0,14271403.0,16707755.0,1337647.0,26,23,4,23,32,2,0.3825918341981499,0.5793857183310305,0.03802244747081963,0.44160934226016463,0.5169989731348752,0.04139168460496018,0.49056603773584906,0.4339622641509434,0.07547169811320754,0.40350877192982454,0.5614035087719298,0.03508771929824561,-0.12744124462098638,0.7729939061234726,0.9953657729228732,-0.25748180949139104,0.08705726580602452,1.2157476023186986,0.8940748096656737,0.19536123657642282,0.04038397881496193,2.1508820960866766,0.11055941741145316,0.7658912851607105,0.06238674519615528,1.1206687590675755,1.0963846914659057,0.11392733938472,-0.05901750806201472,0.8663561460993925,0.8242011764583146,-0.14345658705703704,-0.00336923713414055,0.918578918804008,0.0794141320757798,-0.08490115671258272,0.41420179960544334,1.4497756123557413,2.256010641398436,0.37140954336175674,-0.3145244136154166,0.7126110449222696,1.8743218915001818,-0.3388182442436705,-0.6758655822530047,0.4270685756177407,1.6834604402297249,-0.8508086950888896,7,9,0.438,414,423,-9,0.667,0.583
22,atlanta-falcons,2019,0.9043437088322268,1.1779256272240624,0.1913427963443879,1.3036005183325687,0.7008166491559005,1.2482720863519905,52934989.0,77942205.0,1460881.0,27371486.0,17984917.0,6552441.0,23,26,3,36,44,9,0.39999817890656186,0.5889628136120312,0.011039007481406994,0.5272990860671064,0.3464711523916811,0.12622976154121252,0.4423076923076923,0.5,0.057692307692307696,0.4044943820224719,0.4943820224719101,0.10112359550561797,0.005617977528089901,1.0113615906549644,0.9943820224719101,0.011299532526706525,0.03781331028522039,1.0934802026568495,0.8468020743301642,0.08936771727159537,-0.04343128781331028,0.5705071788307188,0.15881590319792566,-0.5612121931742784,0.2424916612203501,1.6998849966626421,0.9354339660037123,0.5305622976505213,-0.12730090716054454,0.7585778752474097,0.9272972649736683,-0.2763073153864077,-0.11519075405980553,0.08745100914092892,0.1372687690226195,-2.4365859541994968,0.4771089780681619,1.6807876180670027,1.8787422763799628,0.519263352780927,-0.3992568095003419,0.6937271061090579,2.2079442271647958,-0.3656755088955176,-1.0569292900076026,0.1532860064327564,1.4396148826963784,-1.8754445533011779,7,9,0.438,381,399,-18,0.667,0.5
23,atlanta-falcons,2020,0.8420600263506436,1.2526111352066602,0.26372031157225284,0.7066647044403004,1.3913340391608813,0.1178460737784052,67367394.0,96358410.0,2434435.0,11298377.0,21688958.0,188416.0,26,25,3,40,39,4,0.4054363089836432,0.5799125625956761,0.014651128420680714,0.34056130334472307,0.6537593677984863,0.0056793288567906115,0.48148148148148145,0.46296296296296297,0.05555555555555555,0.4819277108433735,0.46987951807228917,0.04819277108433735,-0.006916555109326206,0.9852780550730091,0.9328424810352521,-0.014829228234318571,-0.00044622936189203655,0.999072000999672,0.9634091923248549,-0.0009263529370578195,0.0073627844712182006,1.1527538581352212,0.1037483266398929,0.1421717388338228,-0.07384680520281017,0.887041477519523,1.2336719303941623,-0.11986181179162538,0.06487500563892012,1.190490858799641,0.7459976123283663,0.17436817493617654,0.008971799563890102,2.5792746846277854,0.020330457277471327,0.9475764812190159,-0.13872290395422104,0.9002943934784494,2.6439451743675413,-0.10503266694764996,0.1353953219103432,1.1915959994373568,1.548724730790944,0.17529477211111785,0.14587423779384764,2.2378180731762733,0.381566385350658,0.805505108562061,4,12,0.25,396,414,-18,0.167,0.167
24,atlanta-falcons,2021,0.9815498956348883,1.0978684389253717,0.2729349193809211,0.9155215312470256,1.2433236756449013,0.24801319991685306,62951471.0,76044456.0,2100554.0,19442350.0,24003342.0,957618.0,25,27,3,44,40,8,0.44615904347040375,0.5389535972906369,0.014887359238959333,0.4378581236398818,0.540575511149957,0.021566365210161136,0.45454545454545453,0.4909090909090909,0.05454545454545454,0.4782608695652174,0.43478260869565216,0.08695652173913043,0.056126482213438744,1.129088312187791,0.9256916996047431,0.12141254074456943,-0.023715415019762875,0.9504112359170026,0.9328063241106719,-0.05085830814281606,-0.03241106719367589,0.6272655137193195,0.14150197628458497,-0.46636702796375257,-0.001621913859320201,0.9969978091429318,1.0795291084405938,-0.0030048510265450945,0.008300919830521947,1.018955685476017,0.8840171671102856,0.018780506398350466,-0.006679005971201803,0.6902725063488692,0.03645372444912047,-0.3706016537960969,-0.14545523671952965,0.8830102550292563,2.3411921145702728,-0.12441755374041466,0.06602836438786264,1.0721198683094422,1.8970714268819138,0.06963889264673308,0.02492171946406807,1.1004810187175684,0.5209481192977742,0.09575103783465773,7,10,0.412,313,459,-146,0.333,0.333
25,atlanta-falcons,2022,0.8748132437319256,1.1394525883948519,0.9693311804978292,0.5417224469101026,1.5300890238611409,0.18960823613126054,40554964.0,48759902.0,5185000.0,29041096.0,77631989.0,544536.0,26,24,3,56,53,3,0.4291536667364163,0.5159785305938952,0.054867802669688444,0.2708612234550513,0.7240599845057185,0.005078792039230193,0.49056603773584906,0.4528301886792453,0.05660377358490566,0.5,0.4732142857142857,0.026785714285714284,-0.020384097035040405,0.9569221501282011,0.926044474393531,-0.044031030335622834,-0.009433962264150941,0.9811301132114716,0.9905660377358491,-0.019048156509233756,0.029818059299191377,2.113128657033282,0.08338948787061995,0.7481872916171239,-0.2080814539118233,0.712617502717853,1.2400385150996138,-0.33880852627800756,0.158292443281365,1.5843983751674142,0.7000148901914676,0.4602070914108763,0.04978901063045825,10.801190727091905,0.05994659470891864,2.3796746060203104,-0.390636435466289,0.7446964365661793,2.6695416122559927,-0.29477773372248534,0.33309079682182297,1.6148705556713667,1.4165356906420281,0.4792559452757225,0.7797229443665686,5.112257188920858,1.1589394166290896,1.6316420582700737,7,10,0.412,365,386,-21,0.333,0.5
26,atlanta-falcons,2023,0.8365011199546678,1.169696472899576,0.8917879019147771,1.5957991357732337,0.4802518932324799,0.0620108788381416,63471642.0,92303831.0,8120000.0,45451421.0,13108558.0,183978.0,25,26,3,48,46,5,0.38726903701604987,0.5631871906553514,0.04954377232859873,0.7737207931021739,0.2231473443302432,0.003131862567582909,0.46296296296296297,0.48148148148148145,0.05555555555555555,0.48484848484848486,0.46464646464646464,0.050505050505050504,0.016835016835016814,1.0362296539115419,0.9461279461279462,0.03559086985202555,-0.021885521885521897,0.9548591417141313,0.9478114478114479,-0.0461892849695805,0.005050505050505048,1.0999782204312354,0.10606060606060605,0.09530837983834421,0.3400398463251082,2.523824195719219,0.7863345349855946,0.9257770648169719,-0.38645175608612403,0.5005275028680871,1.1609898301182238,-0.6920901487703164,0.04641190976101582,15.814218230078037,0.05267563489618164,2.7609296073239555,0.689444579667096,2.4355844376628286,1.649948366132056,0.890187598125007,-0.7592980158185659,0.5241891520139188,2.4323002557279017,-0.6459014872169163,0.8297770230766355,14.38092053689342,0.9537987807529187,2.6659034866692495,7,10,0.412,321,373,-52,0.5,0.333
27,atlanta-falcons,2024,0.9066806282560566,1.1731942480156161,0.33437603106939606,0.781434955795075,0.9846138554544371,3.021211909981531,94019565.0,121656082.0,4160833.0,11902490.0,16043544.0,5350911.0,25,25,3,43,46,5,0.4276795416302153,0.5533935132149131,0.018926945154871474,0.3574649265871088,0.4818323122436608,0.16070276116923038,0.4716981132075472,0.4716981132075472,0.05660377358490566,0.4574468085106383,0.48936170212765956,0.05319148936170213,-0.017663588920112383,0.9639028703182528,0.9610598153352068,-0.036762626381432344,0.014251304696908884,1.0311517607731144,0.9291449217181855,0.030678511846151068,0.0034122842232035336,1.064130937734597,0.1097952629466078,0.06217611163922216,0.07156120097125235,1.1485165079974062,1.035225825458574,0.13847292360290384,0.0702146150431065,1.1964204412808463,0.7851444682173241,0.17933647148193096,-0.1417758160143589,0.11777537138623845,0.17962970632410186,-2.1389232677149086,0.18858039256117898,1.1915260485016168,2.157808103470053,0.17523573163118375,0.1252456724609815,1.160275031539278,1.6881155840511317,0.14865817609355655,-2.686835878912135,0.11067608971373027,3.3555879410509273,-2.201144463702498,8,9,0.471,389,423,-34,0.667,0.583
28,baltimore-ravens,2011,1.025798693295008,1.0033340824121766,0.7347622582239632,1.4541856725660107,0.6506264057184534,0.0,57984523.0,44561537.0,4450000.0,8507700.0,4948429.0,0.0,28,22,3,10,13,0,0.5419313851369855,0.4164782983597714,0.041590316503243206,0.6322546402460916,0.36774535975390843,0.0,0.5283018867924528,0.41509433962264153,0.05660377358490566,0.43478260869565216,0.5652173913043478,0.0,-0.15012305168170625,0.7343963784772346,0.9803117309269893,-0.3087039618673899,0.09351927809680066,1.2150915449120883,0.963084495488105,0.19482131241618256,0.05660377358490566,56603.77358490566,0.05660377358490566,,0.048732938605862974,1.1325150808793154,0.7842236581136799,0.12444329581872504,-0.0903232551091061,0.8571396609859433,1.1741860253830771,-0.15415256343359462,0.041590316503243206,41590.31650324321,0.041590316503243206,,0.35270767669372316,1.5421023977682708,1.65396048813063,0.4331476754288683,-0.42838697927100267,0.7054106000606627,2.479984365861019,-0.3489742594223551,0.7347622582239632,734762.2582239633,0.7347622582239632,,12,4,0.75,378,266,112,1.0,0.75
29,baltimore-ravens,2012,1.0442601857144007,1.0028473846498964,0.5769809949379563,1.4197839688895613,0.45496026633110015,0.9864114822494029,50984018.0,47148705.0,3130000.0,22453743.0,5534732.0,600000.0,27,26,3,26,20,1,0.5034825895408718,0.4656077143017377,0.030909696157390514,0.785412408321885,0.19360011333238306,0.020987478345731978,0.48214285714285715,0.4642857142857143,0.05357142857142857,0.5531914893617021,0.425531914893617,0.02127659574468085,0.03875379939209728,1.091068864559597,0.8898176291793314,0.087159979288996,-0.071048632218845,0.8715643585457474,1.0353343465045592,-0.13746349466099433,0.03229483282674772,2.5177388091331134,0.07484802431610942,0.9233798672399309,0.2720076009693546,2.404984693979324,0.6592078276341208,0.8775456870161432,-0.2819298187810132,0.6410415001911072,1.2888949978627569,-0.4446590951053288,0.009922217811658536,1.472698289424875,0.05189717450312249,0.38712864101051025,0.5478871183187963,2.2042478313309197,1.4578076509809965,0.79038732828668,-0.37552378317516055,0.7355058749009964,2.464044154603962,-0.30719579372843614,-0.4094304873114466,0.5849287243630736,1.5633924771873593,-0.5362635447109805,10,6,0.625,398,344,54,0.667,0.667
30,baltimore-ravens,2013,1.0408165875077962,0.9997386385485466,0.6346544835576446,0.8580205934328642,0.9865446054480111,5.0951264073052,55127712.0,45107246.0,3735000.0,7881132.0,10455758.0,1800000.0,27,23,3,26,30,1,0.530227318164349,0.43384884314370886,0.03592383869194215,0.391377814548324,0.5192340028673743,0.08938818258430174,0.5094339622641509,0.4339622641509434,0.05660377358490566,0.45614035087719296,0.5263157894736842,0.017543859649122806,-0.09235352532274077,0.8245267352859954,0.9602780536246276,-0.1929434071036013,0.053293611386957984,1.1168335457517116,0.9655743131413439,0.11049945292102267,0.039059913935782856,3.2262311991612704,0.07414763323402847,1.1713323110855893,-0.08538515972366545,0.8355539221120745,0.9530828460110832,-0.17965808934784683,0.138849503616025,1.3547675511671857,0.921605132712673,0.3036317766431248,-0.05346434389235959,0.40188127526574996,0.12531202127624388,-0.9115707328615832,0.013194033100535463,1.0133729581558921,1.9862832439965579,0.01328532968974509,0.18279599407493197,1.2130424169671374,1.8988371809406603,0.1931325587797557,-4.460471923747555,0.12456106252567918,5.729780890862845,-2.0829576456016694,8,8,0.5,320,352,-32,0.5,0.5
31,baltimore-ravens,2014,1.065996732136104,0.9754198902676203,0.6164758294353434,0.92331458198396,1.0534562328028902,1.1749155771053386,51244023.0,41479493.0,3419411.0,11693684.0,15945215.0,1088794.0,26,23,3,41,49,3,0.532998366068052,0.43143572069529357,0.03556591323665442,0.40705266517572436,0.5550468323370067,0.03790050248726899,0.5,0.4423076923076923,0.057692307692307696,0.44086021505376344,0.5268817204301075,0.03225806451612903,-0.08457402812241521,0.8394803533253576,0.9691894127377998,-0.17496994470002153,0.05913978494623656,1.1341437688934024,0.9408602150537635,0.1258799775968926,0.025434243176178664,1.7884060978725045,0.08995037220843673,0.5813421082354316,-0.12361111164171312,0.7772946682428264,0.9864825530323003,-0.25193344425974373,0.1259457008923276,1.309405642712878,0.9400510312437763,0.26957520258034423,-0.002334589250614569,0.9383773967430687,0.07346641572392341,-0.06357495253612995,-0.07803634253526992,0.9259226287453178,2.0288761230705106,-0.07696357689853411,0.14268215015214392,1.1545312923730366,1.989311314120064,0.14369539223113034,-0.5584397476699952,0.5246975329552036,1.791391406540682,-0.6449316879979263,10,6,0.625,409,302,107,0.5,0.5
32,baltimore-ravens,2015,1.2872264424218518,0.5882987786479056,1.4341043081186935,0.6772215989650873,1.21112088874323,0.0015456560235787317,43792136.0,16307900.0,5421000.0,19278384.0,56416630.0,1000.0,27,22,3,44,72,1,0.6683675758728845,0.24889563712026774,0.0827367870068477,0.2546816269612294,0.7453051623035263,1.3210735244262663e-05,0.5192307692307693,0.4230769230769231,0.057692307692307696,0.37606837606837606,0.6153846153846154,0.008547008547008548,-0.19230769230769235,0.6874988828143154,1.0384615384615385,-0.3746927108065203,0.1431623931623932,1.3806781468331097,0.8952991452991453,0.3225767151390945,0.04914529914529915,6.749210342389941,0.06623931623931624,1.9094428449115175,-0.49640952518325854,0.3339508643682794,0.994200799423794,-1.0967573917572522,0.4136859489116551,2.624315540669489,0.923049202834114,0.9648216118132823,0.08272357627160343,5822.132745752985,0.08274999774209196,8.669434011207965,-0.6228221100953245,0.4857469624782174,1.7994196673911356,-0.7220657441905528,0.6100048434567645,1.9007434843269486,1.9644480413869392,0.6422458940358542,1.4325586520951148,927.2289935550051,1.4356499641422722,6.83220125884762,5,11,0.313,328,401,-73,0.5,0.333
33,baltimore-ravens,2016,0.938013567193195,1.0361527882753392,1.1498542237074512,1.3201151022271775,0.7439079182182581,0.0,47156793.0,61149776.0,7540000.0,20601349.0,14511525.0,0.0,23,27,3,36,45,0,0.407062491423462,0.5278514204421539,0.06508608813438402,0.5867178232120789,0.4132821767879212,0.0,0.4339622641509434,0.5094339622641509,0.05660377358490566,0.4444444444444444,0.5555555555555556,0.0,-0.04612159329140464,0.9169794815124049,1.0649895178197064,-0.08666821968301748,-0.010482180293501009,0.9764128974106037,0.8784067085953878,-0.023867427058941,0.05660377358490566,56603.77358490566,0.05660377358490566,,0.11456924365423277,1.277214873696696,0.9411335972300752,0.244683721811571,-0.17965533178861687,0.6937948388888194,0.9937803146355408,-0.36557652675531355,0.06508608813438402,65086.08813438402,0.06508608813438402,,0.2922448700570811,1.392848993875536,1.7800607064935972,0.3313522504945968,-0.3821015350339826,0.7105538411437187,2.2581286694203726,-0.3417094890028584,1.1498542237074512,1149854.2237074513,1.1498542237074512,,8,8,0.5,343,321,22,0.667,0.583
34,baltimore-ravens,2017,0.7777200977110401,1.2053746226444064,1.140877330371278,1.1528729791587355,0.9056741192424824,0.0,41166256.0,63802852.0,7246666.0,20524189.0,26131020.0,0.0,25,25,3,29,47,0,0.3668491026938869,0.5685729352096257,0.06457796209648743,0.4399120578368859,0.5600879421631141,0.0,0.4716981132075472,0.4716981132075472,0.05660377358490566,0.3815789473684211,0.618421052631579,0.0,-0.1467229394240318,0.7627446518123414,1.090119165839126,-0.27082984712986513,0.0901191658391261,1.236171126026483,0.8532770605759683,0.21202092092746758,0.05660377358490566,56603.77358490566,0.05660377358490566,,0.008484993046511624,1.0151475817639706,1.1286608773727398,0.015035761464528974,-0.07306295514299904,0.833912738343652,0.8067611605307727,-0.18162378646818658,0.06457796209648743,64577.962096487434,0.06457796209648743,,0.299700503401924,1.3309128152406309,2.111048741886889,0.28586586368467376,-0.37515288144769543,0.6745924635045981,1.9305930768697757,-0.39364524240687554,1.140877330371278,1140877.330371278,1.140877330371278,,9,7,0.563,395,303,92,0.5,0.583
35,baltimore-ravens,2018,0.9964083193806482,0.9856992457462896,1.1455339327307323,0.738426274194964,1.138831553437782,1.3401913836372983,73399272.0,67024985.0,9736666.0,5337578.0,14592796.0,440333.0,26,24,3,22,39,1,0.488804081205601,0.44635437543228207,0.06484154336211692,0.2620222263272453,0.7163617836140886,0.021615990058666105,0.49056603773584906,0.4528301886792453,0.05660377358490566,0.3548387096774194,0.6290322580645161,0.016129032258064516,-0.17620206938527083,0.7198827452662308,1.0818624467437614,-0.3286647257001623,0.13572732805842969,1.3825003920271972,0.8454047474132684,0.3238957764377495,0.040474741326841146,3.5092163908479184,0.07273280584297018,1.255410428593613,-0.2700074081818066,0.6230842607154999,1.1627161590463708,-0.4730712790256725,0.22678185487835567,1.865499055397193,0.7508263075328463,0.623530653132598,0.04322555330345082,2.99956391644462,0.08645753342078302,1.098482339009667,-0.15313230769149233,0.865534834573151,2.124530799184072,-0.14440664274993956,0.25798204518568424,1.3493655424184272,1.7348345935756122,0.2996355170056735,-0.19465745090656594,0.8547533523670232,2.485725316368031,-0.15694145547152738,10,6,0.625,389,287,102,0.5,0.667
36,baltimore-ravens,2019,1.1632744599309,0.8202220807673558,1.2518796205690501,0.9936164848585074,1.0684458976403157,0.0015047493353908272,73495299.0,56139809.0,9886668.0,27073131.0,23431620.0,2000.0,24,26,3,41,33,2,0.5267657931762566,0.4023730962254953,0.07086111059824812,0.5360299457789316,0.4639304555543476,3.9598666720811246e-05,0.4528301886792453,0.49056603773584906,0.05660377358490566,0.5394736842105263,0.4342105263157895,0.02631578947368421,0.05635551142005957,1.1297858486121222,0.9247765640516385,0.12203013872102078,-0.08664349553128103,0.8393909889245728,0.9923038728897716,-0.1750764549480767,0.030287984111221453,2.150861663483203,0.08291956305858987,0.7658862020749683,-0.06155735932885231,0.8673115207174371,0.8663035517798429,-0.14235457269903248,-0.009264152602674991,0.9827152654606324,1.062795738955188,-0.017433961157005094,0.07082151193152732,1745.4048697102676,0.07090070926496893,7.464755936764106,-0.2482238168729599,0.7676769735387236,1.8886679784076716,-0.26438502250474966,0.16965797507239255,1.1707467689103237,2.1568909447894073,0.15764266887371842,1.2503748712336593,831.399749709414,1.253384369904441,6.723111524569889,14,2,0.875,531,282,249,0.833,0.833
37,baltimore-ravens,2020,1.4031062175911757,0.573308442235536,0.8332860428030244,0.6922669421459869,1.416218204571374,0.05979539511620392,93404638.0,33761421.0,8534118.0,18093539.0,37015200.0,180329.0,26,23,4,52,52,6,0.6883162576862372,0.24879422964938358,0.06288951266437921,0.32725346355992113,0.6694849694337405,0.003261567006338396,0.49056603773584906,0.4339622641509434,0.07547169811320754,0.4727272727272727,0.4727272727272727,0.05454545454545454,-0.03876500857632931,0.9179951553295518,0.9066895368782162,-0.08556086144919009,0.01783876500857634,1.0377336538507977,0.9632933104631218,0.037041194757431964,0.020926243567753,1.383622432330879,0.1300171526586621,0.3247182608790697,-0.4206907397843569,0.37161978145683444,0.918279199083124,-0.9898800208823112,0.36106279412631603,2.1033059418002553,1.0155697212461583,0.743511817703817,0.05962794565804082,19.27608307881486,0.06615107967071761,2.9588810095060785,-0.842909762335838,0.40481617562095606,1.98952664680691,-0.9043204580090555,0.7108392754451888,2.026825354994245,2.0953731597371625,0.7064714171104663,0.7734906476868205,13.935389268595165,0.8930814379192283,2.634432795207123,11,5,0.688,468,303,165,0.667,0.583
38,baltimore-ravens,2021,1.1479598044729487,0.8395815702193264,1.161447562593841,1.2755736459624565,0.7954152675306688,0.008250713098752744,60333343.0,45823053.0,7043333.0,43157198.0,26403962.0,21068.0,26,27,3,53,52,4,0.5329813377910119,0.40479825707003236,0.06222040513895576,0.6202330572111028,0.37946416432655766,0.0003027784623395503,0.4642857142857143,0.48214285714285715,0.05357142857142857,0.48623853211009177,0.47706422018348627,0.03669724770642202,0.005078636959370886,1.0106434859313742,0.9592070773263435,0.010589316837170017,-0.02195281782437747,0.9548497882738856,0.9505242463958061,-0.04619908679446977,0.016874180865006548,1.4597816495214788,0.0902686762778506,0.37830553590593446,0.0253340927434747,1.0667599957124754,0.7842624213965901,0.06462848365378314,-0.08725171942009091,0.8593229146228686,1.1532143950021148,-0.15160863216626894,0.06191762667661621,204.82164752486142,0.06252318360129532,5.322155660153173,0.04416630268865762,1.0555247667058238,1.6349968377499953,0.05403924352970343,-0.12761384148950783,0.8999550187882428,2.4235334504354054,-0.10540962492073844,1.1531968494950882,140.7522957589734,1.1696982756925938,4.947002438779507,8,9,0.471,387,392,-5,0.167,0.417
39,baltimore-ravens,2022,0.9145846555715517,1.1198782853373004,0.7128088257595653,0.9218759366071808,1.0569363276157364,2.5281311692110484,69101866.0,84612921.0,6462792.0,21441255.0,21948686.0,1050000.0,25,25,3,56,50,1,0.4314078564016753,0.5282444742157079,0.0403476693826169,0.48247712570095447,0.4938954801942694,0.023627394104776153,0.4716981132075472,0.4716981132075472,0.05660377358490566,0.5233644859813084,0.4672897196261682,0.009345794392523364,0.004408393581378955,1.0094318020800945,0.9389878328337153,0.009389720349881683,-0.05166637277376118,0.9012786013642358,0.9950625991888555,-0.10393873567187169,0.047257979192382296,6.055955786315771,0.06594956797742903,1.801059881812599,0.034348994021438484,1.0695449257057432,1.0221399544099772,0.06723514798914151,-0.051069269299279185,0.8941500835398845,0.9138849821026298,-0.11187932122930488,0.016720275277840747,1.7075925347995264,0.06397506348739306,0.5351092884138975,0.06294195772156397,1.059550321553642,2.176814612953037,0.057845486119505386,-0.007291281035629149,0.9920897456633776,1.8364605921787325,-0.007940612978748988,-1.8153223434514831,0.2819507755332312,3.2409399949706135,-1.2660213752274765,10,7,0.588,350,315,35,0.5,0.5
40,baltimore-ravens,2023,0.8704156790638002,1.1428082680286302,0.7990029112414703,0.8159605663889671,1.165833574115634,0.8606739515899449,69221582.0,98457838.0,7942792.0,17823310.0,28716649.0,400000.0,24,26,3,47,53,1,0.394150496179834,0.5606229239385734,0.045226579881592656,0.3797044219829847,0.6117740537438475,0.008521524273167772,0.4528301886792453,0.49056603773584906,0.05660377358490566,0.46534653465346537,0.5247524752475248,0.009900990099009901,-0.034186437511675716,0.9348504790834408,1.0153185129833737,-0.06736663944060307,-0.012516345974220078,0.9731010802849929,0.9181767233327107,-0.02726510867594167,0.04670278348589576,5.716403775294167,0.06650476368391556,1.743357563568017,-0.05115112980527414,0.9163873559533996,1.1723969776824208,-0.08731434228865188,0.01444607419684929,1.0380428441643286,0.7738549181628187,0.03733959667880753,0.03670505560842488,5.306711771298037,0.05374810415476043,1.6689945019755128,-0.023025306087003816,0.9802490794163736,2.3086418421442643,-0.019947701904571437,0.05445511267483316,1.066736124491524,1.6863762454527673,0.06460478460407744,-0.06167104034847459,0.928344562329197,1.6596768628314151,-0.07435106793662402,13,4,0.765,483,280,203,0.5,0.667
41,baltimore-ravens,2024,0.9450142551933088,1.1112631887206539,0.5493498823192071,1.0398755517408687,0.9830906339025302,0.005136105247613607,99843330.0,112892291.0,6696959.0,15853323.0,16582041.0,1666.0,26,25,3,47,52,1,0.45500686361159315,0.5144736984817843,0.030519437906622617,0.48874150931820826,0.5112071296293156,5.136105247613607e-05,0.48148148148148145,0.46296296296296297,0.05555555555555555,0.47,0.52,0.01,-0.05703703703703705,0.8903116781755476,0.982962962962963,-0.11618151736681659,0.011481481481481481,1.0244265043722918,0.9514814814814814,0.024135024998849546,0.04555555555555555,5.555000055550001,0.06555555555555555,1.7147164329295954,0.0032665688524686765,1.0063879438983816,1.0256808281110998,0.006369571191111841,-0.03373464570661511,0.930974603061076,0.9437483729298014,-0.07152108351452456,0.03046807685414648,582.8652493288226,0.030570798959098755,6.367988791874775,0.12817255481812373,1.1303759999556984,2.094353822623184,0.1225512205775226,-0.09486129654755981,0.9087754249398645,1.9848898069341776,-0.09565621441567393,0.5442137770715935,106.93763429791561,0.5544859875668208,4.672247627837744,12,5,0.706,518,361,157,0.667,0.667
42,buffalo-bills,2011,1.207537172927256,0.8119118469186377,0.7666117618492779,1.5682535646279934,0.6725517420174704,0.5062904225576732,40733671.0,27388101.0,2155000.0,22942438.0,13118607.0,1975112.0,24,24,2,15,20,4,0.5796178430050828,0.38971768652094607,0.030664470473971115,0.6031744479338436,0.3448983292397284,0.051927222826428025,0.48,0.48,0.04,0.38461538461538464,0.5128205128205128,0.10256410256410256,-0.03282051282051279,0.9359981748035592,0.9928205128205128,-0.06613966917148062,0.09538461538461535,1.2479967552084363,0.8646153846153846,0.22154175328177902,-0.06256410256410255,0.38999619753707404,0.14256410256410257,-0.9415932901234088,0.044819357281217664,1.129946200185463,0.7346160157606745,0.12217258709221408,-0.02355660492876077,0.9609440254747494,1.1827922909389263,-0.039837392559094645,-0.02126275235245691,0.5905164630121894,0.08259169330039914,-0.5267251534504364,0.13936010490116735,1.2072091840457433,1.4844635889361082,0.18831246782771335,-0.36071639170073744,0.7699879854733257,2.7757907375552495,-0.2613795394060223,0.2603213392916047,1.514170945216736,1.2729021844069512,0.4148693627362177,6,10,0.375,372,434,-62,0.167,0.333
43,buffalo-bills,2012,1.1207398013921,0.9311629021983634,0.6282138777611694,1.3289917372356503,0.705354835516806,1.108438310432001,42895478.0,32898059.0,3699141.0,31774358.0,19273212.0,1892945.0,26,24,4,28,32,2,0.5396154599295296,0.4138501787548282,0.046534361315642175,0.6001898168161001,0.36405410865383536,0.03575607453006455,0.48148148148148145,0.4444444444444444,0.07407407407407407,0.45161290322580644,0.5161290322580645,0.03225806451612903,-0.07168458781362008,0.8611094427115658,0.9605734767025089,-0.14953142147161816,0.029868578255675016,1.0661352054096114,0.9330943847072879,0.06404222896475265,0.04181600955794504,2.2962251133177833,0.1063321385902031,0.8312800194301284,0.04979607010099285,1.1367789351593496,0.7779042874086636,0.128201184015256,-0.060574356886570424,0.899073169416501,1.1398052767456297,-0.10638900486792463,0.010778286785577629,1.3014029231199014,0.08229043584570672,0.2634643434767996,0.2258080666815574,1.320132130921,1.6365177377151694,0.27773290469663486,-0.2082519358435504,0.8433001701147567,2.4497315386277503,-0.17043141840911655,-0.4802244326708316,0.5667553215126686,1.7366521881931705,-0.5678260083013857,6,10,0.375,344,435,-91,0.333,0.417
44,buffalo-bills,2013,1.413467415531983,0.7784935498185956,0.3946280764839631,1.130562105668148,0.8696639585641501,0.8941939300716933,50356205.0,40941581.0,2008432.0,12169840.0,8260080.0,1415511.0,21,31,3,34,30,5,0.5396875586576663,0.4387872735341175,0.02152516780821617,0.5570885738074932,0.3781147645931087,0.06479666159939806,0.38181818181818183,0.5636363636363636,0.05454545454545454,0.4927536231884058,0.43478260869565216,0.07246376811594203,0.12885375494071144,1.2963606547341304,0.9984189723320158,0.25956261638239897,-0.11093544137022399,0.7748647376408132,0.8745718050065876,-0.2550641778934661,-0.01791831357048749,0.7527168852342564,0.12700922266139658,-0.2840477711407034,0.060672508941008785,1.1604574964132943,0.8169020381272263,0.1488165998314235,-0.01740101514982695,0.9687626263925729,1.0967761324651595,-0.03173381178173106,-0.04327149379118189,0.3321905031279111,0.08632182940761424,-1.1020002138602694,-0.09117040874555449,0.8951649047742685,1.6481575083827458,-0.11074604200367136,0.282905309863835,1.2502330992807715,2.544029521200131,0.2233307208335016,-0.49956585358773026,0.44132220303723174,1.2888220065556564,-0.8179775171471245,6,10,0.375,339,388,-49,0.5,0.417
45,buffalo-bills,2014,1.245947360204952,0.8491695915630514,0.4670058915012178,0.6190817061436076,1.39826593403308,1.2938151979575878,62216549.0,44170206.0,3886667.0,11748203.0,24260245.0,1403000.0,24,25,4,35,32,2,0.5642025782060159,0.40055169413351477,0.03524572766046927,0.31402695239168504,0.6484711578124429,0.03750188979587211,0.4528301886792453,0.4716981132075472,0.07547169811320754,0.5072463768115942,0.463768115942029,0.028985507246376812,0.007929997265518185,1.0170968634886617,0.9354662291495761,0.016954476863689154,-0.05441618813234894,0.892720612032734,0.9600765654908395,-0.11347940319206393,0.04648619086683073,2.6036837578160155,0.10445720535958436,0.9569405221124136,-0.24791946367892814,0.6176852611293853,1.0490228519459577,-0.48177374089957203,0.2501756258143309,1.7966635578424233,0.878229530597701,0.585933138333864,-0.0022561621354028408,0.9398136477565181,0.07274761745634137,-0.06204529860858032,-0.5490963424700287,0.6073014893613738,2.2474355255961314,-0.49872874603019607,0.6268656540613444,2.0125701264798885,1.8650290663485596,0.6994133777611417,-0.82680930645637,0.36095226836580896,1.7608210894588057,-1.0190074086861798,9,7,0.563,343,289,54,0.667,0.417
46,buffalo-bills,2015,1.2648141392543701,0.7885244949710953,0.6137646598336145,1.106196511334138,0.9776257216882012,0.11151685422196665,54738612.0,32760724.0,4250000.0,23140782.0,23239977.0,212077.0,25,24,4,44,50,4,0.5966104430445143,0.3570676958359677,0.046321861119518075,0.49665965815002117,0.49878863351438835,0.004551708335590475,0.4716981132075472,0.4528301886792453,0.07547169811320754,0.4489795918367347,0.5102040816326531,0.04081632653061224,-0.05737389295340778,0.8875454302222775,0.9630342703118984,-0.11929336162893465,0.022718521370812483,1.0505980030848938,0.9206777050442818,0.04936164879589564,0.0346553715825953,1.8490113029966615,0.11628802464381979,0.6146643153307897,-0.14172093767842064,0.7158683177116743,0.855856329350356,-0.334256242160754,0.0999507848944931,1.2012436122216517,1.0932701011945354,0.1833590398129699,0.0417701527839276,10.174572519262918,0.05087356945510855,2.3199133054432806,-0.18910122671710583,0.8065701125777768,1.7661502166592964,-0.21496318262445008,0.15861762792023204,1.1433890659624892,2.3710106505885085,0.13399750769117544,0.5022478056116478,5.503734483735394,0.7252815140555812,1.7054284881546848,8,8,0.5,379,359,20,0.667,0.583
47,buffalo-bills,2016,1.0966943181821012,0.9492087949132872,0.6666358986280359,1.2652325873628083,0.8783674474150741,0.08795657474204371,55868187.0,52384505.0,4245000.0,22781674.0,16825332.0,235876.0,24,26,3,47,50,7,0.4966162950258571,0.4656495975046315,0.03773410746951146,0.571787803904346,0.4222920420264779,0.00592015406917602,0.4528301886792453,0.49056603773584906,0.05660377358490566,0.4519230769230769,0.4807692307692308,0.0673076923076923,0.009796806966618277,1.0203752361100749,0.9713352685050798,0.020172476644210832,0.0009071117561683661,1.0020050088110766,0.9047532656023223,0.0020052097945235936,-0.010703918722786643,0.8409578561733068,0.12391146589259797,-0.1731960653198307,0.043357555478153564,1.1026693579181328,0.8879416395311094,0.09773607670106291,-0.07517150887848895,0.8685309884258166,1.068404098930203,-0.14094999991431859,0.03181395340033544,6.372762307595635,0.04365426153868748,1.85205951972456,0.07084134749821314,1.080649922827587,1.8275762423283615,0.07756369404326612,-0.16853826918070713,0.8667919735422119,2.3619269055449097,-0.14295535740496132,0.5786793238859922,7.579061844111806,0.7545924733700795,2.0253909247950146,7,9,0.438,399,378,21,0.167,0.333
48,buffalo-bills,2017,0.8697928053488359,1.1614659848686046,0.6961076833042755,0.8085125755700847,1.303079423711467,0.30287699939799895,42133443.0,58606583.0,4215000.0,20764185.0,28141552.0,707134.0,24,25,3,44,37,4,0.40144283323792423,0.5583971081099061,0.04016005865216974,0.4185241567656909,0.5672228079685209,0.014253035265788186,0.46153846153846156,0.4807692307692308,0.057692307692307696,0.5176470588235295,0.43529411764705883,0.047058823529411764,0.04547511312217195,1.1044673171800719,0.9160633484162897,0.09936523283604377,-0.056108597285067896,0.891606669186417,0.979185520361991,-0.11472803081342302,0.010633484162895931,1.2259354873324326,0.10475113122171946,0.20372154886599922,-0.00882569985861481,0.9844387704912684,1.1256199160784268,-0.01568178550654389,-0.017081323527766645,0.9591844761261745,0.8199669900036151,-0.04166936857692319,0.025907023386381553,2.817451893679531,0.05441309391795793,1.0358577927225445,-0.14161343884286226,0.891323331802106,2.4645454085800713,-0.11504716993605961,0.06128022977875114,1.0757924562188619,1.6783053809189206,0.07305870827844618,0.3932306839062766,2.298310490322377,0.9989846827022745,0.8321757201400516,9,7,0.563,302,359,-57,0.5,0.583
49,buffalo-bills,2018,1.215771620340046,0.842904741769937,0.6353192752735105,0.7128540017394175,1.3505187864896242,0.2759754532050096,57260574.0,43007510.0,3740294.0,23872370.0,50395544.0,1320284.0,24,26,3,35,39,5,0.5505380922294548,0.413500439358837,0.03596146841170814,0.31582139317569125,0.6667118059885486,0.0174668008357601,0.4528301886792453,0.49056603773584906,0.05660377358490566,0.4430379746835443,0.4936708860759494,0.06329113924050633,-0.00310484834010033,0.9937086789268318,0.9842369238117985,-0.006309156372777972,0.009792213995701016,1.0221001188500283,0.8958681633627896,0.021861658964016817,-0.006687365655600672,0.894325492298731,0.119894912825412,-0.11166781821565937,-0.2532113666297116,0.6202077350917709,1.0802122453473857,-0.4776983820881052,0.23471669905376358,1.7431889065674702,0.8663594854051461,0.5557179571987767,0.018494667575948042,2.058729015165308,0.05342826924746824,0.7221166166139105,-0.5076140447196872,0.6241335744964392,2.193423528259561,-0.47138968545465704,0.5029176186006284,1.7054963735591049,1.9286256220794633,0.5338570190756134,0.3593438220685009,2.3020778327111935,0.9112947284785201,0.8338136946470441,6,10,0.375,269,374,-105,0.333,0.333
50,buffalo-bills,2019,1.0933967814957364,0.9432027865992845,0.7450682641736426,0.597068408942685,1.3153118452270065,0.0019099559881585867,75664930.0,70710519.0,6445000.0,5000485.0,16982720.0,1333.0,24,26,3,24,37,2,0.49512307086599383,0.4627032538034226,0.04217367533058354,0.22745463197816573,0.7724847344984006,6.063352343360593e-05,0.4528301886792453,0.49056603773584906,0.05660377358490566,0.38095238095238093,0.5873015873015873,0.031746031746031744,-0.09673554956573827,0.8352866960620713,1.0778676250374364,-0.17997822602512403,0.07187780772686436,1.188676125008191,0.8337825696316262,0.17284239617375127,0.024857741838873917,1.7829627045993335,0.0883498053309374,0.5782940879543028,-0.309781480694978,0.5989796744969931,1.2351879883018233,-0.512525452624693,0.2676684388878281,2.17678967348464,0.7225777028441596,0.7778531842763037,0.042113041807149934,684.2652014859201,0.04223430885401715,6.52836927514139,-0.37210905862772203,0.7170938761998478,2.2585146318262908,-0.33254745758713744,0.4963283725530514,1.8312724871166457,1.6904651904384214,0.6050119879426403,0.743158308185484,389.89294823665546,0.7469782201618012,5.965873551901064,10,6,0.625,314,259,55,0.5,0.583
51,buffalo-bills,2020,1.0801860708152362,1.0156994202877467,0.2061873809043921,0.5651770781582116,1.3322640080800825,1.4814148286091935,103949999.0,93834459.0,2381054.0,4487427.0,12693588.0,882167.0,25,24,3,40,48,3,0.519320226353479,0.46878434782511386,0.011895425821407237,0.24842948490470837,0.7027326636026808,0.04883785149261077,0.4807692307692308,0.46153846153846156,0.057692307692307696,0.43956043956043955,0.5274725274725275,0.03296703296703297,-0.06593406593406592,0.8749983411489782,0.989010989010989,-0.1335311217917395,0.04120879120879123,1.0937475117244109,0.9203296703296704,0.0896119636901117,0.024725274725274728,1.7499469182768124,0.09065934065934067,0.5596027882452485,-0.23394831577756697,0.6670867956172941,1.1715170114277946,-0.40483297999596524,0.27089074144877057,2.090404591661434,0.7677497112581874,0.7373595573609706,-0.03694242567120354,0.24356481485251535,0.06073327731401801,-1.4122881293928984,-0.31656458779233576,0.7623854219150167,2.3479634283678292,-0.2713020635898927,0.5150089926570246,1.9112313668203833,1.645363148973448,0.6477486547685616,-1.2752274477048013,0.13918265008547143,1.6876022095135856,-1.9719633290950584,13,3,0.813,501,375,126,1.0,0.833
52,buffalo-bills,2021,1.06076930171781,1.0054058920620526,0.40802718402260507,1.6009324402619354,0.7175567159657357,0.8618661325182295,86216174.0,75663334.0,3684804.0,11917538.0,11027779.0,827850.0,27,25,3,31,64,4,0.5207412935705613,0.4570026782100239,0.02225602821941482,0.5013020772537373,0.46387504870512203,0.03482287404114059,0.4909090909090909,0.45454545454545453,0.05454545454545454,0.31313131313131315,0.6464646464646465,0.04040404040404041,-0.191919191919192,0.703123912355198,1.101010101010101,-0.35221994046557586,0.17777777777777776,1.5677369288401306,0.8040404040404041,0.4496351699129763,0.014141414141414135,1.3499665883269387,0.09494949494949495,0.3000981759218939,-0.006872370495098146,0.9851827432904012,0.9208777269151459,-0.014925940666163921,0.019439216316823993,1.0387753780074747,1.0220433708242986,0.038044418521394494,-0.012566845821725767,0.6391025936149942,0.05707890226055541,-0.4476453534663775,0.2878491760963169,1.4011498583203332,1.7229626080277882,0.3372942215108033,-0.5401631385441255,0.6625942559762217,2.661701741979745,-0.41159151535836946,-0.45383894849562445,0.4734223740849925,1.2698933165408346,-0.7477648696680442,11,6,0.647,483,289,194,0.833,0.583
53,buffalo-bills,2022,1.0510638314062095,1.0287838623622578,0.3271758955814551,1.0855824514791255,0.9351566026561035,0.6820011699264876,84181685.0,76058991.0,3023554.0,22827543.0,19664400.0,935287.0,26,24,3,46,46,3,0.5156162191804047,0.4658643905036639,0.01851939031593142,0.5256504501898924,0.4528126707597975,0.02153687905031014,0.49056603773584906,0.4528301886792453,0.05660377358490566,0.4842105263157895,0.4842105263157895,0.031578947368421054,-0.03138033763654419,0.9351908495955998,0.9370407149950348,-0.06700244497709412,0.006355511420059579,1.013123420395233,0.9747765640516386,0.01304009282500816,0.025024826216484608,1.7923960709797648,0.08818272095332672,0.5835709783937435,0.01305171974386643,1.0288213907543207,0.9186770612634614,0.02841601277644082,-0.010034231009487748,0.980908963523524,1.0412666693702972,-0.019273683968053686,-0.0030174887343787198,0.859852090016484,0.040056269366241556,-0.15094089687905382,0.09362725970615438,1.1001181613026834,1.9639404650183612,0.09541856542234894,-0.03451862007291595,0.9682017812394963,2.136646282885335,-0.032313810318351094,-0.3548252743450325,0.47972852581498543,1.0091770655079428,-0.734531849839498,13,3,0.813,455,286,169,0.667,0.818
54,buffalo-bills,2023,0.8991790684049523,1.1877229037536496,0.46817945557744867,1.6514534228865612,0.5731862534484383,0.4833156365500039,83376502.0,93815951.0,4823556.0,30622288.0,15487068.0,512111.0,27,23,3,35,51,2,0.45807235560252285,0.5154269204968669,0.026500723900610302,0.6568280659207913,0.3321874877939813,0.010984446285227361,0.5094339622641509,0.4339622641509434,0.05660377358490566,0.3977272727272727,0.5795454545454546,0.022727272727272728,-0.14558319039451117,0.7487963402197074,1.013507718696398,-0.28928593701262795,0.11170668953687823,1.2808593132464492,0.9071612349914236,0.247533154119483,0.033876500857632934,2.490456457651712,0.07933104631217838,0.9124836765128336,0.18323943270288562,1.5516098222420267,0.8476144082908481,0.4392949270967459,-0.1987557103182685,0.6973996422651657,1.1149004215233143,-0.36039447463689567,0.015516277615382941,2.4123484119390812,0.03748517018583766,0.8806384519337563,0.6145366503052113,2.072137676837736,1.760909157202088,0.7285816104869024,-0.7522743544816088,0.5444770718124246,2.5506324912915135,-0.6079283340715855,-0.015136180972555258,0.9686806126091437,0.9514950921274525,-0.03181819064278225,11,6,0.647,451,311,140,0.667,0.583
55,buffalo-bills,2024,0.9590299483263459,1.0724983937519428,0.7750866311561262,0.7995255550519358,1.2314988754260394,0.0764117460050266,82382807.0,85043076.0,7682500.0,30052601.0,50740559.0,165702.0,26,24,3,52,57,3,0.47046752182047163,0.48565965000087974,0.04387282817864865,0.3712082934169702,0.6267449633864666,0.0020467431965632125,0.49056603773584906,0.4528301886792453,0.05660377358490566,0.4642857142857143,0.5089285714285714,0.026785714285714284,-0.0560983827493261,0.8897698504886354,0.9617587601078167,-0.11679023632308715,0.026280323450134757,1.0566014978278335,0.9548517520215634,0.05505966179865388,0.029818059299191377,2.113128657033282,0.08338948787061995,0.7481872916171239,-0.14108531338558683,0.774890750594927,1.1124046133873464,-0.2550311674868327,0.09925922840350143,1.2673915501679187,0.8416758152374418,0.23696301636784503,0.04182608498208543,21.424965909925472,0.04591957137521186,3.0645796662385414,-0.15900048167409664,0.8708879433551792,2.303997269177982,-0.13824103086854755,0.15950439327441013,1.199497305332215,1.7585555033782816,0.18190359952232407,0.6986748851510995,10.143420720741265,0.8514983771611528,2.3168265806366533,13,4,0.765,525,368,157,0.833,0.75
56,carolina-panthers,2011,0.8053846811467812,1.2134659175141125,0.9412375592932094,0.7931138138926523,1.165726242109113,1.329279551985875,47071114.0,66489026.0,5157291.0,1909278.0,2806275.0,400000.0,32,30,3,8,8,1,0.39649707379533844,0.5600611926988212,0.043441733505840435,0.37323003006713057,0.5485770551101709,0.07819291482269854,0.49230769230769234,0.46153846153846156,0.046153846153846156,0.47058823529411764,0.47058823529411764,0.058823529411764705,-0.009049773755656076,0.9807671466390443,0.9321266968325792,-0.01941804419052422,0.021719457013574694,1.0461516230816472,0.96289592760181,0.04512034153066439,-0.012669683257918549,0.7846020463805962,0.10497737556561086,-0.242556970594865,0.0114841375886503,1.0209325500385613,1.108638247808992,0.020718259872003725,0.02326704372820787,1.0623368419394903,0.769727103862469,0.060473571580799905,-0.0347511813168581,0.55556412035825,0.12163464832853897,-0.5877482293018222,0.04773967540499946,1.0409518399163662,2.3791921596232255,0.04013634935929416,0.012270867254128848,1.015470480489335,1.5984984950394336,0.015353274315646228,-0.3880419926926657,0.7080804408723577,2.2705171112790845,-0.3451965122605163,6,10,0.375,406,429,-23,0.333,0.25
57,carolina-panthers,2012,0.9154369185942429,1.1884037464697361,0.2616133660298185,1.470579582136012,0.618075747960317,0.7226841874484827,35683990.0,52366616.0,1773524.0,23897203.0,11159834.0,1957293.0,23,26,4,18,20,3,0.3972650778805205,0.582990517136097,0.01974440498338253,0.6456203043523954,0.3015003648586912,0.052879330788913374,0.4339622641509434,0.49056603773584906,0.07547169811320754,0.43902439024390244,0.4878048780487805,0.07317073170731707,0.0027611596870685817,1.0056583157589434,0.9783709157846295,0.005644406081239017,-0.0050621260929590295,0.9884673501681847,0.8729866543948459,-0.011597362244841602,0.0023009664058904755,1.031432444637093,0.1486424298205246,0.030961808942907836,0.28149015227740576,1.9336248026914744,0.8844908819947881,0.6593980928262424,-0.24835522647187486,0.6153221326532989,1.0428853822329158,-0.48560683816728867,-0.033134925805530846,0.37337899912536177,0.0726237357722959,-0.9851106457788598,0.5703279985094192,1.922744627413223,1.806479494430053,0.6537545001954933,-0.555142663541769,0.6225003442277028,2.3860165007302547,-0.4740100052932357,-0.46107082141866423,0.3620018378313141,0.9842975534783012,-1.0161021678598074,7,9,0.438,357,363,-6,0.5,0.417
58,carolina-panthers,2013,0.7823450010694165,1.2577748622163671,0.5071911855694868,1.5456464880712417,0.5062250590543431,1.1569416323802226,25663213.0,44696934.0,2079670.0,26267977.0,9789850.0,2034001.0,24,26,3,29,33,3,0.3542694344465282,0.6170216305212367,0.028708935032235105,0.6895961254471694,0.25700656844297415,0.05339730610985642,0.4528301886792453,0.49056603773584906,0.05660377358490566,0.4461538461538462,0.5076923076923077,0.046153846153846156,-0.017126269956458606,0.9662645347162252,0.9982583454281567,-0.034315598337052014,0.006676342525399115,1.0149619410905095,0.8989840348330915,0.014853323659083326,0.010449927431059505,1.2263885225882998,0.10275761973875182,0.2040913564221804,0.36001506207826256,2.400791674188163,0.8740281989642109,0.8758001678931312,-0.3353266910006412,0.5137339199562383,1.0438655598936977,-0.6660469903104136,-0.024688371077621316,0.5376375605093571,0.08210624114209153,-0.6205357934401388,0.751549803162024,2.4846110541325284,1.7639999212707103,0.910116924901289,-0.7633014870018252,0.5061600443227044,2.327991489140658,-0.680901088369279,-0.6497504468107358,0.43838922637505623,1.6641328179497095,-0.8246461468835603,12,4,0.75,366,241,125,0.833,0.75
59,carolina-panthers,2014,0.8037440356661213,1.254323338266461,0.6662983180952621,1.6061219813439398,0.5580397926582011,0.002263531347335313,34705320.0,49994898.0,3319670.0,31236458.0,14141743.0,1334.0,26,24,3,33,43,1,0.3942895269305501,0.5679954739319822,0.03771499913746766,0.6883379920045457,0.31163261148445,2.9396511004354717e-05,0.49056603773584906,0.4528301886792453,0.05660377358490566,0.42857142857142855,0.5584415584415584,0.012987012987012988,-0.10561136976231311,0.8108805137326124,1.0112717471208037,-0.209632359409231,0.06199460916442051,1.144651417197008,0.9191374663072776,0.13510218998541354,0.04361676059789267,4.358154988103652,0.06959078657191865,1.4720664664446326,0.25636286244753226,1.8226386788843678,0.8796280854164322,0.6002870352479555,-0.2940484650739956,0.5728130056708254,1.0826275189350958,-0.557193421958412,0.0376856026264633,1240.7673739944848,0.03774439564847202,7.123511831484384,0.6962835456082598,2.2477269668612405,1.8123631309246622,0.8099202658747674,-0.8023779456778185,0.5004249643408877,2.409866017010061,-0.6922963686866043,0.6640347867479267,294.23232267431365,0.6685618494425974,5.684371169290684,7,8,0.469,339,374,-35,0.667,0.5
60,carolina-panthers,2015,0.9671422865608862,1.0692052930295668,0.6971035034128905,0.7067944361544138,1.319858773141107,0.053780677616724684,55202052.0,61027552.0,4774670.0,7990698.0,16200731.0,34744.0,25,25,3,35,38,2,0.456199191774003,0.5043421193535693,0.03945868887242776,0.3298374035387265,0.6687284450581609,0.0014341514031126583,0.4716981132075472,0.4716981132075472,0.05660377358490566,0.4666666666666667,0.5066666666666667,0.02666666666666667,-0.034968553459119533,0.9309812807097363,0.9783647798742139,-0.07151398855850662,0.005031446540880502,1.0107795052029471,0.9383647798742139,0.010723940505881518,0.029937106918238993,2.122561913362211,0.08327044025157233,0.7526414753060734,-0.16438632570459155,0.7541796208924306,1.1730705644117303,-0.2821227325706549,0.1263617882352765,1.383099077850225,0.7860365953127295,0.32432888194407217,0.038024537469315105,27.494443294865583,0.04089284027554042,3.3140092648898984,-0.2506534801115401,0.8100900677387776,2.3890640661706737,-0.21060890748445227,0.26034785040647235,1.368348233575173,1.6739367227153,0.31360537748678285,0.6433228257961658,12.96172849758985,0.7508841810296152,2.562002488264701,15,1,0.938,500,308,192,0.833,0.917
61,carolina-panthers,2016,0.8126996194787877,1.2150313761574738,0.9030189552573824,0.5192451522003462,1.4344958612570025,2.8173009466383596,39469415.0,54469830.0,5060290.0,10706361.0,26692337.0,2833667.0,26,24,3,41,37,2,0.3986828321971411,0.550202887316592,0.05111428048626693,0.26611314050267737,0.6634543358313636,0.07043252366595898,0.49056603773584906,0.4528301886792453,0.05660377358490566,0.5125,0.4625,0.025,-0.009669811320754729,0.9790901828952701,0.9153301886792453,-0.021129315003448806,-0.021933962264150897,0.9572001571428135,1.0030660377358491,-0.043740720319213805,0.03160377358490566,2.264060380980987,0.08160377358490567,0.8171774965405157,-0.11325144851477165,0.8292990614464543,1.2136572231479557,-0.18717262175779312,0.13256969169446375,1.4981647778808282,0.6647959726998185,0.4042433858873104,-0.019318243179692052,0.7257095460491751,0.1215468041522259,-0.3205858547079869,-0.21946448509952865,0.84700873802734,2.6495272374144765,-0.16604344491648138,0.2934544672784415,1.5651528972047446,1.331944771679134,0.44798474758055945,-1.9142819913809772,0.32052615316397876,3.720319901895742,-1.1377902974190917,6,10,0.375,369,402,-33,0.167,0.417
62,carolina-panthers,2017,0.9320276791134959,1.1108356266551809,0.6570935538505865,1.1816177178160427,0.8025745079255989,1.4146965450492912,63317796.0,75465209.0,5580000.0,15741835.0,12830541.0,2512930.0,24,24,3,30,36,4,0.4386012607592922,0.5227461772494969,0.038652561991210976,0.5064075933497325,0.41275260407602227,0.08083980257424521,0.47058823529411764,0.47058823529411764,0.058823529411764705,0.42857142857142855,0.5142857142857142,0.05714285714285714,-0.043697478991596594,0.9150309005118111,0.9848739495798319,-0.08879531822794307,0.04201680672268909,1.0980366536007495,0.8991596638655461,0.09352584967795462,0.001680672268907564,1.029393750315252,0.11596638655462185,0.028987036881877076,0.10999357317347463,1.2664848279634062,0.9354987813255191,0.2362471238604269,-0.06780633259044033,0.8661015364255249,0.9450088541090247,-0.1437508497155257,-0.04218724058303423,0.4781318438261666,0.11949236456545619,-0.7378428894473759,0.30826111872958195,1.384088619308027,1.9134101345807797,0.3250427866602818,-0.2495900387025468,0.7887719321475715,2.1136453969295386,-0.23727698637508401,-0.7576029911987047,0.4644763512526573,2.0717900988998776,-0.7668431124377036,11,5,0.688,363,327,36,0.5,0.583
63,carolina-panthers,2018,1.0776239185545808,1.0044424585636347,0.3161135240148717,0.7004639640424832,1.1582577629240582,1.7496384108511327,70193178.0,65426358.0,2470882.0,13184213.0,29347312.0,3799834.0,25,25,3,26,35,3,0.5083131691295192,0.4737936125300164,0.017893218340464433,0.28456348539225884,0.6334222140990943,0.08201430050864686,0.4716981132075472,0.4716981132075472,0.05660377358490566,0.40625,0.546875,0.046875,-0.07517688679245282,0.8625321155207892,1.0185731132075473,-0.147880775385667,0.06544811320754718,1.161100189802726,0.8779481132075472,0.1493701151165895,0.009728773584905662,1.2075214093545878,0.10347877358490566,0.18858750321238194,-0.15962860156907788,0.7479890253215363,1.1072158266291106,-0.2903648625239122,0.22374968373726034,1.7862846392403229,0.792876654521778,0.5801398095200653,-0.06412108216818242,0.2181692712151674,0.0999075188491113,-1.5224281584947885,-0.15381530436042357,0.8672003965917687,2.162700221487693,-0.14248419539570942,0.3771599545120976,1.538440855536099,1.778087882597064,0.43077040006764244,-1.4335248868362611,0.18067352738762016,2.0657519348660043,-1.7110604290459008,7,9,0.438,376,382,-6,0.333,0.417
64,carolina-panthers,2019,1.1658750762156185,0.8754145118382894,0.46227972329921246,1.0907961788215186,0.903731324234763,1.9375605421554747,69569705.0,44498560.0,3065000.0,26065414.0,36545986.0,3561500.0,27,23,3,26,44,2,0.5939363595815416,0.37989686362793695,0.026166776790521463,0.39389862012999277,0.5522802536990218,0.0538211261709854,0.5094339622641509,0.4339622641509434,0.05660377358490566,0.3611111111111111,0.6111111111111112,0.027777777777777776,-0.17714884696016775,0.7101189065978784,1.0450733752620547,-0.3423205445423046,0.14832285115303984,1.4107362965386738,0.870545073375262,0.3441137271808822,0.028825995807127885,2.0376624932068483,0.08438155136268344,0.7118209807306952,-0.17238339007108483,0.6878684747734899,0.9321771173269587,-0.3741549974216329,0.2000377394515488,1.5078368427609392,0.9878349797115343,0.41067775295736514,-0.02765434938046394,0.486171369510622,0.07998790296150687,-0.721155889403482,-0.028316812396473545,0.9686657081559501,1.7791458360730523,-0.031834570720701255,0.0750788973940999,1.0688284667872108,2.256671255037137,0.06656401551433846,-1.4752808188562623,0.23858840776997525,2.3998402654546873,-1.4330131916757307,5,11,0.313,340,470,-130,0.167,0.167
65,carolina-panthers,2020,0.684335755160797,1.3916801967561467,0.3665337340254686,1.2322222517157058,0.9497164768136729,0.2957872337909881,38507847.0,78310402.0,2475000.0,45444635.0,36516216.0,2785200.0,25,25,3,47,49,12,0.32279988450980995,0.6564529229981824,0.020747192492007658,0.5362448688022053,0.430889882998796,0.03286524819899868,0.4716981132075472,0.4716981132075472,0.05660377358490566,0.4351851851851852,0.4537037037037037,0.1111111111111111,0.017994409503843456,1.0396588559848705,0.9254018169112509,0.03889475624822102,0.036512928022362,1.083899556707723,0.9068832983927324,0.08056735885829247,-0.05450733752620544,0.5094293773997544,0.16771488469601675,-0.6744463809966801,0.22556303999938637,1.523478330359607,1.0873428059969783,0.42099761908911854,-0.2134449842923954,0.6019624640294896,0.8590447533120154,-0.5075570898380298,-0.01211805570699102,0.6312613586554656,0.05361244069100633,-0.4599871065138306,0.44196371994247385,1.4653623111425413,2.3413966735698195,0.382103241808344,-0.5478864965549087,0.5553666952867115,1.9165580068765027,-0.5881252099116808,0.07074650023448054,1.2391761813097382,0.6623209678164568,0.21444951717207666,5,11,0.313,350,402,-52,0.167,0.333
66,carolina-panthers,2021,1.0673256324947704,1.0093454985245023,0.29374827567795775,1.166444782261009,1.006300445879337,0.4034866913078146,51631545.0,43595334.0,1522498.0,38359799.0,42779117.0,3883638.0,28,25,3,41,53,12,0.5336628162473852,0.45060066898415274,0.015736514768462023,0.451172038421711,0.5031502229396685,0.04567773863862053,0.5,0.44642857142857145,0.05357142857142857,0.3867924528301887,0.5,0.11320754716981132,-0.05357142857142855,0.8928553571464286,0.9464285714285714,-0.11332844530751202,0.1132075471698113,1.29267958477961,0.8867924528301887,0.25671926148330243,-0.059636118598382755,0.4732101056916854,0.1667789757412399,-0.7481971245448459,-0.05254955395551575,0.8955571375768733,0.9537508919238212,-0.11030703503675107,0.08249077782567421,1.1828340144487337,0.9848348546690961,0.1679151399890355,-0.029941223870158504,0.34450414432322113,0.06141425340708255,-1.0655856141816553,0.0030450526451653026,1.00302499082917,2.0156459444038393,0.0030214154908653856,-0.09911914976623848,0.9150237831250876,2.2337704147557793,-0.08880428463723067,-0.10973841562985687,0.7280228914191628,0.6972349669857724,-0.31741938275321196,5,12,0.294,304,404,-100,0.333,0.25
67,carolina-panthers,2022,0.9283983643400111,1.1221588765663733,0.5141028217046772,0.7465000555742884,1.3582605490951922,0.6495188004758992,53874851.0,70545314.0,3729166.0,29695660.0,42377569.0,2026491.0,24,26,3,51,40,4,0.4204068064935899,0.5504930337872774,0.029100159719132674,0.4007526614135654,0.5718991785663967,0.027348160020037864,0.4528301886792453,0.49056603773584906,0.05660377358490566,0.5368421052631579,0.42105263157894735,0.042105263157894736,0.06951340615690171,1.165091572530157,0.9116186693147964,0.15280172541824583,-0.0840119165839126,0.8435056429704356,0.9896722939424032,-0.17018647874042944,0.014498510427010926,1.3443076953337454,0.0987090367428004,0.2958968223892778,-0.021406144779119285,0.9625683894123247,1.1223922123536743,-0.03814834485776186,0.0196541450800245,1.049040462938511,0.8211594679071553,0.04787828018385044,0.0017519996990948104,1.0640238931583972,0.05644831973917054,0.062092210125383684,-0.23610167252881897,0.8261728952821354,2.4804194256615655,-0.1909503199035524,0.18189830876572266,1.2436665124683417,1.6748984199142996,0.21806495870729126,-0.1354159787712219,0.7915121622589446,1.1636216221805764,-0.23380808855646698,7,10,0.412,347,374,-27,0.667,0.5
68,carolina-panthers,2023,1.1297172730390994,0.8971640458135715,0.6209535247440577,0.6425291129428691,1.396209996068843,0.2401779212957499,78532132.0,53126787.0,4796166.0,29421396.0,66136996.0,758465.0,27,23,3,58,60,4,0.5755163466425601,0.38933534063607816,0.035148312721361756,0.3054646602515279,0.6866606538043492,0.007874685944122948,0.5094339622641509,0.4339622641509434,0.05660377358490566,0.47540983606557374,0.4918032786885246,0.03278688524590164,-0.05784101453758117,0.8823881429176944,0.925765542839468,-0.1251209440979113,0.0340241261985772,1.0715657356070116,0.9848437983297247,0.06912284615401741,0.02381688833900402,1.7263624402851938,0.0893906588308073,0.5460342257050822,-0.297325313168271,0.5669973537607965,1.0759959944404274,-0.5673980738772085,0.2700516863910322,1.8840623399981062,0.880981006894088,0.6334320023463035,0.02727362677723881,4.462889070327949,0.0430229986654847,1.495824780396457,-0.49904595025527154,0.6425705343530578,2.2933740418824144,-0.44227757252127686,0.48718816009623034,1.7582324163218617,1.7722463859819686,0.5643098806627529,0.38077560344830785,2.5853789391427573,0.8611314460398076,0.9498736991866736,2,15,0.118,236,416,-180,0.167,0.083
69,carolina-panthers,2024,0.6996446964658287,1.3177374008361238,0.7550307546390074,0.8724387317531633,1.1793548531609237,0.0014421042833970578,47675217.0,93534703.0,6431167.0,55657808.0,58063897.0,1000.0,24,25,3,92,71,1,0.32291293683038247,0.6335275965558287,0.043559466613788886,0.48941684952006725,0.5105743571611315,8.793318801201572e-06,0.46153846153846156,0.4807692307692308,0.057692307692307696,0.5609756097560976,0.4329268292682927,0.006097560975609756,0.0478424015009381,1.1105066439868203,0.9136960600375235,0.10481842721100595,-0.09943714821763605,0.8227410082911122,1.0225140712945593,-0.1951116534011111,0.05159474671669794,9.45998702366658,0.06378986866791746,2.2470883445405234,0.12295323939469716,1.240811150930449,1.14410195371696,0.21576689818962247,-0.16650391268968479,0.6597898649324646,0.8123297863504497,-0.4158307843181923,0.043550673294987685,4447.8758935576,0.04356825993259009,8.400204890771658,0.13838254767520008,1.117336550545205,2.4970922539970477,0.11094853219006776,-0.1727940352873346,0.8019404332490637,1.572083428218992,-0.22071951733487422,0.7535886503556103,523.1990254104645,0.7564728589224045,6.259963261842154,5,12,0.294,341,534,-193,0.333,0.333
70,chicago-bears,2011,1.0578025313561286,0.9210533815127993,1.1710292737276071,1.2257847670652462,0.8064701996583604,0.0,51442499.0,43192465.0,6101666.0,3971550.0,3048463.0,0.0,28,27,3,6,7,0,0.5106632909995104,0.4287662293249238,0.06057047967556588,0.5657468155685752,0.43425318443142485,0.0,0.4827586206896552,0.46551724137931033,0.05172413793103448,0.46153846153846156,0.5384615384615384,0.0,-0.0729442970822281,0.8645304141479501,1.0039787798408488,-0.14556664513115866,0.02122015915119363,1.0459747452156383,0.9442970822281167,0.044951292624372974,0.05172413793103448,51724.137931034486,0.05172413793103448,,-0.005486955106501046,0.9873623437533792,0.8630194137563487,-0.012715858384007938,-0.055083524569064846,0.9026341365300632,1.0764101065680856,-0.10243601384939602,0.06057047967556588,60570.47967556588,0.06057047967556588,,0.11458318185443883,1.1420784547581841,1.7275235811711598,0.13285089402492206,-0.16798223570911763,0.862958732086358,2.2835872984213745,-0.1473874628216575,1.1710292737276071,1171029.2737276072,1.1710292737276071,,8,8,0.5,353,341,12,0.5,0.583
71,chicago-bears,2012,1.0101360578565923,1.04408217827179,0.4973418154206302,0.6497139549192383,1.0656469595596325,4.853653278176545,52138825.0,55886938.0,2852291.0,5294195.0,9923915.0,2825000.0,27,28,3,14,16,1,0.4702357510711723,0.5040396722691399,0.02572457665968777,0.2934192054473979,0.5500113339662619,0.15656946058634016,0.46551724137931033,0.4827586206896552,0.05172413793103448,0.45161290322580644,0.5161290322580645,0.03225806451612903,-0.03337041156840931,0.9353430153591147,0.9988876529477198,-0.0668398841975475,0.013904338153503892,1.03078589488542,0.9171301446051168,0.030323664190375514,0.01946607341490545,1.6033985705063833,0.0839822024471635,0.4721448162337735,-0.04597166169712197,0.9164152167904984,1.0540510062354018,-0.08728373960618464,0.1768165456237744,1.6026018056737834,0.7636549565185702,0.47163056366701916,-0.1308448839266524,0.1643003192514852,0.18229403724602794,-1.8060204382637581,-0.02156478128784256,0.9797627527042286,2.1097291378314225,-0.020443867924572128,0.360422102937354,1.5547372739513983,1.6598500127758307,0.44130756566347845,-4.356311462755915,0.10246749910821316,5.3509950935971755,-2.278207601868304,10,6,0.625,375,277,98,0.5,0.583
72,chicago-bears,2013,0.9172957665272465,1.061948495466501,1.1316654864077684,1.6005720986339014,0.3456436166656826,0.06330474276961233,42487455.0,53122504.0,6290000.0,21461280.0,3743302.0,65294.0,25,27,3,26,21,2,0.4169526211487484,0.521320170501737,0.061727208349514645,0.8492831543771723,0.14813297857100685,0.0025838670518209114,0.45454545454545453,0.4909090909090909,0.05454545454545454,0.5306122448979592,0.42857142857142855,0.04081632653061224,0.06233766233766236,1.1454518727335092,0.9194805194805195,0.13580124486341308,-0.07606679035250469,0.85664174220315,0.9851576994434137,-0.15473328489115454,0.013729128014842301,1.336330896256678,0.09536178107606678,0.2899460544517201,0.37318719193073013,3.5192477480907343,0.6694531490727438,1.2582491770476034,-0.43233053322842385,0.4909459560734689,1.2662357755259208,-0.711418827991313,0.05914334129769373,23.880225602330636,0.06431107540133556,3.1730669359937775,0.7163048788008184,3.0723709968659754,1.4075921121321837,1.1224505168674406,-0.6832763321066548,0.5731045756736534,2.517867865161148,-0.5566859832205159,1.0683607436381561,17.87619000895736,1.1949702291773807,2.8834705439447714,8,8,0.5,445,478,-33,0.333,0.333
73,chicago-bears,2014,0.6717728021935891,1.4513669907968034,0.6201733881116536,1.2491585734137032,0.7970461120525408,0.6525980387431376,27421794.0,50467845.0,3750445.0,28411799.0,20578427.0,802334.0,27,23,4,37,42,2,0.3358864010967946,0.6181748294134534,0.04593876948975212,0.5706032989667532,0.4132831692124285,0.01611353182081821,0.5,0.42592592592592593,0.07407407407407407,0.4567901234567901,0.5185185185185185,0.024691358024691357,-0.09259259259259256,0.8214269872479532,0.9444444444444444,-0.1967098749922923,0.0432098765432099,1.0945921983251876,0.9567901234567902,0.09038387227947625,0.04938271604938271,2.9998785049205505,0.09876543209876543,1.0985852893970882,0.20489166020102484,1.4957621788211075,1.0314579986258818,0.40263751320277064,-0.23471689786995864,0.5886503163488526,0.9064897000635478,-0.5299199848512925,0.02982523766893391,2.85076662484257,0.062052301310570324,1.047609717150748,0.6543208787442626,1.8209299912765133,2.2484131028493444,0.5993480438039629,-0.577385771220114,0.5377798133170196,1.9209313756072923,-0.6203045829237975,-0.03242465063148403,0.9503130579322738,1.2727714268547912,-0.05096220155563129,5,11,0.313,319,442,-123,0.167,0.333
74,chicago-bears,2015,0.7002416840599457,1.4030150516805913,0.8423005697828381,1.1804664438116466,0.86785383915047,0.4354403472043383,33285904.0,52400976.0,4289856.0,29415455.0,21134126.0,986411.0,28,22,3,44,43,4,0.36993900289959397,0.5823836063579813,0.047677390742424795,0.5707749838210158,0.4100847811370353,0.019140235041948936,0.5283018867924528,0.41509433962264153,0.05660377358490566,0.4835164835164835,0.4725274725274725,0.04395604395604396,-0.057433132904830986,0.8784536038693589,0.887621812150114,-0.12958977655934154,0.044785403275969304,1.092622097034145,1.0118183703089363,0.08858229389734304,0.012647729628861702,1.2877065537325063,0.10055981754094961,0.25288043728233744,0.17229882522094597,1.4201506932116004,0.9924683874950165,0.35076470504245666,-0.2008359809214218,0.6481334418155891,0.9407139867206098,-0.4336559719578293,0.02853715570047586,2.490821027898017,0.06681762578437372,0.9126333602893353,0.5351612125301213,1.6166471492559533,2.2708688908310615,0.4803550563336983,-0.48022475975170087,0.5931901703268617,1.8807081278715923,-0.5222388113668748,0.4068602225784998,1.9343605635768306,1.2777409169871763,0.6597780009925525,6,10,0.375,335,397,-62,0.167,0.25
75,chicago-bears,2016,1.044842786932968,1.022864968889415,0.4211168227844422,0.8237587428437213,1.1397175202722383,0.5211350955095491,39107325.0,32612909.0,1751327.0,23849616.0,49898376.0,1104000.0,27,23,3,41,62,3,0.5322784008903799,0.44388479781993473,0.023836801289685405,0.31862366468483566,0.666627228838479,0.01474910647668535,0.5094339622641509,0.4339622641509434,0.05660377358490566,0.3867924528301887,0.5849056603773585,0.02830188679245283,-0.15094339622641506,0.741934215402793,1.0188679245283019,-0.2984923938867834,0.12264150943396224,1.3170697656245083,0.8962264150943396,0.2754113574584913,0.02830188679245283,1.999929335830134,0.0849056603773585,0.6931295143614323,-0.2227424310185443,0.6658655883705248,1.1105120266584136,-0.40666519523922673,0.21365473620554426,1.6705498973749497,0.8509020655752155,0.5131547308075186,0.009087694813000055,1.6160426589030306,0.038585907766370754,0.4800223086441507,-0.11685255138282336,0.89747156924772,2.162582489161653,-0.10817285919419728,0.22108404408924665,1.2683829186967068,1.8686015297766891,0.2377437538615303,-0.10001827272510688,0.8080745632725527,0.9422519182939912,-0.2130985688056279,3,13,0.188,279,399,-120,0.333,0.25
76,chicago-bears,2017,0.875131095283095,1.2134103202743522,0.262154870354606,1.2075716273095016,0.82643293868721,0.8736180342758814,45667458.0,63320073.0,1641621.0,30905961.0,23320659.0,2866529.0,25,25,3,39,43,5,0.4127976864542901,0.5723633586199774,0.014838954925732414,0.5413252122421904,0.4084668547534486,0.050207933004360994,0.4716981132075472,0.4716981132075472,0.05660377358490566,0.4482758620689655,0.4942528735632184,0.05747126436781609,-0.02255476035567122,0.9543640190555104,0.9659509867707656,-0.046707988978914164,0.02342225113858165,1.0522472898344202,0.9199739752765127,0.05093027307202635,-0.0008674907829104295,0.9848885233170528,0.11407503795272175,-0.015209152001537624,0.16389650386652882,1.4012445580704418,0.9808302133734261,0.33736255891203554,-0.12852752578790033,0.762567333926929,0.9541228986964805,-0.2710620451187076,-0.03536897807862858,0.2955441200959906,0.0650468879300934,-1.2188697587757538,0.38697738158714223,1.4682484146305197,2.0398432589615623,0.3840709597750243,-0.33244053202640667,0.7247026601065861,2.0827027225925967,-0.32199268955693433,-0.6114631639212753,0.3000791650240301,1.1357729046304874,-1.2037051411917943,5,11,0.313,264,320,-56,0.0,0.083
77,chicago-bears,2018,1.0364927592246274,1.0019775373055133,0.690919269555197,0.9121349092086836,1.0878650907913163,0.0,71317834.0,74688195.0,5942500.0,12547902.0,14965357.0,0.0,24,26,3,22,22,0,0.4693552117243596,0.4915361503762896,0.039108637899350776,0.45606745460434184,0.5439325453956582,0.0,0.4528301886792453,0.49056603773584906,0.05660377358490566,0.5,0.5,0.0,-0.009433962264150941,0.9811301132114716,0.9905660377358491,-0.019048156509233756,-0.047169811320754707,0.9056585660413584,0.9528301886792453,-0.09909069431133598,0.05660377358490566,56603.77358490566,0.05660377358490566,,-0.05239639501936855,0.9036694914977994,1.035468695771948,-0.10128955775433361,0.013287757120017785,1.029133251786828,0.9254226663287015,0.028719075439683273,0.039108637899350776,39108.637899350775,0.039108637899350776,,-0.08588755348580301,0.9210485976051267,2.0898426280968296,-0.08224147996370096,0.1243578500159438,1.1363358779765929,1.948627668433311,0.12780990862254307,0.690919269555197,690919.269555197,0.690919269555197,,12,4,0.75,421,283,138,0.833,0.833
78,chicago-bears,2019,1.1269266164259502,0.9411968771901442,0.3703943067872775,0.7718910392857794,1.0893391326268982,3.542526471885248,77918559.0,60070832.0,2955000.0,15956289.0,21892963.0,4068333.0,26,24,3,36,35,2,0.5528319250391454,0.42620235948232943,0.020965715478525142,0.3806585947162748,0.5222858855060472,0.09705551977767803,0.49056603773584906,0.4528301886792453,0.05660377358490566,0.4931506849315068,0.4794520547945205,0.0273972602739726,-0.026621866115275228,0.944472423631371,0.9322822434737659,-0.057126580926414296,-0.0025846471956577632,0.9947568927073283,0.9837167226673559,-0.00525486215461963,0.02920651331093306,2.0659623282240767,0.08400103385887826,0.7256138028811554,-0.09608352602371772,0.8160311340564854,0.9484882449883766,-0.20330042396436523,0.17217333032287058,1.4522999885270185,0.9334905197554202,0.37315030759815393,-0.07608980429915288,0.21601552916331784,0.11802123525620317,-1.5323572838276556,-0.14814225543675397,0.8640064282957127,2.0305360098170424,-0.14617400757228544,0.35503557714017075,1.4599536710712537,1.8988176557117296,0.37840559044262584,-3.1721321650979704,0.10455650936424851,3.9129207786725253,-2.25802489444662,8,8,0.5,280,298,-18,0.667,0.583
79,chicago-bears,2020,1.1463140229909812,0.9271759655784659,0.3875834285879416,0.6494321631992584,1.3444090184669872,0.7571306826694153,88579170.0,71645706.0,3593970.0,11773169.0,27205943.0,1915196.0,25,25,3,43,48,6,0.5407141617881986,0.43734715357474807,0.0219386846370533,0.2878926084285373,0.665274565839334,0.04683282573212878,0.4716981132075472,0.4716981132075472,0.05660377358490566,0.44329896907216493,0.4948453608247423,0.061855670103092786,-0.02314724761719511,0.9532213441387853,0.9665434740322895,-0.04790602192196787,0.028399144135382248,1.064060785284556,0.9149970822797121,0.06209463831224294,-0.005251896518187124,0.9150795458366504,0.11845944368799845,-0.08872661563405887,-0.2279274122645859,0.657392479194657,1.1026217194140822,-0.41947177153413473,0.25282155335966133,1.8781735542503994,0.8286067702167359,0.6303016403242188,-0.024894141095075484,0.4684367397729585,0.06877151036918208,-0.7583086330408141,-0.4172330528885213,0.689652675034148,2.271584984045453,-0.37156609909618715,0.4968818597917227,1.7650993018957828,1.7957461861902395,0.5682078228608846,-0.3695472540814737,0.5119101966799761,1.144714111257357,-0.6696034863495823,8,8,0.5,372,370,2,0.333,0.5
80,chicago-bears,2021,1.0177773974329711,1.0422669816220218,0.49963017454172454,1.2682683841745979,0.7343495885945692,0.08262201840202564,61748427.0,63234207.0,3637500.0,38977347.0,21096703.0,55200.0,25,25,3,46,43,1,0.4800836780344203,0.491635368689633,0.028280953275946673,0.6482260630225722,0.3508559145507386,0.0009180224266891737,0.4716981132075472,0.4716981132075472,0.05660377358490566,0.5111111111111111,0.4777777777777778,0.011111111111111112,-0.006079664570230625,0.9872730542814968,0.9494758909853249,-0.0128065070705311,-0.039412997903563896,0.9228858071512305,0.9828092243186582,-0.0802476513648234,0.04549266247379455,5.09388117333591,0.06771488469601677,1.628057716006623,0.14077945413889437,1.4012417834750581,0.8424912832403716,0.3373608657018264,-0.16814238498815193,0.7406103592711356,1.1283097410569924,-0.300278539958719,0.027362930849257498,30.772865225748934,0.029198975702635847,3.4266686613695656,0.3079173930274526,1.419304345648794,1.776616570216591,0.35016781359039834,-0.25049098674162673,0.8024930745256069,2.286045781607569,-0.22003107135720124,0.4170081561396989,6.047106293195835,0.5822521929437502,1.7995818604545437,6,11,0.353,311,407,-96,0.333,0.333
81,chicago-bears,2022,0.7524706465218817,1.2343883667200366,1.1095082229840134,1.275978432297729,0.712635018948642,0.025680950370499323,27957474.0,45862760.0,4946752.0,85698059.0,40170260.0,61600.0,25,25,3,56,47,2,0.3549389842084347,0.5822586635471871,0.06280235224437812,0.6805218305587888,0.3189890084817731,0.0004891609594380824,0.4716981132075472,0.4716981132075472,0.05660377358490566,0.5333333333333333,0.44761904761904764,0.01904761904761905,0.024079065588499537,1.0537913029511838,0.9193171608265949,0.05239654572123875,-0.06163522012578615,0.884432303953581,1.0050314465408805,-0.12280718426203638,0.03755615453728661,2.971542107246916,0.07565139263252471,1.0890987126022555,0.26326965506541405,1.825319439685388,0.9012476720289602,0.6017567246098688,-0.32558284635035406,0.5215680771752923,1.0354608147672235,-0.6509126545954029,0.06231319128494004,128.12597787546028,0.06329151320381621,4.853029904905959,0.5217533477713946,1.7321442277660064,1.9470233856686785,0.5493608891729933,-0.5235077857758473,0.5897200436584349,2.0284490788196106,-0.5281060280134283,1.083827272613514,43.20186773113999,1.1351891733545127,3.765884630132418,3,14,0.176,326,463,-137,0.0,0.083
82,chicago-bears,2023,1.0453562831016048,0.9929440542600498,0.713420025967265,1.217235815485817,0.8006251820563296,0.043687646999372595,79105439.0,84940009.0,7041752.0,36982799.0,19360779.0,81266.0,23,26,3,49,39,3,0.4623691252180175,0.4964720271300249,0.0411588476519576,0.6554346698769783,0.3431250780241413,0.001440252098880415,0.4423076923076923,0.5,0.057692307692307696,0.5384615384615384,0.42857142857142855,0.03296703296703297,0.07142857142857145,1.1666639444507965,0.9285714285714286,0.15415034649464734,-0.09615384615384615,0.8214270459212004,0.9807692307692307,-0.19670989052017748,0.024725274725274728,1.7499469182768124,0.09065934065934067,0.5596027882452485,0.15334694910588365,1.4469084658004185,0.8395971051541662,0.3694312019459899,-0.1930655446589608,0.7054378430530057,1.1178037950949957,-0.3489344521963541,0.039718595553077184,28.557701795494605,0.04259909975083801,3.3519509607056515,0.19231887220372024,1.2402093217958108,1.7935692363163795,0.2152811803759214,-0.17187953238421216,0.8587945006283662,2.2625920985874215,-0.15222465994019,0.6697323789678924,16.32964339631553,0.7571076729666375,2.7929834711065213,7,10,0.412,360,379,-19,0.333,0.5
83,chicago-bears,2024,1.005469961280248,1.0560722078359006,0.5377508372544124,0.8530345746149809,1.1716816526727067,0.3817487718929963,108866809.0,89843085.0,6238364.0,15616176.0,32844586.0,1310349.0,28,22,3,32,49,6,0.5311916776574895,0.43836959570546824,0.030438726637042213,0.31375984353654474,0.6599126549535934,0.026327501509861816,0.5283018867924528,0.41509433962264153,0.05660377358490566,0.367816091954023,0.5632183908045977,0.06896551724137931,-0.14812405118195615,0.7370029271003092,0.9783127304272392,-0.3051610060704696,0.16048579483842984,1.436316849730546,0.8961179787464758,0.36208398658698654,-0.012361743656473648,0.8207428162102971,0.12556929082628498,-0.19752780884174648,-0.22154305924812517,0.6642832625372714,1.0982822506590617,-0.4090443390894647,0.2174318341209448,1.6929826923913787,0.8449515211940343,0.5264937626154622,0.004111225127180398,1.1561131432277236,0.05676622814690403,0.1450964925710541,-0.11560944483680613,0.9013295583295623,2.2277538605086074,-0.1038833718354911,0.15243538666526713,1.1786964004802127,1.858504535895229,0.1644100770001667,0.15600206536141614,1.4086474356955032,0.9194996091474087,0.3426318381318936,5,12,0.294,310,370,-60,0.167,0.25
84,cincinnati-bengals,2011,1.0684235699687237,0.9960922225489992,0.3457239274371013,0.4666180536157536,1.2331373055180839,0.0038201789799694264,57442721.0,41057989.0,1858750.0,916092.0,7262903.0,1250.0,30,23,3,6,18,1,0.572369769626102,0.40910930568976756,0.018520924684130424,0.11198833286778086,0.8878588599730204,0.00015280715919877705,0.5357142857142857,0.4107142857142857,0.05357142857142857,0.24,0.72,0.04,-0.3092857142857143,0.5704357156646807,1.1307142857142858,-0.5613523619422434,0.2957142857142857,2.2321335565863714,0.7757142857142857,0.8029597465740902,0.013571428571428568,1.3392522329798897,0.09357142857142857,0.2921300896061026,-0.47874955428325283,0.4607813959538606,1.296968165662788,-0.774829099447963,0.4603814367583211,5.11093114825378,0.6843581024938828,1.6313833555295183,0.018368117524931647,120.41653184813316,0.0186737318433292,4.7910108226845916,-0.23704508296908466,0.8077700758233333,2.229229528067083,-0.21347681665779733,0.6018055163529701,2.2897126932337777,1.5350416235844773,0.8284272841831815,0.34190374845713184,90.47572208718353,0.34954410641707073,4.50508444296371,9,7,0.563,344,323,21,0.333,0.5
85,cincinnati-bengals,2012,1.062065152737568,0.9857549352400198,0.5299374042758813,0.9762460926895591,0.9226058585316294,1.7555441560725613,49978072.0,38103696.0,2671875.0,13767810.0,10119925.0,2750900.0,28,23,3,18,14,2,0.5507004495676279,0.4198585835281565,0.029440966904215625,0.5168361667180019,0.3798965299836122,0.10326730329838597,0.5185185185185185,0.42592592592592593,0.05555555555555555,0.5294117647058824,0.4117647058823529,0.058823529411764705,0.014161220043573008,1.034389022303909,0.8376906318082789,0.033813283620629284,-0.01089324618736387,0.9794220182933892,1.0479302832244008,-0.020790729986609937,-0.0032679738562091526,0.9444283891618286,0.11437908496732026,-0.05715741385744833,0.03996205354454435,1.1051890322800155,0.7997551135117686,0.10001877202708404,0.03386428284962595,1.065520216095648,1.0675366162856297,0.06346496158588465,-0.07382633639417036,0.28509199787226264,0.1327082702026016,-1.2549093855513522,0.06314907670839043,1.0684452712706833,1.9083607937716491,0.06620558876657014,0.08581906004800888,1.087906085140372,2.038311245427127,0.08425576746464156,-1.22560675179668,0.3018648665588512,2.2854815603484426,-1.1977739364602589,10,6,0.625,391,320,71,0.5,0.583
86,cincinnati-bengals,2013,1.1125724276223388,0.9461323837428889,0.548317381163882,1.3726097883095352,0.4265197663291388,1.5463806456114069,47723644.0,42275230.0,2940000.0,25476324.0,5873473.0,2777574.0,24,25,3,31,23,3,0.5134949665949257,0.45487133833792737,0.031633695067147034,0.7465070778525542,0.1721044671152665,0.0813884550321793,0.46153846153846156,0.4807692307692308,0.057692307692307696,0.543859649122807,0.40350877192982454,0.05263157894736842,0.07726045883940624,1.1914686191362986,0.8842780026990553,0.17518875993221206,-0.08232118758434548,0.8486336753410585,1.0053981106612686,-0.16412549692774553,0.005060728744939277,1.0961330196264734,0.11032388663967611,0.09180588261673356,0.28276687122266086,2.6429801793180707,0.6269758054531939,0.9719093347033495,-0.23301211125762855,0.6878625721935565,1.26000204444748,-0.3741642632832316,-0.049754759965032265,0.3886706828868664,0.11302215009932634,-0.9449912561028074,0.5196126174137501,2.2182563158314657,1.3726521500720277,0.7967225008767965,-0.2600373606871964,0.810552005782024,2.485182215931874,-0.21003887598630847,-0.9980632644475249,0.3545808906358875,2.094698026775289,-1.0368169529502573,11,5,0.688,430,305,125,0.5,0.667
87,cincinnati-bengals,2014,1.1823699587800254,0.8634486108188637,0.7092128461300127,1.3270846351040406,0.799016939549185,0.007054209772691228,62240570.0,49088575.0,4480000.0,8467391.0,7363899.0,1667.0,25,27,3,27,39,1,0.5374408903545571,0.4238747725838059,0.038684337061637056,0.5347953007135685,0.4650994125734062,0.00010528671302524222,0.45454545454545453,0.4909090909090909,0.05454545454545454,0.40298507462686567,0.582089552238806,0.014925373134328358,-0.09118046132971508,0.8433551945156681,1.0729986431478968,-0.17036502687910238,0.05156037991858886,1.127943328975645,0.8575305291723202,0.12039811154154427,0.03962008141112618,3.6543006164041554,0.0694708276797829,1.2959230582362844,-0.0412246399896003,0.9113618503120685,0.8889741851572122,-0.09281290018042565,0.0026455896409885993,1.0049450410136718,1.0722361910681255,0.00493471512519971,0.03857905034861182,363.9621168118149,0.038789623774662295,5.897075637449246,0.06443167126967875,1.0806373274998446,1.6624655503680486,0.07755214328619577,-0.14471467632401525,0.8909522697737062,2.509454593884066,-0.11546357646514556,0.7021586363573215,100.52328264925305,0.7162670559027039,4.610390778832926,10,5,0.656,365,344,21,0.5,0.583
88,cincinnati-bengals,2015,1.0929835719548993,0.9441241783130375,0.7403885456478149,1.8990508857567943,0.365069700078615,0.004668925156666056,66371288.0,62109472.0,5620000.0,7792782.0,2019136.0,833.0,24,26,3,23,31,1,0.49493595711165245,0.46315525728564105,0.0419087856027065,0.7941485522255686,0.20576655822612844,8.48895483030192e-05,0.4528301886792453,0.49056603773584906,0.05660377358490566,0.41818181818181815,0.5636363636363636,0.01818181818181818,-0.07307032590051454,0.8703575550260055,1.0542024013722127,-0.13884913051582887,0.03464837049742714,1.08285220958639,0.8710120068610634,0.07960070312855139,0.03842195540308748,3.113036330171652,0.07478559176672384,1.1356162283715163,0.2573886990595126,2.2508662749288018,0.6689218155117695,0.8113173122989221,-0.2992125951139161,0.6232276473928828,1.289084509337221,-0.47284140135247976,0.04182389605440348,487.9381302001016,0.04199367515100952,6.190212476499259,0.5790544782344225,2.5861406519606427,1.3091938783916526,0.9501677278287023,-0.806067313801895,0.5755417111835955,2.9920344577116937,-0.5524426603558277,0.7357196204911488,158.54398535508685,0.7450574708044809,5.0660334155865225,12,4,0.75,419,279,140,0.833,0.75
89,cincinnati-bengals,2016,1.2271054408581528,0.8042642304196999,0.5976390025384097,0.34594485830203603,1.625521120155879,0.8112580922327604,73032266.0,44184459.0,4104117.0,5494712.0,27970020.0,1610672.0,26,24,3,24,26,3,0.6019762540058863,0.36419512320892067,0.033828622785193004,0.15665427545752575,0.7974254551708085,0.045920269371665684,0.49056603773584906,0.4528301886792453,0.05660377358490566,0.4528301886792453,0.49056603773584906,0.05660377358490566,-0.037735849056603765,0.9230750414239541,0.9433962264150944,-0.08004253780210228,0.037735849056603765,1.0833309409775054,0.9433962264150944,0.08004253780210223,0.0,0.9999823336454389,0.11320754716981132,0.0,-0.43323033196188787,0.4567131186172023,1.161620578379729,-0.7836970886243566,0.44532197854836053,3.842681022057896,0.758630529463412,1.3461719670046826,-0.01209164658647268,0.7366656725318208,0.07974889215685868,-0.305591562314652,-0.8212568897361792,0.4947728612530817,2.429785350575579,-0.703655244508435,0.8811605825561167,3.547102563623699,1.573050299160189,1.2661319058963216,-0.21361908969435062,0.7366808067365729,1.40889709477117,-0.30559890540813023,6,9,0.406,325,315,10,0.5,0.417
90,cincinnati-bengals,2017,1.0961967033819506,0.9466213162244644,0.6752487377405259,1.0776180079659348,1.0697172211133927,0.04627140441064362,64806004.0,58295066.0,4990000.0,15517927.0,17971513.0,111053.0,24,25,3,24,28,4,0.5059369400224387,0.4551064020309925,0.038956657946568794,0.46183628912825775,0.5348586105566963,0.003305100315045973,0.46153846153846156,0.4807692307692308,0.057692307692307696,0.42857142857142855,0.5,0.07142857142857142,-0.019230769230769218,0.9615365384653846,0.9807692307692308,-0.03922063315344463,0.032967032967033016,1.0769205641084276,0.8901098901098901,0.07410780548743028,-0.013736263736263729,0.8076810001583056,0.1291208791208791,-0.213570767016947,-0.07975220852570375,0.850889454070584,0.9899650125876888,-0.16147086277036374,0.04410065089418097,1.0954874193407411,0.9677732291506964,0.0912013725736706,0.03565155763152282,11.783265549831654,0.04226175826161477,2.4667060203920412,-0.1230959048889283,0.8849258594839999,2.016338537337857,-0.12225035568976829,0.018578695416015867,1.0172395765838265,2.1738147113478856,0.01709357343051718,0.6289773333298823,14.592903618062357,0.7215201421511694,2.6805368379292567,7,9,0.438,290,349,-59,0.5,0.5
91,cincinnati-bengals,2018,1.2654230967475926,0.7652956215807039,0.7440106805975295,0.7404663290171012,1.252495829718459,0.18003839526604673,66969515.0,40501455.0,4725000.0,23086629.0,44836265.0,207901.0,25,25,3,27,31,1,0.5968976871450908,0.360988500745615,0.04211381210929412,0.33885747260104626,0.6580910291741054,0.0030514982248482495,0.4716981132075472,0.4716981132075472,0.05660377358490566,0.4576271186440678,0.5254237288135594,0.01694915254237288,-0.05372561560601219,0.8977463132971869,0.9971218420211065,-0.10786563248959057,0.014070994563479378,1.0307454764911916,0.929325231851615,0.03028442403242437,0.039654621042532784,3.339425615398125,0.07355292612727854,1.2058164872727517,-0.29710252842849044,0.5485380231677468,1.0190795299197204,-0.6004959094094917,0.2580402145440446,1.76149553695193,0.9357551597461371,0.5661648604601386,0.03906231388444587,13.796506666727954,0.045165310334142374,2.6244391649225443,-0.4872002081377551,0.6110160149089798,2.017791451299163,-0.49263080248997426,0.5249567677304914,1.7089519647373494,2.0058894257646935,0.5358810867537994,0.5639722853314828,4.132488222914183,0.9240490758635762,1.4188810449052782,6,10,0.375,368,455,-87,0.167,0.333
92,cincinnati-bengals,2019,0.835758975585517,1.1747718175907316,0.7444921013913623,1.2297431913409813,0.8517464735466778,0.02311951458145503,48928061.0,77745630.0,5685000.0,27233639.0,25346621.0,16000.0,23,26,3,32,43,1,0.36966262381667103,0.5873859087953658,0.04295146738796321,0.5177866068804132,0.4819091889803572,0.00030420413922967144,0.4423076923076923,0.5,0.057692307692307696,0.42105263157894735,0.5657894736842105,0.013157894736842105,-0.06578947368421051,0.8837193683099537,1.0657894736842106,-0.12361372340947512,0.021255060728744946,1.0504782743448677,0.8633603238866396,0.04924782070415671,0.04453441295546559,4.384282179169769,0.0708502024291498,1.47804324644398,0.10547671981500861,1.2188700762649944,1.069295097775723,0.19792596504842927,-0.1481239830637422,0.7139271371206211,0.8874492306970843,-0.33697166553487007,0.04264726324873354,140.7302911958264,0.04325567152719288,4.946868512007845,0.3230253440440538,1.379248960609158,2.0265182911374096,0.32153997080756325,-0.3939842157554643,0.6796201856210105,2.0655021669264984,-0.3862199909002975,0.7213725868099073,32.2004987721389,0.7676116159728174,3.471983285445068,2,14,0.125,279,420,-141,0.167,0.167
93,cincinnati-bengals,2020,0.8349417507119816,1.199900512211689,0.7822358567270603,1.1253496288563207,0.8734477449647476,0.04651064248562706,44631739.0,64140578.0,6690296.0,49794400.0,32338341.0,42000.0,25,25,4,49,41,1,0.38654710681110255,0.5555094963943004,0.057943396794597056,0.6059574924610958,0.3935314015775237,0.0005111059613805172,0.46296296296296297,0.46296296296296297,0.07407407407407407,0.5384615384615384,0.45054945054945056,0.01098901098901099,0.012413512413512406,1.0275496615270838,0.9135124135124135,0.027179158604403692,-0.07549857549857547,0.8597867630415141,1.0014245014245013,-0.15106871043331568,0.06308506308506308,6.740127389148328,0.08506308506308506,1.9080923251215909,0.16197809481677666,1.4115978612370197,0.9490408979718241,0.34472409783157737,-0.2194103856499932,0.6379102060953786,0.9925045992721984,-0.44955516133628665,0.05743229083321654,113.14728037610672,0.05845450275597757,4.7287075943012065,0.3264527672469414,1.3737503421109352,2.073348257176437,0.31754530917209123,-0.2904078781443391,0.7419392048152336,1.9602913795683024,-0.29848677569519944,0.7357252142414332,16.81806564816079,0.8287464992126874,2.822454923235433,4,11,0.281,311,424,-113,0.167,0.333
94,cincinnati-bengals,2021,1.0815662054364301,0.97499151792923,0.4177504449628877,1.2319247614993134,0.9266331497799712,0.04154989967549552,82096108.0,69072802.0,3170928.0,22202739.0,14612962.0,131048.0,30,28,3,40,35,7,0.5319178059523426,0.44753709019702353,0.02054510385063382,0.6009389080484456,0.39551414929632916,0.003546942655225227,0.4918032786885246,0.45901639344262296,0.04918032786885246,0.4878048780487805,0.4268292682926829,0.08536585365853659,0.032187125149940043,1.0754073165398608,0.8858456617353059,0.07270166749138937,0.003998400639744104,1.0081946545124336,0.9796081567373051,0.008163293972528308,-0.036185525789684134,0.5761056635116419,0.13454618152738906,-0.5514438583867506,0.05202294090069437,1.131529578559122,0.8430512394933527,0.12357256121453548,-0.06902110209610302,0.885143088066405,1.1328567140007881,-0.12200408562433583,0.016998161195408593,5.790709108665003,0.024092046505859045,1.7563034275706084,0.04835836814925876,1.0521860414498443,1.9016246677092012,0.05087096981426394,-0.1503585560628833,0.8779475510927799,2.3134909669357437,-0.13016749934303803,0.3762005452873922,10.053944637190476,0.4593003446383832,2.3079674524803835,10,7,0.588,460,376,84,0.667,0.667
95,cincinnati-bengals,2022,1.1108309347297756,0.9828690181528896,0.18222341440119919,1.1257307930288036,0.9193385169249605,0.887037178339505,93649539.0,79674617.0,1772596.0,16140699.0,15454116.0,3508501.0,26,25,3,29,34,8,0.5348445241291512,0.45503195284855996,0.010123523022288843,0.45980553518077893,0.44024661373871343,0.0999478510805076,0.48148148148148145,0.46296296296296297,0.05555555555555555,0.4084507042253521,0.4788732394366197,0.11267605633802817,-0.015910276473656726,0.9667735802778287,0.9418362023995827,-0.03378879750636615,0.07303077725612933,1.178796603125047,0.8899321857068336,0.16449616716010404,-0.05712050078247262,0.49305117972633544,0.1682316118935837,-0.7071242976573008,0.01478533910984653,1.033581872220257,0.8952785665872733,0.033032513051256755,0.07503898894837224,1.1631946986548813,0.9946500593099301,0.15117213993467163,-0.08982432805821876,0.101287037448129,0.11007137410279645,-2.289698062964747,0.06353050122792914,1.0691034161573134,1.9022075350778502,0.06682138581933268,-0.014899858299028068,0.986763402800469,2.236561727758579,-0.013324081532629959,-0.7048137639383059,0.20542905463473185,1.0692605927407042,-1.582649049819548,12,4,0.75,418,322,96,0.5,0.727
96,cincinnati-bengals,2023,1.050178868674989,1.0371039005366203,0.2770019126160472,0.9878723839569217,1.0369391529612757,0.009207437768229175,81261658.0,86937426.0,2679262.0,19956069.0,25001580.0,6000.0,24,26,3,31,37,1,0.47555269524905164,0.5087679512066439,0.015679353544304553,0.44382672322702277,0.5560398356459014,0.00013344112707578516,0.4528301886792453,0.49056603773584906,0.05660377358490566,0.4492753623188406,0.5362318840579711,0.014492753623188406,-0.045665846322122006,0.914837661620944,1.0267979217938201,-0.08900660998127022,0.003554826360404717,1.0079101120345224,0.9021055509980859,0.007881199434857326,0.042111019961717254,3.905390905386019,0.07109652720809406,1.3623755486042508,-0.04727188443925756,0.914983070651016,1.0648077868525454,-0.08884775036784741,0.03172597202202887,1.0714803748431037,0.9193794184760744,0.06904332298587355,0.015545912417228767,116.62616853446953,0.01581279467138034,4.759037454811388,0.0001647475753445704,1.000157914200619,2.074043053497896,0.00015886595656468687,0.062306484718067434,1.0630703142021127,2.038051252631911,0.06116219633508832,0.267794474847818,30.081314506110402,0.28620935038427636,3.4039078085397843,9,8,0.529,366,384,-18,0.167,0.333
97,cincinnati-bengals,2024,0.9660333224361368,1.1308365957715039,0.18142845574837493,1.0497871768287041,0.992406855315858,0.6730781454013016,82815196.0,100982600.0,1944166.0,33583999.0,37304289.0,2691576.0,24,25,3,40,47,5,0.44586153343206314,0.5436714402747614,0.010467026293175476,0.4564292073168279,0.506990458693971,0.03658033398920118,0.46153846153846156,0.4807692307692308,0.057692307692307696,0.43478260869565216,0.5108695652173914,0.05434782608695652,-0.03010033444816057,0.941078354288524,0.9916387959866222,-0.06072679582130092,0.026755852842809402,1.0615360200056156,0.8963210702341138,0.05971910136858683,0.0033444816053511753,1.0615189295901573,0.11204013377926422,0.05971816805401321,0.03668098158079047,1.072348322544288,1.0506618989687324,0.06985277696207218,-0.010567673884764761,0.976844928939095,0.902290740748891,-0.02342511834976025,-0.026113307696025705,0.2861302514628183,0.04704736028237665,-1.2512126135862829,0.13842974045564582,1.1394877516478217,2.1232434510873617,0.13057970506350117,-0.08375385439256733,0.9202173769516232,2.0158204992648407,-0.08314432239292144,-0.49164968965292666,0.26954995855681146,0.8545066011496766,-1.3109960190346632,9,8,0.529,472,434,38,0.5,0.5
98,cleveland-browns,2011,0.9769187542180258,1.0490900828036633,0.7611543094505199,0.49593542174875677,1.9073162408522382,0.0,39873136.0,51382588.0,4660000.0,2526230.0,5397566.0,0.0,20,24,3,9,5,0,0.41571010817788334,0.5357055741976154,0.04858431762450128,0.31881562826705784,0.6811843717329421,0.0,0.425531914893617,0.5106382978723404,0.06382978723404255,0.6428571428571429,0.35714285714285715,0.0,0.15349544072948323,1.4297832306495073,0.8677811550151975,0.3575248041543811,-0.21732522796352588,0.6619375045983971,1.06838905775076,-0.41258178143413543,0.06382978723404255,63829.78723404255,0.06382978723404255,,-0.14547879753532666,0.7864314126928112,1.2168899459305575,-0.24024789932185694,0.0968944799108255,1.303916017296508,0.7345257364449411,0.265374463036281,0.04858431762450128,48584.31762450128,0.04858431762450128,,-0.8582261580485748,0.5500343940344727,2.9564063236559015,-0.5977735148961596,0.480983332469269,1.9698467613514712,1.4728541759667826,0.6779567772344486,0.7611543094505199,761154.3094505199,0.7611543094505199,,4,12,0.25,218,307,-89,0.0,0.25
99,cleveland-browns,2012,1.119297957760999,0.9174862392192281,0.8135919909690471,1.2815145624223414,0.5777281563664876,0.0,51446115.0,46855861.0,5540000.0,18076021.0,5432648.0,0.0,27,30,4,18,12,0,0.4954269649106061,0.4512227405996203,0.053350294489773575,0.7689087374534049,0.23109126254659504,0.0,0.4426229508196721,0.4918032786885246,0.06557377049180328,0.6,0.4,0.0,0.09180327868852456,1.2295051229585041,0.8918032786885246,0.20661378269739014,-0.15737704918032785,0.7377036885266394,1.042622950819672,-0.30421078181156225,0.06557377049180328,65573.77049180328,0.06557377049180328,,0.22013147805302527,1.9525653331151251,0.6823140031462154,0.6691462796323403,-0.2734817725427988,0.6443239573885985,1.264335702364011,-0.4395516214774608,0.053350294489773575,53350.29448977358,0.053350294489773575,,0.33975808285274056,1.5880905941974177,1.4952143955857156,0.46253350037441343,-0.16221660466134247,0.8734173743823165,2.40081252018334,-0.13534085189941594,0.8135919909690471,813591.9909690472,0.8135919909690471,,5,11,0.313,302,368,-66,0.333,0.417
100,cleveland-browns,2013,1.2203012087436518,0.8566918735999516,0.43182471671785483,1.506967275412051,0.690506342387067,0.4312685121812701,45553797.0,33312786.0,2015000.0,17145176.0,11613333.0,426666.0,24,25,3,23,34,2,0.5632159424970701,0.41187109307689984,0.02491296442603009,0.5874618192284268,0.3979189091722081,0.014619271599365088,0.46153846153846156,0.4807692307692308,0.057692307692307696,0.3898305084745763,0.576271186440678,0.03389830508474576,-0.0955019556714472,0.834274570387793,1.0570404172099088,-0.18119062971844388,0.07170795306388528,1.183943451221983,0.8513689700130378,0.16885294119330632,0.023794002607561933,1.7018728716733627,0.09159061277705347,0.5317466670506857,0.013952183904691717,1.0350602811850111,0.809790002249108,0.03446209565330069,-0.024245876731356697,0.9587261083804375,1.1506777617254969,-0.04214807064586528,0.010293692826665,1.7040014788173963,0.03953223602539518,0.5330194351951786,0.1661855312128846,1.240670186993796,1.5471982159870186,0.21565287427605284,-0.28666606666839933,0.8097723280936251,2.7272684841557027,-0.21100132778318423,0.0005562045365847257,1.0012873725614793,0.8630932288991249,0.0012888603596838005,4,12,0.25,308,406,-98,0.333,0.25
101,cleveland-browns,2014,1.376430956426746,0.7864087664223571,0.18315508808861342,0.6584688658885376,1.29372173901173,0.4489236363873773,58326090.0,37489470.0,1293529.0,10400846.0,27246645.0,644634.0,24,27,4,33,44,3,0.6006244173498528,0.38605521260733894,0.013320370042808248,0.2716184071790218,0.7115469564564516,0.01683463636452665,0.43636363636363634,0.4909090909090909,0.07272727272727272,0.4125,0.55,0.0375,-0.05909090909090914,0.892560360634055,1.040909090909091,-0.11365909961772461,0.023863636363636365,1.0578486751877847,0.8488636363636364,0.05623958574743111,0.035227272727272725,1.93934222360131,0.11022727272727273,0.6623626054875438,-0.32549174384911267,0.5425568425913488,1.0976021690637905,-0.6114598297865184,0.32900601017083103,2.2112721016064474,0.8722428245288747,0.7935696264480758,-0.0035142663217184004,0.7912008643091623,0.030155006407334897,-0.23412833609970965,-0.5073129725893728,0.6078649951094559,2.080130505434087,-0.4978011975869985,0.7179620905382085,2.0903476798735405,2.0348998223152837,0.7373311326642857,-0.2657685482987639,0.4079862703961045,0.6320787244759907,-0.8965162962952476,7,9,0.438,299,337,-38,0.333,0.333
102,cleveland-browns,2015,1.1877712424464244,0.8440773123134293,0.5054660902458883,1.0151914319414033,0.990885140835158,0.0,61754149.0,37383472.0,2920000.0,14310369.0,23279570.0,0.0,27,23,3,27,45,0,0.6050910103028955,0.36629770156997876,0.028611288127125753,0.3806967869780262,0.6193032130219738,0.0,0.5094339622641509,0.4339622641509434,0.05660377358490566,0.375,0.625,0.0,-0.1910377358490566,0.6943385116998907,1.0589622641509435,-0.36479336403078555,0.13443396226415094,1.3584869434058868,0.8844339622641509,0.3063735017618588,0.05660377358490566,56603.77358490566,0.05660377358490566,,-0.253005511451995,0.5914665101058856,0.9856009145919525,-0.5251474857372923,0.22439422332486925,1.5894261301230554,0.9857877972809217,0.46337467927491427,0.028611288127125753,28611.288127125754,0.028611288127125753,,-0.1468078285217287,0.8518408700337736,1.8349624531485873,-0.16035435713286336,0.17257981050502114,1.1699961554825524,2.2029626743878277,0.15700130480452115,0.5054660902458883,505466.09024588834,0.5054660902458883,,3,13,0.188,278,432,-154,0.167,0.167
103,cleveland-browns,2016,1.0844373230229982,0.9651951457782447,0.6095993294708137,1.2299074620725075,0.8304835405409309,0.27636209899234476,40309427.0,38747265.0,2719117.0,27279653.0,20844059.0,322620.0,25,27,3,38,43,2,0.49292605591954464,0.47382307156386555,0.03325087251658984,0.5630901633584974,0.4302505089549401,0.006659327686562524,0.45454545454545453,0.4909090909090909,0.05454545454545454,0.4578313253012048,0.5180722891566265,0.024096385542168676,-0.027163198247535603,0.9475668813349626,1.0089813800657175,-0.05385572032083942,-0.003285870755750264,0.9928207979775394,0.9123767798466593,-0.00720289650461894,0.030449069003285867,2.2635424266256585,0.07864184008762322,0.8169493646986722,0.04357256260892545,1.1012699820966547,0.9040735805188056,0.09646615351700846,-0.07016410743895274,0.8753929878415061,1.056016219278042,-0.13308033579123577,0.026591544830027316,4.992377865082344,0.03991020020315236,1.6079423962761017,0.13471160523731385,1.1622072400644219,1.7956786863191756,0.15032202631889152,-0.14547013904950923,0.8817219788825771,2.3143447850955057,-0.12587756721621066,0.333237230478469,2.2057913364464756,0.8859614284631585,0.7910879676783739,1,15,0.063,264,452,-188,0.0,0.083
104,cleveland-browns,2017,0.8668119010595083,1.096074360755904,1.1564395117406328,0.8422022421743222,1.1731926610281833,0.0,29320649.0,43523585.0,5102289.0,34689809.0,44027720.0,0.0,23,27,3,45,41,0,0.3761636551767678,0.5583775045360265,0.06545884028720562,0.44068721974237784,0.5593127802576222,0.0,0.4339622641509434,0.5094339622641509,0.05660377358490566,0.5232558139534884,0.47674418604651164,0.0,0.0326897762176393,1.0685665575120253,0.9861781483106626,0.06632004740366779,-0.089293549802545,0.8293485198446316,0.9572180781044318,-0.18711249790389825,0.05660377358490566,56603.77358490566,0.05660377358490566,,-0.0009352757215956853,0.9983260277957671,1.1176902847936487,-0.001673583959771543,-0.06452356456561004,0.8535822795460009,0.8168508749191457,-0.15831068046586194,0.06545884028720562,65458.840287205625,0.06545884028720562,,-0.07711830027227928,0.9342654986690841,2.2692670217840876,-0.06799370898401234,0.02460965888518618,1.0292193827485796,1.7090141432338304,0.028801787730223172,1.1564395117406328,1156439.5117406328,1.1564395117406328,,0,16,0.0,234,410,-176,0.0,0.0
105,cleveland-browns,2018,0.7146251338746302,1.3771305184127167,0.4562046924514721,1.0731557959558735,0.9412278006941518,0.17518374012558235,49939572.0,88834063.0,3678529.0,21997466.0,17410951.0,87583.0,26,24,3,41,37,1,0.350570820391328,0.6236062724887773,0.02582290711989465,0.5569542738505165,0.4408282104516913,0.0022175156977921814,0.49056603773584906,0.4528301886792453,0.05660377358490566,0.5189873417721519,0.46835443037974683,0.012658227848101266,-0.01552424170050154,0.9668515817401465,0.9211846190589921,-0.0337080701833399,-0.02842130403630283,0.9452351782329999,1.009553379508001,-0.056319478135877364,0.0439455457368044,4.4713448769622675,0.06926200143300693,1.4977068972139582,0.18277806203708602,1.4146210316911743,1.0644344829404686,0.3468632766727028,-0.20638345345918857,0.6294416030351102,0.9075250942418445,-0.46291934453410294,0.023605391422102467,11.639722516091746,0.02804042281768683,2.4544623277523776,0.4359027177185649,1.4631198252721225,2.3183583191068684,0.38057174864007065,-0.3585306620812433,0.6659093401520186,1.7877809298305039,-0.40660034427151415,0.28102095232588975,2.6041348814082705,0.6313884325770545,0.957102712776792,7,8,0.469,359,392,-33,0.583,0.458
106,cleveland-browns,2019,0.9549308722825879,1.1326607842767384,0.2108262246742292,1.1326333657155545,0.8743070804760553,0.06615576994945077,67523405.0,86764960.0,1863447.0,33581097.0,22976372.0,44578.0,24,26,3,44,39,1,0.43242152707136056,0.5556449130414189,0.01193355988722052,0.5932841439462427,0.4059282873638828,0.0007875686898744139,0.4528301886792453,0.49056603773584906,0.05660377358490566,0.5238095238095238,0.4642857142857143,0.011904761904761904,0.026280323450134757,1.0566014978278335,0.9548517520215634,0.05505966179865388,-0.07097933513027854,0.8644923461749892,0.9766397124887691,-0.14561061903731573,0.04469901168014376,4.754317618452126,0.06850853548966757,1.559070843997717,0.14971662567753613,1.3688219360810205,0.9615732004053017,0.31395226895149053,-0.16086261687488218,0.7288595230871684,1.0257056710176033,-0.3162719510836598,0.011145991197346107,15.133190095489384,0.012721128577094934,2.7169741450596274,0.2583537038006831,1.2954938991985658,2.0069678647527938,0.2588928946600676,-0.17770249343296662,0.8431060377364584,2.0875642379981425,-0.17066149553078108,0.14467045472477844,3.1867672021369517,0.27698199462368,1.1590117299169767,6,10,0.375,335,393,-58,0.5,0.5
107,cleveland-browns,2020,0.8961304015476323,1.1949597083939023,0.3059023199518471,1.0143511691806026,1.0303759971837456,0.16341923570962577,61880157.0,79214501.0,2534803.0,25119823.0,30109669.0,242819.0,25,24,3,50,59,3,0.43083192382097707,0.5515198654125701,0.01764821076645271,0.45283534338419756,0.5427873556592946,0.004377300956507834,0.4807692307692308,0.46153846153846156,0.057692307692307696,0.44642857142857145,0.5267857142857143,0.026785714285714284,-0.06524725274725274,0.876139145164804,0.9883241758241759,-0.13222819248307024,0.03434065934065933,1.0769206646207883,0.9271978021978022,0.07410781215406735,0.03090659340659341,2.1537657465916147,0.08447802197802198,0.7672351532603184,0.008732509753275552,1.0160863984317974,1.0943072210718647,0.015960196537023175,-0.022003419563220494,0.9514075672487459,0.8836672672051746,-0.04981042012391443,0.013270909809944878,4.030835463747804,0.022025511722960543,1.394030326938894,0.1645837112101567,1.159730575954237,2.225335705577648,0.14818855288078545,-0.11822076763297029,0.8834509638516669,1.910481570728235,-0.12391837500293883,0.1424830842422213,1.8718754052918603,0.4693215556614728,0.6269440878502084,11,5,0.688,408,419,-11,0.5,0.583
108,cleveland-browns,2021,0.6584239962428928,1.463049568512156,0.329296297465034,0.7117612681399083,1.3371337916796235,0.33810616268862764,41636725.0,82606064.0,2231110.0,24981281.0,49926068.0,1262425.0,28,25,3,47,50,5,0.32921199812144636,0.6531471288000696,0.017640873078483964,0.3279684274762322,0.6554577410194232,0.016573831504344494,0.5,0.44642857142857145,0.05357142857142857,0.46078431372549017,0.49019607843137253,0.049019607843137254,-0.043767507002801076,0.910712427860933,0.936624649859944,-0.09352585801125139,0.03921568627450983,1.0851040280721094,0.9607843137254901,0.08167786080185623,0.004551820728291314,1.0928348490262227,0.10259103641456582,0.08879376548365485,-0.0023106122193535805,0.9964732910331497,1.3086048698194928,-0.003531411417624389,0.0012435706452141315,1.0037886782764354,0.6571804255976785,0.0037845568629581573,0.0010670415741394698,1.064316887556899,0.03421470458282846,0.062389858159245394,0.12591577683253252,1.0941676019620779,2.8001833601917796,0.08999457683154113,-0.053337271897015426,0.9250616753871941,1.3701852643828012,-0.07789334882117122,-0.008809865223593616,0.9739406135216728,0.6674024601536617,-0.02640191216797351,8,9,0.471,349,371,-22,0.5,0.417
109,cleveland-browns,2022,0.8546783646221024,1.205490508315946,0.4985927255162636,0.7358598779319788,1.322837926972026,0.0,53296256.0,75172291.0,3730965.0,21982312.0,32332159.0,0.0,25,25,3,55,45,0,0.4031501719915577,0.5686275982622386,0.0282222297462036,0.4047229328625883,0.5952770671374117,0.0,0.4716981132075472,0.4716981132075472,0.05660377358490566,0.55,0.45,0.0,0.021698113207547165,1.0482156999818828,0.9216981132075472,0.04709150531185018,-0.07830188679245287,0.8576313737748607,1.021698113207547,-0.15357878611071332,0.05660377358490566,56603.77358490566,0.05660377358490566,,-0.026649468875173055,0.955230218705469,1.1639046653996503,-0.045801142227331455,-0.0015727608710305874,0.9961115201171835,0.8078731048541461,-0.0038935792141532007,0.0282222297462036,28222.2297462036,0.0282222297462036,,-0.11734741865608012,0.9112904706208713,2.528328435287972,-0.09289275490398567,0.11881848669012363,1.1614673238561635,1.5905382425540813,0.14968531015168904,0.4985927255162636,498592.7255162636,0.4985927255162636,,7,10,0.412,361,381,-20,0.5,0.333
110,cleveland-browns,2023,0.9911198522013478,1.0437976454797622,0.7265801170835544,0.637894580540818,1.337178000897108,0.09014331471896073,66217198.0,64372271.0,5601135.0,20569176.0,64676791.0,458954.0,26,24,3,38,57,6,0.4862097388157556,0.47266308474555263,0.041127176438691765,0.2399999411935751,0.7546450104072787,0.005355048399146182,0.49056603773584906,0.4528301886792453,0.05660377358490566,0.37623762376237624,0.5643564356435643,0.0594059405940594,-0.11152624696431901,0.802381895018112,1.0171866243228096,-0.22016839779482666,0.11432841397347282,1.3038694242239188,0.8668036614982253,0.2653383621524901,-0.0028021670091537415,0.9528141496410597,0.11600971417896506,-0.04831774395184904,-0.2819819256617261,0.6263374856914153,1.2273080951528312,-0.4678638229593881,0.24620979762218048,2.0258659670155144,0.7262096800093307,0.705999303903222,0.03577212803954558,7.678641672701824,0.04648222483783795,2.0384669805104316,-0.29338035541734575,0.78059679727208,2.38097564637687,-0.2476955691097539,0.35322527166052975,1.5537336868850236,1.6290144327421658,0.44066187355782577,0.6364368023645937,8.060187925869577,0.8167234318025152,2.0869382484212053,11,6,0.647,396,362,34,0.5,0.667
111,cleveland-browns,2024,0.9740412658985803,1.0481976190123854,0.8332484682836386,0.8232272043726409,1.170823326685933,0.41631551694914465,68162557.0,57633678.0,4165000.0,39929957.0,76408122.0,1835731.0,28,22,2,55,74,5,0.5244837585607739,0.44346822342831693,0.032048018010909174,0.33789176298877055,0.6465740759310376,0.015534161080191965,0.5384615384615384,0.4230769230769231,0.038461538461538464,0.41044776119402987,0.5522388059701493,0.03731343283582089,-0.12916188289322622,0.7661108788304043,0.9753157290470724,-0.2664260056519711,0.12801377726750857,1.3118849156594083,0.9489092996555684,0.2714668270926813,0.0011481056257175715,1.0307416068941662,0.07577497129735936,0.030304549516448582,-0.20310585250272062,0.6858727469346751,1.0900422993593546,-0.3770609136082924,0.18659199557200334,1.552219567893511,0.8623755215495444,0.4396877925476077,0.01651385693071721,2.0629343877078847,0.04758217909110114,0.7241606319639254,-0.12262570767354752,0.8952646397255449,2.2190209456983183,-0.11063496355171587,0.15081406152593946,1.1831971508323986,1.7972684702712212,0.1682212510429806,0.416932951334494,2.001478284815264,1.2495639852327833,0.6938872500578569,3,14,0.176,258,435,-177,0.333,0.25
112,dallas-cowboys,2011,1.1787432050046518,0.9484232059919677,0.47013995418075194,0.2877462697720442,1.4748358201519707,0.0,48608244.0,39110458.0,4652958.0,1612646.0,12398361.0,0.0,25,25,6,8,12,0,0.5262246450913625,0.4234032169606998,0.05037213794793771,0.11509850790881769,0.8849014920911823,0.0,0.44642857142857145,0.44642857142857145,0.10714285714285714,0.4,0.6,0.0,-0.15357142857142853,0.7440463789703208,1.0464285714285715,-0.2956496687687444,0.04642857142857143,1.1160686383998326,0.8464285714285715,0.10981460600782282,0.10714285714285714,107142.85714285714,0.10714285714285714,,-0.46149827513048247,0.47847443164062353,1.3083047090518822,-0.7371501421026092,0.41112613718254476,4.57191046818584,0.6413231530001802,1.5199330634315864,0.05037213794793771,50372.137947937714,0.05037213794793771,,-0.526412614160003,0.6430699268100996,2.4232590261439384,-0.4415007554053245,0.8909969352326076,4.096453133815873,1.466489474776696,1.4101223583521956,0.47013995418075194,470139.954180752,0.47013995418075194,,8,8,0.5,369,347,22,0.333,0.5
113,dallas-cowboys,2012,1.086351629657966,0.9776632261400966,0.46754135694335963,0.988568567063406,1.0963133147787159,0.2567360687438797,47138191.0,47316915.0,2340833.0,15570228.0,18706174.0,505458.0,26,29,3,24,26,3,0.4869852132949503,0.4888316130700483,0.02418317363500136,0.4476536907456933,0.5378140789480493,0.014532230306257343,0.4482758620689655,0.5,0.05172413793103448,0.4528301886792453,0.49056603773584906,0.05660377358490566,0.009433962264150941,1.0192286915722826,0.9905660377358491,0.019048156509233877,-0.004554326610279769,0.9899403426173756,0.9011060507482108,-0.01010836688491345,-0.00487963565387118,0.9137769600553148,0.10832791151594015,-0.09014943035846358,-0.048982465878001036,0.9089213601563361,1.0266456920180977,-0.09549465533424036,0.039331522549257036,1.087859064949685,0.9346389040406435,0.08421365759974965,0.009650943328744017,1.6639916333390241,0.038715403941258705,0.5092606645556175,-0.11865008863861926,0.8917727452436228,2.0739765409188125,-0.11454292592116451,0.09778306259456004,1.0989126773192366,2.074920196721372,0.09432213628808155,0.2108052881994799,1.8210901886154112,0.7242774256872393,0.5994374653366555,8,8,0.5,376,400,-24,0.5,0.417
114,dallas-cowboys,2013,0.9446079271411727,1.1379694532545832,0.5236807137683893,1.1031039492861503,0.9274632856626726,0.006806738827767502,36544197.0,33398128.0,2095833.0,26080569.0,18114365.0,6997.0,29,22,3,46,38,2,0.5072894423535926,0.4636171846592746,0.029093372987132736,0.5900323449670106,0.40980935878118085,0.00015829625180854655,0.5370370370370371,0.4074074074074074,0.05555555555555555,0.5348837209302325,0.4418604651162791,0.023255813953488372,-0.03445305770887169,0.9220252037597241,0.8492678725236864,-0.08118026529172831,0.0021533161068045814,1.004023887807192,1.0719207579672696,0.0040176756903747435,0.03229974160206718,2.3887861710835323,0.07881136950904392,0.870803358559873,0.05380782587809374,1.131296890684074,0.8734265434404554,0.12336682245106494,-0.08274290261341799,0.8597640229671354,1.0973217873206034,-0.1510953480263411,0.02893507673532419,182.63689607775078,0.02925166923894128,5.207534378819155,0.21050616759191065,1.2269684890793449,2.0654327389172558,0.20454736288490125,-0.1584960221449776,0.8563173683088401,2.047711876427323,-0.15511315554406568,0.5168739749406218,76.92432495095038,0.5304874525961568,4.3428240553100075,8,8,0.5,439,432,7,0.833,0.583
115,dallas-cowboys,2014,0.7802244870284978,1.263600926656579,0.6493966905193853,1.3446469338005205,0.5538600149476264,0.0013216838683231182,32199142.0,52147640.0,3350000.0,33567241.0,8961520.0,1833.0,24,24,3,54,35,3,0.367164464483999,0.5946357301913313,0.038199805324669725,0.7892492872307403,0.21070761438224916,4.3098387010536465e-05,0.47058823529411764,0.47058823529411764,0.058823529411764705,0.5869565217391305,0.3804347826086957,0.03260869565217391,0.09015345268542196,1.2369715384479225,0.8510230179028133,0.21266820961301477,-0.11636828644501285,0.801741553459924,1.0575447570332481,-0.2209668505961246,0.026214833759590793,1.803866250062449,0.09143222506393861,0.5899492779837622,0.38392811580908215,2.8220760310852557,0.8053433445735805,1.0374744770378665,-0.4220848227467413,0.4652066276368133,1.1564137517147393,-0.7652708880129885,0.03815670693765919,866.2404208920979,0.03824290371168026,6.76418867011099,0.7097409117089527,2.2814404562777657,1.8174609416042053,0.8248078139359526,-0.5644224467720227,0.5802444397644423,2.1248714208290185,-0.5443045346745654,0.6480750066510622,490.9689352624238,0.6507183743877084,6.196382397377993,12,4,0.75,467,352,115,0.667,0.667
116,dallas-cowboys,2015,1.2021926959711042,0.8212074041056834,0.9993918286389457,0.7087365701033509,1.276226599633325,0.002306173548131505,42607578.0,32901154.0,4620000.0,18290850.0,39394582.0,2334.0,23,26,3,51,61,2,0.5317390770641423,0.4106037020528417,0.05765722088301609,0.31706636030939384,0.6828931805055513,4.0459185054938685e-05,0.4423076923076923,0.5,0.057692307692307696,0.4473684210526316,0.5350877192982456,0.017543859649122806,-0.03508771929824561,0.9344244832067035,1.0350877192982457,-0.06782246519147381,-0.005060728744939291,0.9886855728023848,0.8896761133603239,-0.011376661406717992,0.04014844804318489,3.288274106837449,0.0752361673414305,1.1903801727287837,-0.27228947845270957,0.6012698801282345,1.093496882558393,-0.5087089580110681,0.21467271675474842,1.6770539753611728,0.8488054373735361,0.5170405486085446,0.05761676169796116,1390.6983653106774,0.05769768006807103,7.2375786647713225,-0.4550191955276417,0.6434646957499006,2.0974340037390085,-0.4408868985920644,0.49345612586775334,1.6962451924141622,1.9109292660744552,0.528417929732307,0.9970856550908143,433.16716657414713,1.0016980021870772,6.071124720097333,4,12,0.25,275,374,-99,0.5,0.25
117,dallas-cowboys,2016,0.762279517262928,1.3188321602374347,0.7221416753134353,1.183249480248081,0.8636282937688697,0.0,54158377.0,79284858.0,5920000.0,6751748.0,6621940.0,0.0,26,22,3,32,43,0,0.388613087232081,0.5689079906906581,0.04247892207726091,0.5048531115725147,0.4951468884274854,0.0,0.5098039215686274,0.43137254901960786,0.058823529411764705,0.4266666666666667,0.5733333333333334,0.0,-0.1419607843137255,0.7523926685353592,1.0047058823529413,-0.28449460752865624,0.08313725490196072,1.1948501407464531,0.9364705882352942,0.17802273382302444,0.058823529411764705,58823.529411764706,0.058823529411764705,,0.07376110226317273,1.1489658019090492,1.0640548791181434,0.13886399282404843,-0.11624002434043368,0.7697532382605199,0.8934661988045957,-0.26168271203713445,0.04247892207726091,42478.92207726091,0.04247892207726091,,0.4552038664685649,1.5270813180526381,2.1824604540063044,0.42335903653747653,-0.4209699629851531,0.6442249802451869,1.945528997511009,-0.4397059538249657,0.7221416753134353,722141.6753134354,0.7221416753134353,,13,3,0.813,421,306,115,0.5,0.75
118,dallas-cowboys,2017,0.7628402772547074,1.220587343921392,1.064574042225378,0.8996601372310715,1.1223496073538528,0.23936779968333874,40426409.0,67271909.0,6770000.0,19715423.0,25443628.0,180882.0,25,26,3,29,30,1,0.35316679502532744,0.5876902026288182,0.05914300234585434,0.4348357329950179,0.5611748036769265,0.0039894633280556455,0.46296296296296297,0.48148148148148145,0.05555555555555555,0.48333333333333334,0.5,0.016666666666666666,-0.018518518518518545,0.9629610370408888,0.9814814814814814,-0.03774025105992713,-0.020370370370370372,0.9578524243666316,0.9462962962962963,-0.04305939842615671,0.03888888888888889,3.333133345332613,0.07222222222222222,1.2039308059638658,0.0265153989518917,1.0472479368821044,1.1488650063057446,0.04616741238459606,-0.08166893796969044,0.8121825232951831,0.7880025280203453,-0.2080273501777372,0.055153539017798694,14.821086546526862,0.06313246567390998,2.6960678414384276,0.09823773656753909,1.0875276726576113,2.3429369512752447,0.08390774905626752,-0.13681985997636414,0.8479195618058327,1.662500414485779,-0.16496819316088351,0.8252062425420392,4.447421901407804,1.3039418419087168,1.4923255196353993,9,7,0.563,354,332,22,0.833,0.583
119,dallas-cowboys,2018,1.0340746583786145,1.0378030928965003,0.4148625818455028,0.4493087275056022,1.5348978071638575,0.9389061527523456,62646631.0,55617988.0,2900000.0,11485077.0,40542354.0,800000.0,26,23,3,30,31,1,0.5170373291893073,0.45902829108883675,0.02393437972185593,0.2174074487930333,0.7674489035819289,0.015143647625037834,0.5,0.4423076923076923,0.057692307692307696,0.4838709677419355,0.5,0.016129032258064516,-0.05769230769230771,0.8846136153881538,0.9423076923076923,-0.1226020612233231,0.016129032258064502,1.0333311977821913,0.9838709677419355,0.03278975615645989,0.04156327543424318,3.576701321441148,0.07382133995037221,1.2744582902368073,-0.3084206124930921,0.5981215046694358,1.2264771946707655,-0.5139591820922603,0.29962988039627403,2.378184160089897,0.7344447779823406,0.8663391726318814,0.008790732096818098,1.5803853819805294,0.039078027346893765,0.4577105099732327,-0.4970947142673572,0.67613779361398,2.572700900060358,-0.3913574234305198,0.5847659308730122,2.301474005736324,1.4833833858842167,0.8335507567712704,-0.5240435709068427,0.4418568765072882,1.3537687345978484,-0.8167668477150587,10,6,0.625,339,324,15,0.833,0.75
120,dallas-cowboys,2019,0.7663008616739827,1.3460252450573607,0.37253232005238385,1.5082532462109797,0.5814385509721778,0.9103065758553658,57031865.0,88618818.0,3199117.0,22554501.0,10493801.0,469406.0,26,23,3,29,35,1,0.3831504308369914,0.5953573199292173,0.02149224923379138,0.6729129867710525,0.3130822966773265,0.014004716551621011,0.5,0.4423076923076923,0.057692307692307696,0.4461538461538462,0.5384615384615384,0.015384615384615385,-0.09615384615384615,0.8214270459212004,0.9807692307692307,-0.19670989052017748,0.05384615384615382,1.1206871432874375,0.9461538461538461,0.11394401797041935,0.04230769230769231,3.7497562658427204,0.07307692307692308,1.3217081752778408,0.28227502325189074,1.9015940046869102,0.9084396166065438,0.6426941639480589,-0.2897625559340611,0.5693899047566562,1.056063417608044,-0.5631872239738144,0.007487532682170369,1.534534070754408,0.03549696578541239,0.42827332531369683,0.7645866940851829,2.314987418394193,1.9274637960295384,0.8394049956323459,-0.741952384536997,0.5080714101081271,2.2745541078849625,-0.6771319652342288,-0.5377742558029819,0.4092378553505234,1.2828388959077497,-0.8934560542244836,8,8,0.5,434,321,113,0.833,0.583
121,dallas-cowboys,2020,1.0559075039831316,1.006053772604354,0.4856739526390698,0.5272145904779586,1.5222097438955782,1.0301358888091736,55145772.0,50440429.0,3043774.0,22223565.0,57874661.0,2554300.0,25,24,3,51,46,3,0.5076478384534288,0.4643325104327788,0.028019651113792485,0.2688794411437589,0.700216482191966,0.03090407666427521,0.4807692307692308,0.46153846153846156,0.057692307692307696,0.51,0.46,0.03,0.001538461538461544,1.0033423004264372,0.9215384615384616,0.0033388940191535783,-0.029230769230769227,0.9426829178162999,0.9907692307692308,-0.05902322123401571,0.027692307692307697,1.9230128226495016,0.0876923076923077,0.6539104678119868,-0.23588397175918718,0.6631261318686715,1.1645489926247448,-0.41078790911782115,0.23876839730966987,1.8880058225656182,0.7765272795971876,0.6355231215721523,-0.002884425550482725,0.9066358714515619,0.058923727778067696,-0.0979786856465638,-0.5161559712912243,0.6609162211204102,2.528263516499932,-0.41412719883867266,0.528692913505173,2.0028002264232665,1.5831220944610902,0.6945472615792064,-0.5444619361701037,0.4714654507717934,1.5158098414482435,-0.7519073957403497,6,10,0.375,395,473,-78,0.333,0.417
122,dallas-cowboys,2021,0.7967564975012192,1.281947400500479,0.5211430531507306,1.3300917492145565,0.8068990156442482,0.5593033143856919,66780843.0,96332280.0,4518627.0,19934458.0,16490757.0,1270066.0,29,26,3,33,45,5,0.3983782487506096,0.5746660760864216,0.026955675162968828,0.5288316593262695,0.43747536992760444,0.03369297074612602,0.5,0.4482758620689655,0.05172413793103448,0.39759036144578314,0.5421686746987951,0.060240963855421686,-0.09389281262982963,0.8268183983510461,0.9904445367677607,-0.19016796817466003,0.10240963855421686,1.257572594590141,0.8975903614457832,0.22918535061982037,-0.008516825924387204,0.8586064367883217,0.11196510178645616,-0.1524252932315868,0.13719070615881718,1.313593408900051,1.0121414460140261,0.272768182257701,-0.1304534105756599,0.7533162744867946,0.9272099080768792,-0.28326760995280426,-0.00673729558315719,0.8000147968926479,0.06064864590909484,-0.223087958118299,0.4750483848562308,1.5887314111364115,2.088846416144727,0.4629366232084498,-0.5333352517133373,0.5990232620783161,2.1268482467157757,-0.5124535916776393,-0.0381602612349613,0.9317701289737493,1.0804463675364224,-0.07066721859280896,12,5,0.706,530,358,172,1.0,0.833
123,dallas-cowboys,2022,0.6560982556814876,1.4805886902721586,0.41060240678006316,1.4145564243933064,0.7829122363692166,0.39746505825832124,54040635.0,103884334.0,3757773.0,29516463.0,22559830.0,1579733.0,27,23,3,42,58,8,0.33423873402641824,0.6425196203067858,0.023241645666796026,0.5501052761529525,0.4204528676797644,0.029441856167283054,0.5094339622641509,0.4339622641509434,0.05660377358490566,0.3888888888888889,0.5370370370370371,0.07407407407407407,-0.10307477288609368,0.808066159606149,0.9709993011879805,-0.2131090387672328,0.12054507337526205,1.3099696773286464,0.8983228511530399,0.2700059528288298,-0.01747030048916841,0.7641406274977552,0.13067784765897972,-0.2689857728378912,0.22206675262702136,1.5281572360184736,1.06297248798655,0.4240641449751084,-0.21586654212653422,0.6075893850254599,0.8843440101793707,-0.4982529868774803,-0.006200210500487028,0.7893814898509125,0.05268350183407908,-0.236462539118136,0.697676453902942,1.8911274219074805,2.2635009266413753,0.6371738461590627,-0.7584581687118188,0.4638187495024343,2.070654680074794,-0.7682599049816666,0.01313734852174192,1.0330502397596033,0.8080674650383843,0.03251825920877346,12,5,0.706,467,342,125,0.667,0.667
124,dallas-cowboys,2023,0.93463382902492,1.1284235268683147,0.47452203422304534,0.9462877205250646,1.0638764636853737,0.008380274203660432,81780766.0,98737428.0,4982500.0,15435277.0,21162578.0,3334.0,25,25,3,41,50,1,0.440865013691,0.5322752485227898,0.026859737786210116,0.42171517979921364,0.5781937302637901,9.108993699630906e-05,0.4716981132075472,0.4716981132075472,0.05660377358490566,0.44565217391304346,0.5434782608695652,0.010869565217391304,-0.07178014766201801,0.8679229313236931,1.0151763740771123,-0.14165023706358126,0.026045939294503717,1.0584421716686476,0.9173502871205906,0.05680029775864285,0.04573420836751436,5.207068119544323,0.06747333880229697,1.6500346229073817,-0.04591848174100022,0.9205812863080741,1.1104689787865798,-0.0827480967924286,0.019149833891786372,1.0454069224967928,0.8625801934902136,0.04440847740434076,0.026768647849213806,291.66854340758914,0.026950827723206425,5.675655261961432,0.06454706318294101,1.0606705803874699,2.192299990553688,0.05890221730113665,-0.01165389150014462,0.9876835776995443,1.8809215495499845,-0.012391828079343446,0.4661417600193849,56.61693230556792,0.4829023084267058,4.03631020519417,12,5,0.706,509,315,194,0.833,0.75
125,dallas-cowboys,2024,0.9449495361218977,1.0474710371183507,1.0631618896645973,0.5729384031112242,1.704074524600414,0.0,43459134.0,48174196.0,5867500.0,50966754.0,91947413.0,0.0,25,25,3,61,37,0,0.44573091326504605,0.4940901118482786,0.06017897488667533,0.35662492438555793,0.6433750756144421,0.0,0.4716981132075472,0.4716981132075472,0.05660377358490566,0.6224489795918368,0.37755102040816324,0.0,0.09414709279938394,1.2493592610035689,0.8492491336157104,0.2226329486950383,-0.15075086638428958,0.7578088660503401,1.094147092799384,-0.2773219607449942,0.05660377358490566,56603.77358490566,0.05660377358490566,,-0.14928496376616346,0.7679646952622675,1.1374651874627206,-0.26400949268143276,0.08910598887948812,1.2498556128049578,0.8023558376506039,0.22303027838994238,0.06017897488667533,60178.97488667533,0.06017897488667533,,-0.6566034874820634,0.6146858058793905,2.751545561718765,-0.486643071790777,0.37201113301067346,1.6493010098285306,1.517887939233122,0.5003526260058373,1.0631618896645973,1063161.8896645973,1.0631618896645973,,7,10,0.412,350,468,-118,0.5,0.417
126,denver-broncos,2011,1.4052156280641548,0.6272333481027017,0.5864738408833552,1.170329781740137,0.8107446869554032,0.0,65203955.0,27025605.0,3887600.0,8031908.0,5007686.0,0.0,28,26,4,10,9,0,0.6783799583757989,0.28117356983914216,0.04044647178505898,0.6159630430211247,0.38403695697887524,0.0,0.4827586206896552,0.4482758620689655,0.06896551724137931,0.5263157894736842,0.47368421052631576,0.0,-0.02540834845735024,0.9463581553894882,0.9219600725952812,-0.05513195103685623,-0.04355716878402899,0.9172396365550354,1.0090744101633393,-0.08638444277058963,0.06896551724137931,68965.51724137932,0.06896551724137931,,-0.10286338713973309,0.732150467758604,0.6652105268180174,-0.31176567258178534,0.062416915354674196,1.1013304527461412,1.2943430013969235,0.09652042554099595,0.04044647178505898,40446.47178505898,0.04044647178505898,,-0.18351133885270154,0.7736499351086945,1.437978035058105,-0.2566341936215682,0.23488584632401777,1.2006995372494373,2.575545409804292,0.18290504628811224,0.5864738408833552,586473.8408833552,0.5864738408833552,,8,8,0.5,309,390,-81,0.5,0.5
127,denver-broncos,2012,1.1601627788112006,0.9354044954446973,0.3788127173366641,1.22743424761776,0.7219649974986483,0.3944058375473166,62385489.0,50299551.0,3133833.0,11933696.0,5013775.0,182600.0,26,26,4,21,15,1,0.5386470044480575,0.43429494431360943,0.02705805123833315,0.6966518702695395,0.292688512499452,0.010659617231008557,0.4642857142857143,0.4642857142857143,0.07142857142857142,0.5675675675675675,0.40540540540540543,0.02702702702702703,0.058880308880308874,1.1452352703244284,0.8696911196911197,0.13561224600855704,-0.10328185328185324,0.8180257696008549,1.031853281853282,-0.2008592858522412,0.044401544401544396,2.6427593607607944,0.09845559845559845,0.9718375836154497,0.14160643181415744,1.4838076725226792,0.7269834568130614,0.39461383820032186,-0.158004865821482,0.7731928302249749,1.2352988747175968,-0.25722494804884605,0.016398434007324596,2.538131765919646,0.03771766846934171,0.9314652420642041,0.213439497946049,1.2956351111901896,1.6573694929433456,0.25900207733552355,-0.06727146880655943,0.9451926535944576,2.3875970264289608,-0.05636564408113087,-0.015593120210652511,0.960461841108975,0.7732185548839807,-0.04033838589236881,13,3,0.813,481,289,192,1.0,0.833
128,denver-broncos,2013,0.8186439107664558,1.212059872104447,0.8611163250829688,1.202230944877943,0.8922385749992247,0.12247741885231798,37277449.0,52984209.0,6273833.0,19791879.0,16691580.0,183300.0,25,24,4,22,25,2,0.38615278809738485,0.5488573005755987,0.06498991132701651,0.5397771589247907,0.4552237627547065,0.004999078320502775,0.4716981132075472,0.4528301886792453,0.07547169811320754,0.4489795918367347,0.5102040816326531,0.04081632653061224,-0.05737389295340778,0.8875454302222775,0.9630342703118984,-0.11929336162893465,0.022718521370812483,1.0505980030848938,0.9206777050442818,0.04936164879589564,0.0346553715825953,1.8490113029966615,0.11628802464381979,0.6146643153307897,0.09363353782089218,1.205684192692622,1.0040810633303052,0.18704902253936506,-0.15362437082740588,0.7153916506488157,0.9259299470221756,-0.33492253346522555,0.059990833006513734,12.997778666891271,0.06998898964751929,2.564793857968925,0.31982129710522245,1.3584466617113462,2.104298447103672,0.30634271152061077,-0.3835870341114871,0.6809367478998148,2.020874855644399,-0.38428463681915503,0.7386389062306508,7.030759648532738,0.9835937439352868,1.9502959193800982,13,3,0.813,606,399,207,0.833,0.75
129,denver-broncos,2014,0.8814182208663058,1.2108779747662801,0.4462228262044834,1.1808401631678607,0.8423005156008447,1.3563237426084938,49005239.0,67322598.0,4134862.0,6591106.0,6965150.0,1121571.0,24,24,4,27,40,4,0.4068084096306028,0.5588667575844369,0.03432483278496026,0.4490518930356653,0.4745355017469548,0.07641260521737993,0.46153846153846156,0.46153846153846156,0.07692307692307693,0.38028169014084506,0.5633802816901409,0.056338028169014086,-0.10184182015167931,0.8192293150987349,1.0249187432286024,-0.19938907364020791,0.0812567713976165,1.2136720221673036,0.8418201516793067,0.19365265984165198,0.02058504875406284,1.3653603802378662,0.13326110509209102,0.3114314085329183,0.08433125583748213,1.1777107883735591,1.0334022593313916,0.1635743337018323,-0.04224348340506251,0.9059253730234685,0.8558603026662681,-0.09879588790641647,-0.042087772432419665,0.44919792342363185,0.11073743800234019,-0.8002625459587227,0.3685774591654354,1.4375825667397928,2.0531784903671246,0.36296375561862104,-0.29942194230155483,0.7464324994410864,2.0622583840341666,-0.2924489542746148,-0.9101009164040104,0.32899409130169255,1.8025465688129771,-1.1117132469170519,12,4,0.75,482,354,128,1.0,0.833
130,denver-broncos,2015,0.915841524364431,1.1369873893127453,0.48604376437409175,0.9120986978002867,0.9554915667908859,5.063540057120088,55849997.0,75113946.0,3705000.0,4097972.0,5519484.0,812500.0,24,26,3,28,36,1,0.4147206902782329,0.5577673985307807,0.027511911190986327,0.3929040544370465,0.5291953292995675,0.07790061626338596,0.4528301886792453,0.49056603773584906,0.05660377358490566,0.4307692307692308,0.5538461538461539,0.015384615384615385,-0.06328011611030482,0.8857426355433021,1.044412191582003,-0.12132681118557756,0.0220609579100145,1.051210497695307,0.8835994194484761,0.049944563421275005,0.041219158200290276,3.6790061476192726,0.07198838896952105,1.3026603136346464,0.02857206923121325,1.053989545371619,1.0869627278303482,0.052584323928157935,0.02181663584118637,1.0555239378949803,0.8076247447152793,0.05403967850699355,-0.050388705072399634,0.35316226428432945,0.10541252745437228,-1.0407913082398914,0.18149582252185947,1.1899489633199631,2.092478956103631,0.17391129775414924,0.0037428265641442637,1.0041024315359037,1.8279402221647176,0.004095131399002325,-4.577496292745996,0.09598890556849386,5.5495838214941795,-2.3435206037617555,12,4,0.75,355,296,59,0.667,0.667
131,denver-broncos,2016,1.247735363075139,0.8481623347589174,0.2008525180495294,0.866171236270866,1.1144062383463382,0.9168564636782913,66354855.0,45105469.0,1281766.0,12440759.0,20274446.0,1755833.0,25,25,3,30,38,4,0.588554416544877,0.40007657299948934,0.01136901045563374,0.3609046817795275,0.588158848016123,0.05093647020434952,0.4716981132075472,0.4716981132075472,0.05660377358490566,0.4166666666666667,0.5277777777777778,0.05555555555555555,-0.056079664570230614,0.8937421000397945,0.999475890985325,-0.11233590413154593,0.05503144654088049,1.1320727547235019,0.8883647798742138,0.12405236867061166,0.0010482180293501092,1.0188495852357677,0.11215932914046121,0.018691799684763727,-0.1880822750166336,0.6802174176781313,0.9882354210156123,-0.3853403005173381,0.22764973476534944,1.630770714506005,0.9494590983244044,0.489054433131397,-0.03956745974871578,0.22319542784562837,0.06230548065998326,-1.4996195787127993,-0.2662439035874208,0.7610883217319193,1.9625685731052558,-0.27300468874151135,0.3815641268042731,1.4405164594596311,2.113906599346005,0.36500250314170885,-0.7160039456287619,0.21906624094408297,1.1177089817278207,-1.5183761460710608,9,7,0.563,333,297,36,0.333,0.5
132,denver-broncos,2017,1.255732374812165,0.823228777121504,0.48615826644964655,0.991232548082819,1.0391074387365342,0.0035102558107107007,69223646.0,49163187.0,3350002.0,17887761.0,16777846.0,1667.0,24,26,3,38,34,1,0.5686335282168293,0.4038480793426246,0.027518392440546036,0.5159840661253031,0.4839678481786598,4.808569603713289e-05,0.4528301886792453,0.49056603773584906,0.05660377358490566,0.5205479452054794,0.4657534246575342,0.0136986301369863,0.024812613078314838,1.0532718784079371,0.9563194623933833,0.05190343240453214,-0.06771775652623413,0.8699089544797692,0.9733781338847247,-0.1393645145020623,0.04290514344791936,4.131773852206902,0.07030240372189196,1.4187244854393624,-0.08011976883603517,0.834450566110697,0.8878159275212845,-0.18097929919360248,0.05264946209152621,1.1020348563319484,1.0846175943421326,0.09716009889613997,0.027470306744508902,560.6193792124008,0.02756647813658317,6.3290785455035214,-0.21587866161503022,0.7922453003292697,1.862336215858038,-0.2328829977554781,0.2644998267293459,1.2668380496613767,2.2469649228949837,0.23652486762364636,0.48264801063893586,138.45709132518175,0.48966852226035723,4.930562524641105,5,11,0.313,289,382,-93,0.333,0.333
133,denver-broncos,2018,1.1540792133677775,0.8150102913903178,0.692472590386773,0.6508791838220194,1.2518890020220292,0.7261419449313113,74948204.0,35285595.0,4497055.0,16902503.0,48272368.0,1714271.0,30,20,3,33,49,3,0.6532523849251571,0.3075510533548369,0.039196561720006025,0.2526942713661957,0.7216771894009345,0.025628539232869813,0.5660377358490566,0.37735849056603776,0.05660377358490566,0.38823529411764707,0.5764705882352941,0.03529411764705882,-0.1991120976692563,0.6546003276956195,0.9538290788013318,-0.4237277663143252,0.17780244173140952,1.4579722308948542,0.9542730299667037,0.37704835404471737,0.02130965593784684,1.6037281459415254,0.09189789123196448,0.4723486765168555,-0.4141261360460976,0.4261609369269358,1.0292282427557713,-0.8529349663551481,0.4005581135589614,2.5851389358944132,0.9059466562913528,0.9497807842779052,0.013568022487136212,1.5293510103270425,0.06482510095287583,0.42486898127568495,-0.43687871063171146,0.6510238839466155,2.066899293412347,-0.4292077223789014,0.5032000295457582,1.7731054686454488,1.804958397189797,0.5727333777957635,-0.033669354544538344,0.953631230903547,1.4186145353180843,-0.047476788579853046,6,10,0.375,329,349,-20,0.333,0.333
134,denver-broncos,2019,1.2172135107190374,0.8014473854730422,0.9168970353056832,1.2459052261221468,0.8051537822680765,0.372622196904761,59154989.0,40572185.0,5570000.0,43467084.0,33131993.0,333334.0,24,25,3,39,46,1,0.5617908511010942,0.3853112430158857,0.05289790588302019,0.5650035327763223,0.43066365098059906,0.004332816243078616,0.46153846153846156,0.4807692307692308,0.057692307692307696,0.45348837209302323,0.5348837209302325,0.011627906976744186,-0.05411449016100173,0.8988277510210274,1.0156529516994632,-0.10666178351444679,0.008050089445438335,1.0177492350223971,0.9150268336314848,0.017595723428925403,0.04606440071556351,4.961111805923153,0.06932021466905189,1.601647203221091,-0.04535240796471335,0.8946897362914598,0.8159748939964848,-0.1112756888692881,-0.003212681675228146,0.9943121134631668,1.1267943838774164,-0.005702344144307203,0.04856508963994157,12.205848821463428,0.0572307221260988,2.5019341526149015,-0.0037063967950343724,0.9953954234928707,1.6066011677411187,-0.00461396248283492,-0.02869171540310944,0.9769704053150013,2.463118736841184,-0.023298097236828175,0.5442748384009222,2.460654738948079,1.2895192322104443,0.900428559209909,7,9,0.438,282,316,-34,0.5,0.5
135,denver-broncos,2020,0.982766461428242,0.994484584221835,1.1895746195826922,1.5285671354136214,0.5250796111462938,0.030408396828758,47457696.0,48023563.0,6893333.0,69085477.0,24258990.0,61082.0,25,25,3,45,46,2,0.4635690855793594,0.4690965019914316,0.067334412429209,0.7396292590711072,0.25971679691107,0.0006539440178227527,0.4716981132075472,0.4716981132075472,0.05660377358490566,0.4838709677419355,0.4946236559139785,0.021505376344086023,-0.022925542706431323,0.9536486051952523,0.9663217691215257,-0.04745789375909411,-0.012172854534388322,0.9748407526247088,0.9555690809494827,-0.02547903196776325,0.03509839724081964,2.6319530858796196,0.07810914992899168,0.9677438553010029,0.20937970508036158,1.8061777343354526,0.7288132989025016,0.59121499516108,-0.27606017349174783,0.6267578697517733,1.2031983446504666,-0.4671928284043288,0.06668046841138625,102.8094166781621,0.06798835644703174,4.632891801890373,0.4694049730755413,1.8939655418827865,1.5195641953681287,0.6386738068401822,-0.5458006739853795,0.642932715042049,2.5113335968418635,-0.4417141849209903,1.159166222753934,39.11865224691724,1.2199830164114502,3.6666002334434986,5,11,0.313,323,446,-123,0.167,0.333
136,denver-broncos,2021,0.9905045139158525,1.0115595924874992,1.003166156409267,1.5199118677047339,0.6707224837870018,0.0,56023157.0,45376650.0,5869583.0,47781521.0,33292935.0,0.0,29,23,3,38,60,0,0.5222660164283586,0.42301582958568146,0.05471815398596002,0.5893535813548968,0.4106464186451032,0.0,0.5272727272727272,0.41818181818181815,0.05454545454545454,0.3877551020408163,0.6122448979591837,0.0,-0.19406307977736553,0.6830291874159635,1.030426716141002,-0.38121529488536093,0.1395176252319109,1.3598051055743927,0.9150278293135435,0.30734328130407207,0.05454545454545454,54545.454545454544,0.05454545454545454,,0.012369410940578252,1.0301192954807479,0.8336622482307847,0.02967698036485652,-0.06708756492653822,0.8861660415495456,1.1116195977832555,-0.12084902539199138,0.05471815398596002,54718.15398596002,0.05471815398596002,,0.3408371087004973,1.508161883308584,1.682282076274501,0.41089260207034356,-0.5294073537888814,0.6516850636389724,2.5104163816205864,-0.42819285539521335,1.003166156409267,1003166.1564092671,1.003166156409267,,7,10,0.412,335,322,13,0.167,0.25
137,denver-broncos,2022,1.0476444516121062,0.9599989818271857,0.9655198779342089,1.0031152604376468,1.0418118308762123,0.26960640485308845,51659581.0,51282577.0,5951250.0,43851552.0,57804814.0,906611.0,24,26,3,52,66,4,0.47440503469227446,0.4709428967454118,0.05465206856231371,0.42755732412096425,0.5636031216215575,0.00883955425747831,0.4528301886792453,0.49056603773584906,0.05660377358490566,0.4262295081967213,0.5409836065573771,0.03278688524590164,-0.050417568821528036,0.9068022117258143,1.0315496442932262,-0.09782888284748817,0.02660068048252401,1.062406796254592,0.8790596968759665,0.060539105127454154,0.02381688833900402,1.7263624402851938,0.0893906588308073,0.5460342257050822,-0.09266022487614567,0.8355916478936526,1.0345460183669692,-0.1796131212925379,0.04684771057131021,1.1095680002666874,0.9019623588132387,0.1039728585228466,0.0458125143048354,6.181973094739281,0.06349162281979202,1.821655788908556,-0.08181284904902664,0.9214697240960092,2.001810812703398,-0.0817843157680897,0.044529191174459415,1.0443898608073927,2.0507597120497527,0.04343380416684934,0.6959134730811205,3.5812068235304206,1.2351262827872973,1.2757008808623804,5,12,0.294,287,359,-72,0.167,0.25
138,denver-broncos,2023,0.8992635535933672,1.1713923547438132,0.41120076385682974,1.144318115600302,0.8378745114435483,1.9812646445393394,73535216.0,95787925.0,4035000.0,32712095.0,24472627.0,1231250.0,25,25,3,46,47,1,0.42418092150630526,0.5525435635584025,0.02327551493529225,0.5599854608256797,0.41893725572177415,0.021077283452546162,0.4716981132075472,0.4716981132075472,0.05660377358490566,0.48936170212765956,0.5,0.010638297872340425,-0.028301886792452824,0.9433943396264151,0.9716981132075472,-0.05826878812422309,-0.017663588920112383,0.9639028703182528,0.9610598153352068,-0.036762626381432344,0.045965475712565235,5.320254613047506,0.06724207145724609,1.671538828314328,0.13360630783662836,1.3189140786544893,0.9714808192801767,0.2768105401459355,-0.13580453931937442,0.7574842450313279,0.984166382331985,-0.2777501829715741,0.002198231482746088,1.104241480939031,0.04435279838783841,0.09920161935182474,0.3335178433002649,1.3980505919377684,2.0092668661873616,0.33507968563807206,-0.24505456200693476,0.785850329103014,2.043581669193669,-0.24098781365341004,-1.5700638806825096,0.20754448803478714,2.392465408396169,-1.5724071302250264,8,9,0.471,357,413,-56,0.5,0.417
139,denver-broncos,2024,0.9335122327005837,1.1096270197311984,0.677048569645549,0.5657465406498129,1.4712811658023424,0.58261621095061,67561031.0,77094698.0,5880000.0,28740989.0,71629525.0,1233250.0,25,24,3,48,46,2,0.44880395802912676,0.5121355475682454,0.03906049440262783,0.28287327032490645,0.7049888919469558,0.01213783772813771,0.4807692307692308,0.46153846153846156,0.057692307692307696,0.5,0.4791666666666667,0.020833333333333332,-0.01762820512820512,0.9632086921664753,0.9407051282051282,-0.037483013544765055,-0.019230769230769218,0.9615365384653846,0.9807692307692308,-0.03922063315344463,0.03685897435897437,2.769097852533848,0.07852564102564102,1.0185389153296494,-0.19285334437871038,0.7264438163132969,1.2171244395152012,-0.319592181093502,0.16593068770422031,1.586584589378296,0.7316772283540331,0.4615858769956415,0.02692265667449012,3.217811727731229,0.051198332130765536,1.1687271418575875,-0.361654146071144,0.7541904914793006,2.5809081855335405,-0.2821094004600524,0.3677656920507708,1.650050889533447,1.4992587733503966,0.500807200801031,0.09443235869493904,1.1620813064222097,1.2596647805961592,0.150214104083127,10,7,0.588,425,311,114,0.5,0.5
140,detroit-lions,2011,0.8860601803051649,1.1251888746037715,0.7318400063478762,0.8086716812169583,0.6267656330969938,2.8755941051781084,48108331.0,70142369.0,4415000.0,384333.0,595759.0,683334.0,27,31,3,2,4,1,0.3921905716104828,0.5718172969297856,0.03599213145973161,0.2310490517762738,0.3581517903411393,0.4107991578825869,0.4426229508196721,0.5081967213114754,0.04918032786885246,0.2857142857142857,0.5714285714285714,0.14285714285714285,-0.06323185011709598,0.8893427059453466,1.079625292740047,-0.11727065401121146,0.15690866510538642,1.5491749057566826,0.7283372365339578,0.437724729589218,-0.09367681498829039,0.3442598852627704,0.1920374707259953,-1.0663380932987743,0.21366550658864625,1.596573619837309,0.9299690872709249,0.46786159418942247,0.16114151983420902,1.6974268934171963,0.6232396233867566,0.5291160620945071,-0.3748070264228553,0.0876146972417151,0.44679128934231854,-2.43477873491628,0.49842324150677764,1.7952277852507272,1.7519545077007654,0.58513280248955,0.07738849908820655,1.0956969375690389,1.6947318615221232,0.09139176206230612,-2.1437540988302324,0.2545003658651545,3.6074341115259845,-1.3684516389905446,10,6,0.625,474,387,87,0.5,0.5
141,detroit-lions,2012,0.8940435061688289,1.1303428495375443,0.8158416299197001,1.447258733075098,0.7745789023543385,0.04228704202199998,48634011.0,59292172.0,4755000.0,12199304.0,7753328.0,66834.0,28,27,3,16,19,3,0.431607209874607,0.5261940851295465,0.042198704995846555,0.6093720981368834,0.3872894511771693,0.0033384506859473672,0.4827586206896552,0.46551724137931033,0.05172413793103448,0.42105263157894735,0.5,0.07894736842105263,-0.03448275862068967,0.9310326206933792,0.9655172413793103,-0.07145881583430426,0.06170598911070785,1.1465490010840536,0.9038112522686026,0.13675863354463555,-0.027223230490018145,0.6551641150476462,0.1306715063520871,-0.42285018426003174,0.13890463395237718,1.3586549410918334,0.9134835363067157,0.30649709688558835,-0.17776488826227643,0.7082807088042063,1.0409793080114904,-0.34491246558575,0.038860254309899186,12.636421065722438,0.04553715568179392,2.53660690222029,0.3557639471832058,1.4592979318232542,1.9049217518918828,0.3779563361385863,-0.553215226906269,0.6177491750352162,2.3413022392439267,-0.48167165103583065,0.7735545878977002,19.29249004943917,0.8581286719417001,2.9597171293032933,4,12,0.25,372,437,-65,0.0,0.25
142,detroit-lions,2013,0.9167292290119698,1.1719852033747438,0.31804146456896837,1.0689330741910226,1.0115838225524243,0.0042678215740546525,40475789.0,49676113.0,1685075.0,10105697.0,17822918.0,3668.0,25,24,3,22,41,2,0.4407352062557547,0.5409162477114202,0.0183485460328251,0.3617927328031153,0.6380759496099907,0.0001313175868939893,0.4807692307692308,0.46153846153846156,0.057692307692307696,0.3384615384615385,0.6307692307692307,0.03076923076923077,-0.16923076923076918,0.7317061570512144,1.0923076923076924,-0.3123741037424299,0.1423076923076923,1.4204503486694244,0.8192307692307692,0.3509760482808416,0.026923076923076925,1.8749390644804043,0.08846153846153847,0.6285934931336005,-0.09715970189857048,0.8477288641159069,1.1789921973214108,-0.16519258131564252,0.07894247345263938,1.2181946957483607,0.80252793905887,0.19737227417281558,0.01821722844593111,138.6705007515415,0.01847986361971909,4.932155119607512,0.16040138082231947,1.158563451374842,2.1835690259271683,0.14718168692790054,-0.15220384517905272,0.8576106339446214,1.9856623032029925,-0.1536039982528525,0.3137736429949137,74.50333986831012,0.322309286143023,4.310847099066937,7,9,0.438,395,376,19,0.667,0.5
143,detroit-lions,2014,0.9682513636851481,1.129210828610977,0.2520510979458511,1.1145657367561628,0.9397340611555651,0.2788850100570885,54364175.0,56356913.0,1572428.0,10212145.0,9721261.0,164856.0,27,24,3,31,35,2,0.48412568184257404,0.5018714793826564,0.014002838774769507,0.5081108505800154,0.48368664912418796,0.008202500295796722,0.5,0.4444444444444444,0.05555555555555555,0.45588235294117646,0.5147058823529411,0.029411764705882353,-0.0702614379084967,0.8634903858535995,0.9591503267973855,-0.14677026538742255,0.04411764705882354,1.0967717877264012,0.9558823529411764,0.09237312658303411,0.0261437908496732,1.8888246688501478,0.08496732026143791,0.6359727671359855,0.018184830258468454,1.0375941587332111,0.9855581285068444,0.03690671695021081,-0.02398516873744133,0.9527935262480871,0.9922365324225895,-0.04835498983688608,0.005800338478972785,1.706934633981086,0.02220533907056623,0.5347705616974452,0.18947676745541187,1.201626793856578,2.0689448897665423,0.18367718583545975,-0.1463143730710147,0.8687244395101444,2.0828171004413107,-0.14072827189344125,-0.026833912111237368,0.9037782063512466,0.5309361080029396,-0.10116732820741495,11,5,0.688,321,282,39,0.833,0.75
144,detroit-lions,2015,0.80114129557565,1.284169533980883,0.4500858331639691,1.585110457456897,0.5754246682387751,0.049471753066309423,42076787.0,62257791.0,2727575.0,24883526.0,11223047.0,47068.0,26,24,3,33,41,2,0.39301271103711133,0.5815107323687018,0.02547655659418693,0.6882716460010211,0.3104264657603919,0.00130188823858709,0.49056603773584906,0.4528301886792453,0.05660377358490566,0.4342105263157895,0.5394736842105263,0.02631578947368421,-0.08664349553128103,0.8393909889245728,0.9923038728897716,-0.1750764549480767,0.05635551142005957,1.1297858486121222,0.9247765640516385,0.12203013872102078,0.030287984111221453,2.150861663483203,0.08291956305858987,0.7658862020749683,0.27108426660830987,1.87325799585514,0.8919371981290937,0.6276808783503637,-0.29525893496390976,0.5710131200485458,1.0812843570381325,-0.5603405478284295,0.02417466835559984,19.553907879170698,0.02677844483277402,2.9732144089754415,0.7087448657421078,2.231686219197319,1.859594202219658,0.8027582305525548,-0.7839691618812471,0.5054163805370355,2.386251753032547,-0.6823714252998883,0.4006140800976597,9.097650833393264,0.4995575862302785,2.2080184518157147,7,9,0.438,358,400,-42,0.5,0.5
145,detroit-lions,2016,0.8890027099713887,1.1288341460216191,0.7714157213748608,0.7398937238246919,1.2218903709505868,0.44838130120439484,46743257.0,64299579.0,5070075.0,10485110.0,22757559.0,363089.0,24,26,3,35,46,2,0.40256726489270434,0.5537676942747564,0.04366504083253928,0.3120033775164363,0.6771922537798434,0.010804368703720356,0.4528301886792453,0.49056603773584906,0.05660377358490566,0.42168674698795183,0.5542168674698795,0.024096385542168676,-0.06365082973403047,0.8851501666219922,1.0447829052057287,-0.12199593010987447,0.03114344169129346,1.073851900876274,0.8745169356671971,0.07125430000814345,0.032507388042736986,2.3489591219700228,0.08070015912707434,0.8539899697243545,-0.12342455950508702,0.8177395317862796,1.2309599480545996,-0.2012096080754842,0.09056388737626803,1.2902615921518512,0.7145706424091407,0.25484746648323264,0.03286067212881893,4.041050521256636,0.05446940953625964,1.396527589538946,-0.0930562249289677,0.9238416547155313,2.350724516972206,-0.07921370551200686,0.14910898614669688,1.201525948686216,1.6288964337960805,0.18359349772555147,0.32303442017046596,1.720441951662163,1.2197970225792556,0.5425825027775553,9,7,0.563,346,358,-12,0.5,0.583
146,detroit-lions,2017,0.9384985334262884,1.0352061836697117,1.2308627520899038,1.3053107760170242,0.7359927382193131,0.6444545482356304,58742123.0,62203401.0,9245000.0,18900795.0,11367590.0,622110.0,25,24,3,45,48,3,0.4512012179934079,0.47778746938602074,0.07101131262057137,0.61186442625798,0.36799636910965655,0.02013920463236345,0.4807692307692308,0.46153846153846156,0.057692307692307696,0.46875,0.5,0.03125,-0.038461538461538436,0.9230750769267693,0.9615384615384616,-0.08004254100721703,0.012019230769230782,1.0256388376115055,0.9495192307692308,0.025317754651068874,0.026442307692307696,1.8460947711211704,0.0889423076923077,0.6130898065815108,0.10979110027636418,1.2983447967087198,0.8457838384956773,0.2610923128949166,-0.1606632082645721,0.7374190444994493,1.063065644251388,-0.3045967506599685,0.05087210798820792,3.5258486155827202,0.09115051725293481,1.2601352314639302,0.29921344545039863,1.4065421075107551,1.7711989218890247,0.34113525228680386,-0.36681224259073575,0.7189841926424545,2.2438093094433125,-0.329914841169825,0.5864082038542734,1.9099265348241938,1.8753173003255341,0.6470655903139069,9,7,0.563,410,376,34,0.833,0.667
147,detroit-lions,2018,0.8185313418892292,1.1995146582731935,1.1036055429024543,1.0167907107735485,1.0046869902469264,0.03273096426001952,45691709.0,57038976.0,6845000.0,36631439.0,29264353.0,25089.0,27,23,3,47,38,1,0.4169876647360224,0.5205440969864802,0.06246823827749742,0.555687946585544,0.44393146080678136,0.0003805926076746456,0.5094339622641509,0.4339622641509434,0.05660377358490566,0.5465116279069767,0.4418604651162791,0.011627906976744186,-0.007898200965335667,0.9821229014318845,0.8758227292672225,-0.018036519906012835,-0.037077665642825774,0.932154055095069,1.0559455901711277,-0.07025521982886722,0.044975866608161476,4.867505922792527,0.06823168056164985,1.5825993415778967,0.07661263617969882,1.1725749814295368,0.9644755577932616,0.1592040904050816,-0.1387002818495216,0.7503976231635019,0.9726756113215664,-0.2871496505715765,0.06208764566982278,163.70400532171536,0.06284883088517207,5.098075959535691,0.19482766802626705,1.1939175842824434,2.2042016485201197,0.17724082136917224,-0.1982593688843194,0.805013783271809,1.8353220526627778,-0.21689465793380264,1.0708745786424347,33.7164471443119,1.1363365071624738,3.517986670248412,6,10,0.375,324,360,-36,0.333,0.333
148,detroit-lions,2019,1.0860463786709798,0.8708498052045751,1.215734085392773,0.7188671286699724,1.2513091733158401,0.028971524360335694,51736952.0,35339451.0,6435000.0,25011389.0,58048707.0,56000.0,27,23,3,36,48,2,0.5532689098889897,0.37791595320198546,0.06881513690902488,0.30092112362929074,0.6984051199902364,0.0006737563804729231,0.5094339622641509,0.4339622641509434,0.05660377358490566,0.4186046511627907,0.5581395348837209,0.023255813953488372,-0.12417727073277751,0.7775143302239319,0.9921017990346643,-0.25165089959724596,0.09082931110136022,1.2169782248497123,0.9280386134269416,0.19637288432460584,0.03334795963141729,2.4338576082737875,0.07985958753839403,0.8894951582446368,-0.3204891667882509,0.5411120297847171,1.0763210731922217,-0.6141262964015726,0.25234778625969895,1.838578377741903,0.8541900335182804,0.6089944596408984,0.06814138052855195,101.98515923746248,0.06948889328949781,4.624841836607495,-0.380459368111265,0.6959503916578212,2.122158978520415,-0.36247574923872317,0.3671792500010074,1.5107727486546791,1.8049135073409521,0.41262219477188666,1.1867625610324373,41.96162095758392,1.2447056097531086,3.736756236349531,3,12,0.219,341,423,-82,0.0,0.208
149,detroit-lions,2020,0.8453300601752782,1.186849325608061,0.6802818051972654,1.9528900479136861,0.38774938699385564,0.19052579611117246,53184028.0,77782029.0,5350000.0,50742378.0,13349347.0,866333.0,24,25,3,40,53,7,0.39015233546551303,0.5706006373115677,0.03924702722291916,0.7811560191654744,0.2055071751067435,0.013336805727782071,0.46153846153846156,0.4807692307692308,0.057692307692307696,0.4,0.53,0.07,-0.049230769230769245,0.9071100446399738,1.0107692307692309,-0.09748942807009321,0.06153846153846154,1.1538432692379808,0.8615384615384616,0.14310051030811777,-0.012307692307692311,0.8241640504036755,0.12769230769230772,-0.1933683454096726,0.36509346220482425,2.776534982198108,0.7761078124183112,1.0212054935448818,-0.39100368369996136,0.4994544321989458,1.1713083546309875,-0.6942363487857641,0.025910221495137088,2.942540026742878,0.05258383295070123,1.0792986423432385,0.7990999386142054,3.0608591646018604,1.5745987126019165,1.1186964918672857,-1.107559987738408,0.43286084038244826,2.798220108088964,-0.8373378044636696,0.48975600908609296,3.5705308601332946,0.8708076013084379,1.272715755032168,5,11,0.313,377,519,-142,0.167,0.333
150,detroit-lions,2021,0.7358842128904863,1.3184629228085536,0.42283718300547024,1.4496954068527048,0.8090130394766526,0.19313281762111825,26143827.0,48642738.0,1733328.0,66829975.0,51172144.0,2070533.0,26,27,3,43,59,10,0.34166052741344005,0.6356874806398384,0.022651991946721618,0.5565794865595206,0.4261765118671652,0.01724400157331413,0.4642857142857143,0.48214285714285715,0.05357142857142857,0.38392857142857145,0.5267857142857143,0.08928571428571429,-0.04464285714285715,0.9152524998596612,1.0089285714285714,-0.08855322157280493,0.08035714285714285,1.2092991757788911,0.8482142857142858,0.1900431520839285,-0.03571428571428572,0.5999932800752631,0.14285714285714285,-0.5108181572108246,0.20951096877267317,1.4916025903261998,1.0618639925070035,0.39985267902896604,-0.21491895914608056,0.6138564604113244,0.8982400139729607,-0.4879912291194339,0.005407990373407487,1.3135395697368077,0.03989599352003575,0.27276960036143166,0.509449883331901,1.6297157508681321,2.127475962285206,0.4884063720998579,-0.7138111939622185,0.5076126349020159,2.185579619743191,-0.6780352930892476,0.229704365384352,2.1893482364387076,0.6159700006265885,0.7836062555756864,3,13,0.206,325,467,-142,0.333,0.25
151,detroit-lions,2022,0.8607824712119774,1.2238903295911412,0.29439332664067747,1.6730983780456279,0.6798975472003391,0.181230529692159,63764404.0,90662438.0,2616942.0,34094359.0,22605422.0,680310.0,25,25,3,38,62,7,0.40602946755281955,0.5773067592411044,0.016663773206076083,0.594184470707793,0.3939593264151498,0.011856202877057131,0.4716981132075472,0.4716981132075472,0.05660377358490566,0.35514018691588783,0.5794392523364486,0.06542056074766354,-0.10774113912890138,0.8140582420802523,1.0511373655439957,-0.20572124507431616,0.11655792629165934,1.3281988419981963,0.826838300123435,0.28382589026384286,-0.008816787162757883,0.8652158850693148,0.1220243343325692,-0.1447585585642665,0.18334743282595461,1.465393138680535,0.9712660856562543,0.38212529269651735,-0.18815500315497347,0.6833379265722498,1.0002139382606126,-0.3807633108549374,0.0048075703290189516,1.4053713492850268,0.028519976083133215,0.34036158202181116,0.5439927823908021,1.8001072875222797,1.9037878767914802,0.5878470843712441,-0.8123159068336505,0.5144837673763708,2.5338808492576055,-0.6645901127616153,0.11316279694851847,1.6244045787216816,0.47562385633283644,0.4851447323520297,9,8,0.529,453,427,26,0.833,0.583
152,detroit-lions,2023,0.6926322232374721,1.479458508568063,0.2502809280302909,1.2008997013692828,0.8779833970971506,0.9346540706119648,62336121.0,108492268.0,2502778.0,22126303.0,25301930.0,2649352.0,27,22,3,39,61,6,0.3596359620656105,0.6259247536249496,0.01443928430943986,0.44184045616417006,0.5052545964426999,0.05290494739313008,0.5192307692307693,0.4230769230769231,0.057692307692307696,0.36792452830188677,0.5754716981132075,0.05660377358490566,-0.15239477503628446,0.7351815724083143,0.9985486211901307,-0.30763540935419365,0.1513062409288825,1.4112387678756964,0.887155297532656,0.34446980338436967,0.0010885341074020338,1.0192127631386205,0.11429608127721336,0.019047861643194403,0.12067015718224972,1.2388279477393864,1.1311793500676495,0.214167326829367,-0.08220449409855957,0.813947983033952,0.8014764182297806,-0.2058560373424776,-0.03846566308369022,0.2729236507598165,0.06734423170256994,-1.298493937345873,0.6014751114709124,1.685062415072005,2.3574419056652136,0.521803280626811,-0.5082674781318107,0.5767606118038933,1.893531924606755,-0.5503265390177184,-0.6843731425816739,0.2677789228345165,1.1849349986422557,-1.3175895581950865,12,5,0.706,461,395,66,0.667,0.667
153,detroit-lions,2024,0.6132642004998631,1.3827859553818052,0.6474961828587376,1.3607533964976624,0.45759630105730076,0.47415315560797605,41137929.0,104856482.0,5665333.0,67581895.0,13985567.0,1207633.0,23,26,3,78,48,4,0.27125147329801635,0.6913929776909026,0.03735554901108101,0.8164520378985974,0.1689586342365418,0.014589327864860802,0.4423076923076923,0.5,0.057692307692307696,0.6,0.36923076923076925,0.03076923076923077,0.13076923076923075,1.3541629991418773,0.8692307692307693,0.30318555065608044,-0.1576923076923077,0.7371782585490563,1.0423076923076922,-0.30492328468455543,0.026923076923076925,1.8749390644804043,0.08846153846153847,0.6285934931336005,0.5224343434543608,4.092060099532172,0.8603516119274444,1.4090499814161264,-0.5452005646005811,0.33223156839022683,1.0877035111966138,-1.1019193714419295,0.022766221146220213,2.560295379039956,0.05194487687594181,0.9401494036991909,0.9251896543245044,3.0218402778749156,1.840382256439106,1.1058667325124116,-0.7474891959977993,0.45067956574551227,1.9740175969975255,-0.7969970586233208,0.1733430272507615,1.3655815839650223,1.1216493384667137,0.3115819511436699,15,2,0.882,564,342,222,1.0,0.917
154,green-bay-packers,2011,0.9271168614702339,1.1237041723665815,0.5911994544885059,1.5095279132949666,0.15078681117505574,0.0,51238204.0,57819879.0,3380000.0,3100359.0,185817.0,0.0,29,27,3,10,6,0,0.45570150818028443,0.5142375026084356,0.030060989211279955,0.9434549458093541,0.056545054190645906,0.0,0.4915254237288136,0.4576271186440678,0.05084745762711865,0.625,0.375,0.0,0.0826271186440678,1.2203357288222374,0.8326271186440678,0.19912819363002238,-0.13347457627118642,0.7864394196630302,1.1165254237288136,-0.24023755019154086,0.05084745762711865,50847.45762711865,0.05084745762711865,,0.45769244841778967,9.094135921043682,0.5707825567990815,2.2076317461490635,-0.48775343762906964,0.48301302271125746,1.3991564539896384,-0.7277094691414404,0.030060989211279955,30060.989211279957,0.030060989211279955,,0.9729173611915257,7.452221526460301,1.2744909835416371,2.008513069325946,-0.5824110518247327,0.6141762859291934,2.4366447747652007,-0.48747220279740444,0.5911994544885059,591199.4544885058,0.5911994544885059,,15,1,0.938,560,359,201,1.0,1.0
155,green-bay-packers,2012,1.0137247096272395,1.0166643762510692,0.7320530191789103,1.4269164160899155,0.6340716433515009,0.0,50615057.0,48881766.0,4061250.0,10637598.0,5514805.0,0.0,27,26,3,18,21,0,0.48876012785599054,0.47202274611656786,0.03921712602744163,0.6585768074261149,0.34142319257388515,0.0,0.48214285714285715,0.4642857142857143,0.05357142857142857,0.46153846153846156,0.5384615384615384,0.0,-0.07417582417582413,0.8622432966502042,1.0027472527472527,-0.14821564760474215,0.020604395604395587,1.044640593754904,0.9436813186813187,0.04367497091026528,0.05357142857142857,53571.42857142857,0.05357142857142857,,0.1305995535426827,1.382511129507675,0.813445938690453,0.32390362319847793,-0.16981667957012436,0.742144849621013,1.1473369352821055,-0.29820879375277465,0.03921712602744163,39217.126027441635,0.03921712602744163,,0.3825927328995683,1.6033878561253065,1.65073601960257,0.4721197843790217,-0.413191706462676,0.7104298386132817,2.440641125717155,-0.3418840991731584,0.7320530191789103,732053.0191789103,0.7320530191789103,,11,5,0.688,433,336,97,0.833,0.667
156,green-bay-packers,2013,1.0674412370870934,0.9581959842569094,0.7360067326088848,0.6921039621779144,1.1414657471074448,0.0,53749864.0,42681751.0,4276250.0,4352024.0,15621964.0,0.0,26,23,3,17,37,0,0.5337206185435467,0.42381745457517145,0.042461926881281815,0.21788458068563973,0.7821154193143602,0.0,0.5,0.4423076923076923,0.057692307692307696,0.3148148148148148,0.6851851851851852,0.0,-0.24287749287749294,0.6455292034064432,1.1274928774928776,-0.4376825673236129,0.18518518518518517,1.5882302491509734,0.8148148148148149,0.4626223454805699,0.057692307692307696,57692.307692307695,0.057692307692307696,,-0.3582979647391888,0.5418853819060717,1.2059328738895316,-0.6126984129003505,0.3158360378579069,2.4495453846190327,0.7516051992291864,0.8959043236780794,0.042461926881281815,42461.92688128182,0.042461926881281815,,-0.1832697628505353,0.8394427491515141,2.099661731364354,-0.17501595752781102,0.375337274909179,1.5423112033875204,1.7595451992650077,0.43328300961834215,0.7360067326088848,736006.7326088848,0.7360067326088848,,8,7,0.531,417,428,-11,0.583,0.542
157,green-bay-packers,2014,1.067211782398146,0.9497063514561803,0.7974431467672463,1.314991701224193,0.749859531380788,0.0,65959394.0,52175049.0,5476250.0,6068726.0,4357823.0,0.0,27,24,3,27,34,0,0.5336058911990729,0.42209171175830235,0.044302397042624786,0.582045507099233,0.4179544929007671,0.0,0.5,0.4444444444444444,0.05555555555555555,0.4426229508196721,0.5573770491803278,0.0,-0.1129326047358834,0.7973841903139853,1.0018214936247722,-0.2264164207777479,0.05737704918032788,1.1296270775091954,0.9426229508196722,0.12188955835032995,0.05555555555555555,55555.555555555555,0.05555555555555555,,0.004137218857535263,1.0098963141477777,0.8400462046590694,0.00985003547427988,-0.048439615900160105,0.9167753516096584,1.1156513982983058,-0.08689094458507354,0.044302397042624786,44302.39704262479,0.044302397042624786,,0.19984682007539234,1.2665106532642778,1.6995658828369682,0.23626665495929833,-0.247779918826047,0.8115723999111363,2.382203483622339,-0.20878074159747154,0.7974431467672463,797443.1467672463,0.7974431467672463,,12,4,0.75,486,348,138,0.833,0.75
158,green-bay-packers,2015,1.1466206204611105,0.8971267704015439,0.6843119496315853,0.9708950804960933,0.9442657929256221,3.68327149906777,66234755.0,53981975.0,4941176.0,7462728.0,8259153.0,976250.0,24,25,3,29,33,1,0.5292095171358971,0.4313109473084345,0.039479535555668376,0.44691995768867787,0.4946154153419925,0.058464626969329685,0.46153846153846156,0.4807692307692308,0.057692307692307696,0.4603174603174603,0.5238095238095238,0.015873015873015872,-0.043040293040293054,0.9178304156104652,1.0045787545787546,-0.08574055787942422,0.0012210012210012722,1.0026503417224673,0.9218559218559219,0.0026490024244630334,0.04181929181929182,3.634386418271034,0.07356532356532357,1.2904576316457446,-0.06330446803355799,0.8720109845327582,0.925926362650427,-0.1369509397010385,0.08228955944721927,1.1841232952528957,0.976129474824575,0.1690045551533065,-0.01898509141366131,0.6752606206785199,0.09794416252499806,-0.3926312286620928,-0.0471390225240782,0.9500776444991523,1.841392563327166,-0.05121045200656416,0.17572553996501716,1.1809921200580273,2.117515700957204,0.1663557370581639,-2.9989595494361847,0.1857891181835673,4.367583448699356,-1.6831415603618425,10,6,0.625,368,323,45,0.5,0.583
159,green-bay-packers,2016,0.9913029200235569,1.0779752796837325,0.44577440234168547,1.8472920413772695,0.4025376943680021,1.2721179008578252,62710515.0,68193469.0,3525000.0,14811818.0,4626223.0,340000.0,24,24,3,30,43,1,0.46649549177579147,0.5072824845570506,0.02622202366715797,0.748902178936731,0.23390703861924445,0.017190782444024662,0.47058823529411764,0.47058823529411764,0.058823529411764705,0.40540540540540543,0.581081081081081,0.013513513513513514,-0.11049284578696339,0.809848127511704,1.0516693163751987,-0.21090642079678243,0.06518282988871221,1.160781450464579,0.875993640699523,0.14909556749975195,0.04531001589825119,4.352619082658472,0.07233704292527822,1.4707947517413202,0.27337544593780616,2.168726169273751,0.741189523176295,0.7741419477078423,-0.2824066871609395,0.6229049427165031,1.2153976707125225,-0.47335920810434656,0.009031241223133306,1.525264977761043,0.04341280611118263,0.42220628602927773,0.6754375853157304,2.6779420084724683,1.4805129740517347,0.9850495199091728,-0.8559891213537126,0.53662461657111,2.8385949614008266,-0.6224554581840389,-0.8263434985161398,0.3504188185877023,1.7178923031995106,-1.0486239720622255,10,6,0.625,432,388,44,0.833,0.667
160,green-bay-packers,2017,1.0405115478862985,0.9997465102836084,0.6781045277850056,0.7010083024362587,1.2932202711647454,0.4470337307846837,54469644.0,56696942.0,4437254.0,14728274.0,36539938.0,1619351.0,24,26,3,29,39,5,0.47117504055228615,0.490441684290072,0.038383275157641825,0.2784827502828973,0.6908985010332203,0.03061874868388245,0.4528301886792453,0.49056603773584906,0.05660377358490566,0.3972602739726027,0.5342465753424658,0.0684931506849315,-0.04368053760661672,0.9182372749588694,1.0248126130783148,-0.08529741384555439,0.055569914706642576,1.139880019391155,0.850090462651848,0.1309252190504249,-0.011889377100025841,0.8264030288554014,0.12509692426983715,-0.19065502955252936,-0.20045681674314825,0.7098596591206545,1.1813401853232923,-0.3426859527187491,0.19269229026938883,1.6919301039060402,0.7496577908351835,0.5258720729338126,0.007764526473759376,1.2535463812557652,0.06900202384152428,0.22600269200686107,-0.29347376088113697,0.7730668622417434,2.292966781448354,-0.25738873680373653,0.33950324545003985,1.4843049076098531,1.741519850322557,0.39494754805472054,0.2310707970003219,1.5168945074910023,1.1251382585696894,0.4166666324292993,7,9,0.438,320,384,-64,0.333,0.417
161,green-bay-packers,2018,0.5307332584212567,1.380067846754471,0.8939895352023911,1.5621862015941164,0.5002829534975491,0.03170999896375118,27356613.0,90536106.0,6283723.0,38804071.0,12745462.0,40393.0,22,28,3,39,40,2,0.22030437142014425,0.7290924473419845,0.05060318123787119,0.7521637266934633,0.24705331036916006,0.0007829629373765723,0.41509433962264153,0.5283018867924528,0.05660377358490566,0.48148148148148145,0.49382716049382713,0.024691358024691357,0.03447472629862569,1.0698091543911794,1.0221290472862798,0.06748216503898635,-0.06638714185883993,0.862117222511255,0.896575821104123,-0.14836161948392648,0.031912415560214305,2.2923599896091003,0.08129513160959702,0.8295995165591972,0.48203913697282447,2.951142387487758,0.9761457577111445,1.082193716952889,-0.5318593552733191,0.2928937819094605,0.9724680981136076,-1.22794071560707,0.04982021830049462,64.54792545066991,0.05138614417524776,4.167427739542538,0.8797848932569218,2.7585690828303404,1.8803508002520202,1.014712821640213,-1.0314529431728596,0.3397372977321002,2.092919460015373,-1.0795807295678905,0.86227953623864,28.191780909340316,0.9256995341661423,3.3390315969272972,6,9,0.406,376,400,-24,0.25,0.292
162,green-bay-packers,2019,0.7612911094626623,1.2418208512688103,0.6537138327002978,1.7042416463013554,0.6002952818289604,0.0,54138849.0,103670009.0,6063723.0,17205916.0,10678100.0,0.0,23,27,3,21,37,0,0.3303716135404006,0.6326257166841108,0.03700266977548856,0.6170530098677321,0.3829469901322679,0.0,0.4339622641509434,0.5094339622641509,0.05660377358490566,0.3620689655172414,0.6379310344827587,0.0,-0.12849707221860773,0.7985709052488715,1.1473649967469095,-0.22492955425090047,0.07189329863370203,1.1985591335392844,0.7960312296681848,0.18112241764424755,0.05660377358490566,56603.77358490566,0.05660377358490566,,0.24967872655184292,1.6519886067703498,1.0155727068163787,0.5019813591591205,-0.28668139632733153,0.5354014531259865,0.9474246234081327,-0.6247354069155996,0.03700266977548856,37002.66977548856,0.03700266977548856,,0.6415255694398498,2.0686798983416597,1.8421161330977707,0.7269114788399118,-0.9429505368386931,0.4467034733081347,2.4655327557640176,-0.8058589616144631,0.6537138327002978,653713.8327002978,0.6537138327002978,,13,3,0.813,376,313,63,1.0,0.833
163,green-bay-packers,2020,0.988783196694889,1.0638246529466449,0.5828761373027658,0.41885725788693573,1.5138608483633984,0.0802173664127487,78793236.0,81382147.0,5573723.0,6146691.0,27898869.0,82129.0,25,24,3,43,54,3,0.4753765368725428,0.49099599366768226,0.03362746945977495,0.18010862089138235,0.8174848581162352,0.002406520992382461,0.4807692307692308,0.46153846153846156,0.057692307692307696,0.43,0.54,0.03,-0.07846153846153847,0.8546992719244252,1.0015384615384617,-0.15700343399548264,0.05076923076923079,1.1180653783810521,0.9107692307692308,0.11160193100044809,0.027692307692307697,1.9230128226495016,0.0876923076923077,0.6539104678119868,-0.3264888644485529,0.6006171101223741,1.3084808517839175,-0.5097955987820302,0.2952679159811604,2.6393733689508196,0.6554851577639251,0.9705436323313272,0.031220948467392488,13.96767445275628,0.03603399045215741,2.6367754293295893,-0.45003619541675355,0.7027224142656885,2.577685501310043,-0.35279238394166873,0.5699259388079533,2.36066301207268,1.4076404545818249,0.8589435282444877,0.5026587708900171,7.266118264035507,0.6630935037155145,1.9832239256559605,13,3,0.813,509,369,140,0.833,0.833
164,green-bay-packers,2021,0.8539493136574462,1.2158687553749081,0.5409607547288188,1.0508901855526227,0.9915558803399948,0.6756759817655865,69380293.0,88565807.0,4546666.0,8868275.0,9225775.0,731014.0,29,26,3,39,43,5,0.4269746568287231,0.545044614478407,0.027980728692869935,0.4710887038684171,0.49007934315654916,0.03883195297503371,0.5,0.4482758620689655,0.05172413793103448,0.4482758620689655,0.4942528735632184,0.05747126436781609,-0.04597701149425287,0.9069749091437885,0.9425287356321839,-0.09763826205094052,0.051724137931034475,1.1153821272244855,0.9482758620689655,0.10919906119624942,-0.005747126436781609,0.8999843402724792,0.10919540229885058,-0.10535858236000119,0.054965271321857856,1.1121535929554724,1.0351239576349562,0.10630014416217133,-0.044114047039694015,0.9063553147575987,0.8980633606971402,-0.09832152812070814,-0.010851224282163775,0.7205408435165661,0.06681268166790365,-0.3277174391646195,0.22431287503491337,1.226221893551885,2.207424635714903,0.20393863344074703,-0.1969408718951765,0.8125953718113904,1.9048394992100688,-0.20752081994687246,-0.13471522703676775,0.8006203693890152,1.2166367364944053,-0.22236654153181887,13,4,0.765,450,371,79,0.667,0.75
165,green-bay-packers,2022,0.8553795139104017,1.172468355644541,0.7679344203754785,1.4780411217143994,0.6025552779813065,0.15373780319508884,65579127.0,89889283.0,7065000.0,34787686.0,14181949.0,344612.0,25,25,3,42,42,4,0.40348090278792526,0.5530511111530854,0.04346798605898935,0.7054287171818724,0.28758320085471445,0.006988081963413129,0.4716981132075472,0.4716981132075472,0.05660377358490566,0.4772727272727273,0.4772727272727273,0.045454545454545456,-0.005574614065180117,0.9883177854833102,0.9489708404802745,-0.011748867727230395,-0.005574614065180117,0.9883177854833102,0.9489708404802745,-0.011748867727230395,0.011149228130360206,1.2452556232442131,0.10205831903945112,0.2193584952269131,0.2654679102983709,1.9230928177187419,0.8406343120077998,0.6539365407357637,-0.30194781439394713,0.5719647088299523,1.1089096199697976,-0.5586755089264874,0.03647990409557622,6.219412833693782,0.050456068022402475,1.827698507739504,0.5699130776632345,1.945823815117424,1.7750236336258474,0.6656862956275861,-0.6226616078039977,0.5787247205906665,2.333420635624801,-0.5469271847896077,0.6141966171803896,4.995059180999336,0.9216722235705674,1.6084505622719245,8,9,0.471,370,371,-1,0.5,0.5
166,green-bay-packers,2023,1.2902176303665078,0.7820178867806458,0.3980373571070516,0.5277265779510808,1.5820046207209653,0.481464195137226,73451063.0,44519656.0,2719194.0,26554531.0,69221272.0,1580000.0,25,25,3,46,40,3,0.6085932218709943,0.3688763616889839,0.022530416440021794,0.2727575571432552,0.7110133126835798,0.01622913017316492,0.4716981132075472,0.4716981132075472,0.05660377358490566,0.5168539325842697,0.449438202247191,0.033707865168539325,0.022259910960356177,1.0495259666915167,0.9211363154547382,0.04834072193451058,-0.04515581937672253,0.9126315402448828,0.9885520457918169,-0.09142093022386061,0.022895908416366337,1.6791954668866838,0.09031163875344499,0.5183324564640113,-0.3421369509945959,0.5188030045369053,1.0798896743725637,-0.6562283243046854,0.33583566472773907,2.2312525342746836,0.8813507790142495,0.8025647454868459,0.006301286266856873,1.3881845801381085,0.038759546613186716,0.3280412195103574,-0.7999867339403195,0.4943205488892371,2.364022507501611,-0.704569809095184,0.762491052415427,2.4448554221399967,1.8179442083175887,0.8939867641921262,-0.08342683803017437,0.8267209366891081,0.8795015522442776,-0.19028556910149363,9,8,0.529,383,350,33,0.667,0.583
167,green-bay-packers,2024,1.1425871186159913,0.9386647903746803,0.3024556885359616,1.3117127064435692,0.8541765002059157,0.12284005878892758,84893344.0,66952389.0,2696667.0,54766284.0,41446599.0,831695.0,25,24,3,37,43,6,0.5493207301038421,0.43322990324985244,0.01744936664630548,0.5643415132373495,0.4270882501029578,0.00857023665969262,0.4807692307692308,0.46153846153846156,0.057692307692307696,0.43023255813953487,0.5,0.06976744186046512,-0.038461538461538436,0.9230750769267693,0.9615384615384616,-0.08004254100721703,0.05053667262969591,1.117461020121787,0.9110017889087656,0.11106124557227055,-0.01207513416815742,0.8269112245288587,0.1274597495527728,-0.1900406029353641,0.006141653146894632,1.014377915495214,0.8603181533528103,0.014277841702066805,-0.01502078313350741,0.9733817977891919,1.1136622433411916,-0.02697706094988419,0.008879129986612859,2.035805023137845,0.026019603305998097,0.7109486364636941,0.08448829016876458,1.0989106949649192,1.7928412905805962,0.09432047719366168,-0.16912558782757792,0.8710644045291496,2.4542998250595605,-0.13803848645465655,0.17961562974703404,2.462170967246855,0.4252957473248892,0.9010467740388031,11,6,0.647,460,338,122,0.167,0.5
168,houston-texans,2011,1.0363679750545838,0.9897122472481382,0.6479169989132527,1.275964425538733,0.9998806100009541,0.26437344189448564,56143790.0,53616281.0,2600000.0,4785225.0,3281104.0,371803.0,27,27,2,8,7,3,0.4996774165441743,0.47718269063749524,0.023139892818330454,0.5670953002394369,0.3888424594448155,0.04406224031574761,0.48214285714285715,0.48214285714285715,0.03571428571428571,0.4444444444444444,0.3888888888888889,0.16666666666666666,0.09325396825396826,1.2397927303288976,0.871031746031746,0.21494628675668911,0.03769841269841273,1.0848189877287062,0.9265873015873016,0.08141521555996303,-0.13095238095238093,0.21428442857914282,0.20238095238095238,-1.5404230413211417,0.08834023119267975,1.2271845624427093,0.8660251500823107,0.2047246676871324,-0.06741788369526258,0.8811156347399951,1.0667727167836112,-0.1265644064084389,-0.020922347497417157,0.5251518647406547,0.06720213313407807,-0.6440245775690664,-0.010168362752815852,0.9898294331537849,1.9895928572490922,-0.01022163004655561,-0.23959645048414924,0.8122226153714257,2.312332400593317,-0.2079798546254469,0.3835435570187671,2.45075505132165,0.9122904408077384,0.8963977046969318,10,6,0.625,381,278,103,0.667,0.667
169,houston-texans,2012,0.8535822865554242,1.2170294107323871,0.41330062889122127,1.6046828564021152,0.6459806765777429,0.2111824654260604,41130088.0,56548495.0,2133750.0,17338427.0,7478306.0,651944.0,28,27,3,14,15,4,0.4120742073026186,0.5665481739616286,0.021377618735752824,0.6807745451402913,0.29362758026261043,0.02559787459709823,0.4827586206896552,0.46551724137931033,0.05172413793103448,0.42424242424242425,0.45454545454545453,0.12121212121212122,0.010971786833855801,1.0241356779359914,0.9200626959247649,0.023851163970440882,0.05851619644723094,1.1379283522230714,0.9070010449320794,0.12921144576635318,-0.06948798328108674,0.4267206174859402,0.1729362591431557,-0.8516064383512421,0.27292059369901817,1.9294721700964161,0.860175754224239,0.6572482435891404,-0.2687003378376727,0.6053011308120654,1.09284875244291,-0.5020267811573329,-0.004220255861345407,0.8350999437364364,0.04697549333285106,-0.18015709139566569,0.5710487341546442,1.8839998948266135,1.86301008731013,0.6333979420021468,-0.7511005698466909,0.5319317466489963,2.4582651429575395,-0.6312389221111343,0.20211816346516087,1.9570690728906812,0.6244830943172817,0.671450402628595,12,4,0.75,416,331,85,0.833,0.833
170,houston-texans,2013,0.7795780377760055,1.2726210956989703,0.5650072210418697,1.1756907942878787,0.835644095666178,0.0,28476196.0,46485927.0,2476610.0,26360052.0,20028028.0,0.0,25,25,3,29,31,0,0.3677254895169837,0.6002929696693255,0.03198154081369074,0.5682505505724746,0.43174944942752536,0.0,0.4716981132075472,0.4716981132075472,0.05660377358490566,0.48333333333333334,0.5166666666666667,0.0,-0.04496855345911954,0.9129623230552724,0.9883647798742139,-0.09105854643121193,-0.011635220125786161,0.9759251116188322,0.9550314465408805,-0.02436730541391859,0.05660377358490566,56603.77358490566,0.05660377358490566,,0.1685435202418002,1.3903702253588324,1.032042419096851,0.3295717267088429,-0.20052506105549095,0.647117441468528,0.9359760400894583,-0.4352247645843781,0.03198154081369074,31981.540813690743,0.03198154081369074,,0.4369770000327923,1.5229205583794327,2.1082651913651484,0.4206306970579344,-0.39611275651187317,0.6630802745784231,1.9552688320638842,-0.41085793558569383,0.5650072210418697,565007.2210418697,0.5650072210418697,,2,14,0.125,276,428,-152,0.167,0.167
171,houston-texans,2014,0.8174833923436029,1.2439718037944727,0.6300361693329928,0.789856996750127,1.2806975271969665,0.009195527557874113,39263705.0,55151937.0,3491610.0,13794862.0,20333998.0,7300.0,26,24,3,44,40,2,0.4010295886968618,0.5633079866239122,0.03566242467922601,0.40411288205820456,0.5956732684637054,0.00021384947809009568,0.49056603773584906,0.4528301886792453,0.05660377358490566,0.5116279069767442,0.46511627906976744,0.023255813953488372,-0.012286090390522142,0.9735828124573307,0.9179464677490128,-0.026770182731398563,-0.021061869240895148,0.9588317451307485,1.0021939447125932,-0.04203762927947699,0.03334795963141729,2.4338576082737875,0.07985958753839403,0.8894951582446368,-0.03236528183979315,0.9456644620166847,1.1589812550876175,-0.055865688936159584,-0.003083293361342776,0.9923677619149482,0.8051424707550663,-0.007659019084486926,0.03544857520113591,165.98795117515348,0.035876274157316104,5.111943242765086,-0.036725723402493804,0.9713228971357712,2.524669330991439,-0.029095521274299634,0.027626395593475905,1.0349751419965876,1.60734038909373,0.03437863230000167,0.6208406417751187,68.50804995343624,0.6392316968908669,4.226952843141147,9,7,0.563,372,307,65,0.667,0.667
172,houston-texans,2015,1.3291505835422501,0.6811735287739827,0.5916978886999645,0.2372355396618198,1.6123219597012528,0.1844757538941008,68213686.0,30924991.0,3503848.0,3982664.0,35614930.0,162997.0,26,23,3,38,50,2,0.6645752917711251,0.3012882915731077,0.034136416655767186,0.10016611674610168,0.8957344220562516,0.004099461197646685,0.5,0.4423076923076923,0.057692307692307696,0.4222222222222222,0.5555555555555556,0.022222222222222223,-0.11324786324786329,0.7961524130795025,0.9978632478632479,-0.22796237688152943,0.07777777777777778,1.184207721613291,0.9222222222222223,0.16907596162368613,0.03547008547008547,2.596037024487744,0.07991452991452992,0.9540033940525845,-0.5944461304831439,0.3363585766000744,1.1970227136293594,-1.0895741767269695,0.5644091750250234,6.634665280978941,0.7647414085172267,1.892309723752241,0.0300369554581205,8.325018823579791,0.03823587785341387,2.1192945907543517,-0.9311484309272701,0.42247958120015694,2.2934954884752354,-0.8616126938194859,1.0919150438804304,5.602638554064866,1.56638612320407,1.7232384095038435,0.4072221348058637,3.207438748838944,0.7761736425940653,1.1654744111445143,9,7,0.563,339,313,26,0.833,0.583
173,houston-texans,2016,1.0590009658304447,0.9992717689303188,0.514393876993637,1.261140321340335,0.7192179969023264,0.9040378974858488,57558815.0,54312414.0,3355000.0,23854641.0,12530098.0,450000.0,25,25,3,38,35,1,0.4995287574671909,0.47135460798599943,0.029116634546809652,0.6476125974450369,0.34017067421055974,0.012216728344403363,0.4716981132075472,0.4716981132075472,0.05660377358490566,0.5135135135135135,0.47297297297297297,0.013513513513513514,-0.0012748597654257954,0.9973024736278698,0.9446710861805201,-0.0026990512548913446,-0.04181540030596631,0.9185682211397401,0.9852116267210607,-0.08493698257490932,0.04309026007139215,4.188369305954378,0.07011728709841918,1.4323291375686356,0.1311839337754397,1.3856374405067013,0.8115252821965592,0.32616240115460376,-0.14808383997784597,0.7713376609724227,1.1471413549122278,-0.25962704743243037,0.01689990620240629,2.3831463367040127,0.04133336289121302,0.8684559488743102,0.2800537720279924,1.3893845591317509,1.7184897658326452,0.328861886607719,-0.20213935550989026,0.8397163330632476,2.3201412871707796,-0.17469019862630866,-0.3896440204922118,0.5689952925965654,1.4184317744794859,-0.5638811739730929,9,7,0.563,279,328,-49,0.833,0.583
174,houston-texans,2017,1.0815070929005126,0.9658788173060932,0.6051174149449514,0.9246667671566412,1.0763967884663956,0.41629892207553587,50899908.0,45457994.0,3417500.0,25543347.0,34259655.0,250000.0,25,25,3,46,53,1,0.5101448551417512,0.4556032157104213,0.03425192914782744,0.42534671289205495,0.5704902978871897,0.004162989220755359,0.4716981132075472,0.4716981132075472,0.05660377358490566,0.46,0.53,0.01,-0.05830188679245285,0.8899947607788422,1.001698113207547,-0.1165375830408717,0.011698113207547156,1.0254284516936858,0.9316981132075473,0.025112646902147522,0.04660377358490566,5.659811377352831,0.06660377358490566,1.733408232614359,-0.11488708217676846,0.798615539619525,1.026093513597611,-0.22487343107550276,0.08479814224969628,1.1993595820067715,0.9354915680338062,0.18178969289981553,0.03008893992707208,8.225748754847652,0.038414918368582796,2.107298521541787,-0.11051797116030249,0.8973251595790019,2.0422756057724887,-0.10833595053978903,0.1568403257438714,1.169616949259682,2.006173860057154,0.15667722604468193,0.18881849286941554,1.4535612015684103,1.0214163370204874,0.3740181990430368,4,12,0.25,338,436,-98,0.167,0.25
175,houston-texans,2018,1.2690494034493565,0.8020528156225291,0.2518159784586779,0.6959391058488616,1.2270818466578755,1.6543853381652374,87491181.0,51041874.0,2003166.0,9591122.0,21361382.0,600000.0,26,24,3,38,48,1,0.6225525375411938,0.3631937278290698,0.014253734629736486,0.3039734025546752,0.6770106740181382,0.019015923427186634,0.49056603773584906,0.4528301886792453,0.05660377358490566,0.4367816091954023,0.5517241379310345,0.011494252873563218,-0.09889394925178918,0.8207532293659039,1.0045543266102799,-0.197530579624946,0.05378442854044674,1.1231354623745695,0.9273476469312514,0.11612633238595546,0.04510952071134244,4.924099905195041,0.06809802645846888,1.5941591640654653,-0.3138169461890684,0.5364659750598912,1.040204401847208,-0.6227493857800431,0.3185791349865186,2.0480426388179733,0.926525940095869,0.7168861329847178,-0.004762188797450148,0.7495289490075622,0.03326965805692312,-0.2882401831680256,-0.4250290310353464,0.6536256437835697,2.0291346622804047,-0.42521925473111166,0.5731102976004948,1.8235037653153414,1.9649885092982182,0.6007605841391959,-1.4025693597065594,0.15221110852374978,1.9062013166239153,-1.8824828787135224,11,5,0.688,402,316,86,0.667,0.75
176,houston-texans,2019,1.0382689861831884,1.0084786044849632,0.6005066171993274,1.0855429846025988,0.9564028119336796,0.0780181719668954,74272771.0,66592348.0,4956618.0,27463267.0,24733828.0,87724.0,26,24,3,45,46,2,0.5093395026559038,0.4566695567479079,0.033990940596188346,0.5252627344851285,0.47305945536504584,0.0016778101498257075,0.49056603773584906,0.4528301886792453,0.05660377358490566,0.4838709677419355,0.4946236559139785,0.021505376344086023,-0.041793467234733206,0.9155026609874423,0.9474538445932238,-0.08827979994620701,0.0066950699939135605,1.0138343827296972,0.9744370054777846,0.013741599647226049,0.03509839724081964,2.6319530858796196,0.07810914992899168,0.9677438553010029,-0.016389898617137966,0.9653513659168793,0.9297290121129538,-0.03526094439183271,-0.015923231829224727,0.9696833594559238,1.0346022371410322,-0.030783731001254522,0.03231313044636264,20.247042585319882,0.035668750746014055,3.0080381568884262,0.052075792551283584,1.0544485414021902,1.9648814164186428,0.05301891228855977,-0.04727399841941038,0.9564504072704921,2.123811970785787,-0.044525376427756266,0.522488445232432,7.696910926639039,0.6785247891662228,2.0408207352667027,10,6,0.625,378,385,-7,0.667,0.667
177,houston-texans,2020,0.8032367833272402,1.1936399608564454,1.027068217074725,1.0885688155331037,0.991636733765769,0.08599944929719462,53658523.0,79738576.0,7916666.0,34785319.0,34443310.0,238967.0,26,26,3,46,50,4,0.37971193393651353,0.564266163313956,0.05602190274953045,0.5007416551452277,0.4958183668828845,0.003439977971887785,0.4727272727272727,0.4727272727272727,0.05454545454545454,0.46,0.5,0.04,-0.027272727272727282,0.9454526545492363,0.9727272727272727,-0.05608935126666573,0.012727272727272698,1.0276657501337447,0.9327272727272727,0.027292083759704874,0.014545454545454542,1.3636022735795241,0.09454545454545454,0.310148261781614,0.06844779643107146,1.1380478476695708,1.0600845301968405,0.12931615243582759,-0.12102972120871419,0.7582975607028878,0.8804535890817413,-0.27667677650544115,0.05258192477764267,16.280808307178958,0.05946188072141823,2.7900048596619564,0.20200322709067642,1.2037056681209255,2.1852766946222144,0.1854056930806248,-0.28533203220586345,0.7378826528768596,1.891805598860344,-0.303969229004402,0.9410687677775303,11.942591294208837,1.1130676663719197,2.4801120843779874,4,12,0.25,384,464,-80,0.333,0.25
178,houston-texans,2021,0.864050032730125,1.137647903406189,1.2129997896926121,1.099136692742345,0.9983850235071314,0.2728937321099116,51787012.0,56429094.0,7520833.0,31393962.0,38655367.0,1039266.0,29,24,3,45,61,6,0.44745448123524334,0.48756338717408104,0.06498213159067565,0.44161742119112074,0.5437632717315626,0.014619307077316693,0.5178571428571429,0.42857142857142855,0.05357142857142857,0.4017857142857143,0.5446428571428571,0.05357142857142857,-0.11607142857142855,0.7868838011313816,0.9732142857142856,-0.23967235599869754,0.1160714285714286,1.2888856809956386,0.9196428571428572,0.2537799629229265,0.0,0.9999813336817712,0.10714285714285714,0.0,-0.05619988455748154,0.8966447641392188,1.0313266589056436,-0.10909347094996849,0.0058370600441225995,1.013215164413617,0.889071902426364,0.01313084074626221,0.05036282451335895,4.444648887812691,0.07960143866799234,1.4917162642049657,0.1392628798990576,1.1394870086520825,2.1360329269133205,0.13057904772518175,-0.2350866600122199,0.7861162786386873,1.96318672547247,-0.24064940295549306,0.9401060575827005,4.444936625614533,1.4858935218025238,1.4917664358117924,4,13,0.235,280,452,-172,0.5,0.333
179,houston-texans,2022,0.9256332248255632,1.1020470862481473,0.7422030422899087,1.273150329128103,0.7625067545021992,3.230980248231521,52664759.0,57878759.0,3248333.0,52750751.0,43081541.0,3042500.0,26,24,2,44,60,1,0.46281661241278166,0.5086371167299142,0.028546270857304185,0.5335106141108241,0.43571814542982806,0.03077124045934782,0.5,0.46153846153846156,0.038461538461538464,0.41904761904761906,0.5714285714285714,0.009523809523809525,-0.10989010989010983,0.8076908942332428,1.0329670329670328,-0.21357368363220836,0.08095238095238094,1.1931789708229106,0.9190476190476191,0.17662314931652798,0.02893772893772894,4.038037544519364,0.04798534798534799,1.3957848173101615,0.07291897130008612,1.1673508544779552,0.9443552621597422,0.15473892066625053,-0.07069400169804246,0.8674911663996928,0.9963272265236058,-0.142147789356835,-0.002224969602043634,0.927663063565869,0.059317511316652,-0.07505165994695819,0.3395403317459481,1.4452929556993361,1.8645538407503466,0.3683129459259484,-0.3475171043025398,0.7270410073400058,2.198783553953666,-0.3187713164536093,-2.488777205941612,0.22971443820546897,3.9731832905214297,-1.4709169671296827,3,13,0.206,289,420,-131,0.583,0.292
180,houston-texans,2023,0.7883185558139986,1.2210917764970315,1.0658383043024264,0.7874010782408452,1.3285445851952258,0.1691261973861452,54990670.0,78627318.0,8578799.0,34943246.0,49278400.0,560110.0,26,24,3,67,56,5,0.3867223103993201,0.5529472195458256,0.060330470054854334,0.41215525189169233,0.5812382560229113,0.006606492085396297,0.49056603773584906,0.4528301886792453,0.05660377358490566,0.5234375,0.4375,0.0390625,0.015330188679245293,1.035038065465554,0.8903301886792453,0.034440412599513234,-0.03287146226415094,0.9371989980405512,1.014003537735849,-0.06485760298846423,0.01754127358490566,1.4490195088741578,0.09566627358490566,0.370904793439792,-0.02829103647708575,0.9513246289132774,1.1341854755687368,-0.049898110871820764,-0.02543294149237224,0.938290535747943,0.7988775622910125,-0.06369305250053409,0.053723977969458034,9.130615561113592,0.06693696214025063,2.21164968937774,-0.10745280869819429,0.919119215858593,2.549636361692257,-0.08433862264213027,0.0009174775731534135,1.0011639257737304,1.5757196340548436,0.0011645174591848556,0.8967121069162812,6.301992351170712,1.2349645016885717,1.8408667678479442,10,7,0.588,377,353,24,0.667,0.583
181,houston-texans,2024,0.8225026609844589,1.2223382908643585,0.7596039445531557,1.301979020487915,0.7332518652356753,0.0,73002502.0,100145109.0,7779211.0,44382832.0,28296947.0,0.0,26,24,3,53,60,0,0.4034918714263383,0.5535116788819736,0.04299644969168806,0.6106627264235353,0.3893372735764648,0.0,0.49056603773584906,0.4528301886792453,0.05660377358490566,0.4690265486725664,0.5309734513274337,0.0,-0.07814326264818838,0.8528285825187482,0.983803640006679,-0.15919450171460134,0.02153948906328268,1.0459215863209752,0.9595925864084154,0.04490043601584093,0.05660377358490566,56603.77358490566,0.05660377358490566,,0.1641744053055088,1.421672916452345,0.9428489524584385,0.3518360950086319,-0.20717085499719695,0.6607431454778931,1.0141545978498736,-0.41438762104103416,0.04299644969168806,42996.44969168806,0.04299644969168806,,0.4890864256286832,1.667007861566945,1.9555901561000337,0.5110311378582963,-0.479476359503456,0.6317321679607859,2.124481681472374,-0.4592885437288418,0.7596039445531557,759603.9445531558,0.7596039445531557,,10,7,0.588,372,372,0,0.833,0.667
182,indianapolis-colts,2011,0.8638203947519704,1.1561697546502994,0.7882277109922429,0.6613603694705705,1.5643993842157158,0.0,49729571.0,64264761.0,3129500.0,2711704.0,3848602.0,0.0,29,28,2,10,6,0,0.4245896855560532,0.5486907310204809,0.026719583423465858,0.4133502309191065,0.5866497690808935,0.0,0.4915254237288136,0.4745762711864407,0.03389830508474576,0.625,0.375,0.0,0.09957627118644069,1.2655333484082463,0.8495762711864407,0.23549575975873674,-0.13347457627118642,0.7864394196630302,1.1165254237288136,-0.24023755019154086,0.03389830508474576,33898.30508474576,0.03389830508474576,,-0.037959038060412564,0.9352936362465106,1.1353405001013743,-0.0668929270165043,0.0112394546369467,1.0271886323211314,0.8379399164751598,0.026827942438993887,0.026719583423465858,26719.583423465858,0.026719583423465858,,-0.4082296295654164,0.7390497767167991,2.720569138866015,-0.30238913852149774,0.20246002528139984,1.3061246613836415,1.525180764222541,0.26706563676684636,0.7882277109922429,788227.7109922429,0.7882277109922429,,2,14,0.125,243,430,-187,0.333,0.167
183,indianapolis-colts,2012,1.346217075910059,0.6473255083656215,1.1713699615807873,0.7402048469871233,1.2727849106635205,0.0,47048126.0,23527907.0,4912500.0,17480464.0,28626401.0,0.0,25,26,3,21,20,0,0.623248646254657,0.3116752447686326,0.06507610897671041,0.37912931187145343,0.6208706881285466,0.0,0.46296296296296297,0.48148148148148145,0.05555555555555555,0.5121951219512195,0.4878048780487805,0.0,-0.006323396567299022,0.9870350136152591,0.9692863595302619,-0.013047688469454208,-0.04923215898825656,0.9038783058319496,0.9751580849141825,-0.10105838509656823,0.05555555555555555,55555.555555555555,0.05555555555555555,,-0.309195443359914,0.5019962268018616,0.9325459328971792,-0.6891594671869137,0.2441193343832036,1.6438903109017924,1.0023779581261105,0.4970671780401728,0.06507610897671041,65076.10897671042,0.06507610897671041,,-0.625459402297899,0.5085894673583887,1.920110419029142,-0.6761125904788248,0.6060122289229356,1.818706352279703,2.0864219228971823,0.5981261957251119,1.1713699615807873,1171369.9615807873,1.1713699615807873,,11,5,0.688,357,387,-30,0.667,0.667
184,indianapolis-colts,2013,1.0470967420455557,0.9151048003793448,1.226992518681688,0.901116102845122,1.1194212294496366,0.005079010513569575,52664935.0,39207545.0,6857000.0,12831519.0,17482683.0,2333.0,27,23,3,31,34,1,0.533426642174151,0.3971209511080176,0.06945240671783139,0.4232515028514967,0.5766715424437522,7.695470475105417e-05,0.5094339622641509,0.4339622641509434,0.05660377358490566,0.4696969696969697,0.5151515151515151,0.015151515151515152,-0.08118925100057173,0.842395701054294,0.9491137793024585,-0.1715031170421235,0.03973699256718122,1.084599029867677,0.9791309319611207,0.08121232392453132,0.04145225843339051,3.7356025068383225,0.07175528873642081,1.3179267858309307,-0.1795505913357346,0.6886420314467325,0.9737924935517698,-0.3730311728317656,0.11017513932265433,1.260303574297611,0.9566781450256477,0.23135449859642995,0.06937545201308033,890.9328428556738,0.06952936142258244,6.792283450098594,-0.2043164290702918,0.8174795678564072,2.0345260298289816,-0.20152827720047364,0.1459806392004337,1.1619985224334641,1.9482128448906777,0.1501423418781595,1.2219135081681183,241.5334604926863,1.2320715291952575,5.487008831260388,11,5,0.688,391,336,55,1.0,0.75
185,indianapolis-colts,2014,1.1281538601642747,0.8491076937414386,1.0461742265585894,1.1961212385897606,0.8693592601835095,0.01426968337040164,53925257.0,35903861.0,5770000.0,14474394.0,13647842.0,4667.0,26,23,3,37,48,1,0.5640769300821373,0.37556686453948246,0.060356205378380164,0.5146103003235016,0.4852237731256797,0.00016592655081862373,0.5,0.4423076923076923,0.057692307692307696,0.43023255813953487,0.5581395348837209,0.011627906976744186,-0.11583184257602863,0.7924665288820845,1.000447227191413,-0.2326027481047132,0.06976744186046513,1.1621594609266586,0.9302325581395349,0.15028187872571497,0.04606440071556351,4.961111805923153,0.06932021466905189,1.601647203221091,-0.10965690858619725,0.7740059562915301,0.8607906376651622,-0.2561730473167574,0.049466629758635694,1.09612231547877,1.078687230405639,0.09178055681928345,0.06019027882756154,361.57342904641337,0.06052213192919879,5.8904817123661095,-0.020251566442070934,0.9767040577196433,1.7184669539249482,-0.023570404311158817,-0.06796737842548595,0.9431760599103807,2.3242750987540353,-0.05850142545198057,1.0319045431881877,73.30932930152633,1.060443909928991,4.29468883225766,11,5,0.688,458,369,89,1.0,0.75
186,indianapolis-colts,2015,1.0605357574125582,0.9105330264320164,1.16127023311237,1.2999724788359925,0.6722522916421564,0.0,57382851.0,43581984.0,7250000.0,23883292.0,11304050.0,0.0,26,23,3,59,54,0,0.530267878706279,0.4027357616910842,0.06699635960263674,0.678746692489589,0.321253307510411,0.0,0.5,0.4423076923076923,0.057692307692307696,0.5221238938053098,0.4778761061946903,0.0,-0.035568413886997996,0.925567863733345,0.9201837985023826,-0.0773455622276052,-0.02212389380530977,0.9576252845481837,1.0221238938053099,-0.043296721007727426,0.057692307692307696,57692.307692307695,0.057692307692307696,,0.08148245418067324,1.253635366984247,0.7239890692014952,0.22605010701213996,-0.14847881378330996,0.7812444662040785,1.209014571195868,-0.2468652753778796,0.06699635960263674,66996.35960263674,0.06699635960263674,,0.23828073478986,1.3544493388909986,1.5827853180741727,0.30339607802690743,-0.2394367214234343,0.815813379794618,2.3605082362485508,-0.20356870848703026,1.16127023311237,1161270.2331123701,1.16127023311237,,8,8,0.5,333,408,-75,0.667,0.5
187,indianapolis-colts,2016,0.691454133303674,1.3285194324782057,1.0459087182091769,1.1988922315240444,0.7726945925439493,0.0,38674567.0,68591119.0,6750000.0,24595934.0,13870723.0,0.0,26,24,3,48,42,0,0.33920391445085896,0.6015937052731499,0.059202380275991145,0.6394091901461569,0.360590809853843,0.0,0.49056603773584906,0.4528301886792453,0.05660377358490566,0.5333333333333333,0.4666666666666667,0.0,-0.01383647798742138,0.9703483249948293,0.919496855345912,-0.03009796568123143,-0.04276729559748427,0.9198095961117242,1.0238993710691824,-0.08358655264704709,0.05660377358490566,56603.77358490566,0.05660377358490566,,0.24100289541930692,1.6683509964272099,0.962184515126993,0.5118373735621401,-0.300205275695298,0.5304950088038531,0.9786131045970159,-0.6339417813728192,0.059202380275991145,59202.38027599115,0.059202380275991145,,0.5558248399342564,1.7193309309612015,2.101214025022155,0.5419359742378539,-0.5074380982203704,0.5767437125528609,1.8903463648277183,-0.5503558372733779,1.0459087182091769,1045908.7182091769,1.0459087182091769,,8,8,0.5,411,392,19,0.5,0.417
188,indianapolis-colts,2017,0.8928205506411131,1.1158632302920368,0.9450424630150706,0.9989498250343615,0.9875689400502733,1.3872802001658617,39534585.0,47510613.0,3219000.0,30297278.0,34063179.0,1650000.0,26,25,2,51,58,2,0.43798743993714984,0.5263505803264324,0.03566197973641776,0.4589769466374093,0.5160270137199626,0.024996039642628136,0.49056603773584906,0.4716981132075472,0.03773584905660377,0.4594594594594595,0.5225225225225225,0.018018018018018018,-0.05082440931497534,0.9027308683260578,0.9942206357300697,-0.10232869171152571,0.031106578276389574,1.0677002289010555,0.9500254971953086,0.06550905504860965,0.019717831038585754,2.094223393243184,0.055753867074621793,0.7392092889491614,0.010323566606469825,1.0200038880293651,1.042377594046395,0.019808338955018667,-0.020989506700259453,0.9542668512636799,0.8969643865745591,-0.04680964517408955,0.01066594009378962,1.4266481249884648,0.06065801937904589,0.35535576501261806,0.12829429024176353,1.1299080551552962,2.1034321703423102,0.12213715846133309,-0.10612927439324837,0.8937582594322421,1.8917703756754745,-0.11231882364855615,-0.4422377371507912,0.681219108931976,2.3323226631809324,-0.38387022056684134,4,12,0.25,263,404,-141,0.333,0.25
189,indianapolis-colts,2018,0.5929285396251787,1.446373129856023,0.935451426600402,0.8319759141738144,1.1518054797842743,0.005483150726178117,34475942.0,77630436.0,4184000.0,10315277.0,17640856.0,1333.0,26,24,2,51,63,1,0.29646426981258933,0.6675568291643184,0.03597890102309238,0.36896323150316984,0.6309890889252981,4.767957153198362e-05,0.5,0.46153846153846156,0.038461538461538464,0.4434782608695652,0.5478260869565217,0.008695652173913044,-0.08628762541806012,0.8424893046135405,1.0093645484949834,-0.17139214499260422,0.05652173913043479,1.1274484381064631,0.9434782608695652,0.11995906017756061,0.029765886287625422,4.422568327719236,0.047157190635451506,1.4867465966157671,0.03656774023902021,1.0579513702050385,1.2985459180896166,0.05633586648904129,-0.07249896169058051,0.8035040919950052,0.6654275013157591,-0.2187696280223293,0.0359312214515604,739.0965016907227,0.036026580594624366,6.605456290259225,0.2945676500717487,1.2557431784260487,2.5981786096402972,0.2277282627468328,-0.23904737454863578,0.7126742695907372,1.4249044537989932,-0.3387291213045814,0.9299682758742239,170.57361719383567,0.9409345773265801,5.139168044936577,10,6,0.625,433,344,89,0.667,0.583
190,indianapolis-colts,2019,1.0062461160960818,1.0454957017861686,0.5819013795446082,0.24612919543976197,1.5715714711717255,2.8524593230639135,70294814.0,67418520.0,4690470.0,6022637.0,43796464.0,3877667.0,26,24,3,36,41,2,0.49363017016034205,0.4734320159031707,0.03293781393648726,0.11216013969406874,0.8156257002283639,0.07221416007756742,0.49056603773584906,0.4528301886792453,0.05660377358490566,0.45569620253164556,0.5189873417721519,0.02531645569620253,-0.0661571530929066,0.8725247799073845,0.9718175304513972,-0.13636201593797959,0.0348698352042035,1.0765175537845926,0.9462622402674946,0.07373338249769583,0.031287317888703134,2.2357607440543834,0.08192022928110819,0.8045992143137815,-0.3421936843251932,0.5804518363248977,1.2890577161315346,-0.5439463383467642,0.3814700304662733,4.401080191470683,0.6057903098544108,1.48185203466207,-0.039276346141080165,0.45610663884298314,0.10515197401405468,-0.7849982799151832,-0.5260757693855569,0.665254527528516,2.617067172957894,-0.4075846069088663,0.7601169206563199,4.088267651590725,1.2523753115358438,1.4081223170529578,-2.2705579435193055,0.20399981547142798,3.4343607026085214,-1.5896344711873693,7,9,0.438,361,373,-12,0.5,0.417
191,indianapolis-colts,2020,0.7951983230501951,1.3054099242988366,0.3316684725076175,0.4658228997210915,1.5169406849973393,0.1169372637190535,73280376.0,111044496.0,3526666.0,8655724.0,34629927.0,248329.0,26,24,3,35,43,4,0.3900972905529259,0.5911290223240014,0.018773687123072688,0.19882684744192927,0.7954688957912877,0.005704256766783097,0.49056603773584906,0.4528301886792453,0.05660377358490566,0.4268292682926829,0.524390243902439,0.04878048780487805,-0.07156005522319375,0.8635349921355524,0.9772204325816843,-0.14671865027751657,0.06373676944316614,1.1493234528518999,0.917395306028532,0.13917550584926214,0.007823285780027611,1.1603535712423556,0.10538426138978371,0.14874242798108545,-0.20433987346728621,0.7431192876708179,1.3865979181152892,-0.2968970067921816,0.19127044311099664,1.9619851825175536,0.5889241379948552,0.6739593723407796,0.013069430356289592,3.290594602573551,0.024477943889855785,1.1911215433361035,-0.21153076069850263,0.8605537953168756,2.822350609296176,-0.1501783828946771,0.32937542332910363,1.7070792707851918,1.2610212227712867,0.5347851389368439,0.214731208788564,2.8362698569260236,0.448605736226671,1.042492773261619,11,5,0.688,451,362,89,0.667,0.583
192,indianapolis-colts,2021,0.8962440650047577,1.1703023212536134,0.40108252367466196,0.9378928721057758,1.125022149165001,0.7612410434166537,72466843.0,94626138.0,3603332.0,8820162.0,7135328.0,665943.0,27,27,3,43,29,4,0.4245366623706746,0.5543537311201326,0.021109606509192733,0.5306499144808995,0.4292847674445398,0.04006531807456072,0.47368421052631576,0.47368421052631576,0.05263157894736842,0.5657894736842105,0.3815789473684211,0.05263157894736842,0.09210526315789469,1.2413760570834365,0.8552631578947368,0.21622259889229745,-0.09210526315789475,0.8372078226094297,1.0394736842105263,-0.17768083356886838,0.0,0.9999810003609931,0.10526315789473684,0.0,0.12506896367559284,1.2913396463621418,0.9836384985646724,0.25568196897326223,-0.10611325211022488,0.8000300212164349,0.9551865768515742,-0.22310366999137554,-0.01895571156536799,0.5268666431966416,0.061174924583753454,-0.6407604407505335,0.04528017208861246,1.040247324797022,2.295324470418614,0.039459351664943416,-0.04164880710101804,0.9555921961538087,1.8341369371105336,-0.04542291423289761,-0.3601585197419917,0.5268791012573327,1.1623235670913157,-0.6407816728886271,9,8,0.529,451,365,86,0.5,0.583
193,indianapolis-colts,2022,0.9004350081829737,1.1809478462873595,0.3218095460805569,1.5723319958347328,0.5239359779126713,0.8021882058554982,62502410.0,81973808.0,2680554.0,40348114.0,15365587.0,2940744.0,25,25,3,42,48,6,0.424733494425931,0.5570508708902638,0.018215634683805104,0.6878952481776957,0.2619679889563357,0.05013676286596864,0.4716981132075472,0.4716981132075472,0.05660377358490566,0.4375,0.5,0.0625,-0.028301886792452824,0.9433943396264151,0.9716981132075472,-0.05826878812422309,0.034198113207547176,1.0781646515266188,0.9091981132075472,0.07526231878662623,-0.005896226415094338,0.9056458870242982,0.11910377358490566,-0.09908923600561931,0.2950828819339281,2.1264000487596326,0.8190188598465995,0.754432227074018,-0.26316175375176465,0.6174383063595585,1.1126287426036265,-0.4821737697858802,-0.031921128182163534,0.36331167652015633,0.06835239754977374,-1.0124393037232335,0.6570118683746882,2.253988353698901,1.7048838242000308,0.8127020954331861,-0.6718969876517591,0.5726744974304527,2.4727670040177063,-0.557436680416658,-0.4803786597749413,0.40116414398441286,1.1239977519360551,-0.9133814913882731,4,12,0.265,289,427,-138,0.25,0.375
194,indianapolis-colts,2023,0.9109384987993242,1.1200565828065672,0.8514325422221758,1.169696416071106,0.9010104239585215,0.0,68615562.0,74632505.0,7400000.0,31555748.0,41669505.0,0.0,26,23,3,42,72,0,0.45546924939966205,0.4954096423952124,0.049121108205125524,0.4309407848683022,0.5690592151316978,0.0,0.5,0.4423076923076923,0.057692307692307696,0.3684210526315789,0.631578947368421,0.0,-0.18927125506072873,0.7003194039814565,1.0738866396761133,-0.35621649573890796,0.13157894736842107,1.3571391734793865,0.868421052631579,0.30538093526715143,0.057692307692307696,57692.307692307695,0.057692307692307696,,-0.07364957273648537,0.8705750801443035,1.0644688575269101,-0.1385992555158443,0.024528464531359873,1.056915958007775,0.8864100342679642,0.05535738933609093,0.049121108205125524,49121.10820512553,0.049121108205125524,,0.21904615884804568,1.2431103014051568,2.0210670067650884,0.21761743946047052,-0.2587579172717819,0.7787813209497149,2.0806349148704304,-0.25002389240281614,0.8514325422221758,851432.5422221759,0.8514325422221758,,9,8,0.529,396,415,-19,0.5,0.583
195,indianapolis-colts,2024,0.8329011279095131,1.1822847630786781,0.8734509084317391,0.8563540459317893,1.2859352980905845,0.044634215520865266,78322694.0,111177335.0,9856300.0,24150069.0,26721361.0,88332.0,25,25,3,57,42,4,0.3928778905233553,0.5576814920182444,0.04944061745840033,0.47390466619526206,0.5243619662116946,0.0017333675930433113,0.4716981132075472,0.4716981132075472,0.05660377358490566,0.5533980582524272,0.4077669902912621,0.038834951456310676,0.06393112291628505,1.156780631237437,0.8794651034988092,0.1456429488821539,-0.08169994504487998,0.852365225732616,1.0250961714599742,-0.15973805530699395,0.017768822128594985,1.4575096389381181,0.09543872504121634,0.3767469190678716,0.03331952580654973,1.0635409591323015,1.082043458229939,0.06160566157670007,-0.08102677567190675,0.829021298009716,0.8667825567186174,-0.18750688765404339,0.04770724986535702,28.506423699745458,0.05117398505144364,3.3501496809310107,-0.10365053501190635,0.9193960578250939,2.4682200611692626,-0.08403743756873797,-0.023452918022276226,0.9726119229007913,1.6892551738413024,-0.027768921673928502,0.8288166929108739,19.568649960330852,0.9180851239526043,2.9739299387472844,8,9,0.471,377,427,-50,0.5,0.583
196,jacksonville-jaguars,2011,0.9544072546077905,1.02983589117819,1.2749060401204193,1.5127470967267729,0.7645529125796788,0.029449967427419295,40555936.0,42435054.0,3283333.0,4620433.0,2335199.0,25700.0,33,32,2,7,7,2,0.47008118510532965,0.49186191817465785,0.038056896720012515,0.6618268548179631,0.3344918992536095,0.003681245928427412,0.4925373134328358,0.47761194029850745,0.029850746268656716,0.4375,0.4375,0.125,0.040111940298507454,1.0916819396950121,0.9151119402985075,0.08772166462936307,0.0550373134328358,1.1257970003104811,0.9300373134328358,0.11849325984927775,-0.09514925373134328,0.23880405971677598,0.15485074626865672,-1.4320783976802973,0.15737001892104835,1.4704704323236848,0.8263538174282674,0.38558440467228555,-0.19174566971263346,0.7102771237010359,1.1319080399232928,-0.3420979427381513,0.034375650791585104,10.335240355949171,0.041738142648439926,2.3355857254664016,0.26528297859851113,1.3469761572515195,1.7943888037578688,0.2978631676696929,-0.5583398421189824,0.6309095722367134,2.4671543513345635,-0.4605916875985353,1.245456072693,43.28910563846071,1.3043560075478386,3.767901785839477,5,11,0.313,243,329,-86,0.5,0.333
197,jacksonville-jaguars,2012,1.1365228602908426,0.9120659297673699,0.7123388431584022,1.1117423948678056,0.9986720709226361,0.06811668616806493,46886630.0,43647067.0,3526458.0,14566623.0,20782245.0,105000.0,25,29,3,17,27,2,0.4984749387240538,0.4640335432149777,0.03749151806096854,0.4108613198424499,0.5861770851067647,0.002961595050785432,0.43859649122807015,0.5087719298245614,0.05263157894736842,0.3695652173913043,0.5869565217391305,0.043478260869565216,-0.07818459191456906,0.8667951444204881,1.095728451563692,-0.14295064555025283,0.06903127383676583,1.1867872943691582,0.8081617086193744,0.1712521835852384,0.009153318077803202,1.2104984743245641,0.09610983981693363,0.19105123684670738,-0.122143541891787,0.7916255400958226,1.0502106283217425,-0.2336646468692621,0.0876136188816039,1.213240822169334,0.9093362585665037,0.19329715072576806,0.03452992301018311,12.654958716355422,0.040453113111753966,2.5380758040958957,-0.08660614115526621,0.9132777846154866,1.910738000690006,-0.09071409347042758,0.024780465423037024,1.0222888352990698,2.248265255158648,0.0220449494384394,0.6442221569903372,10.457472695136294,0.7804555293264672,2.347318217124447,2,14,0.125,255,444,-189,0.333,0.167
198,jacksonville-jaguars,2013,0.8563676393224982,1.1361836509909993,1.155344584610355,1.043263644146486,0.9802668519010425,0.27130103088272406,28065322.0,34371320.0,4368871.0,25379797.0,27821797.0,183334.0,26,24,3,36,42,1,0.4201048796676406,0.5144982570525279,0.06539686327983141,0.4754112808768797,0.521154528858782,0.0034341902643382793,0.49056603773584906,0.4528301886792453,0.05660377358490566,0.45569620253164556,0.5316455696202531,0.012658227848101266,-0.07881538094100782,0.8517504194613629,0.9844757582994984,-0.16045952164023997,0.0348698352042035,1.0765175537845926,0.9462622402674946,0.07373338249769583,0.0439455457368044,4.4713448769622675,0.06926200143300693,1.4977068972139582,-0.006656271806254055,0.9872259403621179,1.03565278591131,-0.012854405833019757,-0.05530640120923913,0.8836643405441131,0.8955161605445203,-0.12367561336249185,0.06196267301549313,19.03733366932699,0.06883105354416968,2.946417272317615,0.15591679908995681,1.1590542817328833,2.1164505028920417,0.14760527837219625,-0.18689600482398783,0.8208536962575861,1.8996312834689841,-0.197409219566154,0.8840435537276309,4.2585180098035345,1.426645615493079,1.448922080274866,4,12,0.25,247,449,-202,0.5,0.333
199,jacksonville-jaguars,2014,0.8481508126726246,1.1655374291592822,1.0975223957252154,1.4800312021629203,0.6377123002543997,0.0,37932011.0,44404101.0,5453856.0,26350543.0,15043863.0,0.0,27,23,3,40,53,0,0.43207682909737477,0.5057992617106319,0.06212390919199333,0.6365725600700732,0.36342743992992677,0.0,0.5094339622641509,0.4339622641509434,0.05660377358490566,0.43010752688172044,0.5698924731182796,0.0,-0.1359302089673362,0.7614796178949673,1.003854737269223,-0.2724895683921087,0.0793264353824305,1.1844312084615913,0.9395414891458713,0.1692646294552661,0.05660377358490566,56603.77358490566,0.05660377358490566,,0.14237182178070518,1.3917437551341771,0.8692267016405587,0.33055943807832994,-0.20449573097269846,0.678753966862545,1.068649389167448,-0.3874942489858319,0.06212390919199333,62123.909191993334,0.06212390919199333,,0.5278251289048824,1.8276824847377657,1.803249729413682,0.6030496204792362,-0.6318803894902957,0.5730624046106134,2.3281820148355448,-0.5567594805925971,1.0975223957252154,1097522.3957252153,1.0975223957252154,,3,13,0.188,249,412,-163,0.167,0.167
200,jacksonville-jaguars,2015,0.9773866171665422,1.110559326844806,0.31150803646485364,1.3943568680940341,0.6005135167944943,4.754396417305163,51565529.0,54084491.0,1896314.0,17160392.0,9536178.0,1887500.0,26,24,3,31,40,1,0.4794726801194358,0.5028947895146291,0.017632530365935112,0.6003480959849314,0.3336186204413857,0.06603328357368282,0.49056603773584906,0.4528301886792453,0.05660377358490566,0.4305555555555556,0.5555555555555556,0.013888888888888888,-0.10272536687631029,0.815092872455471,1.008385744234801,-0.20445100996954235,0.06001048218029348,1.1393765381248513,0.9211215932914046,0.130483254881782,0.042714884696016774,4.075178285276668,0.07049266247379454,1.404932163234532,0.1692761690732434,1.5073897298045267,0.8365134099560148,0.41038148770427185,-0.12087541586549566,0.7986564539300487,1.0798207761043672,-0.22482231010710116,-0.04840075320774771,0.2670208475308173,0.08366581393961793,-1.3203718312408006,0.5100458100503117,1.849346345152314,1.7110728436393003,0.6148331501576283,-0.41697025092749196,0.7009582256688125,2.371743485260576,-0.35530596307105616,-4.4428883808403095,0.06551998268613803,5.065904453770016,-2.7253968935055406,5,11,0.313,376,448,-72,0.333,0.417
201,jacksonville-jaguars,2016,1.2709552562188982,0.8146065534873383,0.5294195720981808,0.8565548310239698,1.1279375831407836,0.0,61656896.0,44672968.0,3350000.0,16466883.0,24312470.0,0.0,23,26,3,33,37,0,0.5621532864045127,0.4073032767436692,0.030543436851818123,0.4038044203398715,0.5961955796601285,0.0,0.4423076923076923,0.5,0.057692307692307696,0.4714285714285714,0.5285714285714286,0.0,-0.02857142857142858,0.9459441563218663,1.0285714285714285,-0.05556974304691307,-0.02912087912087913,0.9382264480511242,0.9137362637362637,-0.06376168241226089,0.057692307692307696,57692.307692307695,0.057692307692307696,,-0.1888923029164593,0.6831694287408676,1.0034988564037977,-0.38100992949814594,0.15834886606464116,1.3921390305542811,0.9659577067443842,0.33084321406913675,0.030543436851818123,30543.436851818125,0.030543436851818123,,-0.3133310296534453,0.7222082528811441,1.942544136628122,-0.3254405152005228,0.41440042519492837,1.4837973313421198,2.127510087242868,0.3946053530517507,0.5294195720981808,529419.5720981808,0.5294195720981808,,3,13,0.188,318,400,-82,0.333,0.167
202,jacksonville-jaguars,2017,1.2536978566969266,0.8477842447463096,0.2896203586232351,0.6865297687466858,1.1916737238742574,1.3908605460915529,86208594.0,63154620.0,2489412.0,5378386.0,12447688.0,1614256.0,24,26,3,27,36,4,0.5677122369948348,0.4158941578000765,0.01639360520508878,0.27666125009194803,0.6403022993951234,0.08303645051292853,0.4528301886792453,0.49056603773584906,0.05660377358490566,0.40298507462686567,0.5373134328358209,0.05970149253731343,-0.046747395099971834,0.9129962043765609,1.02787947057167,-0.09102151724570225,0.049845114052379624,1.1236869390549822,0.8558152633061109,0.11661739703495311,-0.00309771895240777,0.9480973269169439,0.11630526612221909,-0.053280449962044084,-0.2244081415950469,0.6495268073629482,1.0561964571951998,-0.43150876542224353,0.2910509869028867,2.052004698169544,0.8443734870867827,0.7188189783164368,-0.06664284530783975,0.19742423573729995,0.09943005571801732,-1.6223393872259506,-0.34388947912794776,0.711422528112433,2.039457968620567,-0.34048757313121225,0.5671680879502408,1.8261349873446275,1.9402276254436124,0.602202502241832,-1.1012401874683178,0.20823090510848805,1.680480904714788,-1.569104241505303,10,6,0.625,417,268,149,0.667,0.75
203,jacksonville-jaguars,2018,1.4479195608787159,0.6227738495786984,0.13583967575487535,0.5657984844913481,1.3574199877041333,0.8747122131433294,99955336.0,39685313.0,1082022.0,14072642.0,41974372.0,1764000.0,26,24,3,37,46,3,0.7103001619405022,0.28201079980922195,0.007689038250275963,0.24342492937418464,0.7260618538882574,0.030513216737558004,0.49056603773584906,0.4528301886792453,0.05660377358490566,0.43023255813953487,0.5348837209302325,0.03488372093023256,-0.08205353225098722,0.8465939873767866,0.9877139096094778,-0.1665318446723382,0.06033347959631419,1.1402319239280423,0.9207985958753839,0.13123372221648125,0.021720052654673104,1.6225949950441043,0.09148749451513821,0.4840443829562132,-0.44405105407903545,0.3884110009195209,1.0080726536974793,-0.9456876733231846,0.4668752325663175,2.917931396078423,0.9537250913146869,1.0708763470818998,-0.02282417848728204,0.2519821601978731,0.038202254987833965,-1.3782669400216196,-0.7346461381254349,0.45879197037613484,1.9801938372828318,-0.7791567895218205,0.8821210763873678,2.559068363557084,2.013718045370064,0.93964396241669,-0.738872537388454,0.15529624305859988,1.0105518888982048,-1.8624133790370927,5,11,0.313,245,316,-71,0.167,0.333
204,jacksonville-jaguars,2019,1.0589402040487186,1.0056535910768418,0.4617183739536633,0.9213317335328188,1.1058633043102277,0.036506287245539566,61310454.0,58225269.0,3207905.0,32177963.0,35593578.0,25000.0,25,25,3,51,47,1,0.4995000962493955,0.4743649014513405,0.02613500229926396,0.4746254384866036,0.5250058111371788,0.00036875037621757136,0.4716981132075472,0.4716981132075472,0.05660377358490566,0.5151515151515151,0.47474747474747475,0.010101010101010102,-0.0030493615399275753,0.9935747839073099,0.946445587955022,-0.006443826642397257,-0.04345340194396796,0.9156475011459717,0.9868496283590623,-0.0881216924504907,0.04650276348389556,5.603218866237903,0.06670478368591576,1.7233588966613673,-0.05064090968583829,0.9035404710728484,0.9993707125885194,-0.10143226821236498,0.024874657762791907,1.0524068103793465,0.9741255347359992,0.05108174344673575,0.025766251923046386,70.6828281464287,0.02650375267548153,4.258240922171832,-0.1002097132333859,0.909382450592895,2.1115168953870693,-0.09498854118630176,0.13760847051589975,1.1493569755068276,1.9802719375815374,0.1392035785982765,0.4252120867081237,12.647293425234594,0.49822466119920283,2.537445399621731,6,10,0.375,300,397,-97,0.333,0.5
205,jacksonville-jaguars,2020,0.971977168060553,1.1104966146561486,0.3220594213406363,1.0896465399405784,1.0353628763064016,0.46693834175245635,41126595.0,45180454.0,1572355.0,47828356.0,43822599.0,4757893.0,26,25,3,56,54,13,0.46798900684396993,0.5141188030815502,0.017892190074479796,0.4960992376965235,0.4545495554515909,0.049351206851885626,0.48148148148148145,0.46296296296296297,0.05555555555555555,0.45528455284552843,0.43902439024390244,0.10569105691056911,0.023938572719060525,1.0545243469990697,0.9019873532068654,0.05309196933455297,0.02619692863595302,1.0575373597344102,0.9367660343270099,0.05594503658923667,-0.05013550135501356,0.5256360523152999,0.16124661246612465,-0.6431282216409836,0.0595692476299593,1.1310486741585408,0.9686683585331411,0.12314717767305375,-0.02811023085255354,0.9433355827784348,0.9640882445404935,-0.05833105564498117,-0.03145901677740583,0.3625408308118278,0.06724339692636543,-1.014562285562754,0.07513373834974701,1.0725665054278102,2.1458594909625504,0.07005528011802367,-0.11766937188002535,0.8920106111684131,2.0616237080011315,-0.11427622171394748,-0.14487892041182004,0.6897243229322347,0.7889977630930927,-0.371460188195021,1,15,0.063,306,492,-186,0.167,0.083
206,jacksonville-jaguars,2021,1.0312345330945283,1.0918181931840503,0.1693940976195954,1.0700669677893757,0.86498687035827,1.817218548312937,60921904.0,64500985.0,1482554.0,21273833.0,26272687.0,6021306.0,27,27,4,36,55,6,0.48005745506124586,0.508260193378782,0.011682351559972097,0.39713825608677866,0.49045647288355515,0.1124052710296662,0.46551724137931033,0.46551724137931033,0.06896551724137931,0.3711340206185567,0.5670103092783505,0.061855670103092786,-0.10149306789904017,0.8210016868478087,1.0325275506576608,-0.19722796676014606,0.09438322076075362,1.2543069651671523,0.836651261997867,0.22658534921020893,0.007109847138286524,1.1149245041228155,0.1308211873444721,0.10880119320768758,0.017803720495226882,1.0362981939913345,0.9987166662623372,0.03565690195383121,0.0829191989744672,1.2087887251225269,0.8771957111480245,0.18962088768391386,-0.10072291946969411,0.10392971364461416,0.12408762258963829,-2.2639548431162058,0.22683132282578022,1.2622352643301566,1.9568050635423204,0.23288508446232312,-0.03883243469484743,0.9637093756062316,2.101301500883904,-0.03696453770094817,-1.6478244506933417,0.09321608815888911,1.9866126459325324,-2.3728290490811053,3,14,0.176,253,457,-204,0.167,0.25
207,jacksonville-jaguars,2022,0.9599828612416621,1.118303341047292,0.4792573682254531,1.5817818724961155,0.4914755503493329,0.2975842427371888,78298867.0,77179321.0,4510334.0,53725975.0,16286050.0,1232633.0,26,22,3,41,40,5,0.4894030272996709,0.4824053628047142,0.028191609895614887,0.7541053113062877,0.22859327923224784,0.017301409461464464,0.5098039215686274,0.43137254901960786,0.058823529411764705,0.47674418604651164,0.46511627906976744,0.05813953488372093,-0.03374373005015957,0.9274489863768363,0.8964888280893752,-0.07531516904499592,0.033059735522115774,1.0693425680839295,0.986548107615139,0.06704599882411817,0.0006839945280437756,1.011747303828727,0.11696306429548564,0.011695839766611201,0.2538120835724663,2.1103124908677118,0.7109986420369621,0.7468381094028638,-0.2647022840066168,0.648984128579843,1.2435083386059587,-0.4323449744663041,0.010890200434150423,1.6293458988126828,0.04549301935707935,0.48821411612604365,0.6268277906979591,2.2753951134645627,1.609778891396625,0.8221546077824606,-0.6217990112544534,0.6068992640733121,2.541764733737778,-0.4993914170559261,0.1816731254882643,1.6104876835196675,0.7768416109626419,0.4765391287065034,9,8,0.529,404,350,54,0.667,0.667
208,jacksonville-jaguars,2023,0.9728439310827298,1.0893175714786072,0.5208120254541501,0.9501037106315028,1.0717262206679237,0.02077374251630008,92599852.0,95710486.0,5720000.0,10672220.0,13070228.0,6667.0,26,24,3,35,38,1,0.47724419260662215,0.493275881424275,0.029479925969102833,0.4493733766500352,0.5503458970997446,0.0002807262502202714,0.49056603773584906,0.4528301886792453,0.05660377358490566,0.47297297297297297,0.5135135135135135,0.013513513513513514,-0.06068332483426819,0.8818254922941505,0.9663437021927588,-0.1257588887620223,0.017593064762876087,1.0371945725729845,0.963539010708822,0.03652158036009786,0.04309026007139215,4.188369305954378,0.07011728709841918,1.4323291375686356,-0.0570700156754696,0.8962999228736886,1.0436217785240196,-0.10947815940742574,0.02787081595658697,1.0620191479637735,0.9266175692566574,0.060174048116097265,0.029199199718882563,104.64032352701803,0.029760652219323103,4.650562900326741,0.017591350810683526,1.0164130857847586,2.161043792146531,0.016280765027163958,0.022740220451227033,1.0239333835489701,1.9229476417142326,0.02365249728675862,0.50003828293785,25.06948160948399,0.5415857679704501,3.2216531543101086,9,8,0.529,377,371,6,0.667,0.5
209,jacksonville-jaguars,2024,1.2025209759489164,0.8166529952422988,0.5829715862687959,0.5662198681860074,1.3878400915493434,0.016485069402616043,87525048.0,50633894.0,4714597.0,25101965.0,84036163.0,71300.0,27,23,3,41,56,4,0.6126050254834102,0.35439658284099756,0.032998391675592216,0.22985162965966638,0.7694954963045865,0.0006528740357471701,0.5094339622641509,0.4339622641509434,0.05660377358490566,0.40594059405940597,0.5544554455445545,0.039603960396039604,-0.12049318139361109,0.7826805290805686,0.9884177096954979,-0.24502837074149322,0.10349336820474497,1.2549439863252836,0.9153745563235569,0.22709290213859534,0.016999813188866057,1.429209195486682,0.09620773398094526,0.3571389476667455,-0.4150989134635889,0.4605564606764867,1.123892079145584,-0.7753170017765667,0.38275339582374385,2.665207817680703,0.8424566551430765,0.9802836673173163,0.03234551763984505,50.465976429061826,0.03365126571133938,3.92132967919062,-0.5711870963070446,0.5884340795318378,2.204493086791642,-0.5302891484357413,0.6363011077629089,2.123766613903534,1.768740844134924,0.7531920484686425,0.5664865168661798,35.36146621924864,0.5994566556714119,3.5656244177342584,4,13,0.235,320,435,-115,0.5,0.333
210,kansas-city-chiefs,2011,1.0796914545734209,0.9703642114689279,0.5995546716612082,0.30489636292704975,1.5213277278047128,0.0,51936898.0,46677879.0,3605082.0,195050.0,1297643.0,0.0,24,24,3,3,4,0,0.5080900962698451,0.4566419818677308,0.035267921862424015,0.13066986982587847,0.8693301301741215,0.0,0.47058823529411764,0.47058823529411764,0.058823529411764705,0.42857142857142855,0.5714285714285714,0.0,-0.10084033613445376,0.8235279705907573,1.042016806722689,-0.1941556394416841,0.04201680672268909,1.0980366536007495,0.8991596638655461,0.09352584967795462,0.058823529411764705,58823.529411764706,0.058823529411764705,,-0.4126881483063907,0.5252796845964417,1.3259721120418524,-0.6438222357804805,0.37742022644396667,3.888319538600189,0.6387599660957236,1.357979037228017,0.035267921862424015,35267.92186242402,0.035267921862424015,,-0.5509635163357849,0.6378399314585809,2.4916919392736405,-0.4496668877061822,0.7747950916463711,3.541163636865399,1.3845878175004707,1.2644563103010924,0.5995546716612082,599554.6716612083,0.5995546716612082,,7,9,0.438,212,338,-126,0.5,0.333
211,kansas-city-chiefs,2012,1.259478158147371,0.7631146488627776,0.9545883043334784,1.0699146845615757,0.9344549832235226,0.0,65270441.0,42476618.0,5496668.0,16135563.0,15032184.0,0.0,27,29,3,15,16,0,0.5763713605081189,0.3750902511359415,0.04853838835593957,0.5177006538201173,0.4822993461798827,0.0,0.4576271186440678,0.4915254237288136,0.05084745762711865,0.4838709677419355,0.5161290322580645,0.0,-0.02460360852925092,0.9523286633377911,1.007654455986878,-0.04884303469131447,-0.0262438490978677,0.9457607572921751,0.9414980863860033,-0.055763456000187686,0.05084745762711865,50847.45762711865,0.05084745762711865,,-0.10720909504394116,0.7777109307652141,0.8573895973158242,-0.25139771211201783,0.05867070668800156,1.1133272537475554,1.094072014328236,0.1073547925908175,0.04853838835593957,48538.388355939576,0.04853838835593957,,-0.17134033436074503,0.8166405508265016,1.6975696320863003,-0.20255493278436734,0.1895634735857954,1.1771751515760547,2.3293928427089465,0.16311842306036725,0.9545883043334784,954588.3043334784,0.9545883043334784,,2,14,0.125,211,425,-214,0.0,0.0
212,kansas-city-chiefs,2013,1.1665126898756737,0.8896914805792211,0.5871361428344357,0.5258920036584872,1.4011683045966645,0.0,61808850.0,49105416.0,3888750.0,5261382.0,16567014.0,0.0,24,25,3,33,39,0,0.5383904722503109,0.42773628874001013,0.03387323900967898,0.24103383501014,0.75896616498986,0.0,0.46153846153846156,0.4807692307692308,0.057692307692307696,0.4583333333333333,0.5416666666666666,0.0,-0.06089743589743585,0.8875723259019782,1.0224358974358974,-0.11926318698112297,0.0032051282051282493,1.0069908099221492,0.9198717948717949,0.006968654164611315,0.057692307692307696,57692.307692307695,0.057692307692307696,,-0.3312298762498499,0.5635768034124701,1.18670245372987,-0.5734493198095587,0.2973566372401709,2.2336625003919517,0.7794243072604509,0.8036444724897046,0.03387323900967898,33873.23900967898,0.03387323900967898,,-0.5114768240174434,0.6349635819600862,2.2908597851758854,-0.45418650899354507,0.6406206862171865,2.2181559400117106,1.692404693534161,0.7966770503001999,0.5871361428344357,587136.1428344358,0.5871361428344357,,11,5,0.688,430,305,125,0.333,0.583
213,kansas-city-chiefs,2014,0.89800870391715,1.107821998200985,0.8814730509209288,1.6411542496705067,0.3481756469130227,0.8981599952023919,39248029.0,52452887.0,4815666.0,29356536.0,6079787.0,765050.0,24,26,3,42,41,2,0.40664545083040754,0.5434598481740681,0.049894700995524274,0.8109232763077798,0.16794354733451683,0.02113317635770334,0.4528301886792453,0.49056603773584906,0.05660377358490566,0.49411764705882355,0.4823529411764706,0.023529411764705882,0.008213096559378463,1.017025042937037,0.9729189789123196,0.016883779546246955,-0.04128745837957826,0.916440193817128,0.9469478357380688,-0.08725626047380904,0.03307436182019978,2.405558141137492,0.08013318534961154,0.8777996184600715,0.3755163008395513,3.235948155503906,0.711403395508585,1.1743238179616504,-0.4042778254773723,0.5014592147640534,1.2175687271381874,-0.690230542238078,0.028761524637820935,2.3608538204204876,0.07102787735322762,0.8590433839293229,0.7596463512879622,3.1817814549685397,1.4559976451140075,1.1574421485719362,-0.7431455457533567,0.5471808374603454,2.539162953587657,-0.6029748189737171,-0.016686944281463112,0.9814198741978295,1.7796330461233207,-0.01875377020349387,9,7,0.563,353,281,72,0.5,0.583
214,kansas-city-chiefs,2015,1.0823490746767763,0.9346111176488736,0.7876227841599069,0.6418074612312737,1.2231190057447352,1.0620546800176212,56519504.0,43173417.0,4745666.0,8945005.0,27039856.0,1020833.0,26,23,3,29,46,2,0.5411745373383882,0.41338568665238645,0.0454397760092254,0.2417196931909992,0.7306944709643872,0.027585835844613535,0.5,0.4423076923076923,0.057692307692307696,0.37662337662337664,0.5974025974025974,0.025974025974025976,-0.1550949050949051,0.740383376047225,1.0397102897102897,-0.30058489033232194,0.12337662337662336,1.3275826819356376,0.8766233766233766,0.28336175613637576,0.03171828171828172,2.221068335022948,0.08366633366633366,0.7980056453046397,-0.31730878431200077,0.5657427794191626,1.1440801576167736,-0.5696133383516833,0.299454844147389,2.2388424019236575,0.7828942305293873,0.8059607952631026,0.017853940164611865,1.6471543262580344,0.07302561185383893,0.49907115514609435,-0.2885078880958616,0.7641205386709428,2.157730123393609,-0.26902865916782126,0.4405416134455026,1.686405119372141,1.7241565359080502,0.5226000389570391,-0.2744318958577142,0.7416021579460308,1.8496774641775282,-0.2989410852405061,11,5,0.688,405,287,118,0.833,0.833
215,kansas-city-chiefs,2016,0.9685612090164545,1.080070577147008,0.6881916387324724,0.9497998840484965,1.1239802366361542,0.014979167029710642,50883158.0,59105499.0,6025667.0,21982559.0,14507730.0,6667.0,24,25,4,52,29,1,0.438593755026319,0.5094672533712302,0.051938991602450746,0.6023121215917294,0.39750520563961556,0.00018267276865500782,0.4528301886792453,0.4716981132075472,0.07547169811320754,0.6341463414634146,0.35365853658536583,0.012195121951219513,0.11803957662218134,1.3337633073940576,0.825356649792913,0.28800662100940166,-0.18131615278416935,0.7140772484108412,1.08697653014266,-0.33676192311228914,0.06327657616198804,6.188171815194173,0.08766682006442705,1.8226529481060576,0.11196204773161467,1.281658615999369,0.9069724590108458,0.2481569956976228,-0.16371836656541044,0.728182301370506,1.0409058766180483,-0.3172015681516961,0.051756318833795736,282.780033114259,0.052121664371105755,5.6446885804389035,-0.04390965948914616,0.9609329248052559,2.2040508137831623,-0.0398497438718117,0.018761324967958015,1.0197518503962564,1.9183610930649508,0.019560346231344315,0.6732124717027617,45.94018460325309,0.703170805762183,3.8273416686909774,12,4,0.75,389,311,78,1.0,0.75
216,kansas-city-chiefs,2017,1.00909878111809,1.0227776108705395,0.7541080839259305,1.2663206965317986,0.6567749255528256,4.111782679400707,69675138.0,59755062.0,6007941.0,19923431.0,10620286.0,1797000.0,26,22,3,36,37,1,0.5144425158641243,0.44119818508140923,0.0443592990544665,0.6160479064208749,0.3283874627764128,0.05556463080271226,0.5098039215686274,0.43137254901960786,0.058823529411764705,0.4864864864864865,0.5,0.013513513513513514,-0.06862745098039214,0.8627433725524706,0.9313725490196079,-0.1476356806249335,0.023317435082140903,1.0479281291499132,0.9962904080551139,0.046816966028310855,0.04531001589825119,4.352619082658472,0.07233704292527822,1.4707947517413202,0.11281072230499645,1.3435252303056833,0.769585647857822,0.2952991949849205,-0.10160539055675066,0.835067655347261,1.1304904222849992,-0.1802405891957107,-0.011205331748245763,0.7983226036246355,0.09992392985717877,-0.22521995509820916,0.36600268531771396,1.557270251661007,1.679552536423365,0.4429354275557679,-0.25722191541370854,0.7968739569746056,2.275419477649889,-0.2270577685480461,-3.3576745954747764,0.18340169199655995,4.865890763326638,-1.6960751674160113,10,6,0.625,415,339,76,0.833,0.667
217,kansas-city-chiefs,2018,1.185172426283674,0.908717642368798,0.3714584979622484,0.7180306682709119,1.3470391775127237,0.0,75462813.0,65407255.0,3085000.0,13048064.0,19888713.0,0.0,23,26,3,32,26,0,0.5242108808562405,0.454358821184399,0.021430297959360484,0.39615485145981344,0.6038451485401866,0.0,0.4423076923076923,0.5,0.057692307692307696,0.5517241379310345,0.4482758620689655,0.0,0.051724137931034475,1.1153821272244855,0.9482758620689655,0.10919906119624942,-0.10941644562334218,0.8016812392604461,0.9940318302387268,-0.22104194653693293,0.057692307692307696,57692.307692307695,0.057692307692307696,,-0.14948632735578754,0.7524413665348748,1.0582039697245855,-0.28443000271971447,0.12805602939642702,1.323244069031294,0.9203657323160539,0.28008825725074615,0.021430297959360484,21430.297959360487,0.021430297959360484,,-0.4383215351439257,0.6746032208532359,2.2557568198815217,-0.39362948145101667,0.46714175801276214,1.6505851742412436,1.903203094554586,0.5011307198526953,0.3714584979622484,371458.4979622484,0.3714584979622484,,12,4,0.75,565,421,144,0.833,0.833
218,kansas-city-chiefs,2019,0.7458236391393622,1.3117332858719992,0.7089955071495352,1.8634090578274862,0.4909431404917638,0.056643206972534346,49458905.0,80295607.0,5425000.0,22238449.0,9032708.0,56333.0,26,24,3,24,37,2,0.3658757475023286,0.5939924313382637,0.040131821159407645,0.7098701172676138,0.28833168568563905,0.001798197046747122,0.49056603773584906,0.4528301886792453,0.05660377358490566,0.38095238095238093,0.5873015873015873,0.031746031746031744,-0.13447139862234203,0.7710338732880658,1.0401317759808326,-0.2600207638272263,0.10961365678346813,1.2877324687588734,0.87151841868823,0.2528849339758534,0.024857741838873917,1.7829627045993335,0.0883498053309374,0.5782940879543028,0.3056607456526247,2.0600939845782067,0.8823241170239028,0.7227532888641371,-0.34399436976528525,0.515411514290977,1.0757458647699425,-0.6627869073541217,0.03833362411266052,22.305406309978338,0.041930018206154766,3.104854002080343,0.8207901453802354,2.6718585225563056,1.802676426363763,0.9827750684773097,-1.117585418688124,0.4002466531756857,2.6092326969668482,-0.9156729481762609,0.6523523001770009,12.516646362324625,0.7656387141220695,2.5270608778014463,12,4,0.75,451,308,143,1.0,0.75
219,kansas-city-chiefs,2020,1.0193174435423518,1.052290527591468,0.44911828696218603,1.074924966868774,0.9822736119964273,0.5888915083316407,94956149.0,82946608.0,4827500.0,12476138.0,20835905.0,707067.0,26,22,3,29,53,3,0.519652030041199,0.45392924719631955,0.02641872276248153,0.366739106343464,0.6124764874801252,0.020784406176410846,0.5098039215686274,0.43137254901960786,0.058823529411764705,0.3411764705882353,0.6235294117647059,0.03529411764705882,-0.19215686274509802,0.6918227898439534,1.0549019607843138,-0.36842312202098304,0.1686274509803921,1.494248493869357,0.8509803921568627,0.4016253623073492,0.023529411764705882,1.6666194457823695,0.09411764705882353,0.5108142906895403,-0.15854724028380562,0.7411362155756778,1.0664057346764446,-0.29956864090821556,0.15291292369773496,1.4169490084472192,0.886391136384663,0.3485078988537875,0.005634316586070685,1.2710226847750457,0.04720312893889238,0.2398596912491983,0.07001691559504075,1.0712793700864738,2.0345641395878955,0.06885455751162041,-0.05560752332642216,0.9482675783817857,2.094242410411126,-0.05311757982859894,-0.1397732213694547,0.7626490074301651,1.0380097952938268,-0.2709551434295151,14,2,0.875,473,362,111,0.667,0.833
220,kansas-city-chiefs,2021,1.2652182894765018,0.7830278799048579,0.6702726285203833,0.5837652382936784,1.4525936016048793,0.09793872893224373,93934418.0,60460238.0,5971618.0,6439685.0,18189388.0,116799.0,25,26,3,37,42,4,0.5857492080909731,0.37701342365789453,0.037237368251132406,0.2602326965887482,0.7350473646675292,0.0047199387437225895,0.46296296296296297,0.48148148148148145,0.05555555555555555,0.4457831325301205,0.5060240963855421,0.04819277108433735,-0.024542614904060678,0.9514972378260053,0.9875055778670236,-0.049716418297166234,0.01717983043284249,1.0385362088492052,0.9087460954930835,0.037814390213239936,0.0073627844712182006,1.1527538581352212,0.1037483266398929,0.1421717388338228,-0.35803394100963465,0.5129096829273568,1.1120607883254237,-0.6676528535610493,0.3255165115022249,2.250858423675404,0.8459819046797212,0.8113133723027949,0.032517429507409816,7.887704177616531,0.041957306994855,2.0653319681430675,-0.6695657217000214,0.5390546536795195,2.235621481509737,-0.6179370378284353,0.6814530511828234,2.1673372087681466,1.8489835277701803,0.7735001117011718,0.5723338995881395,6.843725583354316,0.768211357452627,1.923333751210482,12,5,0.706,480,364,116,0.833,0.583
221,kansas-city-chiefs,2022,0.8903984101858706,1.1722413273860424,0.4780021869007234,0.9699812694717753,1.1401428116578842,0.23712534639467775,76202372.0,100323146.0,4909025.0,11549857.0,11920409.0,344332.0,25,25,3,41,36,5,0.41999925008767486,0.5529440223519069,0.027056727560418305,0.4849906347358876,0.5005505026790711,0.014458862585041326,0.4716981132075472,0.4716981132075472,0.05660377358490566,0.5,0.43902439024390244,0.06097560975609756,0.032673722963644736,1.0744210327915051,0.9107225034514497,0.07178406234679126,-0.028301886792452824,0.9433943396264151,0.9716981132075472,-0.05826878812422309,-0.004371836171191898,0.9282866628911814,0.11757938334100322,-0.07439702340876791,0.05239351967283579,1.1046695882290203,1.053494525030978,0.09954808357810228,-0.06499138464821275,0.8659927718472801,0.9049898848235625,-0.14387633609741166,0.012597864975376979,1.871160766659594,0.04151559014545963,0.6265959278284272,0.03209851572815814,1.0281521641392635,2.3123841390439264,0.027764028736179103,-0.0795828592859047,0.9179532845180316,1.860379679657646,-0.08560765488896518,0.24087684050604563,2.0158122206510414,0.7151275332954011,0.701024293391019,14,3,0.824,496,369,127,1.0,0.75
222,kansas-city-chiefs,2023,0.8316741071652775,1.204481478315745,0.8229725780416343,1.103578564247075,0.8770004549565984,0.0,79488561.0,106264811.0,9075796.0,13654527.0,9137757.0,0.0,26,24,3,38,32,0,0.4079910714395701,0.5454255750863751,0.04658335347405477,0.599085506305555,0.40091449369444504,0.0,0.49056603773584906,0.4528301886792453,0.05660377358490566,0.5428571428571428,0.45714285714285713,0.0,-0.004312668463611835,0.9905638708773816,0.9099730458221025,-0.009478723121256225,-0.05229110512129376,0.903672615379641,1.0334231805929919,-0.10128609685177228,0.05660377358490566,56603.77358490566,0.05660377358490566,,0.14451108139193009,1.3604502287009828,0.9463400687808201,0.30781752890728836,-0.19109443486598493,0.6810219678549735,1.0070765777451252,-0.3841582640913798,0.04658335347405477,46583.35347405477,0.04658335347405477,,0.32748102335914653,1.3734087572013811,2.081481933272343,0.3172966237099593,-0.27190445708179756,0.7536149944319539,1.9352526714123526,-0.28287245645459586,0.8229725780416343,822972.5780416343,0.8229725780416343,,11,6,0.647,371,294,77,0.667,0.75
223,kansas-city-chiefs,2024,0.7045482536901201,1.3388710606613117,0.4267314447476705,0.9393037072190493,1.1211108418706277,0.38343350685576527,70483262.0,145102907.0,5336296.0,11958327.0,16468758.0,625835.0,24,26,3,39,45,5,0.31904071865212985,0.6568046712678134,0.02415461008005682,0.4116049952982351,0.5668537964514411,0.021541208250323893,0.4528301886792453,0.49056603773584906,0.05660377358490566,0.43820224719101125,0.5056179775280899,0.056179775280898875,-0.015051939792240843,0.9702286890697164,0.996184015263939,-0.030221434885180986,0.014627941488234042,1.033379354402315,0.8910324358702566,0.03283656668053402,0.00042399830400678684,1.0075292357909238,0.11278354886580454,0.007518699083058487,0.08995087481637232,1.1586823916450317,1.2236584677192544,0.1472850127798405,-0.09256427664610523,0.775111933005165,0.7306457139503649,-0.2547446959824319,0.002613401829732926,1.12126898966793,0.04569581833038071,0.11450246951369497,0.21776021879068397,1.1942350536832638,2.4599819025319394,0.17750660487448075,-0.23475545352892924,0.7500742286026006,1.6438519609091693,-0.28758168653080707,0.043297937891905225,1.1129187308856165,0.8101649516034357,0.10698839494670784,15,2,0.882,385,326,59,0.833,0.833
224,las-vegas-raiders,2011,0.9780748168112463,0.9651780202484425,1.4741824944815431,1.5540159478667692,0.1689760781998458,0.0,43707881.0,52934179.0,8983333.0,4328869.0,313800.0,0.0,22,27,3,6,4,0,0.41380088403552734,0.5011501258982298,0.08504899006624288,0.9324095687200616,0.06759043127993833,0.0,0.4230769230769231,0.5192307692307693,0.057692307692307696,0.6,0.4,0.0,0.11923076923076925,1.2980736778927284,0.9192307692307693,0.2608833052242532,-0.1769230769230769,0.7051270299164886,1.023076923076923,-0.3493749444888284,0.057692307692307696,57692.307692307695,0.057692307692307696,,0.43355969461829147,7.414403222542428,0.5687405571781682,2.0034264852968238,-0.5186086846845344,0.4437968615087235,1.346210452755589,-0.8123859237499111,0.08504899006624288,85048.99006624288,0.08504899006624288,,0.7962019420485966,5.711887260276484,1.1341540984482883,1.7425505235737062,-0.5759411310555229,0.629384909961162,2.5320907646780153,-0.4630112474992882,1.4741824944815431,1474182.4944815433,1.4741824944815431,,8,8,0.5,359,433,-74,0.5,0.5
225,las-vegas-raiders,2012,0.8891892561738995,0.9371528997180348,2.6417555784359346,1.4041169536625135,0.3140306986098274,0.3037355002488189,33561790.0,36635433.0,10683333.0,30675519.0,3632071.0,390333.0,28,29,3,17,9,1,0.41495498621448645,0.4529572348637168,0.13208777892179674,0.8840736374912124,0.10467689953660915,0.011249462972178478,0.4666666666666667,0.48333333333333334,0.05,0.6296296296296297,0.3333333333333333,0.037037037037037035,0.15000000000000002,1.4499956500130502,0.8166666666666667,0.37156262540036,-0.16296296296296298,0.7411752934274751,1.0962962962962963,-0.2995159754779699,0.012962962962962968,1.3499635509841235,0.08703703703703704,0.30009759261483426,0.34828033532710767,4.327152501806777,0.5576341344003259,1.4649119125686303,-0.4691186512767259,0.46936646366423,1.299028623705699,-0.7563690333329127,0.12083831594961826,11.740652740108525,0.14333724189397523,2.4630649832173237,0.6231222011082074,2.9842621106935203,1.2511835983278623,1.093353584249351,-0.514927697488614,0.6332724781807187,2.293306209836413,-0.4568533695761064,2.3380200781871157,8.697524256293947,2.9454910786847535,2.1630387954573216,4,12,0.25,290,443,-153,0.333,0.333
226,las-vegas-raiders,2013,0.8157125325143144,1.0457938858087041,2.0621547676071477,1.2379523821682803,0.7943070072857579,0.07246378330690516,20541331.0,29627163.0,6491166.0,41451165.0,23271761.0,151647.0,24,27,3,32,28,2,0.3625389033396953,0.5228969429043521,0.11456415375595265,0.6389431649900802,0.3587192936129229,0.0023375413969969404,0.4444444444444444,0.5,0.05555555555555555,0.5161290322580645,0.45161290322580644,0.03225806451612903,0.04838709677419356,1.1071404056176735,0.9516129032258065,0.10178248002467966,-0.07168458781362008,0.8611094427115658,0.9605734767025089,-0.14953142147161816,0.02329749103942652,1.7221688349883375,0.08781362007168458,0.5436024469074735,0.1641776492914292,1.4576731570937664,0.8816162365172749,0.3768433487877276,-0.2764042616503849,0.5674031053172288,1.0014820683297754,-0.5666825254124812,0.11222661235895572,48.98957696582633,0.11690169515294958,3.8916162891961443,0.25148687852294627,1.316610025602414,1.840100893094462,0.27506122700069374,-0.4222398496539659,0.6589202342059042,2.053664914682595,-0.4171515665430375,1.9896909843002426,28.457337116064284,2.1346185509140527,3.3484065073691434,4,12,0.25,322,453,-131,0.167,0.333
227,las-vegas-raiders,2014,0.790038114684784,1.1978486770113836,1.1049811386332127,1.5976869496138462,0.4912820416986301,0.009926128581286867,29172014.0,44230345.0,4707834.0,34477142.0,11848821.0,6300.0,26,26,3,34,38,1,0.3734725633055343,0.5662557382235632,0.06027169847090251,0.7441281683132982,0.25573585732257453,0.00013597436412721736,0.4727272727272727,0.4727272727272727,0.05454545454545454,0.4657534246575342,0.5205479452054794,0.0136986301369863,-0.047820672478206705,0.9081322267220621,0.9932752179327522,-0.09636317145739202,0.0069738480697384975,1.0149710828294667,0.938480697384807,0.01486223764710022,0.04084682440846824,3.9815275303084694,0.06824408468244084,1.3816838804136802,0.3105198809009887,2.2142124688320335,0.8219915955461378,0.7948985617157539,-0.3706556050077639,0.5018921165959354,1.1176007316188326,-0.6893674119963996,0.06013572410677529,440.02174315570545,0.06040767283502973,6.086840733351781,0.7065666353127535,2.4382048133999814,1.6891307187100137,0.8912628711378612,-0.8076488349290621,0.4944883729490059,2.38772506429863,-0.7042303751770357,1.0950550100519258,111.30924008742643,1.1149072672144995,4.712313179481399,3,13,0.188,253,452,-199,0.167,0.167
228,las-vegas-raiders,2015,0.8581187409010824,1.1472490912695958,1.0025618182773208,1.2346622421196887,0.6400872983285035,2.348995613741248,38983467.0,50113814.0,5255235.0,30224052.0,11367770.0,1127500.0,26,25,3,51,37,1,0.4131682826560767,0.5311338385507388,0.05569787879318449,0.7075030825629677,0.26610370829387225,0.02639320914316009,0.48148148148148145,0.46296296296296297,0.05555555555555555,0.5730337078651685,0.4157303370786517,0.011235955056179775,0.04723262588431126,1.1136109349278513,0.8786933000416146,0.1076099899869965,-0.09155222638368704,0.8402309229666609,1.05451518934665,-0.17407643971057474,0.04431960049937578,4.944004428050349,0.06679151061173533,1.5981936156342422,0.26503013025686656,1.9959580646133557,0.7972375468446111,0.6911260507186657,-0.294334799906891,0.5839800685804591,1.1206713652190443,-0.5378860055609889,0.0293046696500244,2.1102310166250344,0.08209108793634458,0.7468153818908393,0.5071617929410923,1.7923294243395296,1.7873363895980994,0.5835169998544941,-0.37654350121860625,0.6950225062405285,2.092780983020771,-0.3638098855225564,-1.3464337954639272,0.42680428418350935,3.351557432018569,-0.8514287242424373,7,9,0.438,359,399,-40,0.5,0.583
229,las-vegas-raiders,2016,0.9232636095873955,1.0505272557141931,1.2608306711956931,1.1346524949201848,0.8360752235754272,0.0,64652998.0,67906003.0,10187500.0,13448539.0,8140056.0,0.0,26,24,3,28,23,0,0.4529217707409865,0.47571045541774787,0.07136777384126565,0.6229464677993172,0.37705353220068283,0.0,0.49056603773584906,0.4528301886792453,0.05660377358490566,0.5490196078431373,0.45098039215686275,0.0,0.0018497965223825408,1.0040994962420522,0.9038105808361081,0.004093324533048947,-0.058453570107288244,0.8935293698046585,1.0395856455789865,-0.11257403594896995,0.05660377358490566,56603.77358490566,0.05660377358490566,,0.09865692321706504,1.2616489520527938,0.8527639876184308,0.2324216595944723,-0.17002469705833068,0.7270625440392599,1.0758682385403038,-0.3187405669492978,0.07136777384126565,71367.77384126565,0.07136777384126565,,0.21445203213876596,1.2564969868676323,1.8866024792896203,0.22832863186503094,-0.21138888533278932,0.8136965282536242,2.0579161045075804,-0.20616671479208487,1.2608306711956931,1260830.6711956933,1.2608306711956931,,12,4,0.75,416,385,31,0.5,0.75
230,las-vegas-raiders,2017,0.809167762543096,1.2563556397311293,0.4539716477147876,0.44300383488203,1.5243529800210567,4.07876949146207,55106459.0,85561133.0,3710000.0,5185143.0,11469732.0,3410000.0,25,25,3,28,18,2,0.38168290685995093,0.5926205847788346,0.02569650836121439,0.25841890368118414,0.5716323675078963,0.16994872881091957,0.4716981132075472,0.4716981132075472,0.05660377358490566,0.5833333333333334,0.375,0.041666666666666664,0.09669811320754718,1.2578582809313767,0.8466981132075472,0.22941261766244678,-0.1116352201257862,0.8086239507147367,1.0550314465408805,-0.2124191822377263,0.014937106918238997,1.3584579630466227,0.09827044025157233,0.3063678722625418,0.02098821727093836,1.0367144720092787,1.1642529522867309,0.036058238357064974,0.12326400317876679,1.4769872653881875,0.6401018105411351,0.3900070015401407,-0.14425222044970518,0.15120064351384446,0.19564523717213397,-1.8891086441660245,-0.2679973402899274,0.8241889063810327,2.780708619752186,-0.1933547240782115,0.366163927661066,1.8265438632482949,1.252171597425126,0.602426817720061,-3.624797843747282,0.11130110131596485,4.532741139176857,-2.195513922949138,6,10,0.375,301,373,-72,0.333,0.417
231,las-vegas-raiders,2018,0.7597679224061096,1.3147013846852578,0.1944446201455537,0.7464488157015163,1.3076702142893293,0.7374172895175134,39652160.0,74331881.0,1268504.0,23493742.0,37654856.0,2469094.0,24,26,3,47,43,5,0.34404585165559687,0.6449478490908812,0.011006299253521907,0.3692957298733818,0.5918928338362228,0.03881143629039545,0.4528301886792453,0.49056603773584906,0.05660377358490566,0.49473684210526314,0.45263157894736844,0.05263157894736842,0.03793445878848062,1.083806293565297,0.9431976166832174,0.08048122953591431,-0.04190665342601785,0.9152932121632585,0.9475670307845084,-0.08850860625735191,0.0039721946375372436,1.0754512645391814,0.10923535253227408,0.07275802097353896,0.05305501525465839,1.0896343435625964,1.2368406829271041,0.08584372585049813,-0.025249878217784905,0.9316244196734629,0.7133415815289786,-0.07082262211396774,-0.02780513703687354,0.28357661372176046,0.04981773554391736,-1.2601820969849276,0.007031170395928488,1.0053760993735334,2.622371598974587,0.005362460366201676,0.013319106704593242,1.0178419318009702,1.506216738107626,0.017685948982723965,-0.5429726693719596,0.2636829366854695,0.9318619096630671,-1.333002752175414,4,12,0.25,290,467,-177,0.167,0.25
232,las-vegas-raiders,2019,0.7809467895766053,1.31490808416751,0.23316101004707773,0.8576238010829355,1.2180637169731148,0.057521773447010774,43832321.0,73802049.0,1635833.0,23102498.0,30672046.0,101055.0,24,24,3,46,43,3,0.36750437156546134,0.6187802749023577,0.013715353532181044,0.4288119005414678,0.5693123894548253,0.001875710003706873,0.47058823529411764,0.47058823529411764,0.058823529411764705,0.5,0.4673913043478261,0.03260869565217391,0.003196930946291532,1.0068377911158615,0.9379795396419437,0.006816644444244972,-0.02941176470588236,0.9411745882390588,0.9705882352941176,-0.06062449681669281,0.026214833759590793,1.803866250062449,0.09143222506393861,0.5899492779837622,0.049467885447532334,1.0868886739075323,1.188092664357183,0.08332080306700804,-0.06130752897600644,0.8570273214761233,0.7963162721069291,-0.1542827594712884,0.011839643528474171,7.308190133313357,0.015591063535887916,1.9890685636565564,0.09684436719439526,1.079505929237529,2.532971801140625,0.07650422404439261,-0.0766770115063301,0.9105925908281713,1.638570590659541,-0.09365841220068931,0.17563923660006697,4.0533687107743965,0.2906827834940885,1.3995526046914761,7,9,0.438,313,419,-106,0.5,0.417
233,las-vegas-raiders,2020,0.7619657277822686,1.330232705077247,0.23167972617070445,0.865618349541486,1.2976752032213046,0.11593599073570583,59633695.0,104107952.0,2175833.0,23512787.0,24458313.0,257075.0,25,25,3,49,34,4,0.3594177961237116,0.6274682571119089,0.013113946764379497,0.48753217387968756,0.5071374357416593,0.005330390378653142,0.4716981132075472,0.4716981132075472,0.05660377358490566,0.5632183908045977,0.39080459770114945,0.04597701149425287,0.08089351550639773,1.2069891423823889,0.8625027109086967,0.18813106653199835,-0.0915202775970505,0.8375033262503514,1.0349165040121449,-0.17732792365083913,0.010626762090652789,1.2311052989314464,0.10258078507915853,0.20793004939782184,0.12033082137024964,1.2372721389067554,1.1346056928535682,0.21291066203515457,-0.12811437775597595,0.737217107224806,0.8469499700033991,-0.30487006550559603,0.007783556385726355,2.4597611191421414,0.01844433714303264,0.9001404909763325,0.032557501855942306,1.0250883092216112,2.6279079082985515,0.02477951596525691,-0.10365262175921741,0.8802549621676985,1.6275840773237547,-0.12754237134329469,0.11574373543499862,1.998324475221631,0.3476157169064103,0.6923133833458627,8,8,0.5,434,478,-44,0.667,0.5
234,las-vegas-raiders,2021,0.7849248822289968,1.261702141551561,0.8420589275265417,0.9009113088662103,1.1450794270676057,0.035310352168820856,50821737.0,72614897.0,6057890.0,24698008.0,35672441.0,66001.0,27,24,3,44,50,3,0.3924624411144984,0.5607565073562493,0.04678105152925231,0.40866079989807474,0.590247127354436,0.001092072747489305,0.5,0.4444444444444444,0.05555555555555555,0.4536082474226804,0.5154639175257731,0.030927835051546393,-0.07101947308132872,0.8622205495143561,0.9599083619702176,-0.14824193314174147,0.04639175257731959,1.1022702972677538,0.9536082474226804,0.09737395948015187,0.02462772050400916,1.7962382179272498,0.08648339060710195,0.585712598966488,-0.029490619998186696,0.9500352163244096,1.1510036347106851,-0.05125444195583311,-0.01619835878357634,0.9603599876777897,0.8011232410125732,-0.040444529634728665,0.04568897878176301,42.79774757600023,0.04787312427674162,3.756506850421676,0.11662271448395534,1.1018458718944377,2.4067815686191665,0.09698763136411939,-0.11598642663721348,0.8712555867027918,1.685836191095207,-0.1378186306371022,0.8067485753577208,23.846691667334706,0.8773692796953625,3.171646681119417,10,7,0.588,374,439,-65,0.5,0.667
235,las-vegas-raiders,2022,0.6453050113816203,1.3485902934210214,1.0508724599779822,1.3130759774538698,0.6589708102734633,0.0,37199323.0,77740983.0,7269445.0,53026666.0,24430302.0,0.0,25,25,3,61,56,0,0.30438915631208513,0.6361274968967083,0.05948334679120654,0.6845951677323595,0.31540483226764054,0.0,0.4716981132075472,0.4716981132075472,0.05660377358490566,0.5213675213675214,0.47863247863247865,0.0,-0.006934365424931477,0.9855100703679426,0.9503305918400258,-0.014593813907093182,-0.04966940815997423,0.9047307113408162,0.9930656345750686,-0.10011581609267103,0.05660377358490566,56603.77358490566,0.05660377358490566,,0.3207226646290678,2.016853944403021,0.9515323291643489,0.7015404160668595,-0.3802060114202744,0.4446258548602992,0.9889843240444447,-0.8105188407980194,0.05948334679120654,59483.34679120654,0.05948334679120654,,0.6896194831475582,2.0465068040791867,2.007561103694485,0.7161350831989718,-0.6677709660722495,0.49144492094660214,1.9583809888354902,-0.7104038592017473,1.0508724599779822,1050872.4599779823,1.0508724599779822,,6,11,0.353,395,418,-23,0.5,0.417
236,las-vegas-raiders,2023,0.7136417399979204,1.2850209172124059,0.9156917699132552,1.1003920855977154,0.9162410314817419,0.048648719305586875,51343388.0,96303760.0,8235000.0,40258073.0,27271215.0,60333.0,24,25,3,59,48,2,0.3293731107682709,0.6177985178905797,0.052828371341149344,0.5956250738556442,0.40348228909287714,0.0008926370514786582,0.46153846153846156,0.4807692307692308,0.057692307692307696,0.5412844036697247,0.44036697247706424,0.01834862385321101,0.04040225829216654,1.0917443157024114,0.9211362032462951,0.08777878677510799,-0.07974594213126318,0.8526711757039688,1.0028228652081863,-0.15937913070165866,0.039343683839096685,3.1440594179924886,0.0760409315455187,1.1455321064240647,0.21431622879770257,1.5311625898547925,1.021280806983457,0.4260289281544589,-0.2662519630873733,0.5529863873086551,0.9249981846239151,-0.592418857775228,0.05193573428967069,59.11613809402461,0.053721008392628,4.079522880376936,0.368779885730664,1.4024906881146642,2.201261948694148,0.33825049709938365,-0.38675034559979504,0.6485334643940278,1.8140338255956356,-0.4330402725282416,0.8670430506076683,18.82213881156141,0.9643404892188421,2.9350348654427543,8,9,0.471,332,331,1,0.667,0.5
237,las-vegas-raiders,2024,0.7607929149775782,1.2071950272198957,1.49530354744263,1.3266502469251393,0.7156933036021937,0.0,42548946.0,60013266.0,9292000.0,70802682.0,43885002.0,0.0,27,24,3,47,54,0,0.3803964574887891,0.5365311232088426,0.08307241930236833,0.6173520951037776,0.38264790489622236,0.0,0.5,0.4444444444444444,0.05555555555555555,0.46534653465346537,0.5346534653465347,0.0,-0.09020902090209026,0.8312741653740403,0.9790979097909791,-0.18479336631049645,0.03465346534653463,1.074465776148013,0.9653465346534653,0.07182558563539429,0.05555555555555555,55555.555555555555,0.05555555555555555,,0.1538832183126202,1.4021498986240517,0.9191790281050649,0.33800856442631694,-0.23695563761498856,0.6161732410604406,0.9977485525925667,-0.48422449066737283,0.08307241930236833,83072.41930236833,0.08307241930236833,,0.49150172361770195,1.6867467313123874,1.9228883308220894,0.522802491028405,-0.5658573319475612,0.5734686615950608,2.0874431619027174,-0.556050673612186,1.49530354744263,1495303.54744263,1.49530354744263,,4,13,0.235,309,434,-125,0.0,0.25
238,los-angeles-chargers,2011,0.6371859630015122,1.3749817447802173,0.6405028001109573,1.6792849130651846,0.32071508693481554,0.0,32142683.0,74498425.0,3590000.0,9668875.0,1846592.0,0.0,27,29,3,12,12,0,0.29159357628882765,0.6758384847224796,0.032567938988692736,0.8396424565325922,0.1603575434674078,0.0,0.4576271186440678,0.4915254237288136,0.05084745762711865,0.5,0.5,0.0,-0.008474576271186418,0.9830488813598643,0.9915254237288136,-0.01709439887661108,-0.0423728813559322,0.915252406783322,0.9576271186440678,-0.08855321215664753,0.05084745762711865,50847.45762711865,0.05084745762711865,,0.5154809412550718,4.214546167038746,0.8361960281898875,1.4385433943713257,-0.5480488802437645,0.34728261623451234,1.1312360328214197,-1.0576129450924066,0.032567938988692736,32567.93898869274,0.032567938988692736,,1.0542666578454019,4.2872241237455535,1.6956968317150327,1.4556401933880867,-1.0420989500636724,0.3794386399862444,2.3164708760666968,-0.9690608122855601,0.6405028001109573,640502.8001109574,0.6405028001109573,,8,8,0.5,406,377,29,0.5,0.583
239,los-angeles-chargers,2012,0.8967256880508732,1.1348481691496355,0.8057340646285135,0.6253886380784531,1.314070278820751,0.5307529650273428,41567939.0,48709412.0,4150000.0,8271698.0,22728399.0,540000.0,27,25,3,13,17,1,0.4402107923158831,0.5158400768861979,0.04394913079791892,0.26225975145225455,0.7206191851597666,0.0171210633879788,0.4909090909090909,0.45454545454545453,0.05454545454545454,0.41935483870967744,0.5483870967741935,0.03225806451612903,-0.09384164222873898,0.8288754938687518,1.002932551319648,-0.1876831234655092,0.07155425219941347,1.1706265791352204,0.9102639296187683,0.15754118021788846,0.02228739002932551,1.690856674352186,0.08680351906158357,0.5252536415665549,-0.2047791082735687,0.715827959734201,1.2364592620459645,-0.3343134820106803,0.17795104086362856,1.6785233393797585,0.7024705437681377,0.5179167138807345,0.02682806740994012,2.566812760941832,0.06107019418589772,0.9426877117388178,-0.17922210967111551,0.8636123378086838,2.4489184479703865,-0.14663041278350353,0.27133704997242003,1.433867198065699,1.5221143261293264,0.36037624361837406,0.2749810996011707,1.5180933496879379,1.3364870296558564,0.4174564133692963,7,9,0.438,350,350,0,0.667,0.583
240,los-angeles-chargers,2013,0.738423679263626,1.2541792753148988,1.0616420451789594,0.8449270558027134,1.1780432647165697,0.0007444960269293311,32763239.0,55646882.0,5652500.0,10581789.0,15807542.0,333.0,25,25,3,28,30,1,0.3483130562564273,0.5915939977900467,0.060092945953526,0.40098233156738944,0.599005049855883,1.2618576727615782e-05,0.4716981132075472,0.4716981132075472,0.05660377358490566,0.4745762711864407,0.5084745762711864,0.01694915254237288,-0.03677646306363924,0.9276711315549507,0.9801726894787336,-0.07507587310733703,-0.002878157978893514,0.9939332156137701,0.9462743843939878,-0.006083142096289941,0.039654621042532784,3.339425615398125,0.07355292612727854,1.2058164872727517,-0.007411052065836254,0.9876260814600795,1.1905990476459296,-0.012449422581974505,-0.05266927531096216,0.8686472200600429,0.7492953878238167,-0.1408153259702146,0.06008032737679839,4412.571677308201,0.06010556453025362,8.392229586008606,0.07613601059832908,1.0646283105640744,2.4322225400314688,0.06262653141393153,-0.10650337653908748,0.8739485855539447,1.5833507350663394,-0.13473237741909272,1.06089754915203,1424.074719152859,1.0623865412058888,7.261278503847189,9,7,0.563,396,348,48,0.667,0.5
241,los-angeles-chargers,2014,0.8547242838515131,1.2108807580601029,0.5017165561193636,0.7052440436583558,1.1233903068889242,3.03809471225842,39023959.0,53158574.0,2643088.0,12491886.0,22883218.0,4036000.0,26,25,3,40,46,3,0.4115339144470248,0.5605929435463439,0.02787314200663131,0.3169636151273509,0.58062869794259,0.1024076869300591,0.48148148148148145,0.46296296296296297,0.05555555555555555,0.449438202247191,0.5168539325842697,0.033707865168539325,-0.05389096962130674,0.8957309561662739,0.9798168955472326,-0.11011302323609876,0.032043279234290456,1.0712939126673406,0.9309196837286724,0.0688692589988066,0.021847690387016228,1.6480992545369302,0.08926342072409488,0.49964065677924757,-0.020035754396246053,0.9654913373062994,1.1412216414889338,-0.0351163655657248,0.09457029931967392,1.2983591694665275,0.7284975295743756,0.26110371984778846,-0.07453454492342779,0.27217556285696265,0.1302808289366904,-1.3012720930332207,0.08749045117117871,1.077879765167018,2.334271064949027,0.0749967570155814,0.1494802401931573,1.211953620287433,1.559968327509869,0.19223478979258654,-2.5363781561390564,0.1651417873686422,3.5398112683777834,-1.8009488635423716,9,7,0.563,348,348,0,0.333,0.5
242,los-angeles-chargers,2015,0.5470778329130198,1.4414790438588299,1.0953593602345868,1.821542290290644,0.5426476181672273,0.2913601481816396,23585162.0,62143839.0,5666666.0,32661680.0,16375041.0,382267.0,25,25,3,41,69,3,0.2580555815627452,0.6799429452164292,0.062001473220825665,0.6609135743532425,0.3313512004737936,0.007735225172963882,0.4716981132075472,0.4716981132075472,0.05660377358490566,0.36283185840707965,0.6106194690265486,0.02654867256637168,-0.13892135581900145,0.7724898478420293,1.0823175822340958,-0.25813429225090556,0.10886625480046752,1.3000424362843301,0.8345299716146268,0.2623990272281015,0.03005510101853398,2.1319951665468397,0.08315244615127734,0.757075905713536,0.3485917447426356,2.0520248371496947,1.0112941456902227,0.7188285018199446,-0.4028579927904973,0.3904522484093699,0.9189691559159877,-0.9404457252555805,0.05426624804786178,8.014434925899632,0.06973669839378954,2.081260410023916,0.8988314256916026,2.6563765125346936,1.9841266620260571,0.9769636745364182,-1.2744644573776243,0.30033754115485695,2.3686201232036637,-1.2028464717437344,0.8039992120529472,3.7594558062069448,1.3867195084162263,1.32427512747727,4,12,0.25,320,398,-78,0.0,0.25
243,los-angeles-chargers,2016,0.8884923345390006,1.1799557854500071,0.3324445164546005,1.172956954233242,0.8311069162119163,0.8241163730898962,40893440.0,58833922.0,1912622.0,31223434.0,21631949.0,975000.0,24,26,3,45,44,2,0.40233615148935875,0.5788462343717016,0.01881761413893965,0.580033658686768,0.4018538935530145,0.018112447760217497,0.4528301886792453,0.49056603773584906,0.05660377358490566,0.4945054945054945,0.4835164835164835,0.02197802197802198,0.007049554219365539,1.0145776615317061,0.9740825212523325,0.014474467347730486,-0.04167530582624923,0.9157214186480495,0.9473356831847398,-0.08804088034692846,0.03462575160688368,2.5753545194825707,0.07858179556292764,0.9460048686185991,0.1769923408186871,1.440435947547663,0.9807001279247161,0.36494753669655483,-0.1776975071974093,0.6936415703162825,0.9823698101761268,-0.3657974356956839,0.0007051663787221545,1.038875336603157,0.03693006189915715,0.038191861186120175,0.3488488692380908,1.4197383545906948,2.0110627016619236,0.35047344479422854,-0.2844646196942415,0.7574801222263798,2.0614492887722426,-0.2777568577267488,-0.49167185663529567,0.40339462230744266,1.1565608895444965,-0.9078369764532539,5,11,0.313,410,423,-13,0.167,0.333
244,los-angeles-chargers,2017,0.9693154377777397,1.1225118119547988,0.23477291889551158,0.8180368600111618,1.1974232315456335,0.496932896011167,58083129.0,67262932.0,1688162.0,10308760.0,19401071.0,894609.0,25,25,3,28,36,4,0.45722426310270736,0.5294867037522637,0.013289033145028958,0.33683870706341956,0.6339299461123942,0.029231346824186294,0.4716981132075472,0.4716981132075472,0.05660377358490566,0.4117647058823529,0.5294117647058824,0.058823529411764705,-0.05771365149833518,0.8909836419784876,1.0011098779134295,-0.11542709085327661,0.059933407325194255,1.145549778597438,0.8834628190899001,0.13588679774625498,-0.0022197558268590434,0.9622477927309199,0.11542730299667037,-0.03846561417268471,-0.10444324236013047,0.8352435024656253,1.1634166498646579,-0.18003008830496714,0.1203855560392878,1.3573941952651742,0.7940629701661269,0.30556901602374326,-0.015942313679157334,0.45460028320524243,0.042520379969215254,-0.7882614973990012,-0.0749114195908347,0.9374386974830652,2.3199350435004322,-0.06460302176811955,0.15127857776657783,1.1849273550303816,1.7873522977889014,0.16968250059148943,-0.2621599771156554,0.47244295625637056,0.7317058149066786,-0.749834007410255,9,7,0.563,355,272,83,0.5,0.5
245,los-angeles-chargers,2018,0.8459691294147214,1.2324850582549318,0.21737645980615172,1.136560948078753,0.8356275298214944,0.9759334715302616,55344826.0,87350678.0,1777645.0,19248832.0,11498674.0,2066055.0,24,26,3,32,26,4,0.3830803604896852,0.6046153115967591,0.012304327913555757,0.5866121022341951,0.3504244479896589,0.0629634497761459,0.4528301886792453,0.49056603773584906,0.05660377358490566,0.5161290322580645,0.41935483870967744,0.06451612903225806,0.07121119902617162,1.1698085312112965,0.9099208764455264,0.1568421253398891,-0.06329884357881921,0.8773567906872558,0.9689592209373098,-0.13083933012603938,-0.007912355447352401,0.8773448917202161,0.12111990261716372,-0.1308374343280745,0.2541908636071002,1.725375012189758,0.955039759586418,0.5454460791694482,-0.20353174174450994,0.6530375114887,0.9696924627238803,-0.42611809608813533,-0.05065912186259015,0.1954170640305866,0.07526777768970166,-1.6325379455591216,0.39685752843343747,1.474919793030778,2.068112588076426,0.38860442207554885,-0.2905918186640317,0.7443229388813778,1.9825300774934744,-0.2952790986130173,-0.7585570117241098,0.22273673709394265,1.1933099313364133,-1.501760155766145,12,4,0.75,428,329,99,0.667,0.75
246,los-angeles-chargers,2019,0.9658379489254858,1.1326066867460953,0.1796280360701591,0.5137762213627693,1.4358166412774942,0.4938184633030999,70795554.0,83019639.0,1580000.0,6109295.0,21783106.0,809928.0,25,25,3,29,37,4,0.45558393817239895,0.5342484371443845,0.010167624683216553,0.21285014885029016,0.7589316532466756,0.02821819790303428,0.4716981132075472,0.4716981132075472,0.05660377358490566,0.4142857142857143,0.5285714285714286,0.05714285714285714,-0.056873315363881405,0.8924001474734589,1.0002695417789758,-0.11383853117113611,0.05741239892183286,1.1385789042760346,0.8859838274932614,0.12978302958652632,-0.0005390835579514794,0.9905487031335443,0.11374663072776281,-0.009478577290807508,-0.22468321610229103,0.7039470957783891,1.29318009039106,-0.35105020190331404,0.2427337893221088,2.1403874991195657,0.6684340870226891,0.7609890819795024,-0.018050573219817727,0.36030877695936475,0.03838582258625083,-1.020695554830438,-0.3032099545313989,0.7888234927510558,2.5684233280235897,-0.23721181031915914,0.45206172756271645,1.879876936473842,1.4796141702882553,0.631207350746718,-0.3141904272329408,0.3637524427827296,0.673446499373259,-1.0112761779208876,5,11,0.313,337,345,-8,0.0,0.25
247,los-angeles-chargers,2020,0.9670883070848107,1.1043204224230483,0.2896362673730652,1.450711487195773,0.629949415844243,0.06886135480197388,56629019.0,75442279.0,2120000.0,43534182.0,17882216.0,223400.0,24,28,3,37,35,4,0.422002170364281,0.5621994877790063,0.015798341856712646,0.7062674345558368,0.29010828361248037,0.003624281831682836,0.43636363636363634,0.509090909090909,0.05454545454545454,0.4868421052631579,0.4605263157894737,0.05263157894736842,0.048564593301435366,1.1054521450441734,0.9696172248803827,0.10025639659722162,-0.05047846889952157,0.8963126552398532,0.9232057416267943,-0.10946368963032248,0.0019138755980861247,1.0363439458286656,0.10717703349282295,0.035717415947856684,0.27209120416652594,1.9378886493338705,0.8523077713914866,0.6616008340602871,-0.28426526419155584,0.5975096007648604,1.128269604920118,-0.5149825574266046,0.01217406002502981,4.357824464471812,0.019422623688395483,1.4720362525712531,0.47437100657880527,1.7530275314495458,1.7342698382672914,0.5613452166830957,-0.48362318011096217,0.6666298909125629,2.4177997942805836,-0.4055192392296888,0.22077491257109133,4.206017470735158,0.35849762217503905,1.436519683637113,7,9,0.438,384,426,-42,0.5,0.5
248,los-angeles-chargers,2021,1.0556831266575188,1.0330454436456151,0.2605952474738823,0.6225835222302865,1.5691832001027495,0.22681614377149906,79567389.0,77861175.0,2356944.0,7241207.0,15643726.0,376868.0,25,25,3,35,30,5,0.4979637389893957,0.4872855866252902,0.014750674385314093,0.31129176111514323,0.6725070857583211,0.016201153126535646,0.4716981132075472,0.4716981132075472,0.05660377358490566,0.5,0.42857142857142855,0.07142857142857142,0.04312668463611863,1.1006263626894306,0.9002695417789757,0.09588155837042435,-0.028301886792452824,0.9433943396264151,0.9716981132075472,-0.05826878812422309,-0.014824797843665763,0.7924417360043753,0.1280323450134771,-0.23261862866014138,-0.18522149913303088,0.7245795209671364,1.1597926723836114,-0.3221617112730147,0.1866719778742525,1.599663728785538,0.809255500104539,0.46979544582432475,-0.0014504787412215527,0.9104144535676346,0.030951827511849737,-0.09378754846052283,-0.5361377564571344,0.6583328098625846,2.6022286437483646,-0.41804371744962415,0.4330996044272324,1.6956462760682547,1.6782666488878053,0.5280648992317805,0.03377910370238324,1.1489221808401402,0.48741139124538135,0.1388281062058155,9,8,0.529,474,459,15,0.5,0.5
249,los-angeles-chargers,2022,1.011240541837594,1.0778128867153343,0.2578880953922656,1.2072511649273812,0.8464480152968372,0.6864037051750892,83625918.0,89131209.0,2559169.0,20706393.0,13809815.0,2297167.0,25,25,3,41,39,8,0.47700025558377074,0.508402305054403,0.014597439361826354,0.5624692927502573,0.3751303704156438,0.06240033683409902,0.4716981132075472,0.4716981132075472,0.05660377358490566,0.4659090909090909,0.4431818181818182,0.09090909090909091,0.028516295025729,1.0643420589785375,0.9148799313893654,0.062358943254681,0.005789022298456292,1.0124230455862475,0.9376072041166381,0.012348632748570398,-0.03430531732418525,0.6226346604526972,0.1475128644939966,-0.47377768551452903,0.1332719346387592,1.3552647023124076,0.8835326754700468,0.3039987544572766,-0.08546903716648652,0.8480452420899033,1.039469548334028,-0.16481919665952552,-0.04780289747227266,0.23392831151414736,0.07699777619592538,-1.4526720687940493,0.23136487141849704,1.2733346808104693,1.9242609020121715,0.24164011998232887,-0.19601062308978712,0.8376382094940558,2.218491706764975,-0.17716801375277746,-0.4285156097828236,0.3757085192568473,0.9442918005673548,-0.9789377733256375,10,7,0.588,391,384,7,0.333,0.583
250,los-angeles-chargers,2023,1.11062956212243,0.9430885904310496,0.49650173815720816,1.052720815730745,0.9789191558671224,0.4251635367087882,72214902.0,56604112.0,3725000.0,40776243.0,44391335.0,803334.0,26,24,3,41,48,2,0.5448371436827015,0.42705898434613576,0.028103871971162726,0.47430278510945656,0.5163529613365041,0.0093442535540393,0.49056603773584906,0.4528301886792453,0.05660377358490566,0.45054945054945056,0.5274725274725275,0.02197802197802198,-0.07464233879328219,0.8584889384857899,0.9803027161517728,-0.15257927509585856,0.0400165871863985,1.0888148866294531,0.9411154882852997,0.08509188323163117,0.03462575160688368,2.5753545194825707,0.07858179556292764,0.9460048686185991,-0.08929397699036834,0.8270663465827941,0.9434119456826399,-0.18986801996815605,0.07053435857324497,1.1487092466634392,1.019139928792158,0.13864075322251748,0.018759618417123425,3.007288331841503,0.037448125525202026,1.1010743679399286,-0.03583056543607277,0.9633968457781591,1.922007746298172,-0.03728879849831546,0.05790874639168497,1.055007643544927,2.163350377853175,0.05354891235788432,0.07133820144841996,1.1677872806623135,0.9216652748659964,0.1551127591886684,5,12,0.294,346,398,-52,0.167,0.25
251,los-angeles-chargers,2024,1.2878439318474215,0.8064749084149719,0.5349223467683537,0.9924061427248886,1.0041136348106912,1.2673508082942193,102532876.0,75374890.0,5555000.0,40718891.0,34860908.0,800000.0,23,27,3,65,55,1,0.5588756685375603,0.41084570806045734,0.030278623401982285,0.5331107378274196,0.4564152885503142,0.010473973622266274,0.4339622641509434,0.5094339622641509,0.05660377358490566,0.5371900826446281,0.45454545454545453,0.008264462809917356,0.05488850771869641,1.1207522513261792,0.9639794168096054,0.114002075779934,-0.10322781849368468,0.8078359417556185,0.9711523467955715,-0.21339397911342603,0.048339310774988306,6.848227968189435,0.06486823639482302,1.9240075945432515,-0.045569580489856876,0.9001556657090399,0.8672609966107716,-0.10518513471427558,0.025764930710140743,1.0483274497296495,1.0919864063649798,0.04719777843312623,0.01980464977971601,2.8905679855479645,0.04075259702424856,1.0614860436607658,-0.19763872639571922,0.8031701565300053,1.8105885432256632,-0.21918744648618452,0.29543778912253293,1.2976971611785677,2.28025007457231,0.2605920556708307,-0.7324284615258656,0.4220788128975234,1.802273155062573,-0.862561352534538,11,6,0.647,402,301,101,0.667,0.667
252,los-angeles-rams,2011,0.8339813684249032,1.1412696957089845,0.970791639369296,0.5360813603273862,1.4639186396726138,0.0,37706232.0,61919340.0,5267009.0,853378.0,2330385.0,0.0,25,30,3,9,9,0,0.3594747277693548,0.5903119115736126,0.05021336065703255,0.2680406801636931,0.7319593198363069,0.0,0.43103448275862066,0.5172413793103449,0.05172413793103448,0.5,0.5,0.0,0.017241379310344862,1.0344806896593104,1.0172413793103448,0.03390148500914576,-0.06896551724137934,0.8620672413827585,0.9310344827586207,-0.1484196851189646,0.05172413793103448,51724.137931034486,0.05172413793103448,,-0.14164740826269429,0.8064807552759525,1.3222712314099194,-0.21507354970942066,0.0914340476056617,1.3411150368473423,0.6275154079330478,0.29350416682847813,0.05021336065703255,50213.36065703256,0.05021336065703255,,-0.3226489439636293,0.779598595974991,2.605188335381598,-0.2489752360892869,0.29790000809751704,1.5556963447101482,1.3700627287522895,0.4419244545640017,0.970791639369296,970791.639369296,0.970791639369296,,2,14,0.125,193,407,-214,0.0,0.083
253,los-angeles-rams,2012,1.120405945880156,0.972721655242253,0.24212222048509047,0.2899791133898045,1.6559421267661105,1.3174755504274167,49412224.0,46330964.0,1281371.0,3169470.0,19104962.0,800000.0,25,27,3,18,19,1,0.5092754299455254,0.4775179034825605,0.013206666571914024,0.13735852739517054,0.8279710633830554,0.034670409221774126,0.45454545454545453,0.4909090909090909,0.05454545454545454,0.47368421052631576,0.5,0.02631578947368421,-0.009090909090909094,0.9818162181857454,0.990909090909091,-0.018349101631234408,-0.019138755980861233,0.9595939337865439,0.9282296650717703,-0.0412428696453518,0.028229665071770334,2.0726485120838136,0.08086124401913874,0.728845597049286,-0.35045315990049486,0.5767319026821323,1.305488966865616,-0.5503756663581845,0.3719169025503549,3.707609072360795,0.646633957340696,1.310389177551842,-0.021463742649860104,0.3809094256145797,0.04787707579368815,-0.9651179436953008,-0.6832204715238576,0.5874124778318203,2.6286637820083634,-0.5320269899220301,0.8304268324903517,3.863733732575156,1.4103850592699605,1.3516348967200889,-1.0753533299423261,0.1837772523590959,1.5595977709125073,-1.6940267095910333,7,8,0.469,299,348,-49,0.75,0.542
254,los-angeles-rams,2013,1.4151757900540063,0.6838649510382602,0.41843077056969524,0.9145797510838786,1.0742784773183662,0.0,44680849.0,23390714.0,1651371.0,23230378.0,31379745.0,0.0,24,26,3,20,23,0,0.6408343200244556,0.3354809193772597,0.023684760598284633,0.4253859307366878,0.5746140692633123,0.0,0.4528301886792453,0.49056603773584906,0.05660377358490566,0.46511627906976744,0.5348837209302325,0.0,-0.04431768319438345,0.9171434863248521,1.0254497586660816,-0.086489306870236,-0.012286090390522142,0.9735828124573307,0.9179464677490128,-0.026770182731398563,0.05660377358490566,56603.77358490566,0.05660377358490566,,-0.23913314988605255,0.5838359230769296,0.910094988640572,-0.538132308473158,0.21544838928776783,1.5064739269602259,1.0662202507611434,0.40977333287358203,0.023684760598284633,23684.760598284633,0.023684760598284633,,-0.39041352628010606,0.6365801129751961,1.7581434283566264,-0.45164354178191746,0.5005960389701277,1.547349196204783,2.3297555411378847,0.4365439775053602,0.41843077056969524,418430.7705696953,0.41843077056969524,,7,9,0.438,348,364,-16,0.167,0.333
255,los-angeles-rams,2014,1.245328296016489,0.8262900421180283,0.4031805155456892,0.41336762946767847,1.5531105207876175,0.0,53735177.0,35653925.0,2087640.0,7934001.0,31616388.0,0.0,25,25,3,33,35,0,0.5874190075549477,0.3897594538292586,0.022821538615793727,0.20060487900637336,0.7993951209936266,0.0,0.4716981132075472,0.4716981132075472,0.05660377358490566,0.4852941176470588,0.5147058823529411,0.0,-0.04300776914539395,0.9164402680049996,0.9864039955604883,-0.08725626785473072,-0.013596004439511644,0.9719819879799402,0.9569922308546059,-0.028415885580479354,0.05660377358490566,56603.77358490566,0.05660377358490566,,-0.40963566716436806,0.4875673569003546,1.1891545748228851,-0.7183242644060781,0.38681412854857433,2.9282242896594526,0.788023886561321,1.0743978971858543,0.022821538615793727,22821.53861579373,0.022821538615793727,,-0.7268204786695892,0.5320223506545094,2.3794005629056456,-0.6310685677864567,0.8319606665488106,3.0126337782820602,1.6586959254841676,1.1028155085600484,0.4031805155456892,403180.5155456892,0.4031805155456892,,6,10,0.375,324,354,-30,0.333,0.333
256,los-angeles-rams,2015,1.1120382517579102,0.9332527543111655,0.7417652810555336,1.1119897855133478,0.8986652616902473,0.13649401700638467,45366548.0,44694205.0,3947080.0,26891389.0,19710904.0,76764.0,23,27,3,43,39,1,0.48258263755531944,0.4754306484226692,0.04198671402201134,0.5760910936996864,0.42226440007132104,0.0016445062289925866,0.4339622641509434,0.5094339622641509,0.05660377358490566,0.5180722891566265,0.46987951807228917,0.012048192771084338,0.03955444419186177,1.0841776636199603,0.9793134803364401,0.08082374887733168,-0.0841100250056831,0.8376464744156029,0.9520345533075699,-0.17715683140546085,0.04455558081382133,4.697723296513559,0.06865196635599,1.5470956528675082,0.053166248351348144,1.125904818018167,0.8976950484939903,0.11858909843118304,-0.09350845614436692,0.8376831462069797,1.0586737312550059,-0.1771132849703514,0.04034220779301875,25.515986073001063,0.043631220251003924,3.2393289773395155,0.0345874926209182,1.0384864705567856,1.8319180160014128,0.03776540789946195,4.846624456233961e-05,1.000042685825441,2.2240280372712578,4.358416366489854e-05,0.605271264049149,5.434376267529509,0.8782592980619183,1.692746099937852,7,9,0.438,280,330,-50,0.667,0.5
257,los-angeles-rams,2016,1.0424900847168421,0.992524429794881,0.7248675973762924,0.9814159380865566,1.0272566241397167,0.0,51760363.0,53386161.0,4498773.0,23348993.0,16663360.0,0.0,24,26,3,44,30,0,0.4720709817585701,0.4868987768805077,0.04103024136092221,0.58354461183525,0.41645538816475003,0.0,0.4528301886792453,0.49056603773584906,0.05660377358490566,0.5945945945945946,0.40540540540540543,0.0,0.08516063233044363,1.2100599082673207,0.8959714431412544,0.1906719078072108,-0.14176440591534933,0.7615767637632643,1.04742478327384,-0.2723620974041404,0.05660377358490566,56603.77358490566,0.05660377358490566,,0.07044338871575767,1.1691470961129564,0.9033541650452577,0.1562765591078696,-0.11147363007667987,0.8089701510630979,1.05561559359382,-0.21199114037117714,0.04103024136092221,41030.24136092221,0.04103024136092221,,-0.034732194344835765,0.9661884287557143,2.0197810539345977,-0.03439539543641937,0.06107414663028554,1.0622295624419915,2.0239060228033985,0.060371019193228875,0.7248675973762924,724867.5973762923,0.7248675973762924,,4,12,0.25,224,394,-170,0.333,0.25
258,los-angeles-rams,2017,1.129760064869378,0.9538722785624405,0.30306380473484495,1.0331785895745995,0.83248778579026,5.164342363689359,73041722.0,61670151.0,2351257.0,10078025.0,8120409.0,1625000.0,25,25,3,31,31,1,0.5329056909761217,0.44993975403888703,0.017154554984991223,0.5083894647113109,0.40963684697615965,0.0819736883125295,0.4716981132075472,0.4716981132075472,0.05660377358490566,0.49206349206349204,0.49206349206349204,0.015873015873015872,-0.02036537885594486,0.9586103464394725,0.9637616052710392,-0.04226847903578124,-0.02036537885594486,0.9586103464394725,0.9637616052710392,-0.04226847903578124,0.04073075771188979,3.5658130896244105,0.07247678945792153,1.2714097700025502,0.04030290706272738,1.0983842371016879,0.8595766010150467,0.09384244710453349,0.02451622626481087,1.048221255051925,1.0412951556874326,0.047096561351528156,-0.06481913332753828,0.2092664862547482,0.09912824329752074,-1.5640884935013826,0.12138449277218055,1.1458079614333234,1.7863600643527004,0.1361110796881601,0.09658147529477845,1.0934788842804612,2.1629386544439777,0.08936513587706114,-4.861278558954514,0.05868389907334492,5.467406168424204,-2.835586581909035,11,5,0.688,478,329,149,0.667,0.583
259,los-angeles-rams,2018,1.0674709965309912,0.9353800336717063,0.8441504521182361,1.2431722070369249,0.8476399536360096,0.3072959931893476,89445641.0,61582291.0,7578551.0,11332514.0,9730195.0,207500.0,28,22,3,27,34,2,0.5639469415635425,0.3882709573731611,0.04778210106329638,0.5327880887301107,0.4574564829146719,0.009755428355217383,0.5283018867924528,0.41509433962264153,0.05660377358490566,0.42857142857142855,0.5396825396825397,0.031746031746031744,-0.12458820005989812,0.7691439688281289,0.9547768793051812,-0.26247470226988723,0.09973045822102428,1.2327015262121623,0.9568733153638813,0.2092100165350262,0.024857741838873917,1.7829627045993335,0.0883498053309374,0.5782940879543028,-0.0691855255415108,0.8487585663684161,0.845727440287833,-0.16397793171946906,0.031158852833431783,1.0584806511478975,1.0967350302936532,0.05683630513932197,0.038026672708078996,4.897499302369628,0.05753752941851377,1.5887456565101397,0.08774008003569667,1.1035097226712964,1.783019987307716,0.0984968265173102,-0.17570121050593368,0.858666347125743,2.310643203567916,-0.15237391576907736,0.5368544589288886,2.747018261900451,1.1514464453075837,1.010517239656664,13,3,0.813,527,384,143,1.0,0.75
260,los-angeles-rams,2019,0.9068422290362051,1.1441355740109114,0.6542827562655973,1.4714618094516807,0.5088939484878326,0.0,72216648.0,84104837.0,6012000.0,13996815.0,4647065.0,0.0,26,24,3,25,24,0,0.44486599914983654,0.5180991278539976,0.03703487299616589,0.7507458211488167,0.24925417885118334,0.0,0.49056603773584906,0.4528301886792453,0.05660377358490566,0.5102040816326531,0.4897959183673469,0.0,-0.036965729688101634,0.92452641431203,0.9426261070465922,-0.07847144877518263,-0.019638043896804014,0.9615075494074672,1.0007701193685021,-0.039250823826832495,0.05660377358490566,56603.77358490566,0.05660377358490566,,0.26884494900281425,2.0785892202597975,0.767353306705181,0.7316913342314207,-0.3058798219989802,0.5925646124869212,1.1956118202986532,-0.5232931134422238,0.03703487299616589,37034.87299616589,0.03703487299616589,,0.6352416255230787,2.2482745749602717,1.653029522498744,0.8101639404808865,-0.5646195804154756,0.6162862039130481,2.3783040384878857,-0.48404270388055226,0.6542827562655973,654282.7562655973,0.6542827562655973,,9,7,0.563,394,364,30,0.5,0.583
261,los-angeles-rams,2020,0.9093733254325265,1.1184591585323471,0.6983673559261127,0.31721048643389227,2.583346609576571,0.2713849261824056,63292696.0,84332237.0,6075826.0,8596920.0,33547845.0,766143.0,24,26,3,48,23,5,0.4117916945354837,0.5486780777705854,0.03953022769393091,0.2003434651161425,0.7818022634244887,0.01785427145936879,0.4528301886792453,0.49056603773584906,0.05660377358490566,0.631578947368421,0.3026315789473684,0.06578947368421052,0.18793445878848064,1.6209954640117072,0.7931976166832175,0.4830424829436358,-0.17874875868917572,0.7169799968571434,1.0844091360476664,-0.33270512882692094,-0.009185700099304861,0.8603642809534956,0.12239324726911618,-0.1503817304056495,-0.23312418565390325,0.7018109330565363,1.330480341195074,-0.3540894148007349,0.2114482294193412,2.055418373034475,0.6121351596516262,0.7204818434876419,0.021675956234562116,2.2139247663573944,0.0573844991532997,0.7947921496176192,-1.464887451044224,0.4329495397313838,3.701805768108918,-0.8371332001008858,0.5921628389986342,2.866773002629091,1.2265838118664187,1.0531881075015475,0.42698242974370704,2.573336671322896,0.9697522821085183,0.9452048044240563,10,6,0.625,372,296,76,0.5,0.75
262,los-angeles-rams,2021,0.9900372561059357,1.033118397007495,0.795996758385579,0.4195390300116103,1.810348233833268,0.03693219845849237,55834929.0,60595150.0,5387000.0,13093892.0,49177065.0,149419.0,25,26,3,54,47,7,0.45835058153052577,0.49742737633694206,0.04422204213253217,0.20976951500580515,0.7878367313904037,0.002393753603791172,0.46296296296296297,0.48148148148148145,0.05555555555555555,0.5,0.4351851851851852,0.06481481481481481,0.04629629629629628,1.1063804364024015,0.9166666666666666,0.10109589592258855,-0.037037037037037035,0.9259240740777778,0.962962962962963,-0.07696088113646121,-0.009259259259259259,0.8571296328570931,0.12037037037037036,-0.15414810844166574,-0.2904093550534616,0.6313830329743979,1.2852641077273457,-0.45984056494856823,0.24858106652472062,2.1850095639887304,0.668120096536331,0.7816223873832189,0.041828288528740994,18.466218011958958,0.046615795736323344,2.9159656223104493,-0.7772298368257728,0.5706735350835874,2.843466630840763,-0.5609370073008723,0.5704982260943254,2.359815953863896,1.409576286117546,0.8585846404080771,0.7590645599270867,21.552337506868394,0.8329289568440714,3.0704855359493677,12,5,0.706,460,372,88,0.5,0.667
263,los-angeles-rams,2022,1.4915474246736526,0.5250633778399788,0.697727504161852,0.5546348531912454,1.4088299334849965,0.2512450075233296,81518465.0,27592898.0,4400000.0,19895542.0,65815284.0,1047967.0,26,25,3,43,56,5,0.7181524637317588,0.24308489714813838,0.038762639120102894,0.22932017968484186,0.758600733414998,0.01207908690016008,0.48148148148148145,0.46296296296296297,0.05555555555555555,0.41346153846153844,0.5384615384615384,0.04807692307692308,-0.07549857549857547,0.8597867630415141,1.0014245014245013,-0.15106871043331568,0.06801994301994302,1.1645105340692683,0.89494301994302,0.15230293322421173,0.007478632478632473,1.155531520499929,0.10363247863247863,0.14457842886542652,-0.5155158362668596,0.3204380987291486,1.0016856305631363,-1.1380620471852911,0.4888322840469169,3.1316447295392518,0.9474726434166006,1.1415597316968853,0.026683552219942813,3.208804658482153,0.050841726020262976,1.165924284960203,-0.8837665556450177,0.37269438465631943,1.9338933113249754,-0.9869946347389056,0.9369125714824073,2.6892373006390344,2.046182277864898,0.9892582924946095,0.4464824966385224,2.7770690210751474,0.9489725116851817,1.0213974957853726,5,12,0.294,307,384,-77,0.167,0.25
264,los-angeles-rams,2023,0.798580990123878,1.2969893027400197,0.1364412228421467,1.3902629196150722,0.7866892217107204,0.2019643866188303,48607932.0,82234364.0,1038111.0,52566966.0,31128861.0,1598324.0,24,25,3,43,45,9,0.36857584159563594,0.6235525493942402,0.007871609010123846,0.6163021190046196,0.36495891728847857,0.018738963706901778,0.46153846153846156,0.4807692307692308,0.057692307692307696,0.44329896907216493,0.4639175257731959,0.09278350515463918,0.01685170499603489,1.036322552473951,0.9446867565424266,0.035680519464440875,0.018239492466296636,1.0411425529861194,0.9048374306106265,0.04032088542924903,-0.03509119746233148,0.6217881703001474,0.1504758128469469,-0.4751384732827392,0.25859363210576164,1.70855077463578,0.9885114666827188,0.5356471146830214,-0.24772627740898367,0.5980431223371323,0.9848779606002556,-0.5140897035575857,-0.010867354696777931,0.42004398371512297,0.026610572717025625,-0.8672688192951669,0.5103000810292992,1.6486658495889441,2.08367852445074,0.4999671558479729,-0.5916819294911942,0.574409634643316,2.1888439097389503,-0.5544112357643342,-0.0655231637766836,0.6755673589735082,0.338405609460977,-0.3921950802096284,10,7,0.588,404,377,27,0.833,0.667
265,los-angeles-rams,2024,0.3757807510225129,1.573305886459959,0.22675288554195555,1.465892311030328,0.44622530355592666,0.06581589871341638,32670445.0,174088081.0,2688264.0,37013281.0,8016930.0,127833.0,22,28,3,52,37,4,0.15598446268859026,0.8311804683184688,0.01283506899294088,0.8196387115438393,0.17753049711364824,0.0028307913425125323,0.41509433962264153,0.5283018867924528,0.05660377358490566,0.5591397849462365,0.3978494623655914,0.043010752688172046,0.13045242442686145,1.3278905939965642,0.9261513491580442,0.28359355647711054,-0.14404544532359498,0.7423789335320162,0.974234124568878,-0.2978930649939093,0.013593020896733615,1.316007138683082,0.09961452627307771,0.2746199239302431,0.6536499712048206,4.681876071750704,1.0087109654321171,1.5437001027422637,-0.663654248855249,0.1903085715488143,0.9756231742324295,-1.659102052524635,0.010004277650428349,4.532491077380317,0.015665860335453412,1.511349603563864,1.1270805829040322,3.5258026564603284,2.0195311900158854,1.2601087499081032,-1.090111560007815,0.2563493183268495,1.8416730620528408,-1.3612115787834966,0.16093698682853919,3.4452076894308807,0.2925687842553719,1.236988599933708,10,7,0.588,367,386,-19,0.667,0.5
266,miami-dolphins,2011,1.1008193519914407,0.9393160865962566,0.6322520647868388,0.33759838552453486,1.5065424110694734,0.0,58676077.0,51794069.0,3486250.0,2759222.0,16101755.0,0.0,29,30,3,13,17,0,0.5148993743185771,0.45450778383689844,0.030592841844524463,0.14629263372729842,0.8537073662727016,0.0,0.46774193548387094,0.4838709677419355,0.04838709677419355,0.43333333333333335,0.5666666666666667,0.0,-0.08279569892473115,0.8538884362120576,1.0505376344086022,-0.15795266381679104,0.03440860215053759,1.0794019755736046,0.9010752688172043,0.07640929938110524,0.04838709677419355,48387.09677419355,0.04838709677419355,,-0.39919958243580317,0.5323923271611868,1.3082151501096,-0.6303724041785238,0.36860674059127874,3.519629400130874,0.6611920080458755,1.2583576421386802,0.030592841844524463,30592.841844524464,0.030592841844524463,,-0.5672263244732167,0.6234908862861441,2.4458584976657303,-0.47242006638810824,0.7632209664669058,3.2607267643010545,1.4384177375159755,1.1819510127810908,0.6322520647868388,632252.0647868388,0.6322520647868388,,6,10,0.375,329,313,16,0.5,0.417
267,miami-dolphins,2012,1.1989834501734669,0.8612903651957147,0.8406337568199254,0.5593388844115608,1.2333577764643742,4.186581239283503,44272961.0,42812409.0,2387750.0,8031197.0,21925444.0,2862500.0,26,35,2,21,26,1,0.49481856673825614,0.4784946473309526,0.026686785930791282,0.24471076193005784,0.6680687955848692,0.08722044248507296,0.4126984126984127,0.5555555555555556,0.031746031746031744,0.4375,0.5416666666666666,0.020833333333333332,0.01388888888888895,1.025639132153397,1.0972222222222223,0.025317761830527873,-0.024801587301587324,0.9433085014626542,0.8501984126984127,-0.058359477823268786,0.010912698412698412,1.5237363844630696,0.05257936507936507,0.42119696573215204,-0.1895741482539166,0.7162345169520036,1.1465634429158218,-0.3337455381224187,0.2501078048081983,2.02204652050882,0.739529328668314,0.7041121484498163,-0.06053365655428168,0.30596588603035824,0.11390722841586425,-1.1842441957788639,-0.3720674112686595,0.6983291331211388,2.094648141660089,-0.3590635888878066,0.6396445657619061,2.143568666544898,1.7583223345850276,0.7624728753594995,-3.3459474824635773,0.20079236684570478,5.027214996103428,-1.6054827160257334,7,9,0.438,288,317,-29,0.333,0.417
268,miami-dolphins,2013,1.2070726519065802,0.7970238333693775,0.6924967436755518,0.9867449838444485,1.0197642522654649,0.7456667038419342,49885035.0,28059004.0,3179890.0,14738317.0,16154624.0,337500.0,27,23,3,33,35,1,0.6149238038014653,0.34587826731123933,0.03919792888729539,0.47192151401256227,0.5172717221636416,0.010806763823796148,0.5094339622641509,0.4339622641509434,0.05660377358490566,0.4782608695652174,0.5072463768115942,0.014492753623188406,-0.07328411266065082,0.8555239198647034,0.9412086409625376,-0.15603892159658372,0.031173092698933536,1.065177875725848,0.9876948318293683,0.06314376763711782,0.042111019961717254,3.905390905386019,0.07109652720809406,1.3623755486042508,-0.17139345485240226,0.6686574653782326,0.8631499894748809,-0.4024804686873092,0.143002289788903,1.3030185794125864,1.0868453178140276,0.26468518320803563,0.028391165063499244,3.6268306308647116,0.050004692711091536,1.288384673680644,-0.2227404188960873,0.7815757907015807,1.8167880856348424,-0.2464418980920445,0.22032766806213167,1.223286105714583,2.193817635751029,0.20154159542045316,-0.053169960166382424,0.9286934918966887,1.438163447517486,-0.07397508393199806,8,8,0.5,317,335,-18,0.333,0.583
269,miami-dolphins,2014,0.9217303300767516,1.09996127568514,0.8264671539048668,1.207819635795239,0.7479634204185396,0.0,45434517.0,54219990.0,5092343.0,24962629.0,12746519.0,0.0,24,24,3,57,47,0,0.43375544944788313,0.5176288356165364,0.0486157149355804,0.6619780696185446,0.33802193038145545,0.0,0.47058823529411764,0.47058823529411764,0.058823529411764705,0.5480769230769231,0.4519230769230769,0.0,0.018665158371040713,1.041299322882099,0.9225113122171946,0.04047140728916674,-0.07748868778280549,0.858615564466132,1.0186651583710407,-0.1524318706315546,0.058823529411764705,58823.529411764706,0.058823529411764705,,0.17960690523508094,1.531342370863413,0.8556507659979918,0.42614664920498463,-0.22822262017066142,0.6552404288217574,1.0957335190664277,-0.4227507383521311,0.0486157149355804,48615.71493558041,0.0486157149355804,,0.35199785526660043,1.4706064161041683,1.8479246961036795,0.385675752808899,-0.28608930571848745,0.7631351069522644,2.1295499658719907,-0.2703191051259496,0.8264671539048668,826467.1539048669,0.8264671539048668,,8,8,0.5,388,373,15,0.5,0.5
270,miami-dolphins,2015,0.9744754473117756,1.108104928142265,0.39240834087391335,1.4193927356804215,0.6123436852961743,0.9342974735278633,44127484.0,44388824.0,2050333.0,36480315.0,16925840.0,906140.0,26,23,3,53,57,2,0.4872377236558878,0.49012333360138644,0.02263894274272577,0.6716769195630565,0.3116391969810887,0.0166838834558547,0.5,0.4423076923076923,0.057692307692307696,0.4732142857142857,0.5089285714285714,0.017857142857142856,-0.0666208791208791,0.86909410877055,0.9512362637362637,-0.14030160323507412,0.0267857142857143,1.0566015407665554,0.9732142857142857,0.05505966397571322,0.03983516483516484,3.230588317823433,0.07554945054945056,1.172681595572886,0.17848413662029772,1.5727218065875137,0.8017625305824752,0.4528097934198276,-0.18443919590716873,0.7254038125488005,1.1589146432189443,-0.32102474397475655,0.005955059286871067,1.3568535136984607,0.03932282619858047,0.3052125970865506,0.4957612428460907,1.8096097749363254,1.7204486134384394,0.5931121305173918,-0.44491728836864586,0.6865434324638869,2.393868182992197,-0.3760847630658079,-0.5418891326539499,0.42000319169119427,1.3267058144017767,-0.8674904201062849,6,10,0.375,310,389,-79,0.167,0.333
271,miami-dolphins,2016,1.1366257982187453,0.9378888631669519,0.38317899663674115,1.0994403039398193,0.919773304377278,0.5643215505109769,53757350.0,42509727.0,2265333.0,29055424.0,22993373.0,806140.0,24,23,3,37,35,2,0.5455803831449977,0.43142887705679783,0.022990739798204467,0.5497201519699096,0.43502791423249637,0.015251933797593969,0.48,0.46,0.06,0.5,0.47297297297297297,0.02702702702702703,-0.012972972972972951,0.9725693722818987,0.932972972972973,-0.027811698157038902,-0.020000000000000018,0.9599980800038399,0.98,-0.040821911187092115,0.03297297297297297,2.2199178630390675,0.08702702702702703,0.7974868630964503,-0.0035990371756985384,0.9917246025311905,0.8664567912892942,-0.008307510780062657,-0.00413976882491196,0.9924675104640349,1.0953005351149074,-0.007559169096629509,0.007738806000610499,1.5072995204261017,0.038242673595798436,0.41036314749389297,0.018115558789673858,1.0196945693127817,1.85766216754423,0.01950420682814478,0.037185494278926035,1.0338212637142852,2.2360661021585644,0.03326278186393313,-0.18114255387423572,0.6790070612804401,0.947500547147718,-0.3871211422051725,10,6,0.625,363,380,-17,0.667,0.583
272,miami-dolphins,2017,1.1623416563156268,0.9193577951552118,0.31917123774301265,0.8882054844652342,1.1462674931681358,0.0002836486322647483,56184090.0,44438983.0,1851333.0,30330336.0,39142607.0,334.0,25,25,3,29,29,1,0.5482743661866164,0.433659337337364,0.018066296476019584,0.43657557711003037,0.5634196152860329,4.80760393669065e-06,0.4716981132075472,0.4716981132075472,0.05660377358490566,0.4915254237288136,0.4915254237288136,0.01694915254237288,-0.019827310521266406,0.9596597261834979,0.9632235369363608,-0.04117438924761191,-0.019827310521266406,0.9596597261834979,0.9632235369363608,-0.04117438924761191,0.039654621042532784,3.339425615398125,0.07355292612727854,1.2058164872727517,-0.1297602779486689,0.7696902200094458,0.997078952623397,-0.2617648508046681,0.11169878907658604,1.2558492482944976,0.9848499432966468,0.22781385950185074,0.018061488872082893,3110.8003701633816,0.018071104079956275,8.042690675969595,-0.22690969801292404,0.8020440242706379,2.0656252883233477,-0.22059069180145155,0.27413617185039263,1.3086390120372091,2.050547140780861,0.2689885353822728,0.3188875891107479,1121.2814732450752,0.3194548863752774,7.022230615872336,6,10,0.375,281,393,-112,0.333,0.417
273,miami-dolphins,2018,1.1683361327647546,0.9226696399735359,0.24161856051424815,0.7981778918205136,1.2815103525115124,0.022107427295631532,68064415.0,53752484.0,1689133.0,20305178.0,26433140.0,15200.0,25,25,3,37,30,1,0.5511019494173369,0.4352215282894037,0.013676522293259328,0.43430267643175,0.5653722143433142,0.00032510922493575776,0.4716981132075472,0.4716981132075472,0.05660377358490566,0.5441176470588235,0.4411764705882353,0.014705882352941176,0.030521642619311895,1.0691799664625163,0.9128745837957825,0.06689408816368533,-0.07241953385127631,0.8669030472623241,1.0158157602663707,-0.14282601399043507,0.04189789123196448,3.848794885721356,0.07130965593784684,1.3477777491146028,-0.1301506860539105,0.7697950968457485,1.0005937426327178,-0.2616286098621391,0.1167992729855869,1.2689322686494493,0.985404625849087,0.23817762805376644,0.01335141306832357,41.93847106273534,0.014001631518195086,3.7362766847921383,-0.35884071253797645,0.7199855375180901,2.2041799924850483,-0.32852307014325943,0.370158240944241,1.4637522299042183,1.9665140245852681,0.38100401526509214,0.21951113321861662,10.928799108292532,0.26372598780987966,2.391405563745026,7,9,0.438,319,433,-114,0.667,0.5
274,miami-dolphins,2019,0.6888126808752603,1.3794391446678884,0.5349638935153418,1.1765133725568877,0.7848464035851538,0.07442173852192875,20188288.0,38874746.0,1809134.0,76830441.0,37965346.0,90000.0,26,25,3,54,40,1,0.33165055005105126,0.6386292336425409,0.029720216306407882,0.668754969663915,0.3304616436148015,0.0007833867212834604,0.48148148148148145,0.46296296296296297,0.05555555555555555,0.5684210526315789,0.42105263157894735,0.010526315789473684,0.04191033138401562,1.0995344256427764,0.8840155945419104,0.09488900079101843,-0.08693957115009748,0.8470492642789006,1.0499025341130603,-0.16599434584331768,0.04502923976608187,5.277276436516309,0.06608187134502924,1.6634281380545923,0.30816759002773936,1.9325307897341306,0.9690908772573423,0.6588319997971194,-0.33710441961286375,0.4959216292569666,1.0004055197149664,-0.7013343550543586,0.028936829585124422,37.88974940546914,0.030503603027691343,3.6347142578352543,0.5945927410827346,1.7575889763623624,2.164285548253042,0.5639436950174572,-0.48770069168162744,0.5854689895358285,1.865326053432148,-0.5353406096465863,0.46054215499341306,7.1881780238134345,0.6093856320372706,1.972439604705564,5,11,0.313,306,494,-188,0.333,0.333
275,miami-dolphins,2020,1.2911923231149613,0.8001785407067843,0.40224739562151196,1.3535659385894678,0.684884828080516,0.11187784731056521,91506874.0,61434424.0,3563412.0,30894999.0,15221044.0,134400.0,24,26,3,38,37,2,0.584690863297341,0.39254041619578095,0.022768720506878035,0.667993580083114,0.32910050180492323,0.002905918111962733,0.4528301886792453,0.49056603773584906,0.05660377358490566,0.4935064935064935,0.4805194805194805,0.025974025974025976,0.010046557216368546,1.0209055755657044,0.9710855182553295,0.02069209105936472,-0.04067630482724821,0.9175751019741852,0.9463366821857389,-0.08601863905971963,0.030629747610879686,2.1791613853055334,0.08257779955893163,0.7789577836614452,0.06343991439085772,1.1927639772013605,0.7216409180007042,0.1762758313174254,-0.08330271678577306,0.8752928253169238,1.252684443380455,-0.1331950808007608,0.0198628023949153,7.832597833829153,0.02567463861884077,2.0583381534587235,0.11529371262626831,1.1683385871034762,1.4850633687873003,0.1555839783361847,-0.06237361547450648,0.9539183370277158,2.644758261704429,-0.04717643732000675,0.29036954831094675,3.5953838039188124,0.5141252429320772,1.2796532319817924,10,6,0.625,404,338,66,0.5,0.583
276,miami-dolphins,2021,1.0900476195398499,0.9444310908523221,0.6526456670386682,0.7298831881634817,1.1998864407590237,0.0,79975283.0,64158889.0,5320412.0,14188646.0,31520712.0,0.0,27,25,3,37,50,0,0.5351142859559262,0.42928685947832823,0.03559885456574554,0.3104100915178025,0.6895899084821975,0.0,0.4909090909090909,0.45454545454545453,0.05454545454545454,0.42528735632183906,0.5747126436781609,0.0,-0.12016718913270635,0.7909077147296673,1.0292580982236155,-0.23457178713873875,0.06562173458725185,1.1542970401418493,0.91619644723093,0.14349357246859276,0.05454545454545454,54545.454545454544,0.05454545454545454,,-0.26030304900386925,0.6225239547069967,1.1188767679605256,-0.4739708404846561,0.22470419443812373,1.7238890638198627,0.8455243774737288,0.5445846907966718,0.03559885456574554,35598.85456574554,0.03559885456574554,,-0.2554553499067016,0.7870997385012171,2.144317531611346,-0.2393992472265466,0.3601644313763681,1.4934528480231957,1.8199308077033316,0.40109170410546485,0.6526456670386682,652645.6670386683,0.6526456670386682,,9,8,0.529,341,373,-32,0.667,0.5
277,miami-dolphins,2022,1.027335634060996,1.020464112339959,0.6062497944727349,1.1123603221503595,0.927015709113542,0.008833076535594753,66779000.0,77868395.0,5140112.0,29382278.0,29383824.0,5833.0,23,27,3,40,48,1,0.44582489780005485,0.5198590760977149,0.03431602610223027,0.4999372234383639,0.4999635285106744,9.92480509617388e-05,0.4339622641509434,0.5094339622641509,0.05660377358490566,0.449438202247191,0.5393258426966292,0.011235955056179775,-0.029891880432478257,0.9445737203010068,1.0487598049607803,-0.05701957992745518,-0.015475938096247588,0.9655638893561953,0.8834004663981344,-0.03504070265712211,0.04536781852872589,5.037287530466393,0.06783972864108544,1.6168854153190058,0.019895547587040485,1.0397919181312796,1.0198226046083891,0.03902253801132312,-0.05411232563830903,0.891759975330271,0.9457621212384187,-0.114556025534281,0.034216778051268534,342.3111549104083,0.03441527415319201,5.835749273594959,0.0934484032264169,1.1008044432292658,1.947479821453501,0.09604220449838063,-0.08502468808936348,0.9235628869898171,2.1396959562113556,-0.07951541190857842,0.5974167179371401,68.62627825670283,0.6150828710083296,4.228677175831435,9,8,0.529,397,399,-2,0.5,0.583
278,miami-dolphins,2023,1.118321700060423,0.9565185765685567,0.4841997770864134,1.0900461914015307,0.928106629702262,0.0030306675262657947,83871915.0,84213001.0,4736612.0,28179940.0,22972470.0,1667.0,23,27,3,47,45,1,0.4853094170073534,0.48728304844058545,0.02740753455206113,0.5508835590953972,0.4490838530817397,3.258782286307306e-05,0.4339622641509434,0.5094339622641509,0.05660377358490566,0.5053763440860215,0.4838709677419355,0.010752688172043012,0.025562994522215443,1.0528280128346854,0.9933049300060864,0.05148185213164874,-0.07141407993507809,0.8586895895299129,0.9393386082369649,-0.15234548055605035,0.04585108541286265,5.2636614228838985,0.06735646175694868,1.6608445391040887,0.03819919535884575,1.0850578573218839,0.9363669015223252,0.08163536248457226,-0.0655741420880438,0.8809639133909939,1.0361929761027506,-0.12673655430958816,0.027374946729198057,815.9961621743984,0.027440122374924204,6.704446137387013,0.02841194686629467,1.0306116941150554,1.8846252062708186,0.030153549204984764,0.02827550865889239,1.025938793184301,2.208367891461954,0.025608983399994643,0.4811691095601476,159.71400982838585,0.48723044461267917,5.07338684254788,11,6,0.647,496,391,105,0.667,0.583
279,miami-dolphins,2024,0.8045901233385665,1.2017088765977737,0.8151354161107616,1.624333175714912,0.5242769084639032,0.2681593937307944,50404703.0,81556342.0,6383166.0,73001548.0,25004890.0,1967632.0,24,26,3,49,52,8,0.3643426973608603,0.5895175621045683,0.04613974053457141,0.7302048221103732,0.25011375449654094,0.019681423393085828,0.4528301886792453,0.49056603773584906,0.05660377358490566,0.44954128440366975,0.47706422018348627,0.07339449541284404,0.013501817552362794,1.028299731318016,0.9676302579193353,0.027908730424888038,0.0032889042755755438,1.0073138932412933,0.9023714730829151,0.0072894847579141435,-0.01679072182793838,0.7712159072776029,0.1299982689977497,-0.25976924273127194,0.33940380760802735,2.3569883483731915,0.8396313166011092,0.8573863768286383,-0.3658621247495129,0.4989589049124133,1.0945475194712335,-0.6952287968419713,0.026458317141485586,2.344210345092957,0.06582116392765724,0.8519702784118595,0.6774319681338705,2.2921219017575902,1.7259857850616769,0.8294788153442465,-0.8197430523763455,0.49533534131573964,2.4289232990534786,-0.702519045712401,0.5469760223799671,3.0397308296357672,1.083294809841556,1.1117701954042822,8,9,0.471,345,364,-19,0.5,0.5
280,minnesota-vikings,2011,1.168814023404658,0.8584292588323096,1.0133858249571268,1.8000645206471222,0.5674419700372911,1.3903092356697737,56058833.0,49406535.0,3888333.0,6991501.0,4407921.0,900000.0,25,30,2,6,12,1,0.5126377295634466,0.4518048730696367,0.03555739736691674,0.5684414275727754,0.3583844021288155,0.07317417029840914,0.43859649122807015,0.5263157894736842,0.03508771929824561,0.3157894736842105,0.631578947368421,0.05263157894736842,-0.10526315789473684,0.833332013890978,1.1578947368421053,-0.18232124012783943,0.12280701754385964,1.3888844907546682,0.7543859649122806,0.32850318030778414,-0.017543859649122806,0.6666540002406621,0.08771929824561403,-0.4054556083337839,0.09342047094082118,1.260667623139525,0.8101892751984522,0.23164365361430547,-0.05580369800932883,0.9018287599544381,1.081079157136222,-0.10332867108881649,-0.037616772931492404,0.4859216209803583,0.10873156766532588,-0.7216798186428973,0.29098728879501845,1.5128027029322355,1.4258712288696007,0.4139651899864375,-0.6312504972424642,0.6493174887236718,2.96887854405178,-0.431832629527326,-0.3769234107126469,0.7288918681296583,2.4036950606269007,-0.3162289002250666,3,13,0.188,340,449,-109,0.0,0.25
281,minnesota-vikings,2012,1.0539694533443786,0.9925218390148202,0.5586031103289639,0.9625332865182009,0.7601660760373692,6.118845257516972,53320097.0,44831674.0,3027816.0,6193938.0,6196150.0,2625000.0,28,25,3,15,19,1,0.5269847266721893,0.4430901067030448,0.029925166624765923,0.4125142656506575,0.4126615841345718,0.17482415021477063,0.5,0.44642857142857145,0.05357142857142857,0.42857142857142855,0.5428571428571428,0.02857142857142857,-0.09642857142857136,0.8223669061662255,0.9892857142857143,-0.19556638565005047,0.07142857142857145,1.1666639444507965,0.9285714285714286,0.15415034649464734,0.024999999999999998,1.8749343772967946,0.08214285714285714,0.6285923265273063,0.03042852256847295,1.073734629060895,0.8557516908376166,0.07114513589503085,0.1144704610215318,1.2774914543852818,0.9394989923228468,0.24490025133316087,-0.1448989835900047,0.17117197718979912,0.20474931683953657,-1.7650530971801814,0.23235576297745097,1.305662755336208,1.7526879150521895,0.26671177788735306,0.09143616682617772,1.0949941920063215,2.0165027398625797,0.0907500079442322,-5.560242147188008,0.09129222843975249,6.677448367845935,-2.3936878259678473,10,6,0.625,379,348,31,0.667,0.583
282,minnesota-vikings,2013,1.0405505275120417,1.0408337454798369,0.3082808825636614,0.7286726892944688,1.245069829024351,0.0,58813828.0,56567150.0,2010531.0,4097259.0,7751010.0,0.0,26,25,3,28,31,0,0.501005809542835,0.48186747475918384,0.017126715697981187,0.3458107678007648,0.6541892321992352,0.0,0.48148148148148145,0.46296296296296297,0.05555555555555555,0.4745762711864407,0.5254237288135594,0.0,-0.0624607658505964,0.8811213815694613,0.9883866917765223,-0.12655772550182876,0.0069052102950407646,1.0145481267524261,0.9560577526679221,0.014445394968006033,0.05555555555555555,55555.555555555555,0.05555555555555555,,-0.17232175744005135,0.7365861656773101,1.136056706958419,-0.30572698121353853,0.15519504174207022,1.4487818408524589,0.8468165773435998,0.37072508956843303,0.017126715697981187,17126.715697981188,0.017126715697981187,,-0.20423608354451406,0.8359634819293325,2.2859035745041876,-0.17916938798645704,0.31187783821757287,1.4280061745052777,1.7692232168065105,0.3562801488205676,0.3082808825636614,308280.8825636614,0.3082808825636614,,5,10,0.344,391,480,-89,0.417,0.375
283,minnesota-vikings,2014,1.0974295552414808,0.9537882578338945,0.4928279401555174,0.39174857483358516,1.3717092042683645,0.0,48309947.0,37321523.0,2410531.0,6237710.0,35740418.0,0.0,27,24,3,33,54,0,0.5487147776207404,0.42390589237061976,0.027379330008639853,0.14859428700584265,0.8514057129941573,0.0,0.5,0.4444444444444444,0.05555555555555555,0.3793103448275862,0.6206896551724138,0.0,-0.1762452107279694,0.7160482290827913,1.0651340996168583,-0.3340055052383642,0.12068965517241381,1.3181783429843688,0.8793103448275862,0.2762527402659971,0.05555555555555555,55555.555555555555,0.05555555555555555,,-0.4274998206235376,0.49788883021589325,1.275311605364777,-0.697376100364402,0.40012049061489774,3.6926795504568415,0.697309064626583,1.3063541823961224,0.027379330008639853,27379.330008639856,0.027379330008639853,,-0.41792094643447,0.6953278140426323,2.325497462102259,-0.36337082128930437,0.7056809804078956,2.8013548086367877,1.489178130075066,1.0301040716057734,0.4928279401555174,492827.9401555174,0.4928279401555174,,7,9,0.438,325,343,-18,0.167,0.5
284,minnesota-vikings,2015,0.9362592455850247,1.1294712748939009,0.5166496724452436,0.33539615752710006,1.7306454759293248,0.7483959899002575,54270878.0,60434344.0,3455531.0,4974502.0,23587224.0,300000.0,26,24,3,37,34,1,0.4592969884002009,0.5114586905179929,0.02924432108180624,0.1723563587292042,0.8172492525221811,0.010394388748614689,0.49056603773584906,0.4528301886792453,0.05660377358490566,0.5138888888888888,0.4722222222222222,0.013888888888888888,-0.019392033542976916,0.958932486522548,0.9250524109014675,-0.04193239811820386,-0.02332285115303978,0.954613134725282,1.0044549266247378,-0.046447076643400746,0.042714884696016774,4.075178285276668,0.07049266247379454,1.404932163234532,-0.3057905620041882,0.6258287335360735,1.328707943040174,-0.46867657872454277,0.28694062967099665,2.6647947716686473,0.6316533471294051,0.9801292231358721,0.01884993233319155,2.8132012942472593,0.03963870983042093,1.0343572796024145,-0.601174201035424,0.652629691045016,2.8601167508232255,-0.4267445139436145,0.6008630880579247,2.7914942764813837,1.2716554031121248,1.026578103507814,-0.23174631745501384,0.6903417296134503,1.265045662345501,-0.37056660813673087,11,5,0.688,365,302,63,0.833,0.667
285,minnesota-vikings,2016,1.1050330636139887,0.99183021149315,0.2682746088544059,0.7782584032596127,1.1344722813362127,3.167459652184565,57126578.0,60191643.0,1808989.0,13710299.0,22564377.0,1800000.0,23,27,3,31,35,1,0.47954265024757986,0.5052719945342462,0.015185355218173918,0.36008970897086556,0.5926347738323499,0.04727551719678455,0.4339622641509434,0.5094339622641509,0.05660377358490566,0.4626865671641791,0.5223880597014925,0.014925373134328358,-0.01295409743734155,0.975200289522249,1.0318220219656435,-0.025110440969085983,-0.028724303013235697,0.937916414764949,0.8966488313151225,-0.06409213965996828,0.0416784004505773,3.792198752872237,0.07152914671923402,1.3329636632619666,-0.08736277929810365,0.8525843643674168,1.0979067683665962,-0.1594811344559007,0.1194529412767143,1.331727362858393,0.8396323592184454,0.28647895394720085,-0.03209016197861063,0.3212029167666084,0.06246087241495847,-1.1356163653553157,-0.1426420698430627,0.8742649366981531,2.1263024928293626,-0.134370809791431,0.32677466035437597,1.419877561370589,1.8832914668736014,0.3505715484586123,-2.899185043330159,0.08469706124664238,3.435734261038971,-2.468670646434631,8,8,0.5,327,307,20,0.333,0.417
286,minnesota-vikings,2017,1.2579533725010807,0.8336458375533369,0.23667324954652147,0.35682427999468186,1.3832372120372391,2.0731067814467106,69865540.0,46299901.0,1577353.0,5067229.0,28183758.0,2560000.0,25,25,3,23,33,2,0.5933742323118305,0.39322916865723434,0.013396599030935175,0.14149928344616697,0.7870142758142913,0.07148644073954175,0.4716981132075472,0.4716981132075472,0.05660377358490566,0.39655172413793105,0.5689655172413793,0.034482758620689655,-0.09726740403383216,0.8290437115606807,1.0406636304489265,-0.1874802771804423,0.07514638906961613,1.1894965902276307,0.8682498373454782,0.1735323041951506,0.022121014964216007,1.6414618315691487,0.09108653220559532,0.4956048720335667,-0.39378510715705695,0.4996461704639428,1.1802434444715257,-0.6938525470978201,0.45187494886566354,4.193449072047807,0.7348735157579975,1.4335252481462954,-0.05808984170860657,0.1873979386077691,0.08488303977047693,-1.6744462661716661,-0.5495913744839023,0.6026769867248967,2.2168830495905762,-0.5063727033048698,0.9011290925063988,3.5254042889557304,1.6147776524957627,1.2599959165316614,-1.8364335319001892,0.11416350450499005,2.309780030993232,-2.170119382872406,13,3,0.813,382,252,130,0.833,0.833
287,minnesota-vikings,2018,1.0778514181990488,1.0008213563730826,0.31871685795691673,1.0430829199288196,0.9897174250027778,0.5983256434123212,94669150.0,81141688.0,3230000.0,7730626.0,9508485.0,328473.0,26,24,3,27,35,2,0.5287572994938731,0.45320212364064116,0.018040576865485852,0.4400506068449708,0.5412517167983941,0.018697676356635037,0.49056603773584906,0.4528301886792453,0.05660377358490566,0.421875,0.546875,0.03125,-0.0940448113207547,0.8280308308999577,0.9997051886792453,-0.18870268157277983,0.06869103773584906,1.1628204442439225,0.9124410377358491,0.15085050991660282,0.02535377358490566,1.8112627943075632,0.08785377358490566,0.5940419449383164,-0.08804959315775296,0.8373207368295759,0.9944538404390353,-0.1775458772520063,0.08870669264890224,1.2015802039331107,0.968807906338844,0.1836394183610147,-0.0006570994911491851,0.9648050226338258,0.03673825322212089,-0.0357738180781544,0.011103931370304743,1.011218272884304,1.9905387813758604,0.011156813920767575,0.03476849827022921,1.033331448799059,2.1209343381278685,0.03278892684971176,-0.27960878545540446,0.532680370272733,0.9170425013692379,-0.6298305776593369,8,7,0.531,360,341,19,0.583,0.542
288,minnesota-vikings,2019,1.1199213091664006,0.9733018786868656,0.3030876406670461,0.9182727996016621,1.1056044934050135,0.5340998877854349,89480117.0,84527645.0,3158644.0,5575269.0,7971270.0,304010.0,23,25,3,32,38,3,0.5050625511926906,0.4771087640621891,0.01782868474512036,0.4025305422911395,0.5755201472519248,0.021949310456935676,0.45098039215686275,0.49019607843137253,0.058823529411764705,0.4383561643835616,0.5205479452054794,0.0410958904109589,-0.030351866774106895,0.9416906574229527,1.010744023636852,-0.06007640748698691,0.012624227773301133,1.0287966726654338,0.8893365565404243,0.02839205769493653,0.017727639000805803,1.4313377198017594,0.0999194198227236,0.3586264752422844,-0.09841138318973569,0.8290030111670991,1.0526289113141138,-0.18752939560907192,0.10253200890155112,1.2547154648253462,0.9075930934838301,0.2269108055747095,-0.004120625711815318,0.8122292748477732,0.039777995202056035,-0.20791653267497628,-0.13230261471814797,0.8803337940093958,2.078906372091879,-0.12745310462600923,0.20164850956473857,1.2195941010755302,2.038194108768063,0.19851899226992806,-0.23101224711838886,0.567472639717472,0.837187528452481,-0.5665594433701358,10,6,0.625,407,303,104,0.333,0.583
289,minnesota-vikings,2020,0.9417646097288955,1.097758403817352,0.6512297570242357,0.9721172637519928,1.1777341402663368,0.17350591875499177,48987026.0,59480450.0,4234313.0,45959027.0,35520017.0,848574.0,24,25,3,58,37,6,0.4346605891056441,0.527768463373727,0.03757094752062898,0.5582455574021344,0.43144716029558877,0.010307282302276741,0.46153846153846156,0.4807692307692308,0.057692307692307696,0.5742574257425742,0.36633663366336633,0.0594059405940594,0.11443259710586445,1.3123664799642658,0.847105864432597,0.27183406075564115,-0.11271896420411265,0.8037121282837872,1.0357958872810358,-0.21851195665211628,-0.0017136329017517077,0.9711374986726186,0.1170982482863671,-0.029269882308654644,0.09632130307813819,1.2232488441071308,0.9592156236693157,0.20151220101921177,-0.12358496829649035,0.7786175899201024,0.9929061465077785,-0.25023295168907717,0.02726366521835224,3.644734051601484,0.04787822982290572,1.2933100162312883,-0.07997573644898481,0.9320927654150674,2.275492544083689,-0.07032202459570709,-0.03035265402309728,0.9687757599513209,1.9138818734808885,-0.03172104591472285,0.4777238382692439,3.753335957419853,0.8247356757792275,1.3226465687333306,7,9,0.438,430,475,-45,0.667,0.417
290,minnesota-vikings,2021,0.8765303333989806,1.1864705383660903,0.3918355985806918,1.572840402932523,0.5600686211999202,1.0457267257136227,48080263.0,67584524.0,2480000.0,45292455.0,21221147.0,3962286.0,26,27,3,38,50,5,0.40696051193524097,0.5720482952836505,0.02099119278110849,0.6426659710907083,0.30111216193544094,0.05622186697385069,0.4642857142857143,0.48214285714285715,0.05357142857142857,0.40860215053763443,0.5376344086021505,0.053763440860215055,-0.05549155145929335,0.8967840462673883,1.0197772657450077,-0.1089381229320573,0.05568356374807987,1.1362754146041545,0.8728878648233487,0.127757887191611,-0.00019201228878648613,0.9964100382018608,0.10733486943164362,-0.0035777546824596364,0.2709361333482096,1.8997784474339867,0.8731604572190914,0.6417390208622477,-0.23570545915546737,0.6332370111452345,1.0496264830259494,-0.45690804448979094,-0.0352306741927422,0.37335685479844904,0.07721305975495918,-0.9851729635290395,0.6264019171661701,2.1184340186567137,1.7465391595660105,0.7506779881231143,-0.6963100695335424,0.5572909841797857,2.4493707363315034,-0.5846666213548027,-0.6538911271329308,0.3747013576725208,1.4375623242943145,-0.981623397742841,8,9,0.471,425,426,-1,0.667,0.5
291,minnesota-vikings,2022,0.8763150983534577,1.2064348423338105,0.461685376148396,1.1386598389247347,0.8913682883205339,0.43476393632695387,71314595.0,87270904.0,4174666.0,26522106.0,18784753.0,723335.0,27,24,3,42,38,3,0.43815754917672883,0.5361932632594714,0.025649187563799778,0.5761893160823959,0.4080963247732564,0.01571435914434773,0.5,0.4444444444444444,0.05555555555555555,0.5060240963855421,0.4578313253012048,0.03614457831325301,-0.013386880856760375,0.9707581135780385,0.9022757697456492,-0.029675702356788784,-0.0060240963855421326,0.9880932854346979,1.0060240963855422,-0.011976167237239101,0.019410977242302542,1.5369945135221628,0.09170013386880857,0.42984689478637395,0.12809693848621495,1.313885758887017,0.9442895880327278,0.272990839793948,-0.13803176690566704,0.7604389330175271,1.0143468652591248,-0.27385718669019615,0.00993482841945205,1.6321095387135904,0.04136354670814751,0.4899123604289828,0.31506655401327655,1.3534624292552244,2.0978031306543445,0.3026669003595652,-0.262344740571277,0.7696015076631454,2.0149749372781924,-0.2618812794694106,0.026921439821442128,1.0619195283982086,0.8964493124753499,0.06008031228729951,13,4,0.765,424,427,-3,0.667,0.667
292,minnesota-vikings,2023,1.1915055356746733,0.86510868068236,0.5920500422496117,0.76572299447393,1.2351915804971079,0.013504929459667433,67110417.0,50756692.0,4168332.0,33072829.0,57617941.0,11666.0,24,25,3,50,54,1,0.5499256318498492,0.41591763494344236,0.03415673320670837,0.36462999736853813,0.6352413842556555,0.00012861837580635651,0.46153846153846156,0.4807692307692308,0.057692307692307696,0.47619047619047616,0.5142857142857142,0.009523809523809525,-0.03351648351648345,0.9348272421094225,0.9950549450549451,-0.06739145456469486,-0.0146520146520146,0.9692287338504283,0.9377289377289377,-0.03125247683757986,0.04816849816849817,6.057056316779046,0.06721611721611723,1.8012412589394329,-0.2193237493122131,0.6547384829033305,1.0511590191990978,-0.42351698149718076,0.1852956344813111,1.5081702757542332,0.9145556292183874,0.4108989965937819,0.03402811483090201,263.5176763650923,0.03428535158251472,5.574149725086862,-0.37008289981474785,0.7003836440907003,2.100300261179468,-0.3561258751602215,0.4257825412007433,1.5560509325468703,1.9572285301486034,0.4421519974937301,0.5785451127899442,43.83630493685328,0.6055549717092791,3.7804640429330347,7,10,0.412,344,362,-18,0.333,0.5
293,minnesota-vikings,2024,0.9168466284818418,1.1699010371703944,0.33373646528816225,0.9219477633923973,1.1489711588616676,0.14041295572697635,72480478.0,88786046.0,3165988.0,36449474.0,51103024.0,578257.0,25,24,3,48,54,5,0.4407916483085778,0.5399543248478743,0.019254026843547826,0.413584043390982,0.579854603537664,0.006561353071354035,0.4807692307692308,0.46153846153846156,0.057692307692307696,0.4485981308411215,0.5046728971962616,0.04672897196261682,-0.04313443565780006,0.9145281024094154,0.9662113587347232,-0.08934491515104884,0.03217109992810929,1.0717123545642866,0.9293673616103523,0.06925978067444338,0.010963335729690875,1.2345889644115462,0.10442127965492451,0.2107554255265778,-0.03990027868978974,0.9311875604092562,1.1198089283855384,-0.07129270875444073,0.02720760491759583,1.0657823713704175,0.8543756916995597,0.06371141910749326,0.01269267377219379,2.9340126375698143,0.025815379914901862,1.0764229228337139,0.020929878308726835,1.0182153049987408,2.318872196032062,0.01805224857269034,-0.005101134910555416,0.9944659235814997,1.838794391874239,-0.0055483554561103245,0.1933235095611859,2.376804097287067,0.4741494210151386,0.8657597654034732,14,3,0.824,432,332,100,0.667,0.75
294,new-england-patriots,2011,0.7934098794436968,1.2398510756146166,0.7362538229356353,1.3994012351264808,0.7603592589241114,0.0,38660430.0,58465297.0,3471812.0,3746329.0,3392589.0,0.0,31,30,3,15,25,0,0.3843079103555406,0.5811801916943515,0.0345118979501079,0.5247754631724303,0.47522453682756965,0.0,0.484375,0.46875,0.046875,0.375,0.625,0.0,-0.15625,0.74999880000192,1.09375,-0.2876815391194432,0.109375,1.2916632222314075,0.859375,0.2559327719880874,0.046875,46875.0,0.046875,,0.10595565486678188,1.2229565683151122,1.0564047285219211,0.2012730642936328,-0.14046755281688966,0.7323268807299105,0.9090833735279709,-0.31152570424734466,0.0345118979501079,34511.8979501079,0.0345118979501079,,0.4794918166905052,1.6306100444662526,2.000210334538728,0.4889550117576118,-0.6059913556827841,0.5669634216155063,2.1928111145701776,-0.5674592290955497,0.7362538229356353,736253.8229356353,0.7362538229356353,,13,3,0.813,513,342,171,0.833,0.833
295,new-england-patriots,2012,0.9012391471892596,1.1150953379502926,0.8366551486044771,1.317687715398781,0.759587674833355,0.0,43645839.0,54002616.0,4051812.0,14951878.0,11389505.0,0.0,30,30,3,28,37,0,0.4291614986615522,0.5309977799763299,0.039840721362117956,0.5676193235563979,0.43238067644360206,0.0,0.47619047619047616,0.47619047619047616,0.047619047619047616,0.4307692307692308,0.5692307692307692,0.0,-0.09304029304029304,0.8365493669370838,1.0454212454212453,-0.1784676442353835,0.04542124542124537,1.105439610671652,0.906959706959707,0.10024519356297379,0.047619047619047616,47619.04761904762,0.047619047619047616,,0.09861710353272785,1.2280765094947101,0.9633784564199319,0.20545101517818626,-0.1384578248948457,0.7560714105031712,0.9967808222179501,-0.2796171188035521,0.039840721362117956,39840.721362117954,0.039840721362117956,,0.3555076631169376,1.4680252285158564,1.8746830127836476,0.38391901246606186,-0.41644856820952136,0.683954515704046,2.2189268625880407,-0.379862751496561,0.8366551486044771,836655.1486044772,0.8366551486044771,,12,4,0.75,557,331,226,1.0,0.917
296,new-england-patriots,2013,0.7977032661407321,1.249399685019295,0.9086063529188165,1.321823315199703,0.824519985044296,0.047778958385792374,34454377.0,45969364.0,4360500.0,20360064.0,18845300.0,47480.0,27,23,3,31,46,2,0.40637713558112765,0.5421923161404488,0.05143054827842358,0.518690161660643,0.4801002444561724,0.0012095938831846171,0.5094339622641509,0.4339622641509434,0.05660377358490566,0.3924050632911392,0.5822784810126582,0.02531645569620253,-0.1483162168617148,0.7452817389275468,1.0162407451636017,-0.2939906546897043,0.11702889897301172,1.2982316276957853,0.9018390255552902,0.2610050150112694,0.031287317888703134,2.2357607440543834,0.08192022928110819,0.8045992143137815,0.06209207168427644,1.1293291204745974,1.0222925605966213,0.1216256020826657,-0.11231302607951532,0.7834664741154824,0.9250672972417706,-0.24402454723351527,0.050220954395238965,42.483733804378026,0.0526401421616082,3.749140712162407,0.42487969997499897,1.5153036826008413,2.073919670063591,0.41561666981948026,-0.5241200490589709,0.603486603301146,2.119526581340435,-0.5050301834338448,0.8608273945330241,19.016474346469828,0.9563853113046089,2.9453067749304997,12,4,0.75,444,338,106,0.667,0.75
297,new-england-patriots,2014,0.9809148610641818,1.0404235029385445,0.8087057989977645,0.7300067944183734,1.3987992833845206,0.0800248698046676,49937916.0,55086172.0,4940500.0,8697207.0,15554107.0,105934.0,25,26,3,45,42,5,0.45412725049267677,0.500944649563003,0.04492809994432026,0.35706854074811734,0.6385822815451072,0.004349177706775413,0.46296296296296297,0.48148148148148145,0.05555555555555555,0.4891304347826087,0.45652173913043476,0.05434782608695652,0.0249597423510467,1.0546714111077733,0.9380032206119162,0.05323133667000846,-0.026167471819645738,0.9465001225462516,0.9520933977455717,-0.05498201886204043,0.0012077294685990322,1.0222034136794105,0.10990338164251207,0.021978506726055072,-0.1376376319821042,0.7844625188917008,1.1395269311081102,-0.2427544887899037,0.09705870974455943,1.271817387563241,0.8111957912407941,0.24044909339884388,0.04057892223754485,10.327876921980597,0.04927727765109567,2.3348689940841347,-0.3583757804459762,0.7437970347140251,2.4392227863230653,-0.29598612302362187,0.25090806664580845,1.343704640641154,1.7109216554825553,0.2954314759781128,0.7286809291930969,10.10555462841837,0.8887306688024321,2.313086472425472,12,4,0.75,468,313,155,0.667,0.75
298,new-england-patriots,2015,0.7583432839803989,1.28254292359548,0.9281957912711988,1.0745451102449166,0.9202236539484224,0.0,36557835.0,54694168.0,5163000.0,24942073.0,19959346.0,0.0,26,23,3,61,57,0,0.37917164199019937,0.5672786008210776,0.053549757188723006,0.5554851841096603,0.4445148158903397,0.0,0.5,0.4423076923076923,0.057692307692307696,0.5169491525423728,0.4830508474576271,0.0,-0.04074315514993482,0.9156526253561036,0.9253585397653195,-0.08811595532744947,-0.016949152542372836,0.967211243755299,1.0169491525423728,-0.033336354693950264,0.057692307692307696,57692.307692307695,0.057692307692307696,,0.12276378493073792,1.2761719168188677,1.0117934167114173,0.24386666969716173,-0.17631354211946093,0.6825941901650354,0.9346568260998597,-0.38185211655281975,0.053549757188723006,53549.75718872301,0.053549757188723006,,0.3623192696470575,1.3937280620470802,2.2027665775439025,0.3319829955678303,-0.31620182626451776,0.7057335899783334,1.8328883942253156,-0.3485161453461455,0.9281957912711988,928195.7912711988,0.9281957912711988,,12,4,0.75,465,315,150,0.667,0.75
299,new-england-patriots,2016,0.87200525314756,1.1328619364815815,0.9594400864238178,0.8082416962260318,1.1869643461796189,0.0,48378334.0,62850508.0,6387500.0,11993522.0,18065024.0,0.0,25,25,3,39,40,0,0.4113232326167736,0.5343688379630103,0.05430792942021611,0.39900539433943344,0.6009946056605665,0.0,0.4716981132075472,0.4716981132075472,0.05660377358490566,0.4936708860759494,0.5063291139240507,0.0,-0.03463100071650349,0.9316019336710866,0.9780272271315978,-0.07084754533113294,-0.021972772868402213,0.9554891143527229,0.9653689992834966,-0.045529787987767266,0.05660377358490566,56603.77358490566,0.05660377358490566,,-0.06662576769755624,0.8891393430001449,1.1353634436235769,-0.11749944310350358,0.012317838277340176,1.0308687741652138,0.8103286269562071,0.030404347958944283,0.05430792942021611,54307.92942021611,0.05430792942021611,,-0.05410240969803737,0.9544187116564311,2.3198262826612,-0.04665191999568952,0.06376355692152824,1.0788903595655834,1.6802469493735919,0.07593421488759754,0.9594400864238178,959440.0864238179,0.9594400864238178,,14,2,0.875,441,250,191,0.833,0.917
300,new-england-patriots,2017,0.923027448397887,1.08006823932517,0.9485450851071533,0.9931579361281333,1.0073683764773949,0.0,55155202.0,67228253.0,7085000.0,17635160.0,16609812.0,0.0,24,25,3,42,39,0,0.4260126684913325,0.5192635765986394,0.05472375491002809,0.5149707816960691,0.48502921830393086,0.0,0.46153846153846156,0.4807692307692308,0.057692307692307696,0.5185185185185185,0.48148148148148145,0.0,-0.0007122507122506727,0.9985186362127735,0.9622507122507122,-0.0014803820935175432,-0.056980056980056926,0.8901081734726984,0.98005698005698,-0.11641011374966068,0.057692307692307696,57692.307692307695,0.057692307692307696,,0.034234358294708556,1.0705798463741432,1.0042927949025704,0.06820233999385236,-0.08895811320473662,0.8272543926353632,0.9409834501874017,-0.1896406749243464,0.05472375491002809,54723.75491002809,0.05472375491002809,,0.07269986284777508,1.0721670367844525,2.087436615802565,0.06968279427320401,-0.07013048773024633,0.9293854335101122,1.9161853845260204,-0.0732306520672363,0.9485450851071533,948545.0851071533,0.9485450851071533,,13,3,0.813,458,296,162,0.833,0.833
301,new-england-patriots,2018,0.8374063582219431,1.2347330125189957,0.8744095689622291,1.1482689970893287,0.9140039816881894,0.0,70255556.0,77692437.0,7860000.0,8440729.0,11583943.0,0.0,28,21,3,29,50,0,0.45091111596566164,0.49864217813267125,0.05044670590166706,0.42151646728595604,0.578483532714044,0.0,0.5384615384615384,0.40384615384615385,0.057692307692307696,0.3670886075949367,0.6329113924050633,0.0,-0.22906523855890948,0.6380759149169775,1.0367575462512173,-0.44929553763047053,0.1713729308666017,1.4668395054531245,0.9055501460564752,0.38311194708123614,0.057692307692307696,57692.307692307695,0.057692307692307696,,-0.0798413545813727,0.8619801393707438,1.0771257108467152,-0.14852104331295776,0.029394648679705593,1.069732931517557,0.8724275832516177,0.067411238336324,0.05044670590166706,50446.70590166706,0.05044670590166706,,0.3207290308308063,1.350904029252022,2.148736994207185,0.30077482952310636,-0.31086263886738563,0.729276529339465,1.9856753553112718,-0.31570109779681466,0.8744095689622291,874409.5689622292,0.8744095689622291,,11,5,0.688,436,325,111,0.833,0.667
302,new-england-patriots,2019,1.1179523853879576,0.9835407180832731,0.19902802684130655,0.8752669049968792,1.0676097040021935,1.0923084081648773,79294779.0,75574579.0,1764597.0,12100996.0,23330686.0,2922910.0,24,26,3,31,49,6,0.5062425896096412,0.482491673021983,0.011265737368375842,0.3155031866849216,0.6082892499547381,0.07620756336034026,0.4528301886792453,0.49056603773584906,0.05660377358490566,0.36046511627906974,0.5697674418604651,0.06976744186046512,-0.07920140412461607,0.8609919428566516,1.0603334795963142,-0.14966809402879866,0.09236507240017555,1.2562351029095564,0.813295304958315,0.22812144270537996,-0.013163668275559454,0.8113091259528425,0.12637121544537078,-0.20908846457855854,-0.12579757693275512,0.7931931722691337,1.0907809229767211,-0.23168641763120207,0.19073940292471958,1.6045510993969807,0.8217457762945628,0.472846003948131,-0.06494182599196442,0.14782770953321303,0.0874733007287161,-1.911619047334589,-0.08406898591892031,0.9212540810955119,2.051150422085467,-0.08201838879977374,0.2426854803910784,1.2772687985079765,1.993219290384837,0.2447249415675036,-0.8932803813235708,0.18220847074427515,1.2913364350061838,-1.7025987793701545,12,4,0.75,420,225,195,0.833,0.667
303,new-england-patriots,2020,0.997887471538913,1.0704741294058233,0.4303199921271951,1.0887750540988188,0.9681938355307189,0.48889088761113436,48951473.0,52512219.0,2533127.0,38894118.0,42046475.0,1712212.0,25,25,3,51,62,5,0.47070163751835525,0.5049406270782186,0.024357735403426138,0.4705722691444047,0.5087120152788523,0.02071571557674298,0.4716981132075472,0.4716981132075472,0.05660377358490566,0.4322033898305085,0.5254237288135594,0.0423728813559322,-0.05372561560601219,0.8977463132971869,0.9971218420211065,-0.10786563248959057,0.03949472337703869,1.0913774230579343,0.9039015030380557,0.08744270933235716,0.01423089222897346,1.3358175313100347,0.09897665494083786,0.28956115393664095,-0.0037713882006337185,0.9925844472475981,1.013652642357071,-0.007441204223441396,0.00012936837395055578,1.0002727914702507,0.94127390666276,0.0002748787552075687,0.0036420198266831592,1.175752754494088,0.045073450980169114,0.16194963847218624,0.1022802938751044,1.1056391648887898,2.0386679649365425,0.10042453167237694,-0.09088758255990581,0.9165222432861694,2.086662525637732,-0.08716794006459837,-0.05857089548393929,0.8801945850029578,0.9192108797383294,-0.12760995278225648,7,9,0.438,326,353,-27,0.5,0.5
304,new-england-patriots,2021,1.0296477337266685,1.0370037076743257,0.3803718715732736,1.3727464469110473,0.6992231287237018,0.6084668569213123,74688161.0,70034039.0,2854268.0,33142131.0,17704778.0,2149782.0,29,27,3,41,43,6,0.5060980386114133,0.47456101876621687,0.01934094262236985,0.6253622702594771,0.33407327261243536,0.04056445712808749,0.4915254237288136,0.4576271186440678,0.05084745762711865,0.45555555555555555,0.4777777777777778,0.06666666666666667,-0.020150659133710003,0.9578221970690317,0.9354048964218455,-0.043090931102955525,0.035969868173258035,1.078955878769857,0.9470809792843691,0.07599582906785894,-0.01581920903954802,0.7627004239004213,0.11751412429378531,-0.27087028754962045,0.1404877461537815,1.4205254869080037,0.8086342913786522,0.3510289715685907,-0.11926423164806377,0.8092864782439525,1.1314603088708903,-0.21160033468522943,-0.02122351450571764,0.47678354914872134,0.05990539975045734,-0.7406409639989955,0.33778057895062386,1.4830776929382785,1.7362268363980276,0.3941204151343565,-0.3430987131843788,0.7500634847608562,2.4023941806377156,-0.28759645848079957,-0.22809498534803868,0.6251305919393269,0.9888387284945859,-0.4697920749664968,10,7,0.588,462,303,159,0.5,0.667
305,new-england-patriots,2022,0.9544958024823454,1.1448054382100332,0.2993627513819711,1.116834783041881,0.9640186693711198,0.7854715850287842,78347561.0,80047397.0,2730277.0,18655748.0,24414360.0,3809211.0,27,23,3,31,47,9,0.4862525786230816,0.4968023599779389,0.016945061398979496,0.3979526238425093,0.5207916949476165,0.08125568120987423,0.5094339622641509,0.4339622641509434,0.05660377358490566,0.3563218390804598,0.5402298850574713,0.10344827586206896,-0.10626762090652786,0.8032903637206474,0.9741921492084147,-0.21903672739539265,0.15311212318369116,1.4296977526863435,0.8657558013446107,0.3574650231350064,-0.0468445022771633,0.5471645220637081,0.16005204944697463,-0.6029880836749796,-0.023989334969677534,0.953934962601404,1.0175940549255553,-0.047157770360691,0.08829995478057229,1.2218825247223197,0.8842052024655909,0.2003947790553977,-0.06431061981089473,0.20853745374134663,0.09820074260885372,-1.5675776071210816,0.18078676883891343,1.187533278192186,2.108824107581153,0.1718791537852831,-0.16233898055953555,0.854642926897116,2.0713305855242266,-0.15707047896390908,-0.4861088336468131,0.3811243792436126,1.0848343364107553,-0.9646261619991688,8,9,0.471,364,347,17,0.5,0.5
306,new-england-patriots,2023,1.1264974060931396,0.9209508924287705,0.46756650320783716,0.8922613838917411,1.1453483808745906,0.4773763555251079,70412840.0,49036810.0,3247301.0,35581012.0,60486459.0,3087000.0,27,23,3,37,49,6,0.5738760370663163,0.3996579344502212,0.026466028483462477,0.3588442522173307,0.6100225072049449,0.031133240577724427,0.5094339622641509,0.4339622641509434,0.05660377358490566,0.40217391304347827,0.532608695652174,0.06521739130434782,-0.09864643150123054,0.8147847620752792,0.9665709598031174,-0.2048289918886453,0.10726004922067267,1.2666975133008287,0.9116078753076292,0.2364150933346644,-0.008613617719442163,0.8679112203298418,0.12182116488925349,-0.14164818376819285,-0.2103645727547237,0.655151694532898,1.0096804416551661,-0.4228859733174756,0.2150317848489856,1.5992298449548794,0.932720289283647,0.4695239089930105,-0.004667212094261949,0.8500617966701938,0.057599269061186904,-0.16240844660291243,-0.22439748844582008,0.8040785700914519,2.066299273303361,-0.2180572047498688,0.2342360222013985,1.2625180960557207,2.0187587899848807,0.23310910328106768,-0.009809852317270717,0.97944843381505,0.944942858732945,-0.020763549668432694,4,13,0.235,236,366,-130,0.333,0.333
307,new-england-patriots,2024,1.10232681940555,0.9638572347754337,0.4946227433685094,1.0332809011799782,1.0340093960349188,0.09176311131262722,64899487.0,61476015.0,3640114.0,50537656.0,48734258.0,326409.0,24,26,3,55,53,4,0.49916686161760754,0.47283562460681644,0.027997513775576004,0.507414728258025,0.48930801776652405,0.003277253975450972,0.4528301886792453,0.49056603773584906,0.05660377358490566,0.49107142857142855,0.4732142857142857,0.03571428571428571,0.01735175202156336,1.0366656626388846,0.9637803234501348,0.036011507466479346,-0.038241239892183254,0.9221250518921758,0.9439016172506738,-0.08107222517222049,0.02088948787061995,1.5848612842613992,0.09231805929919137,0.46051455219379756,-0.01647239315970761,0.9663333546663391,0.9621436423733405,-0.03424430175472107,-0.00824786664041749,0.9837433761292025,1.0065815898756325,-0.0163882092237902,0.024720259800125034,8.540373621212352,0.03127476775102698,2.144840473219323,-0.07015216125948509,0.9321542979369466,1.9978666308103525,-0.07025588477553502,0.06904591822557182,1.0668209886834605,2.1356077205855284,0.06468409473518869,0.4028596320558822,5.390154563622377,0.5863858546811367,1.6845760822473044,4,13,0.235,289,417,-128,0.333,0.25
308,new-orleans-saints,2011,1.0246466043514724,1.1079578183366712,0.30382678088724624,0.4732017829213541,1.4214385736629167,0.0,45263138.0,48943360.0,2556450.0,1659591.0,6231503.0,0.0,21,21,4,4,5,0,0.4677734498126287,0.5058068301102194,0.026419720077151845,0.21031190352060183,0.7896880964793982,0.0,0.45652173913043476,0.45652173913043476,0.08695652173913043,0.4444444444444444,0.5555555555555556,0.0,-0.09903381642512082,0.8217376513070102,1.0120772946859904,-0.19633190338814177,0.012077294685990336,1.027171601907374,0.9009661835748792,0.026811197926979388,0.08695652173913043,86956.52173913043,0.08695652173913043,,-0.28388126636917876,0.6405138837109614,1.2954949265896176,-0.4454825044791765,0.2574615462920269,2.224178554820848,0.6780853533332305,0.7993897963913763,0.026419720077151845,26419.720077151847,0.026419720077151845,,-0.31348075532624553,0.7794617786541341,2.5293963919995877,-0.24915072228242127,0.5514448214301182,2.1653435722117633,1.4978483872728265,0.7725800186719233,0.30382678088724624,303826.78088724625,0.30382678088724624,,13,3,0.813,547,339,208,0.833,0.75
309,new-orleans-saints,2012,0.9300628933017151,1.1085758077100591,0.7479479316001667,1.4813556227631282,0.8127368445911758,0.06493166097281804,45741638.0,48679574.0,3941250.0,10380403.0,10576699.0,65000.0,28,25,3,7,13,1,0.4650314466508575,0.49489991415627643,0.04006863919286607,0.49378520758770933,0.5031228085564422,0.003091983855848478,0.5,0.44642857142857145,0.05357142857142857,0.3333333333333333,0.6190476190476191,0.047619047619047616,-0.17261904761904762,0.7211526812148995,1.0654761904761905,-0.32690216099088176,0.16666666666666669,1.4999955000135001,0.8333333333333333,0.4054641081106645,0.005952380952380952,1.1249763754961146,0.10119047619047619,0.117780702369327,-0.00822289440016577,0.9836543326705971,0.9980227227127186,-0.016478710973796332,-0.028753760936851835,0.9417667798431891,0.9588166542385668,-0.05999546445311135,0.0369766553370176,12.954687466958765,0.04316062304871455,2.5614826460745457,0.29583896311888336,1.3640017074235002,1.921312652301235,0.31042371325513185,-0.5512927294614131,0.6278453675570018,2.411418516064843,-0.4654602976427706,0.6830162706273487,11.518824585261815,0.8128795925729847,2.4439839545232864,7,9,0.438,461,454,7,0.5,0.417
310,new-orleans-saints,2013,0.7367156521395183,1.3182388932874944,0.5237272729658902,1.5912720359491666,0.1671902941724665,1.26668194737187,33834191.0,60541060.0,2775294.0,22611867.0,1781822.0,2249933.0,26,26,3,24,18,3,0.34826558101140864,0.6231674768268155,0.02856694216177583,0.8486784191728888,0.0668761176689866,0.08444546315812468,0.4727272727272727,0.4727272727272727,0.05454545454545454,0.5333333333333333,0.4,0.06666666666666667,0.0727272727272727,1.1818152272801137,0.8727272727272728,0.167053700048669,-0.06060606060606061,0.8863619744349343,1.006060606060606,-0.12062774740447911,-0.012121212121212123,0.8181695456386335,0.12121212121212122,-0.2006673621843725,0.5562913591578289,9.318097109256868,0.6900435944958021,2.2319600397286417,-0.5004128381614801,0.41036176104143474,1.1969440001842975,-0.8907132929491597,-0.05587852099634885,0.33828464915439593,0.1130124053199005,-1.083832575769013,1.1510485991150279,7.884614446058792,1.485429187459961,2.0649140806680295,-0.8545563838096483,0.4629724978027296,2.327987688088685,-0.7700862692793752,-0.7429546744059798,0.41346358538458755,1.7904092203377602,-0.8831839233735508,11,5,0.688,414,304,110,0.833,0.75
311,new-orleans-saints,2014,0.6346204137516773,1.3711087992193887,0.8285536255013196,1.51015217084011,0.5070315436684688,0.704920740831328,29775826.0,66904455.0,4665000.0,22144255.0,7249031.0,1033667.0,25,26,3,40,39,4,0.293805747107258,0.6601634959204464,0.046030756972295535,0.7277841787181254,0.23824373738638896,0.03397208389548569,0.46296296296296297,0.48148148148148145,0.05555555555555555,0.4819277108433735,0.46987951807228917,0.04819277108433735,0.011601963409192284,1.0246891772759295,0.9513609995537706,0.024391401842215596,-0.018964747880410526,0.960646154807377,0.9448906738063365,-0.040146983013592014,0.0073627844712182006,1.1527538581352212,0.1037483266398929,0.1421717388338228,0.4219197585340575,2.7709468136111783,0.8984072333068354,1.0191905865385886,-0.4339784316108674,0.4036984479743717,1.0215899258253833,-0.9070836920294566,0.012058673076809842,1.3549184146456617,0.08000284086778123,0.30376296629406613,0.8640772555509199,2.704183027975241,1.8781403428878574,0.9948005730871219,-0.8755317570884327,0.4202357919750836,2.144772584591787,-0.8669377400277277,0.12363288466999156,1.175383844062165,1.5334743663326478,0.1615959769685448,7,9,0.438,401,424,-23,0.5,0.5
312,new-orleans-saints,2015,0.7318495701780175,1.2816063673064944,0.8878671876290659,1.1021524001587164,0.9690216684943765,0.13125353905509676,32298366.0,56560519.0,4702058.0,25144041.0,24274191.0,234852.0,25,25,3,51,56,4,0.34521206140472527,0.6045313053332522,0.05025663326202259,0.5063943460188697,0.4888757967178836,0.0047298572632467305,0.4716981132075472,0.4716981132075472,0.05660377358490566,0.4594594594594595,0.5045045045045045,0.036036036036036036,-0.03280639129695728,0.9349711925756314,0.9762026177120516,-0.06723744024987612,0.012238653748087691,1.0266348354817842,0.9311575726670067,0.02628842343362022,0.020567737548869626,1.5707111297472816,0.0926398096209417,0.4515461322040685,0.11565550861536855,1.23657189171551,1.0934071020511358,0.21234460176031084,-0.1611822846141444,0.6817046485886576,0.851606407423595,-0.3831558847586678,0.04552677599877586,10.623155691561083,0.05498649052526933,2.363056015445595,0.3125846988121178,1.3225762502520153,2.250628035800871,0.27958231950393253,-0.37030282998069886,0.6640178854165192,1.8340019703367338,-0.4094448276001278,0.7566136485739692,6.764468444450257,1.0191207266841626,1.911684810468927,7,9,0.438,408,476,-68,0.5,0.417
313,new-orleans-saints,2016,0.8796536106006158,1.1228020442576294,0.8984867316289525,1.0508021387493405,0.9745522466980098,0.0608606920469993,34383852.0,47545360.0,4390000.0,39010111.0,20872731.0,86900.0,24,26,3,52,30,2,0.3983337104606562,0.5508085500131766,0.05085773952616713,0.6504965620829251,0.3480543738207178,0.0014490640963571262,0.4528301886792453,0.49056603773584906,0.05660377358490566,0.6190476190476191,0.35714285714285715,0.023809523809523808,0.1334231805929919,1.3735810596334104,0.8477088948787062,0.3174232801138993,-0.16621743036837378,0.731493738530434,1.0718778077268643,-0.3126644099947058,0.032794249775381853,2.377258645702918,0.08041329739442947,0.8659656607919445,0.20275417619245883,1.58253137702421,0.8988629238338944,0.45902751785428325,-0.25216285162226887,0.6123523494618061,1.0488302725435812,-0.4904449172718451,0.049408675429810006,35.0727527520561,0.05230680362252425,3.5574442166416196,0.14824979755961964,1.1521197513444417,2.0973542909556393,0.14160439831956348,-0.17114852814872472,0.8371250314759948,1.9304557493499561,-0.17778070234134347,0.8376260395819533,14.762762936908047,0.9593474236759518,2.6921091054836053,7,9,0.438,469,454,15,0.333,0.5
314,new-orleans-saints,2017,0.6763954313143431,1.2813174227265385,1.3667870401461524,1.0003751591180126,0.9995432845519848,0.0,31118048.0,61404073.0,5240000.0,35125908.0,28829431.0,0.0,24,25,2,56,46,0,0.3183037323832203,0.6280967758463424,0.053599491770437345,0.5492255775549872,0.45077442244501276,0.0,0.47058823529411764,0.49019607843137253,0.0392156862745098,0.5490196078431373,0.45098039215686275,0.0,0.039215686274509776,1.0869541115365353,0.9411764705882353,0.08338143154812422,-0.07843137254901966,0.8571412959212109,1.0196078431372548,-0.15415037625642897,0.0392156862745098,39215.686274509804,0.0392156862745098,,0.17732235340132962,1.3933696128318973,1.0788711982913552,0.33172658755727774,-0.23092184517176695,0.5795490338436007,0.8675293099382075,-0.5455018640806371,0.053599491770437345,53599.491770437344,0.053599491770437345,,0.28177413817455366,1.2819016050908139,2.2808607072785234,0.24834538490018382,-0.32397972780366946,0.6761410946765176,1.6767705904323558,-0.3913520263584393,1.3667870401461524,1366787.0401461525,1.3667870401461524,,11,5,0.688,448,326,122,0.667,0.667
315,new-orleans-saints,2018,0.8313926813299178,1.2188028922532859,0.46929867435991607,1.1809949482711548,0.8686899394895544,0.0,52086937.0,82998123.0,3835000.0,18421913.0,18677551.0,0.0,23,25,3,37,51,0,0.3749417974625119,0.5974523981633754,0.02760580437411271,0.4965546941594628,0.5034453058405373,0.0,0.45098039215686275,0.49019607843137253,0.058823529411764705,0.42045454545454547,0.5795454545454546,0.0,-0.08934937611408206,0.8458270680231136,1.0697415329768272,-0.1674383115930328,0.030525846702317283,1.0725994627311135,0.8714349376114082,0.07008732405210176,0.058823529411764705,58823.529411764706,0.058823529411764705,,0.0940070923228381,1.1867251606224196,1.1008977040039127,0.17119922141244182,-0.12161289669695091,0.7550850828469282,0.8714964916219747,-0.28092217649289,0.02760580437411271,27605.80437411271,0.02760580437411271,,0.35011295276373144,1.4030339639198475,2.08749283174284,0.3386378293725055,-0.34960226694123697,0.7039758964008159,2.0123876296010725,-0.35100995867691476,0.46929867435991607,469298.67435991607,0.46929867435991607,,13,3,0.813,504,353,151,0.667,0.75
316,new-orleans-saints,2019,0.7367098351137525,1.327790593763463,0.7687868768275945,1.194865800468625,0.8422514948587322,0.0,56432860.0,89974547.0,6795000.0,18541209.0,16144741.0,0.0,26,23,3,34,42,0,0.36835491755687627,0.587291993395378,0.04435308904774583,0.5345452265254376,0.4654547734745625,0.0,0.5,0.4423076923076923,0.057692307692307696,0.4473684210526316,0.5526315789473685,0.0,-0.11032388663967618,0.8003648520870441,0.9949392712550608,-0.22268532930447799,0.05263157894736842,1.1176445605592176,0.9473684210526316,0.11122539981660522,0.057692307692307696,57692.307692307695,0.057692307692307696,,0.12183721992081548,1.261756813136778,1.0527467668699404,0.23250674870448015,-0.1661903089685613,0.689098340383378,0.9029001440823139,-0.3723685742353683,0.04435308904774583,44353.08904774584,0.04435308904774583,,0.4855390989047309,1.5764757027952387,2.1700420886221954,0.45519254089626715,-0.45815596535487246,0.6165623103971222,1.9315756355823774,-0.48359453289572174,0.7687868768275945,768786.8768275946,0.7687868768275945,,13,3,0.813,458,341,117,0.833,0.75
317,new-orleans-saints,2020,0.8324000528662426,1.162790301209737,1.0400803827001692,0.7915310166717324,1.1655445867561056,1.4723149624494158,63358889.0,88506844.0,9500000.0,11714926.0,20428168.0,573441.0,25,25,3,38,45,1,0.3926415343708692,0.5484859911366684,0.05887247449246241,0.3580735551610218,0.6243988857621995,0.017527559076778762,0.4716981132075472,0.4716981132075472,0.05660377358490566,0.4523809523809524,0.5357142857142857,0.011904761904761904,-0.06401617250673852,0.8805015010512861,1.0074123989218329,-0.12726152627809895,0.019317160826594792,1.0426987874404163,0.9240790655884996,0.04181445990688693,0.04469901168014376,4.754317618452126,0.06850853548966757,1.559070843997717,-0.07591289462553108,0.8784210305662313,1.172884876898868,-0.1296274434130666,0.03456797920984739,1.096535703840512,0.750715089531891,0.09215839683681042,0.04134491541568365,3.3586602432401107,0.07640003356924117,1.2115591430497787,-0.0027542855463686955,0.9976360550992801,2.3283348879658425,-0.002365883429792155,0.04086903619451021,1.051631564275004,1.6239310695379752,0.0503440302442636,-0.4322345797492466,0.7064247140062527,2.512395345149585,-0.34753768298812465,12,4,0.75,482,337,145,1.0,0.833
318,new-orleans-saints,2021,1.1881479265599157,0.8917838746456807,0.36997369840480276,0.7488396212025407,1.1944344738313477,1.1308867527035888,59231672.0,46235593.0,2213276.0,24838307.0,47204747.0,5586663.0,25,26,3,47,56,7,0.5500684845184796,0.4293774211256981,0.020554094355822377,0.31995874724108553,0.6080757321323225,0.071965520626592,0.46296296296296297,0.48148148148148145,0.05555555555555555,0.42727272727272725,0.509090909090909,0.06363636363636363,-0.027609427609427584,0.9457653380138532,0.9905723905723904,-0.055758720848390377,0.035690235690235717,1.0835278029333535,0.8902356902356903,0.08022436196115817,-0.008080808080808077,0.8730021544105895,0.11919191919191918,-0.1357992554833059,-0.17869831100662437,0.7061237479355846,1.0374531532580207,-0.3479624475360082,0.23010973727739403,1.7191802695856304,0.8700272317595651,0.5418494077250506,-0.051411426270769625,0.28560633718100764,0.09251961498241439,-1.2530922088301224,-0.30265059918566706,0.7466153628082877,2.0862183484770283,-0.29220401433915294,0.4393083053573751,1.5866499398121654,1.9369875477624565,0.4616256790301484,-0.7609130542987861,0.32715333375953065,1.5008604511083916,-1.1173236045183035,9,8,0.529,364,335,29,0.667,0.583
319,new-orleans-saints,2022,1.0380941749108537,0.9510142180335078,1.0490386815342563,0.3867411924518722,1.3930946902157944,0.0045746622731697795,68180679.0,55521227.0,7655500.0,10331895.0,65129574.0,9166.0,27,24,3,40,70,3,0.5190470874554267,0.4226729857926701,0.058279926751903126,0.1368995371511052,0.8629790116381026,0.00012145121079211803,0.5,0.4444444444444444,0.05555555555555555,0.35398230088495575,0.6194690265486725,0.02654867256637168,-0.1750245821042281,0.717459159276246,1.0639134709931168,-0.3320370038402899,0.14601769911504425,1.4124960096987726,0.8539823008849557,0.3453603590404495,0.02900688298918387,2.0925137745737503,0.08210422812192723,0.7383841060287726,-0.44030602584543255,0.4897830541756757,1.2856519974307727,-0.7137903666064959,0.3821475503043215,3.791417464509462,0.655946624606532,1.3327418769687767,0.058158475541111004,475.9440627405744,0.05840137796269525,6.165317490494382,-0.4420804721822865,0.6826625225480334,2.3441089082493023,-0.3817536004871157,0.6513529824589814,2.6842020218418203,1.4248353673627259,0.9873844485227015,1.0444640192610866,229.2648842737987,1.053613343807426,5.434878988231175,7,10,0.412,330,345,-15,0.333,0.417
320,new-orleans-saints,2023,0.8944859382517761,1.1940256597083085,0.3974212780675474,1.196641424755336,0.8629370990640725,0.6832785272033136,61731735.0,73248056.0,3047499.0,43473456.0,35922018.0,3102901.0,27,24,3,48,55,6,0.44724296912588807,0.5306780709814704,0.022078959892641522,0.526961361360148,0.43542697659196317,0.03761166204788882,0.5,0.4444444444444444,0.05555555555555555,0.44036697247706424,0.5045871559633027,0.05504587155963303,-0.060142711518858305,0.880806335210071,0.9490316004077471,-0.12691525103840534,0.059633027522935755,1.1354140883305077,0.9403669724770642,0.1269994199285526,0.0005096839959225219,1.0092409247157934,0.11060142711518858,0.009216488441271087,0.09525109438950718,1.2187505156076948,0.9661050475734335,0.19782805077239313,-0.07971839223425997,0.8487190014321033,0.9742043304860362,-0.16402488747071178,-0.0155327021552473,0.5870087010733345,0.05969062194053035,-0.53267034534807,0.3310885606442361,1.3836747514141834,2.056962758772381,0.324743660876157,-0.30215548650355994,0.7474964281286129,2.091127363007112,-0.29102463419203783,-0.2858572491357662,0.5816379128088415,1.080699805270861,-0.541904651583636,9,8,0.529,402,327,75,0.667,0.5
321,new-orleans-saints,2024,1.0542870893085179,1.0204058783107683,0.3843605626095359,0.7492462811722675,1.2140870256401608,0.1123043915990783,71412284.0,66352642.0,3124166.0,34024892.0,74737626.0,226666.0,25,24,3,45,61,2,0.5068687929367874,0.4709565592203547,0.02217464784285784,0.3121859504884448,0.6857343385560167,0.002079710955538487,0.4807692307692308,0.46153846153846156,0.057692307692307696,0.4166666666666667,0.5648148148148148,0.018518518518518517,-0.1032763532763532,0.8171486162967753,1.0263532763532763,-0.2019321291084898,0.0641025641025641,1.1538433846220308,0.8974358974358975,0.1431005236413902,0.03917378917378918,3.115216393699356,0.07621082621082621,1.1363159512920171,-0.21477777933566206,0.6867905629773562,1.1566908977763715,-0.37572376728617374,0.19468284244834266,1.623606599006606,0.8190547434252322,0.4846519432983595,0.020094936887319354,10.657245680296354,0.02425435879839633,2.3662851019210254,-0.19368114732939246,0.8404710834477852,2.234492903950929,-0.17379175071194114,0.30504080813625034,1.4071283484125388,1.8035333704807854,0.3415519438105109,0.2720561710104576,3.4224586828535695,0.4966649542086142,1.2303618076157001,5,12,0.294,338,398,-60,0.333,0.333
322,new-york-giants,2011,0.9973603943149827,1.0381852863083108,0.592749610127644,1.2727077990501265,0.6850422095900927,0.035918777878836766,53132769.0,64843451.0,3266667.0,3684742.0,850000.0,14856.0,29,34,3,7,3,1,0.43823411265355305,0.5348227232497359,0.026943164096711093,0.8099049630318986,0.18682969352457074,0.0032653434435306154,0.4393939393939394,0.5151515151515151,0.045454545454545456,0.6363636363636364,0.2727272727272727,0.09090909090909091,0.24242424242424243,1.8888819629883582,0.7878787878787878,0.6359870412346389,-0.19696969696969696,0.6904751054438819,1.0757575757575757,-0.3703730838647519,-0.045454545454545456,0.49999450006049934,0.13636363636363635,-0.6931361807414421,0.34799302972516516,2.8626063156983332,0.7216524167743066,1.0517343788226639,-0.3716708503783456,0.5410925868640541,1.2481390756854518,-0.6141625926664257,0.023677820653180477,8.248723553573418,0.030208507540241708,2.1100955820740674,0.3531430767182181,1.5155033606267359,1.7232274958984033,0.41574859823561705,-0.27534740473514385,0.7836516845482271,2.270068193365109,-0.2437896346201774,0.5568308322488073,16.502039966034438,0.6286683880064808,2.803485694621125,9,7,0.563,394,400,-6,0.5,0.417
323,new-york-giants,2012,1.096242480925939,0.9301676271532503,0.6603958274652341,0.8814550734464015,1.1637453931654345,0.08490314771526593,64384277.0,46826061.0,4155667.0,4010067.0,6108820.0,29712.0,28,24,3,13,15,1,0.5580870811986599,0.4058913282123274,0.03602159058901277,0.39513503292424895,0.6019372723269488,0.002927694748802273,0.509090909090909,0.43636363636363634,0.05454545454545454,0.4482758620689655,0.5172413793103449,0.034482758620689655,-0.08087774294670852,0.8436347326092137,0.9536050156739813,-0.17003336766768526,0.060815047021943514,1.1356618022649305,0.9573667711598746,0.12721753098471267,0.020062695924764888,1.5817723104211796,0.0890282131661442,0.45856426700788444,-0.19604594411462145,0.6743072286187235,1.0078286005392763,-0.3940669794064592,0.16295204827441095,1.4123922768279908,0.9532221141229089,0.3452867087710819,0.0330938958402105,12.29953739758787,0.03894928533781504,2.509589412461919,-0.23357776601218416,0.7992872266810289,2.0939130203186846,-0.22403384003515883,0.2147874074795375,1.2436722758511891,1.9776975543723405,0.2180694279665593,0.5754926797499681,7.778133874918971,0.7452989751805,2.05131796182546,9,7,0.563,429,344,85,0.5,0.667
324,new-york-giants,2013,0.9836793659538644,1.0535968712641082,0.6769392774442375,0.8583615639599158,1.1249750906236038,0.0,44002651.0,47130251.0,3494000.0,13933362.0,20695991.0,0.0,26,26,3,30,34,0,0.4650120639054632,0.49806397550666937,0.036923960587867496,0.4023569831062105,0.5976430168937895,0.0,0.4727272727272727,0.4727272727272727,0.05454545454545454,0.46875,0.53125,0.0,-0.05852272727272728,0.8898378972035303,1.0039772727272727,-0.11671385543627008,0.003977272727272718,1.0084826970550949,0.9414772727272727,0.00844903653784772,0.05454545454545454,54545.454545454544,0.05454545454545454,,-0.09957904138712015,0.833379003935018,1.095706992400459,-0.18226474580147253,0.0626550807992527,1.1557172553544537,0.8673690470116737,0.1447233020192734,0.036923960587867496,36923.9605878675,0.036923960587867496,,-0.07137821935949562,0.9365504565346556,2.178571961887712,-0.0655509316469201,0.1253178019939486,1.1459951857823574,1.84204092991378,0.13627443398662867,0.6769392774442375,676939.2774442376,0.6769392774442375,,7,9,0.438,294,383,-89,0.5,0.5
325,new-york-giants,2014,0.8913186622536463,1.1104692636592428,0.9482775295061763,0.8730656009823818,1.1495481964589762,0.4623858875877067,35051720.0,45416767.0,4475000.0,20794429.0,25899634.0,297648.0,25,26,3,37,35,1,0.4126475288211326,0.534670386206302,0.052682084972565345,0.4425127018677826,0.5511532448775913,0.006334053254626119,0.46296296296296297,0.48148148148148145,0.05555555555555555,0.5068493150684932,0.4794520547945205,0.0136986301369863,0.0020294266869609334,1.004230709694467,0.960933536276002,0.004223862324994584,-0.04388635210553021,0.9134116112769911,0.9698122780314562,-0.09056650616526662,0.04185692541856925,4.055259521610478,0.06925418569254185,1.4000326857545986,-0.01648285867128929,0.9700921133702775,1.0858236310838933,-0.030362379446507683,-0.029865173046649984,0.9325079134937756,0.8551602306889152,-0.06987521780699411,0.04634803171793923,8.31596560519751,0.05901613822719146,2.1181962156127305,-0.0390789327997334,0.9660041232509983,2.260017460118219,-0.03458627588316251,0.01825306127126447,1.0209056917888362,1.7643842632360283,0.0206912883756441,0.48589164191846956,2.0508313599751564,1.410663417093883,0.718246306934948,6,10,0.375,380,400,-20,0.333,0.333
326,new-york-giants,2015,1.0234714115579782,1.0457312655443791,0.4233110241470214,0.7028982112407952,1.343874732721751,1.5179949582403254,37991085.0,38817367.0,1885588.0,18995692.0,28394043.0,2237647.0,25,25,3,55,43,3,0.4827695337537633,0.49326946487942414,0.02396100136681253,0.38276635265587855,0.5721446881884682,0.045088959155653224,0.4716981132075472,0.4716981132075472,0.05660377358490566,0.5445544554455446,0.42574257425742573,0.0297029702970297,0.045955538950121444,1.1079394774901172,0.897440687464973,0.10250408362707801,-0.07285634223799742,0.8662076717634075,1.0162525686530919,-0.14362847343933013,0.02690080328787596,1.9055962222856737,0.08630674388193536,0.6448126036997935,-0.07887522330904406,0.8621396176928597,1.0654141530678922,-0.14833602466537715,0.10000318109788475,1.2612609994138928,0.8655358864096419,0.23211408506899334,-0.021127957788840693,0.5314043706293397,0.06904996052246576,-0.6321902873335703,-0.29814346717737195,0.7781458062543178,2.38960599826613,-0.2508404044570037,0.32057320031718295,1.4560713615701628,1.7263696227987735,0.37574293770724565,-1.094683934093304,0.278861759709642,1.9413059823873469,-1.2770367425392346,6,10,0.375,420,442,-22,0.333,0.333
327,new-york-giants,2016,1.0297033772625455,1.0487124937292216,0.35920715271305637,0.7200096231376761,1.1771178309851762,1.575864941816425,66774920.0,57932431.0,2588235.0,8678397.0,16476386.0,2450860.0,27,23,3,31,36,4,0.5245658714356364,0.4551016482221151,0.020332480342248473,0.31437039883476,0.5968484776826245,0.08878112348261549,0.5094339622641509,0.4339622641509434,0.05660377358490566,0.43661971830985913,0.5070422535211268,0.056338028169014086,-0.07307998937018334,0.855868333001815,0.9410045176720702,-0.15563642691287305,0.07281424395429181,1.1667654348518983,0.9460536805740101,0.1542372976494551,0.0002657454158915759,1.0046991477222034,0.11294180175391974,0.0047058077055550365,-0.14174682946050943,0.7625065703150635,1.0519501259047397,-0.27114195642215566,0.2101954726008764,1.6686183074541046,0.8389362702703964,0.511997829507347,-0.06844864314036703,0.22901547681758022,0.10911360382486396,-1.4739165121736968,-0.1284053372559546,0.8909147200130285,2.225830324714398,-0.11550561521009686,0.3096937541248693,1.4301224789924407,1.7497130004002215,0.35776106140214864,-1.2166577891033685,0.22794270958036922,1.9350720945294815,-1.4786581714674953,11,5,0.688,310,284,26,0.667,0.667
328,new-york-giants,2017,1.2527181200119701,0.8183059239303944,0.6135017245306891,1.0214463697906346,0.9943886423295714,0.3461522062922004,58235404.0,42795879.0,3565000.0,30984020.0,31599611.0,250000.0,24,27,3,42,44,1,0.556763608894209,0.4091529619651972,0.03408342914059384,0.49311204058858227,0.5029091984195534,0.003978760991864372,0.4444444444444444,0.5,0.05555555555555555,0.4827586206896552,0.5057471264367817,0.011494252873563218,-0.005747126436781658,0.9886344088365097,1.0057471264367817,-0.011428673096395362,-0.038314176245210774,0.9206330136093924,0.9272030651340997,-0.08269153727407072,0.044061302681992334,4.832912869913651,0.06704980842911877,1.5754673643807016,-0.09375623645435621,0.8135706200649779,0.9120621603847505,-0.20632010186032337,0.06365156830562668,1.1290790611208599,1.0498756494827912,0.12140410637347439,0.030104668148729467,8.564189962731154,0.038062190132458214,2.147618891364493,-0.176082718399177,0.8229228152591542,1.8126945662599656,-0.19489164528528996,0.2312717502213355,1.226414749365637,2.2741644898026045,0.20409587332085416,0.2673495182384887,1.7723415914651681,0.9596539308228895,0.5723032352979566,3,13,0.188,246,388,-142,0.167,0.083
329,new-york-giants,2018,0.9253281735899958,1.1549912661504411,0.33067133549636063,1.324168397793304,0.7692706731397169,0.34449232823271847,51302753.0,64035910.0,2200000.0,32434584.0,19984735.0,1022800.0,25,25,3,33,35,4,0.43647555358018664,0.544807201014359,0.018717245405454375,0.6069105156552643,0.37395102166514016,0.019138462679595472,0.4716981132075472,0.4716981132075472,0.05660377358490566,0.4583333333333333,0.4861111111111111,0.05555555555555555,-0.014412997903563929,0.9703484081673718,0.9578092243186582,-0.03009796830026785,0.013364779874213861,1.0291572742915045,0.9300314465408805,0.02874240704760516,0.0010482180293501092,1.0188495852357677,0.11215932914046121,0.018691799684763727,0.17085617934921882,1.4568906422498584,0.9187582226794991,0.3763063031113154,-0.1704349620750777,0.719174941192106,1.043386069235451,-0.3296483479691797,-0.00042121727414109675,0.9779399619932265,0.037855708085049844,-0.02225357414881057,0.38572059301072426,1.5014088084596207,1.924261939290158,0.40640473877729827,-0.39884022420330834,0.6987989415342422,2.2494965713833,-0.35839113471684997,-0.01382099273635784,0.9598773282279054,0.6751636637290791,-0.04094676163486614,5,11,0.313,369,412,-43,0.167,0.333
330,new-york-giants,2019,0.7831616213363716,1.3080340190485595,0.2400363301255754,1.0747277619905131,1.0131316334443605,0.2163320134176246,46213327.0,77185350.0,1699707.0,33888712.0,34850662.0,775166.0,25,25,3,44,48,5,0.36941585912092995,0.6169971787964903,0.01358696208257974,0.48750537657301624,0.5013434887147351,0.011151134712248689,0.4716981132075472,0.4716981132075472,0.05660377358490566,0.4536082474226804,0.4948453608247423,0.05154639175257732,-0.02314724761719511,0.9532213441387853,0.9665434740322895,-0.04790602192196787,0.018089865784866765,1.0398776389318432,0.9253063606302276,0.039105171355928815,0.005057381832328345,1.0980919045642212,0.10815016533748298,0.09359170788406097,0.11565369008175519,1.2306850732083374,1.1183406675112253,0.20757260517377574,-0.11808951745208629,0.7577662095781853,0.8569212356939462,-0.27737766457721336,0.0024358273703310503,1.2183283679004357,0.024738096794828426,0.19755332619214142,0.294902385604199,1.2910787550111962,2.32116565249292,0.2554788776167554,-0.29156614065414155,0.7287063015656826,1.8578893833268846,-0.316483229786724,0.023704316707950812,1.1095686522065509,0.4563683435432,0.10397550421070108,4,12,0.25,341,451,-110,0.333,0.25
331,new-york-giants,2020,0.9959301732248148,1.0308952714697341,0.7881096602937316,0.9618512085465432,1.088335430714303,0.23553488481010817,73077371.0,69824280.0,6672500.0,16985820.0,25625959.0,433274.0,26,24,3,48,64,5,0.48856951894047523,0.4668205002881815,0.0446099807713433,0.3946056240190946,0.5953287826129521,0.010065593367953339,0.49056603773584906,0.4528301886792453,0.05660377358490566,0.41025641025641024,0.5470085470085471,0.042735042735042736,-0.09417835832930177,0.8278286753049481,0.9998387356877924,-0.1889468515585262,0.08030962747943882,1.195751802336114,0.9008224479922593,0.17877714932165698,0.013868730849862926,1.32449730864977,0.0993388163199484,0.2810506642640322,-0.12850828232477057,0.7841376560051596,1.0621492829011336,-0.24316855025644457,0.09396389492138063,1.2381178855143442,0.8831751429595698,0.2135944390664921,0.03454438740338996,4.431487310628606,0.05467557413929664,1.4887576800008182,-0.0574401592445688,0.947221137119458,2.119230702184037,-0.05422172970016113,0.03407896467827165,1.0354295227223804,1.9577813817713579,0.03481734251491754,0.5525747754836234,3.346027977558982,1.0236445451038398,1.2077752328818425,6,10,0.375,280,357,-77,0.667,0.417
332,new-york-giants,2021,0.911839087700205,1.0870262498145633,1.0086990790534425,1.0957749889704709,0.951045716410127,0.34243555407408743,52172448.0,62196084.0,7527973.0,27125935.0,33152611.0,346000.0,23,23,3,49,69,2,0.4280061023898922,0.5102368111374481,0.06175708647265974,0.44744145382960887,0.546851286935823,0.005707259234568124,0.46938775510204084,0.46938775510204084,0.061224489795918366,0.4083333333333333,0.575,0.016666666666666666,-0.10561224489795912,0.8163251109163999,1.0443877551020408,-0.2029404526930996,0.06105442176870751,1.1495182177563015,0.8777210884353741,0.1393450439458627,0.0445578231292517,3.673248992815533,0.07789115646258503,1.3010928877794576,-0.036614475798374846,0.9330432062311701,1.057088098073271,-0.06930181040522192,-0.019435351439716697,0.9565612264250672,0.875447556219501,-0.04440814483870177,0.05604982723809162,10.818900112081572,0.06746434570722787,2.381310807366712,0.13598053340443628,1.1429788159278989,2.0380719662246904,0.1336387708351142,-0.18393590127026582,0.8321400513228233,2.007614076670676,-0.18375342472600803,0.666263524979355,2.9456524633617436,1.35113463312753,1.0803313334691338,4,13,0.235,258,416,-158,0.167,0.25
333,new-york-giants,2022,0.823425784982623,1.2507208882066507,0.6669744589054045,1.2684098256789271,0.7678950362399865,0.5553576169420357,55894058.0,72321205.0,5030462.0,41732959.0,28367859.0,320566.0,27,23,3,57,64,1,0.4194810602741664,0.5427656684670371,0.03775327125879648,0.5926177054401544,0.40283018294556666,0.004552111614278981,0.5094339622641509,0.4339622641509434,0.05660377358490566,0.4672131147540984,0.5245901639344263,0.00819672131147541,-0.09062789978348285,0.8272389891134128,0.9585524280853697,-0.1896593381523996,0.04222084751005256,1.0903650942400862,0.9766470770182494,0.08651455196336338,0.04840705227343025,6.904817989563764,0.06480049489638107,1.932237093801252,0.13993548552147045,1.347377490735069,0.9455958514126037,0.29816194611537755,-0.17313664516598798,0.7078430978019942,1.0120987657143208,-0.34553043922727317,0.0332011596445175,8.291751763870385,0.04230538287307546,2.1152877447233354,0.4828258519666643,1.6287633080264652,2.018615924446637,0.48782181966140353,-0.44498404069630415,0.6491790895444918,2.0918356106615503,-0.43204543899675146,0.11161684196336885,1.2009797607498336,1.22233207584744,0.18313919026403974,9,7,0.559,365,371,-6,0.25,0.375
334,new-york-giants,2023,0.9937701669317598,1.042546054309438,0.5491621510191471,1.0136509735405033,1.0306809250936073,0.7199690277757831,63340928.0,63894044.0,2692500.0,33785490.0,54392419.0,5332650.0,26,25,2,36,57,8,0.48750989321180666,0.49176700674973495,0.02072310003845838,0.3613013371035457,0.5816714131716398,0.0570272497248145,0.49056603773584906,0.4716981132075472,0.03773584905660377,0.3564356435643564,0.5643564356435643,0.07920792079207921,-0.09265832243601713,0.8358144739771999,1.0360545488511115,-0.17934649160771368,0.13413039417149264,1.3763064112325896,0.8470016813002055,0.31940543576235053,-0.04147207173547544,0.47640907967499174,0.11694376984868299,-0.7414518831021771,-0.08990440642190489,0.8454363583590209,1.073438419921375,-0.1679003510076598,0.12620855610826093,1.3493128694379055,0.8488112303153523,0.29959752850996474,-0.03630414968635612,0.36338306257786496,0.07775034976327289,-1.0122494781482134,0.011865129215830716,1.0115109510771263,2.0732269794030453,0.011446163328389328,-0.019880806608743473,0.9803859636959026,2.007421140472263,-0.019807938077930666,-0.17080687675663597,0.7627569618636543,1.2691311787949302,-0.2708140071524519,6,11,0.353,266,407,-141,0.5,0.417
335,new-york-giants,2024,0.98497009790557,0.9430101795978648,1.6091410262091337,0.7509600266171929,1.3820992461551171,0.12882698550567936,50514487.0,54670720.0,10764167.0,54885727.0,86159052.0,830791.0,23,26,3,68,58,6,0.43565985099669446,0.4715050897989324,0.09283505920437311,0.38685819553006906,0.6072860324014909,0.005855772068439972,0.4423076923076923,0.5,0.057692307692307696,0.5151515151515151,0.4393939393939394,0.045454545454545456,0.06060606060606061,1.137928444714574,0.9393939393939394,0.12921145561852718,-0.07284382284382285,0.8585956183822611,0.9574592074592074,-0.15245496554959076,0.01223776223776224,1.2692028467681404,0.10314685314685315,0.23840635687010758,-0.13578094260255852,0.7764122476555863,1.0787911222004234,-0.25306953201615906,0.048801655466625404,1.1261457812829276,0.8225180465267635,0.11880328498298949,0.08697928713593314,15.850891603692023,0.09869083127281308,2.7632365230745815,-0.4390890665572523,0.6823023020372345,2.325109425752982,-0.38228140079604483,0.23401007128837714,1.3116128041191473,1.735930124522763,0.27125854341287725,1.4803140407034543,12.490617002919718,1.737968011714813,2.5249783441201163,3,14,0.176,273,415,-142,0.0,0.083
336,new-york-jets,2011,0.983629458481052,1.0790994755940253,0.28361523330947364,2.126425100743082,0.4367874496284591,0.0,52555950.0,59404155.0,1377613.0,6822793.0,2802930.0,0.0,33,34,3,3,6,0,0.4637110304267817,0.5241340310028123,0.012154938570406015,0.7088083669143607,0.2911916330856394,0.0,0.4714285714285714,0.4857142857142857,0.04285714285714286,0.3333333333333333,0.6666666666666666,0.0,-0.18095238095238092,0.728570335715925,1.1523809523809523,-0.31666905050249816,0.1380952380952381,1.4142814714413001,0.8047619047619048,0.34662372929960233,0.04285714285714286,42857.14285714286,0.04285714285714286,,0.23294239791717292,1.799956356892673,0.8153256640884516,0.587764326344552,-0.24509733648757898,0.6542112055395677,1.1725193973411423,-0.4243228788969834,0.012154938570406015,12154.938570406015,0.012154938570406015,,0.6423120259655661,2.470531161050455,1.5158869252224845,0.9044340991789267,-1.1427956422620302,0.4625740147458317,3.110054559224134,-0.7709476863080339,0.28361523330947364,283615.23330947367,0.28361523330947364,,8,8,0.5,377,363,14,0.5,0.5
337,new-york-jets,2012,1.2613788027811104,0.848943372858969,0.3134566969651981,1.2098005312141513,0.9475044996746558,0.021354284537484836,58349344.0,43333239.0,2000000.0,14805384.0,15460585.0,37333.0,29,32,4,21,28,3,0.5627690043177261,0.4179413527921078,0.019289642890166037,0.48857329145186884,0.5101947305940455,0.0012319779540856638,0.4461538461538462,0.49230769230769234,0.06153846153846154,0.40384615384615385,0.5384615384615384,0.057692307692307696,-0.0461538461538461,0.914284016329684,1.0307692307692307,-0.08961198458288284,0.042307692307692324,1.1047591691677716,0.8500000000000001,0.09962960613822931,0.0038461538461538464,1.0666481780982462,0.11923076923076924,0.0645374378224286,-0.09225337780193771,0.8191784598147822,0.9281360833861534,-0.1994509265366614,0.0741957128658573,1.1518596335582396,1.051342295769595,0.1413794859067237,0.018057664936080374,15.644758956351826,0.0205216208442517,2.7501878098775117,-0.09856112681568674,0.8959772509504905,1.7964478725336248,-0.10983907795953728,0.051578271566959044,1.0426328370697269,2.471179333995262,0.041749881005934956,0.2921024124277133,14.678179371245978,0.33481098150268296,2.686365184691069,6,10,0.375,281,375,-94,0.333,0.333
338,new-york-jets,2013,1.0975603739679134,0.9829102010251037,0.3733251990307593,1.3822066029373763,0.7985277465442565,0.05039027894192387,39333156.0,39627506.0,1672352.0,22501878.0,19759657.0,65627.0,24,27,3,25,38,2,0.487804610652406,0.49145510051255187,0.020740288835042184,0.5316179242066832,0.46683160567202686,0.001550470121289965,0.4444444444444444,0.5,0.05555555555555555,0.38461538461538464,0.5846153846153846,0.03076923076923077,-0.08461538461538465,0.8552616949471007,1.0846153846153848,-0.15634578091754683,0.05982905982905978,1.1555525511189226,0.829059829059829,0.14458087881195616,0.02478632478632478,1.8054968769070558,0.08632478632478632,0.5908538318056424,0.024623494840525006,1.052743734138021,0.9582867061845788,0.051401870914702615,-0.0438133135542772,0.917583231974558,1.019422534859089,-0.08600993712027664,0.019189818713752218,13.368152277272175,0.02229075895633215,2.592923396580486,0.18438245448084722,1.230901461317183,1.7814379475693602,0.2077478137139008,-0.2846462289694629,0.7940633314673213,2.4797669769052897,-0.23059114725136778,0.3229349200888354,7.408527960979477,0.42371547797268316,2.002634442461272,8,8,0.5,290,387,-97,0.5,0.417
339,new-york-jets,2014,0.8459495938484963,1.128661904918985,0.9288585325338319,1.1053723047993513,0.9008260660711989,0.0,32659174.0,55457454.0,4890000.0,13579849.0,11758617.0,0.0,22,28,3,32,34,0,0.35114888801258337,0.5962742139194639,0.05257689806795275,0.5359380871754431,0.46406191282455694,0.0,0.41509433962264153,0.5283018867924528,0.05660377358490566,0.48484848484848486,0.5151515151515151,0.0,0.013150371640937686,1.0255252012834883,1.0434534019439679,0.025206765714111116,-0.06975414522584333,0.8561303097029345,0.8999428244711264,-0.1553302743769728,0.05660377358490566,56603.77358490566,0.05660377358490566,,0.13221230109490695,1.2848995199598952,1.0603361267440208,0.250682197785422,-0.18478919916285974,0.6552029818598256,0.8870869751880265,-0.42280734759471394,0.05257689806795275,52576.89806795275,0.05257689806795275,,0.22783583884778613,1.2529173993865974,2.029487970990184,0.2254756374682324,-0.259422710950855,0.7653066979051517,1.9513218986478478,-0.26747743110231587,0.9288585325338319,928858.5325338319,0.9288585325338319,,4,12,0.25,283,401,-118,0.167,0.333
340,new-york-jets,2015,0.9900514038937522,1.1119554576055797,0.23121218998011892,0.8105716079544998,1.0975586680530716,3.4601479340722565,68331321.0,65375276.0,1773088.0,7718928.0,8313975.0,1497744.0,27,23,3,44,35,2,0.5043658095307795,0.4825467080175157,0.013087482451704845,0.4403105030863949,0.47425374545503085,0.08543575145857424,0.5094339622641509,0.4339622641509434,0.05660377358490566,0.5432098765432098,0.43209876543209874,0.024691358024691357,0.0018634987188446694,1.0043103442025296,0.8660610295830422,0.004303385622187838,-0.033775914279058905,0.9378198859087606,1.0526438388073607,-0.0641954047399752,0.031912415560214305,2.2923599896091003,0.08129513160959702,0.8295995165591972,0.008292962562484851,1.0174841952388458,0.9568004534725465,0.017335177615282086,0.06405530644438456,1.1454749784990657,0.9446763126171744,0.135821362058119,-0.07234826900686939,0.15318328738248643,0.09852323391027909,-1.8760437118486089,0.014396789552508116,1.013116179440198,2.209514125658651,0.013031806496348743,0.17947979593925245,1.2214222318617103,1.800623011848252,0.20001695363928287,-3.2289357440921376,0.06682145606605575,3.6913601240523755,-2.7057267263969873,10,6,0.625,387,314,73,0.5,0.583
341,new-york-jets,2016,1.2000545029702716,0.7724885603088986,0.8770790099092424,0.6536807255242487,1.307722316311711,0.0027991817386188033,60591988.0,32038789.0,4744781.0,17118364.0,43586045.0,3332.0,28,23,3,44,56,2,0.6222504830216223,0.3290229053167531,0.04872661166162457,0.28197992081438183,0.7179651932691746,5.488591644350594e-05,0.5185185185185185,0.42592592592592593,0.05555555555555555,0.43137254901960786,0.5490196078431373,0.0196078431372549,-0.12309368191721137,0.7757922377435034,0.9749455337690632,-0.2538681816895848,0.08714596949891062,1.202017415525284,0.9498910675381264,0.18400325336737713,0.03594771241830065,2.8331888407024572,0.07516339869281045,1.0414208759666186,-0.38894228795242153,0.4582707492376291,1.0469880985859277,-0.7802920746934219,0.3402705622072405,2.2067112953050754,0.9042304038360042,0.7915049126033631,0.04867172574518106,871.8942939923231,0.04878149757806808,6.770688716530969,-0.5352337560028125,0.5907125388630503,2.0802108766206096,-0.5264244832519962,0.5463737774460229,1.83583914940843,1.8537352284945203,0.6075025124008545,0.8742798281706236,313.22217333717197,0.8798781916478612,5.746913897853907,5,11,0.313,275,409,-134,0.333,0.333
342,new-york-jets,2017,1.18750423117934,0.8506266768348245,0.3453648788707787,0.6698665039808676,1.3111145113684444,0.31085120943029876,61742911.0,34750062.0,1923948.0,12821946.0,32983451.0,680002.0,28,22,3,35,46,4,0.6273607259060665,0.3530903186861536,0.019548955407779928,0.2758273839921219,0.7095443237993935,0.014628292208484647,0.5283018867924528,0.41509433962264153,0.05660377358490566,0.4117647058823529,0.5411764705882353,0.047058823529411764,-0.12608213096559373,0.7670207319817894,0.9562708102108768,-0.265239038928957,0.1165371809100999,1.2830157520291305,0.9400665926748057,0.24921525591085691,0.009544950055493898,1.2028046290808774,0.10366259711431743,0.18467368722280472,-0.3564540051132399,0.4976289841436277,1.062634642485547,-0.6978976592438957,0.3515333419139446,2.2744603612802408,0.9031881098981884,0.8217444144107864,0.00492066319929528,1.3362885318841327,0.034177247616264575,0.2899471710961545,-0.46048783453361986,0.6487808812108431,2.161741188203269,-0.43265906893605943,0.5176377271984725,1.772744944518546,1.8573707351602076,0.572530003526321,0.034513669440479955,1.111025974380982,0.6562160883010775,0.10528678514922012,5,11,0.313,298,382,-84,0.333,0.417
343,new-york-jets,2018,0.9915914702786389,1.1003619369354924,0.3034324077463536,1.040864734952753,0.9812516091584691,0.5239935850786465,54065100.0,53073078.0,1908948.0,29796111.0,37452810.0,500000.0,26,23,3,30,40,1,0.4957957351393195,0.4866985490291601,0.017505715831520403,0.43980200068426184,0.5528178079766023,0.0073801913391358664,0.5,0.4423076923076923,0.057692307692307696,0.4225352112676056,0.5633802816901409,0.014084507042253521,-0.12107258938244858,0.7850947603029542,1.005687973997833,-0.241948593856314,0.07746478873239437,1.183330532784406,0.9225352112676056,0.16833494815334876,0.04360780065005417,4.095863039878015,0.07177681473456121,1.4099947828314914,-0.0661192589474422,0.8803943389888415,1.0395163570057624,-0.127383304737176,0.055993734455057675,1.1273132160716097,0.9355977358235814,0.11983913360811389,0.010125524492384536,2.3716653622977124,0.02488590717065627,0.8636495154614448,0.11911032777702335,1.1213849794286637,2.0816135460939615,0.11456541892789546,-0.04927326467411397,0.9526603066856163,2.0324562052313917,-0.04849587668070398,-0.22056117733229286,0.5790754644932282,0.8274259928250001,-0.5463191783683659,4,12,0.25,333,441,-108,0.167,0.25
344,new-york-jets,2019,0.9150519851896577,1.1830860234778673,0.36087261996276315,1.223619576770891,0.8175598679648441,0.24704144893500593,45067630.0,49636294.0,1974833.0,54173698.0,37078919.0,533529.0,27,23,3,41,42,2,0.4661585584928445,0.5134146894337915,0.020426752073363957,0.5902165017365475,0.4039707582885112,0.005812739974941316,0.5094339622641509,0.4339622641509434,0.05660377358490566,0.4823529411764706,0.49411764705882355,0.023529411764705882,-0.06015538290788014,0.8782551857414144,0.928079911209767,-0.12981577887832887,0.027081021087680346,1.0561413907423078,0.9917869034406215,0.05462403203066961,0.03307436182019978,2.405558141137492,0.08013318534961154,0.8777996184600715,0.10944393114528034,1.2709172829530269,0.9173854477223027,0.23974085754213662,-0.124057943243703,0.7898080912905924,1.056375060229392,-0.2359631402579364,0.01461401209842264,3.513530388598115,0.026239492048305273,1.256670294919129,0.36552615551302314,1.4470922836888287,2.000645891442711,0.3695570667358823,-0.30856759158123337,0.7478233061464696,2.1386715619605488,-0.29058745780823675,0.11383117102775722,1.4607717075283069,0.6079140688977691,0.37896763393526967,7,9,0.438,276,359,-83,0.333,0.333
345,new-york-jets,2020,0.5976474936268735,1.4461870522391167,0.3518655982460034,1.1987435195664964,0.8336014972509714,0.31608122817148665,23417612.0,61388084.0,1723393.0,57521504.0,37500212.0,947944.0,24,26,3,48,45,3,0.27063282730273513,0.7094502520418307,0.019916920655434153,0.5993717597832482,0.3907507018363929,0.00987753838035896,0.4528301886792453,0.49056603773584906,0.05660377358490566,0.5,0.46875,0.03125,0.02181603773584906,1.0465386478873626,0.9593160377358491,0.045490231295279675,-0.047169811320754707,0.9056585660413584,0.9528301886792453,-0.09909069431133598,0.02535377358490566,1.8112627943075632,0.08785377358490566,0.5940419449383164,0.3186995502054378,1.8156037419867115,1.1002009538782236,0.5964194621584977,-0.32873893248051306,0.45152673838665003,0.8700045870859834,-0.7951169916092977,0.010039382275075193,2.016180925614871,0.029794459035793114,0.7012552983352652,0.6125855549881453,1.7348641073033102,2.279788549490088,0.5509297774836993,-0.6010960259396229,0.498561189537702,1.7963910131933698,-0.6960272765699941,0.035784370074516736,1.1132090541170918,0.66794682641749,0.1072497260412774,2,14,0.125,243,457,-214,0.0,0.083
346,new-york-jets,2021,0.9011837213367386,1.1767003464758174,0.41684362067087394,0.9499937060187604,1.132561110254905,0.17096028292558488,39008550.0,47161607.0,2004828.0,51971219.0,64595467.0,994969.0,27,25,3,47,49,5,0.4423992813834899,0.5348637938526443,0.02273692476386585,0.44207627903843305,0.5494603406187162,0.008463380342850737,0.4909090909090909,0.45454545454545453,0.05454545454545454,0.46534653465346537,0.48514851485148514,0.04950495049504951,-0.030603060306030605,0.9369182914355811,0.9396939693969397,-0.06515700285842277,0.025562556255625535,1.0549300347635036,0.9562556255625563,0.05347648400415994,0.0050405040504050355,1.1017959255404857,0.10405040504050406,0.09695984121209487,-0.014596546766071916,0.9734329866599268,1.0843241344713603,-0.02692442444091552,0.0003230023450568331,1.0007283847424986,0.884475560421923,0.0007303799980221289,0.014273544421015114,2.6861889285339267,0.031200305106716588,0.9881674142297922,0.04413923622091254,1.0389720226566457,2.3092614567307224,0.03823263440500901,-0.0488099846820218,0.9486197298018859,1.851177427355499,-0.05274615724045016,0.24588333774528906,2.4382340465490975,0.5878039035964588,0.8912764248346118,4,13,0.235,310,504,-194,0.0,0.333
347,new-york-jets,2022,1.1031246133976929,0.9608865592595991,0.4796113747693661,0.5760218258542105,1.3268467896324425,0.45477086429158625,78288882.0,70922000.0,4084569.0,11269455.0,37184239.0,721400.0,25,26,3,37,53,3,0.510705839535969,0.4626490840879551,0.026645076376075896,0.22916997372694398,0.7561599983926823,0.014670027880373752,0.46296296296296297,0.48148148148148145,0.05555555555555555,0.3978494623655914,0.5698924731182796,0.03225806451612903,-0.08841099163679816,0.844862249162049,1.0513739545997611,-0.16857960673617997,0.06511350059737159,1.1636607387866718,0.8608124253285543,0.1515730053002705,0.02329749103942652,1.7221688349883375,0.08781362007168458,0.5436024469074735,-0.29351091430472726,0.6118393901184739,1.2188090824806375,-0.49128330389560376,0.28153586580902507,2.2284926892376538,0.7398758132629131,0.8013273908960857,0.011975048495702145,1.816169704899852,0.041315104256449645,0.5967672553293585,-0.3659602303728434,0.7241874816144357,2.2877333488920417,-0.32270392690767274,0.5271027875434824,1.9150710074063804,1.6791464392519033,0.6497556080462431,0.024840510477779854,1.0546197168913984,0.9343822390609524,0.05318232904387983,7,10,0.412,296,316,-20,0.333,0.417
348,new-york-jets,2023,1.1752088781919583,0.8510029092565564,0.6150968222199255,0.6025512648537998,1.356037427708894,0.41720827678815803,84601720.0,54455613.0,4920000.0,19891394.0,57299768.0,1377286.0,27,24,3,50,64,5,0.587604439095979,0.37822351522513614,0.034172045678884745,0.2531728003587394,0.7292974401123463,0.017529759528914203,0.5,0.4444444444444444,0.05555555555555555,0.42016806722689076,0.5378151260504201,0.04201680672268908,-0.09337068160597572,0.8263873523249056,0.9822595704948646,-0.19068941584027396,0.07983193277310924,1.1899971678067407,0.9201680672268908,0.17395292712427027,0.013538748832866473,1.3221907540822748,0.09757236227824463,0.2793080229024816,-0.3510739248872102,0.5186128125639099,1.1075209553374825,-0.6565950561846985,0.33443163873723963,2.3209527931538014,0.8407772394547184,0.8419794898974212,0.016642286149970542,1.9492621310858427,0.05170180520779895,0.6674801699089051,-0.5050345184523376,0.6275654818236792,2.2070403369654503,-0.4659060848333509,0.5726576133381585,1.9503849653226428,1.7777601430457581,0.6680276221176418,0.19788854543176743,1.474312428897037,1.0323050990080835,0.3881933569688165,7,10,0.412,268,355,-87,0.333,0.333
349,new-york-jets,2024,0.9199821399159953,1.1844693812419769,0.39405789834288135,1.2246240634106782,0.9209292148969378,0.3259702254730124,76210333.0,77094421.0,3497500.0,50360324.0,48888604.0,2437255.0,28,22,3,55,71,10,0.4860283003329786,0.49166653560987716,0.02230516405714423,0.4952523785852007,0.4807792224829601,0.023968398931839146,0.5283018867924528,0.41509433962264153,0.05660377358490566,0.40441176470588236,0.5220588235294118,0.07352941176470588,-0.10696448390677027,0.795108761322362,0.9371531631520533,-0.22927395790218547,0.12389012208657046,1.306343253474384,0.9327136514983352,0.26723371725779904,-0.016925638179800223,0.769800851463137,0.13013318534961155,-0.2616057655389137,0.010887313126917042,1.0226430136220983,0.9724457580928373,0.02239249967425323,-0.009224078252222101,0.9813730129846352,0.9812806789181794,-0.018800596700409723,-0.0016632348746949167,0.9305683517793901,0.04627356298898337,-0.07191491689134406,0.2635401663450391,1.2861662719737477,2.105398596138915,0.25166675563149954,-0.3046419234946829,0.7512357597465562,2.1446062033266733,-0.28603466174758124,0.06808767286986894,1.2088732610403552,0.7200281238158938,0.18969127425471238,5,12,0.294,338,404,-66,0.333,0.417
350,philadelphia-eagles,2011,1.0214535197138006,1.0491553650526053,0.31237904922847887,1.1502334445945979,0.7663035306306255,0.0,62056674.0,55772196.0,1779193.0,5068141.0,2170591.0,0.0,32,28,3,14,9,0,0.5188335338228828,0.46629127335671344,0.014875192820403754,0.7001420967097552,0.29985790329024475,0.0,0.5079365079365079,0.4444444444444444,0.047619047619047616,0.6086956521739131,0.391304347826087,0.0,0.053140096618357446,1.1357995665369103,0.8357487922705313,0.12733911682178015,-0.10075914423740517,0.8344657492733891,1.116632160110421,-0.18096161138564648,0.047619047619047616,47619.04761904762,0.047619047619047616,,0.1664333700664687,1.5550356125506555,0.7661491766469581,0.44150059191076346,-0.18130856288687247,0.7410392764865973,1.218975630532638,-0.2996997229868718,0.014875192820403754,14875.192820403754,0.014875192820403754,,0.2828518344219798,1.3691102206967372,1.8154588956832307,0.3141620080437036,-0.12877992488079726,0.8880394118903419,2.1716869643083987,-0.11873817521887076,0.31237904922847887,312379.04922847886,0.31237904922847887,,8,8,0.5,396,328,68,0.833,0.5
351,philadelphia-eagles,2012,0.99768094957623,1.0589533480602062,0.5122614877159147,0.3731042342666923,1.4910054345237662,0.0089879201053846,45347161.0,41714529.0,2328360.0,4358484.0,24190899.0,5833.0,30,26,3,18,25,1,0.5072953980896084,0.4666574076197519,0.02604719429063973,0.15263355038182866,0.8471621787066853,0.0002042709114860136,0.5084745762711864,0.4406779661016949,0.05084745762711865,0.4090909090909091,0.5681818181818182,0.022727272727272728,-0.12750385208012333,0.7755918552973176,1.0088597842835132,-0.25412658760443385,0.0993836671802773,1.2429348148222417,0.9175654853620956,0.21747733600180835,0.02812018489984592,2.2371896992464535,0.07357473035439138,0.8052401461219034,-0.3805047710869334,0.5508471323460618,1.3138195863264372,-0.5962958021830648,0.35466184770777975,3.3235948009186957,0.6599289484714371,1.2010489397514656,0.025842923379153716,126.89179437104262,0.026251465202125745,4.843373101576898,-0.43205208646355997,0.7102272153496376,2.5499587825839725,-0.3421693941953465,0.6245767153095376,2.6739934419228666,1.3707851838429224,0.9835740284662273,0.5032735676105301,56.9881010967109,0.5212494078212994,4.042844445479499,4,12,0.25,280,444,-164,0.167,0.167
352,philadelphia-eagles,2013,0.7276905931439346,1.3467888252196785,0.379338180303225,1.3275564125018795,0.7817642457545104,0.015302951157910692,37087879.0,68641180.0,2320027.0,11276588.0,7662111.0,9999.0,25,25,3,26,30,2,0.3432502797848748,0.6352777477451313,0.02147197246999387,0.5951114952594632,0.40436081676957436,0.0005276879709624376,0.4716981132075472,0.4716981132075472,0.05660377358490566,0.4482758620689655,0.5172413793103449,0.034482758620689655,-0.045543266102797686,0.9119479224352743,0.988939492517892,-0.09217027313336897,0.02342225113858165,1.0522472898344202,0.9199739752765127,0.05093027307202635,0.022121014964216007,1.6414618315691487,0.09108653220559532,0.4956048720335667,0.230916930975557,1.5710626508218122,1.0396385645147057,0.45175381217274985,-0.25186121547458834,0.5767821756712083,0.938361775044338,-0.5502876822627041,0.02094428449903143,40.6136958836149,0.021999660440956307,3.704151918012625,0.565024579465168,1.7227535152446474,2.128553070974189,0.5439246342442114,-0.5998658193579449,0.5481424654716426,2.055247005645814,-0.6012186781234924,0.36403522914531433,24.786943998259115,0.3946411314611357,3.210319699030202,10,6,0.625,442,382,60,0.667,0.75
353,philadelphia-eagles,2014,0.9743708308539781,1.0946007240686089,0.4252370423117769,0.4215250455875488,1.5214362219907265,0.14186491062749323,53624165.0,60240976.0,2808333.0,3189958.0,14803343.0,115027.0,25,25,3,28,36,3,0.4596088824782915,0.5163210962587778,0.024070021262930768,0.17615972054405024,0.8174881192785993,0.006352160177350443,0.4716981132075472,0.4716981132075472,0.05660377358490566,0.417910447761194,0.5373134328358209,0.04477611940298507,-0.06561531962827372,0.8778809657466932,1.009011546043368,-0.13024214886069158,0.05378766544635316,1.1287034986346878,0.8896085609687412,0.12107174767531398,0.01182765418192059,1.2641227113223403,0.10137989298789074,0.23439603926550917,-0.30116702301982157,0.6315938452054383,1.333809215537377,-0.45950680463729193,0.2834491619342413,2.60903157672634,0.6357686030223417,0.9589812848417285,0.017717861085580325,3.7886690388733535,0.03042218144028121,1.332056324931579,-0.4268354979221176,0.7194517843045651,2.616036946059335,-0.32926485410577,0.5528457852664294,2.311531733456329,1.3958958764415268,0.8379114191670459,0.28337213168428366,2.997457531769913,0.5671019529392701,1.0977667915626996,10,6,0.625,474,400,74,0.667,0.5
354,philadelphia-eagles,2015,0.9357756999742756,1.114857374645702,0.5183638199430446,1.2673819154218875,0.8241422501332697,0.3987752077532532,52498038.0,67756775.0,3635097.0,14414341.0,11653210.0,367735.0,24,26,3,37,46,3,0.42374748678080404,0.546911164920533,0.029341348298662903,0.5452689636117423,0.4408202733270977,0.013910763061159997,0.4528301886792453,0.49056603773584906,0.05660377358490566,0.43023255813953487,0.5348837209302325,0.03488372093023256,-0.04431768319438345,0.9171434863248521,1.0254497586660816,-0.086489306870236,0.022597630539710423,1.0525217759335774,0.8830627468187802,0.051191184414379115,0.021720052654673104,1.6225949950441043,0.09148749451513821,0.4840443829562132,0.10609089159343532,1.2406641829980711,0.9877314382476308,0.21564869611652274,-0.12152147683093822,0.7771333744004503,0.9690164503925462,-0.2521409304269343,0.015430585237502906,2.1091035097183686,0.0432521113598229,0.746297061307438,0.2907151245124323,1.3527470794251142,1.9389996247789716,0.30213829552283794,-0.33160621544761193,0.7383527808269167,2.203157615396163,-0.3033324771658852,0.11958861218979139,1.2998865274926017,0.9171390276962978,0.26227890325877,7,9,0.438,377,430,-53,0.5,0.333
355,philadelphia-eagles,2016,0.9624791875938287,1.1165706367083779,0.43147215942259093,0.7797519241087901,1.1298680161627253,1.0851045438742528,57277597.0,58780616.0,2962744.0,9416968.0,22328635.0,1191334.0,26,23,3,33,54,3,0.4812395937969143,0.4938677816210132,0.024892624582072552,0.2859090388398897,0.6779208096976352,0.03617015146247509,0.5,0.4423076923076923,0.057692307692307696,0.36666666666666664,0.6,0.03333333333333333,-0.1576923076923077,0.7371782585490563,1.0423076923076922,-0.30492328468455543,0.13333333333333336,1.363632644638242,0.8666666666666667,0.3101542010328315,0.024358974358974363,1.7307173092499533,0.09102564102564104,0.5485532853819417,-0.18405302807662205,0.7285025714710177,1.1717885913186485,-0.31676209870563093,0.19533055495702456,1.6831853675008928,0.767148632636804,0.5206901282260161,-0.011277526880402539,0.6881899960496646,0.06106277604454764,-0.37365015038935806,-0.013297379454347391,0.9882301583067465,2.2464386528711033,-0.01183875901300771,0.18272726348503854,1.2343386704113786,1.7422311117026188,0.21053637609173262,-0.6536323844516618,0.3976315132277971,1.5165767032968438,-0.9222272310753434,7,9,0.438,367,331,36,0.333,0.417
356,philadelphia-eagles,2017,1.0338962894377173,1.0485058126762195,0.3181856567966926,0.42392472457029495,1.5256457107963337,0.7458884458176885,66252953.0,62020748.0,2352647.0,8022526.0,32773562.0,1144500.0,26,24,3,37,42,3,0.5071944061392576,0.4747950849854579,0.01801050887528449,0.1912831074280599,0.7814282908956832,0.0272886016762569,0.49056603773584906,0.4528301886792453,0.05660377358490566,0.45121951219512196,0.5121951219512195,0.036585365853658534,-0.05936493327197423,0.88409530894959,0.9650253106304648,-0.12318819827144302,0.039346525540727095,1.0871979984892906,0.9417855499309711,0.08360578133508924,0.020018407731247127,1.547127523168455,0.09318913943856419,0.43641766726295966,-0.3066332059102253,0.6075982696287752,1.2562233758811412,-0.49823924997394065,0.3159112987111977,2.651524023395454,0.6984775135673175,0.9751365494864104,-0.009278092800972412,0.659976979105356,0.045299110551541386,-0.41549480311506404,-0.47713989812011426,0.6872533498459394,2.574151523472553,-0.375051323935312,0.6099715648674223,2.43886187960334,1.4578210140080121,0.891532454915851,-0.42770278902099595,0.4265855463980704,1.0640741026143812,-0.8519392116279866,13,3,0.813,457,295,162,0.833,0.833
357,philadelphia-eagles,2018,0.8250003942502511,1.2689510989884618,0.21707088967739266,1.425259021525954,0.5005178525217032,0.5336853592038975,52970912.0,81475715.0,1672500.0,27240099.0,7772448.0,425000.0,25,25,3,48,39,2,0.389151129363326,0.5985618391455009,0.012287031491173168,0.7686790228454582,0.21932804773422945,0.011992929420312303,0.4716981132075472,0.4716981132075472,0.05660377358490566,0.5393258426966292,0.43820224719101125,0.02247191011235955,0.033495866016535925,1.0764368275024117,0.9099003603985585,0.07365847286764687,-0.06762772948908202,0.8746052965750063,1.0110239559041765,-0.13398046402686709,0.03413186347254611,2.5187558398934264,0.07907568369726521,0.9237827317888909,0.37923379141127145,2.7290586692867254,0.8178898868797303,1.0039584106209842,-0.3795278934821322,0.5062589345340176,1.1578301522087842,-0.6807044425624235,0.000294102070860865,1.0244375350720742,0.024279960911485474,0.024225099014194767,0.7684332464667586,2.535271334127096,1.7694689515101651,0.930301454526032,-0.6002586272757029,0.5788420230625461,2.2502594157762053,-0.5467244709696241,-0.31661446952650485,0.40673868824602966,0.7507562488812901,-0.8995797365799894,9,7,0.563,367,348,19,0.667,0.5
358,philadelphia-eagles,2019,1.009995477227562,1.0763243415659849,0.2840000024629641,0.93957290360269,1.0550557989397715,0.0,55265245.0,61348592.0,1942500.0,23205796.0,28600266.0,0.0,24,25,3,41,45,0,0.46615175872041326,0.5174636257528773,0.016384615526709466,0.44793591915942194,0.5520640808405781,0.0,0.46153846153846156,0.4807692307692308,0.057692307692307696,0.47674418604651164,0.5232558139534884,0.0,-0.04248658318425763,0.9188016628713519,1.0040250447227193,-0.0846829183414869,-0.015205724508050078,0.9681030350108948,0.9382826475849733,-0.032414589578738065,0.057692307692307696,57692.307692307695,0.057692307692307696,,-0.03460045508770082,0.9373235941041291,1.0695277065934554,-0.06472477263088226,0.01821583956099132,1.0406638497116345,0.9140876778798352,0.039860971767862546,0.016384615526709466,16384.615526709465,0.016384615526709466,,0.02126854262621336,1.020157722927889,2.1313801405057564,0.01995817475114435,0.07042257362487214,1.0749505423201395,1.949568380830252,0.07227564348016202,0.2840000024629641,284000.0024629641,0.2840000024629641,,9,7,0.563,385,354,31,0.833,0.583
359,philadelphia-eagles,2020,0.9346190949477589,1.0968622921506739,0.5536182752927319,1.0041808518830282,0.995819148116972,0.0,52900632.0,82778405.0,4476500.0,30345302.0,30092620.0,0.0,21,28,3,50,50,0,0.37744232680582573,0.5906181573119013,0.03193951588227299,0.502090425941514,0.497909574058486,0.0,0.40384615384615385,0.5384615384615384,0.057692307692307696,0.5,0.5,0.0,0.038461538461538436,1.0769209230812307,1.0384615384615383,0.07410782929685457,-0.09615384615384615,0.807690692310923,0.9038461538461539,-0.21357362410864875,0.057692307692307696,57692.307692307695,0.057692307692307696,,0.09270858325341524,1.1861932404804192,1.0885277313703874,0.17075091508079326,-0.12464809913568825,0.7517402355518256,0.8795327527473398,-0.2853617967466418,0.03193951588227299,31939.515882272994,0.03193951588227299,,0.10104314403370185,1.1014662579631127,2.092681440267646,0.09664316567514629,-0.06956175693526934,0.930726932771364,1.938799946830787,-0.07178828006736895,0.5536182752927319,553618.2752927319,0.5536182752927319,,4,11,0.281,334,418,-84,0.333,0.333
360,philadelphia-eagles,2021,1.00273467041281,1.0318398038401704,0.6842719477018239,0.5260606178813898,1.3402850997797615,0.3009816186425597,52587799.0,45658856.0,3364333.0,16452633.0,69862731.0,1255100.0,32,27,3,30,50,4,0.5175404750517729,0.449349591994913,0.03310993295331407,0.18787879210049635,0.7977887498689056,0.014332458030598079,0.5161290322580645,0.43548387096774194,0.04838709677419355,0.35714285714285715,0.5952380952380952,0.047619047619047616,-0.1597542242703533,0.7316116741181939,1.0307219662058371,-0.31250310933052405,0.15898617511520735,1.4451572438822977,0.8732718894009217,0.36822007243783633,0.0007680491551459306,1.0161076939964906,0.09600614439324116,0.016000008020052088,-0.3484391578739926,0.5632431252328712,1.2471383418638187,-0.5740416798421686,0.32966168295127657,2.7546361919271343,0.7054192671522692,1.0132873123522166,0.01877747492271599,2.3099752259805877,0.04744239098391215,0.837267001753323,-0.30844529593959114,0.7698653324911184,2.372124903619932,-0.2615387031564088,0.47667405253142014,1.9061163869949826,1.5287952882941998,0.6450688641211053,0.3832903290592642,2.273460011704032,0.9852535663443835,0.8213043666644357,9,8,0.529,444,385,59,0.5,0.583
361,philadelphia-eagles,2022,1.0609736811145143,0.9975875804158065,0.490860787014423,1.4220097711711088,0.6959147538897938,0.3265709476287833,75843143.0,65826481.0,4048722.0,47347480.0,24826389.0,1553366.0,26,24,3,42,45,6,0.5204776548863655,0.4517377722637615,0.027784572849873002,0.6421979611740491,0.33673294543054544,0.021069093395405376,0.49056603773584906,0.4528301886792453,0.05660377358490566,0.45161290322580644,0.4838709677419355,0.06451612903225806,-0.031040779062690205,0.9358471225197205,0.9367011564211808,-0.06630093815487623,0.03895313451004262,1.0862509640022455,0.9421789409616554,0.08273432351544585,-0.007912355447352401,0.8773448917202161,0.12111990261716372,-0.1308374343280745,0.11500482683321606,1.341527275149445,0.7884707176943069,0.293810936177673,-0.1217203062876836,0.8104616892167557,1.1626756160604148,-0.2101492856987882,0.006715479454467627,1.3186734547618004,0.04885366624527838,0.2766622633231858,0.3016728265260127,1.4334890032878689,1.6935023343056004,0.3601123374968756,-0.36103609005659454,0.7461080482820398,2.482983452285623,-0.29288390989701835,0.16428983938563968,1.503070887069541,0.8174317346432063,0.40751231061300663,14,3,0.824,477,344,133,0.667,0.75
362,philadelphia-eagles,2023,0.9481939220163688,1.1012473261224371,0.5879895988432843,1.375880221495997,0.7159927350191787,0.10909862187486827,71578673.0,83132596.0,5326444.0,47796152.0,23915947.0,437300.0,25,25,3,52,50,6,0.44726128396998527,0.5194562859068099,0.033282430123204775,0.6624608473869616,0.3314781180644346,0.006061034548603793,0.4716981132075472,0.4716981132075472,0.05660377358490566,0.48148148148148145,0.46296296296296297,0.05555555555555555,0.008735150244584211,1.0188657237783385,0.9346610761705101,0.018692093012238092,-0.009783368273934279,0.9796786619446078,0.9531795946890287,-0.020528537064296012,0.0010482180293501092,1.0188495852357677,0.11215932914046121,0.018691799684763727,0.1879781678423753,1.5670860020987367,0.8509344039712445,0.44921977023515053,-0.21519956341697638,0.6751502531567346,1.109722131356947,-0.3928177797844059,0.02722139557460098,5.490306902139048,0.03934346467180857,1.703014201419538,0.38525459110325844,1.5380683828091581,1.8172400611416157,0.4305282403204579,-0.42768629947962833,0.6891539089292872,2.324074143512366,-0.3722895981194651,0.478890976968416,5.3894742139223775,0.6970882207181526,1.6844495324342506,11,6,0.647,433,428,5,0.667,0.583
363,philadelphia-eagles,2024,0.8139890287438871,1.2032684808932417,0.7264276023074754,1.6561041302417028,0.49493566669093325,0.013846486386061709,62122573.0,99484525.0,6930000.0,59802324.0,22519032.0,10000.0,24,26,3,50,63,1,0.36859880546893004,0.5902826510042317,0.041118543526838226,0.7263614606323258,0.2735170789607789,0.00012146040689527815,0.4528301886792453,0.49056603773584906,0.05660377358490566,0.43859649122807015,0.5526315789473685,0.008771929824561403,-0.062065541211519415,0.8876893191318159,1.0431976166832175,-0.11913142459038878,0.014233697451175142,1.0324504762015936,0.8914266799073154,0.03193728809566744,0.04783184376034426,6.452094649889159,0.06537570340946706,1.8644224965186027,0.3167655720434528,2.1581120094400608,0.8637997299650106,0.7692354638729587,-0.3577626551633957,0.5074585010189692,1.0949602661012559,-0.6783376298277521,0.04099708311994295,335.7701037364729,0.041240003933733504,5.816451030343062,0.7083328142023084,2.431156472883896,1.698204147584175,0.8883678899773527,-0.8421151014978157,0.49150806544816894,2.47009315898559,-0.7102757011484977,0.7125811159214137,52.459167104772646,0.7402740886935371,3.960036474143834,14,3,0.824,463,303,160,0.833,0.75
364,pittsburgh-steelers,2011,1.3054713150441357,0.8153894544497887,0.4468278758819192,1.2002642008609796,0.9569465776740209,0.0006343056758722015,61586398.0,47751505.0,2907500.0,5040951.0,7033336.0,333.0,29,36,4,8,14,1,0.5486763498011584,0.4254205849303245,0.025903065268517055,0.4174832002994711,0.5824892211928823,2.757850764661745e-05,0.42028985507246375,0.5217391304347826,0.057971014492753624,0.34782608695652173,0.6086956521739131,0.043478260869565216,-0.08695652173913049,0.8571414489819051,1.1304347826086958,-0.15415040601822189,0.07246376811594202,1.2083298593849876,0.7681159420289855,0.18924150395017553,0.014492753623188408,1.3333026673719839,0.10144927536231885,0.2876763225674974,-0.1570686362625578,0.7303480289490616,1.0079098061232068,-0.3142317558525863,0.1311931495016873,1.3142445855617535,0.9661595501006295,0.27326386348212506,0.02587548676087044,906.382712100187,0.02593064377616367,6.80950024111007,-0.1415571232242322,0.8520732728449905,1.7723360321238095,-0.1600815284518578,0.10520711418315609,1.08765239057809,2.5057355159051156,0.0840223694373023,0.446193570206047,703.3273790108613,0.4474621815577914,6.555824709900568,12,4,0.75,325,227,98,0.667,0.75
365,pittsburgh-steelers,2012,1.2807589409476718,0.7539446642024549,0.5110194281515664,0.7466493480634829,1.2031814850239744,0.0029151149018905244,59561781.0,30053355.0,3394999.0,8517230.0,23528597.0,3167.0,28,24,4,21,36,2,0.640379470473836,0.3231191418010521,0.03650138772511189,0.26575654761581596,0.7341446349298827,9.88174543013737e-05,0.5,0.42857142857142855,0.07142857142857142,0.3559322033898305,0.6101694915254238,0.03389830508474576,-0.18159806295399522,0.7023798012585002,1.0387409200968523,-0.3532786604945293,0.1440677966101695,1.404757958060975,0.8559322033898304,0.33986701610048853,0.03753026634382566,2.107080698262258,0.10532687651331718,0.7453174340676327,-0.4110254931288306,0.44012948715810696,1.0572637767309347,-0.8206832115397625,0.37462292285802007,2.4096379433767976,0.906136018089652,0.8794780668256658,0.036402570270810515,365.6814129411188,0.036600205179413266,5.901789893732538,-0.4492368208215195,0.6266253653014505,1.9571261492264291,-0.4674050940756237,0.5341095928841889,1.7153396422695795,2.027408289011155,0.5396118839365927,0.5081043132496759,175.2398123339623,0.513934543053457,5.166157348907289,8,8,0.5,336,314,22,0.5,0.417
366,pittsburgh-steelers,2013,1.0778703659229243,0.9827943665176003,0.5001957741564282,1.4385295312640618,0.6808189169321298,0.184681909295529,48060021.0,45573609.0,2676324.0,19353350.0,9464756.0,331284.0,25,26,3,30,31,4,0.4990140582976501,0.4731972875825483,0.027788654119801574,0.6639367067372594,0.3246982526907081,0.011365040572032553,0.46296296296296297,0.48148148148148145,0.05555555555555555,0.46153846153846156,0.47692307692307695,0.06153846153846154,0.004558404558404505,1.0095558282312083,0.9584045584045584,0.00951253701662319,0.001424501424501401,1.0030842464038858,0.9245014245014245,0.003081659870755853,-0.005982905982905989,0.9027631078772747,0.1170940170940171,-0.10227709915038653,0.1484990348918402,1.4573402422742618,0.7978955402732564,0.37661513572650457,-0.16492264843960924,0.7515977074866232,1.1629507650349096,-0.28555205767538483,0.01642361354776902,2.4448842975432226,0.03915369469183413,0.8940337850011998,0.3019754495854705,1.4435452636964703,1.6636132834497301,0.36710309404340963,-0.3606591653411375,0.7492857068356977,2.516399897186986,-0.28863398939495666,0.3155138648608993,2.7084031547067333,0.6848776834519572,0.9963612186300087,8,8,0.5,379,370,9,0.667,0.5
367,pittsburgh-steelers,2014,1.0382156809114191,1.0290192832049523,0.4366431664614164,1.2763472885770384,0.7967813351903208,0.004679975894451657,58059987.0,53119106.0,2817500.0,10910371.0,7038016.0,2667.0,26,24,3,30,31,2,0.5093133528999415,0.46597099616828025,0.024715650931778285,0.607784423131923,0.39206700620476104,0.00014857066331592562,0.49056603773584906,0.4528301886792453,0.05660377358490566,0.47619047619047616,0.49206349206349204,0.031746031746031744,-0.03923330338424674,0.9202659325818937,0.9448936807427373,-0.08309038522289422,0.014375561545372895,1.0301865158535999,0.9667565139263252,0.029741907660403334,0.024857741838873917,1.7829627045993335,0.0883498053309374,0.5782940879543028,0.07390398996351921,1.1884953344673648,0.8580380023730413,0.1726902283005713,-0.09847107023198154,0.8379821784396305,1.1170977760318646,-0.17675648207879863,0.024567080268462358,165.24397488011056,0.024864221595094212,5.107463476806591,0.2322379480146315,1.2914684949173214,1.825800618395273,0.2557809108754429,-0.23813160766561925,0.8134266251642756,2.3145629694884575,-0.20649858967952672,0.4319631905669647,93.28037065496702,0.44132314235586806,4.535611986365085,11,5,0.688,436,368,68,0.667,0.75
368,pittsburgh-steelers,2015,0.930713775236851,1.1771410689034831,0.2654944946083058,1.3790994697454992,0.6088176493830145,3.0767405617997867,45200405.0,48698857.0,1432647.0,23088529.0,15289003.0,5151000.0,27,23,3,30,45,3,0.47413720625273537,0.5108348034864171,0.015027990260847498,0.5304228729790382,0.3512409515671238,0.11833617545383796,0.5094339622641509,0.4339622641509434,0.05660377358490566,0.38461538461538464,0.5769230769230769,0.038461538461538464,-0.14296081277213346,0.7521999540483816,1.0108853410740202,-0.2847507896903602,0.1248185776487663,1.3245248581221614,0.8940493468795356,0.28105576044406,0.018142235123367198,1.4716598500514457,0.09506531204644413,0.386408579986077,0.15959385191929326,1.454367285021745,0.862075755053541,0.3745729079692527,-0.05628566672630286,0.8938836097059921,1.0045600792317737,-0.11217759367769835,-0.10330818519299045,0.12699297750865918,0.13336416571468546,-2.0635569489764345,0.5683234195204686,1.9334839202058192,1.7859587182864978,0.6593243651281374,-0.4483856945086483,0.6748701749109012,2.30981324498235,-0.39323386562978796,-2.811246067191481,0.08629080125046341,3.3422350564080925,-2.4500285104015775,10,6,0.625,423,319,104,0.5,0.583
369,pittsburgh-steelers,2016,0.8015599807445819,1.2878887157524332,0.254594195858207,1.5689551897983223,0.6194697897109469,1.4062919691826548,45389185.0,72928066.0,1730000.0,18624690.0,11555621.0,1192411.0,25,25,3,28,44,2,0.37809433053989716,0.6074946772417138,0.014410992218389073,0.5936587204642301,0.36833338847677927,0.038007891058990675,0.4716981132075472,0.4716981132075472,0.05660377358490566,0.3783783783783784,0.5945945945945946,0.02702702702702703,-0.12289648138704745,0.793309128920067,1.0662927078021418,-0.23154019121702746,0.09331973482916878,1.2466274331045872,0.8500764915859256,0.220443971489147,0.029576746557878633,2.0942621349425163,0.08363080061193269,0.7392189549553084,0.23916128876493453,1.6493020913794256,0.975828065718493,0.5003538696154074,-0.2155643899243329,0.6368872899853049,0.9717530510041272,-0.45115993302494617,-0.0235968988406016,0.3791479261003138,0.05241888327737975,-0.9697594546490427,0.6684189260414863,2.0790144380389246,1.9073585054633801,0.7318947300197302,-0.7673952090537404,0.5108874205388849,2.3705151705429044,-0.6716047775411801,-1.1516977733244478,0.18103922968922936,1.6608861650408617,-1.7090376047746034,11,5,0.688,399,327,72,0.833,0.75
370,pittsburgh-steelers,2017,0.7322328321549393,1.3620330862628784,0.21445067985151783,0.9870228290590164,0.867411483168438,2.111677882609188,50363255.0,93681158.0,1770000.0,7946499.0,7300943.0,2318328.0,25,25,3,22,23,3,0.34539284535610343,0.6424684369164522,0.012138717727444405,0.4523854633187159,0.41563466901820983,0.13197986766307426,0.4716981132075472,0.4716981132075472,0.05660377358490566,0.4583333333333333,0.4791666666666667,0.0625,-0.007468553459119509,0.9844113992267436,0.9508647798742138,-0.015709260661771095,0.013364779874213861,1.0291572742915045,0.9300314465408805,0.02874240704760516,-0.005896226415094338,0.9056458870242982,0.11910377358490566,-0.09908923600561931,0.22683376789824233,1.5457490413035373,1.058103105934662,0.4355101657373996,-0.10699261796261245,0.7634906730459944,0.7977783086748194,-0.26985147519808533,-0.11984114993562986,0.09197331357475677,0.14411858539051867,-2.386174436219927,0.4946216030944405,1.5702253687746304,2.2294445694313163,0.45121989024482945,-0.2547899969040771,0.7418593255777997,1.7192556612139556,-0.2985942762740537,-1.8972272027576704,0.1015545884450683,2.326128562460706,-2.2871541448133623,13,3,0.813,406,308,98,1.0,0.833
371,pittsburgh-steelers,2018,0.9161630514227079,1.162108590937334,0.347736313666318,1.072291843742823,0.7929532282701175,2.2078799721342426,56320777.0,71440186.0,2565235.0,16812956.0,11248975.0,3296987.0,25,25,3,21,19,2,0.4321523827465603,0.5481644296874217,0.019683187566018,0.5361459218714115,0.35871693659838644,0.10513714153020202,0.4716981132075472,0.4716981132075472,0.05660377358490566,0.5,0.4523809523809524,0.047619047619047616,0.019317160826594792,1.0426987874404163,0.9240790655884996,0.04181445990688693,-0.028301886792452824,0.9433943396264151,0.9716981132075472,-0.05826878812422309,0.008984725965858045,1.1886542835430645,0.10422282120395328,0.1728394795705207,0.1894474930890353,1.5281210493277784,0.9068813662858082,0.4240407326392571,-0.10399353912485121,0.8060335052155851,0.9682983046179718,-0.21562765359722064,-0.08545395396418402,0.1872126259751681,0.12482032909622003,-1.675459467275737,0.3691553626672166,1.4655430912734413,1.9550618192074516,0.3822267450440375,-0.15612879232011512,0.8543963123215984,1.988454895165531,-0.15735903538035062,-1.8601436584679245,0.15749776281199596,2.5556162858005607,-1.848341149447523,9,6,0.594,428,360,68,0.75,0.542
372,pittsburgh-steelers,2019,1.1867428059886393,0.827955191074536,0.8775166911402075,0.5755538955988969,1.3462193746772797,0.0012017401788522951,72634491.0,50674926.0,6445000.0,17869975.0,58778205.0,2332.0,25,25,3,32,45,2,0.5597843424474713,0.3905449014502527,0.049670756102275886,0.23313575517930005,0.7668338210187037,3.0423801996260638e-05,0.4716981132075472,0.4716981132075472,0.05660377358490566,0.4050632911392405,0.569620253164557,0.02531645569620253,-0.09792213995700982,0.8280907894271968,1.0413183663721042,-0.18863036154348134,0.06663482206830668,1.1645018421172095,0.8767614043467877,0.152295512234174,0.031287317888703134,2.2357607440543834,0.08192022928110819,0.8045992143137815,-0.37628891956845095,0.5092946886937559,1.1573787224689565,-0.6747259132639816,0.32664858726817125,2.4010986256412217,0.7929200976267714,0.8759281796979218,0.04964033230027962,1580.6730232129962,0.04970117990427215,7.3656261317507985,-0.5182641836027437,0.6150220325353611,2.174174565751816,-0.4860959787624771,0.6111889103897424,2.0619107144484756,1.7622967015875362,0.7236339268380272,0.8763149509613551,729.5978853700311,0.8787184313190598,6.592494679993221,8,8,0.5,289,303,-14,0.5,0.5
373,pittsburgh-steelers,2020,0.9355891639750396,1.1234138496176993,0.5297784987354953,1.6742542192938084,0.4683740963651432,0.34242950570180086,66152062.0,76377359.0,4322156.0,36027053.0,10358561.0,1432762.0,26,25,3,36,37,7,0.4504688567287228,0.5200990044526386,0.029432138818638633,0.7534143986822137,0.21662301956887872,0.029962581748907573,0.48148148148148145,0.46296296296296297,0.05555555555555555,0.45,0.4625,0.0875,0.0004629629629629428,1.000998836679192,0.9254629629629629,0.0010004981714261086,0.031481481481481444,1.069956470055581,0.9314814814814815,0.06762004237614617,-0.03194444444444444,0.6349133787677347,0.14305555555555555,-0.4542487009457173,0.3034759848837598,2.4009295252102256,0.7367220240215173,0.8758578872517049,-0.30294554195349094,0.5979023756570815,1.2038832554109364,-0.5143255698612037,-0.0005304429302689408,0.9822637048293361,0.0593947205675462,-0.01786149226829829,0.655039753252556,2.3985345470671455,1.5917879459828426,0.8748588356133362,-0.7386650553187688,0.5588091667229002,2.609843383268848,-0.5819461785891289,0.18734899303369446,1.5471124503050058,0.8722080044372962,0.4363921458015241,12,4,0.75,416,312,104,0.667,0.75
374,pittsburgh-steelers,2021,1.017885240489316,0.9977314986552114,0.8698605071289394,1.0034097262527033,1.24739460606403,0.09335370478178821,59615485.0,58435121.0,6113517.0,26238855.0,24984754.0,519398.0,25,25,3,47,36,10,0.4801345474006207,0.4706280654034016,0.0492373871959777,0.5070995390739468,0.48286242815381797,0.01003803277223529,0.4716981132075472,0.4716981132075472,0.05660377358490566,0.5053763440860215,0.3870967741935484,0.10752688172043011,0.0846013390139988,1.2185503111978597,0.8587948874010956,0.1976640026809812,-0.033678230878474325,0.9333582494890358,0.9770744572935687,-0.06896405596441756,-0.05092310813552445,0.5264101987247745,0.16413065530533577,-0.6416568581709442,-0.012234362750416394,0.9746608211825089,0.9534904935572195,-0.025663619399428846,-0.026964991673326055,0.946823184762196,0.9872340864745675,-0.054640831397728754,0.03919935442374241,4.904594726710362,0.05927541996821299,1.5901927746434203,-0.24966310740881859,0.79985170206219,2.2451261047192412,-0.22332793864690634,0.014475514236612641,1.0144253134413548,2.021294966742019,0.014323240920295941,0.7765068023471512,9.317800416831624,0.9632142119107275,2.231927743674746,9,7,0.559,343,398,-55,0.667,0.583
375,pittsburgh-steelers,2022,1.2504448282400051,0.7587297338601594,0.7596402843720147,0.8309920619460356,1.3656319222556896,0.13148384004166633,97291250.0,54492188.0,6819698.0,25194028.0,26560573.0,300855.0,26,24,3,53,34,4,0.6134257647969836,0.34357572854044954,0.042998506662566875,0.48398438772681196,0.5102361028208071,0.005779509452380938,0.49056603773584906,0.4528301886792453,0.05660377358490566,0.5824175824175825,0.37362637362637363,0.04395604395604396,0.07920381505287166,1.2119834376270147,0.8264565623056189,0.19226043056040087,-0.0918515446817334,0.8422911846314048,1.0729836201534315,-0.17162746108610896,0.012647729628861702,1.2877065537325063,0.10055981754094961,0.25288043728233744,-0.16666037428035757,0.6733648467369723,0.8538118313612566,-0.3954650657033199,0.12944137707017167,1.2674468699935937,1.0974101525237956,0.23700616862761337,0.037218997210185935,7.438532367567739,0.048778016114947816,2.0066968233137152,-0.6069021883955302,0.5555883440528986,2.124361656115849,-0.5877263293569701,0.41945276629396955,1.5047596490296673,2.0814368901860405,0.40863398352084834,0.6281564443303483,5.7773982470624885,0.891124124413681,1.7539547674909193,9,8,0.529,308,346,-38,0.5,0.417
376,pittsburgh-steelers,2023,1.0131218160619668,1.023415079093439,0.6980141103719449,1.5009352837332757,0.4997845998486801,0.15454956790918833,102144782.0,84757109.0,7540184.0,24406846.0,7297753.0,153866.0,28,23,3,49,44,3,0.5253224231432421,0.4358990151694277,0.03877856168733027,0.7661023844055261,0.22906794159731172,0.0048296739971621355,0.5185185185185185,0.42592592592592593,0.05555555555555555,0.5104166666666666,0.4583333333333333,0.03125,-0.032407407407407385,0.9292909017491437,0.8842592592592593,-0.07333110707802037,0.00810185185185186,1.0158710255950882,1.0289351851851851,0.015748326355953794,0.024305555555555552,1.777720890709275,0.08680555555555555,0.5753501452535528,0.20683107357211597,1.9029162667355828,0.6649669567667394,0.6433898807882251,-0.24077996126228407,0.6857069604918622,1.2914248075487682,-0.3773030102235401,0.033948887690168135,8.027567521656692,0.04360823568449241,2.0829073453512446,0.523630479244759,2.0477082160896556,1.5231996789421192,0.7167222015347671,-0.48781346767130884,0.6749932205929695,2.5140570997952425,-0.39305164467836656,0.5434645424627567,4.516412458491177,0.8525636782811332,1.507719407455588,10,7,0.588,304,324,-20,0.833,0.583
377,pittsburgh-steelers,2024,1.4270820562990547,0.5834808422917134,0.6342964066047427,0.5456008006303814,1.3971814620323664,1.0448305568816316,127747535.0,48052724.0,6813607.0,16135944.0,46955830.0,2106851.0,25,23,3,44,50,3,0.6995500275975758,0.2631384190727335,0.037311553329690744,0.24748902296635858,0.720196629913591,0.03231434712005046,0.49019607843137253,0.45098039215686275,0.058823529411764705,0.4536082474226804,0.5154639175257731,0.030927835051546393,-0.06448352536891039,0.8749002634778026,0.9664443096826358,-0.13364316632921155,0.03658783100869212,1.0806571541840724,0.9438043258540529,0.07757137218389135,0.027895694360218312,1.9018992895700293,0.0897513644633111,0.6428700128239363,-0.4570582108408575,0.36536973761536085,0.9833350489863245,-1.0068416580752915,0.45206100463121723,2.826578700882281,0.9470390505639343,1.0390684701698834,0.004997206209640281,1.1546078459587494,0.06962590044974121,0.14378756000372286,-0.813700619740653,0.417612486663318,1.9806623043240799,-0.8731996279961824,0.8814812556686733,2.6156109724165537,1.9726828569294361,0.9614984124167647,-0.4105341502768889,0.6070800622617506,1.6791269634863744,-0.4990930217821561,10,7,0.588,380,347,33,0.5,0.583
378,san-francisco-49ers,2011,1.1018346055151889,0.9267849612818531,0.8793141206639017,0.97960124610737,1.022438629281893,0.0,51291428.0,52387569.0,4385667.0,3204921.0,3040973.0,0.0,28,34,3,11,10,0,0.47463644545269673,0.48477982590127705,0.04058372864602623,0.5131244622467176,0.4868755377532824,0.0,0.4307692307692308,0.5230769230769231,0.046153846153846156,0.5238095238095238,0.47619047619047616,0.0,0.04688644688644694,1.098459231697152,0.9992673992673993,0.0939104112149852,-0.09304029304029304,0.8223760523869769,0.9545787545787546,-0.19555518245859077,0.046153846153846156,46153.846153846156,0.046153846153846156,,-0.0020957118520053553,0.9956935450993784,0.9716553636545595,-0.004313691595690117,-0.03848801679402086,0.9249910214443522,0.9877609076994143,-0.07796914118997224,0.04058372864602623,40583.72864602623,0.04058372864602623,,-0.09565366800003994,0.9064446787266818,1.949223590563746,-0.09822419897964309,0.12223335940781888,1.1247775409800576,2.081435851622559,0.11758618232874375,0.8793141206639017,879314.1206639017,0.8793141206639017,,13,3,0.813,380,229,151,0.833,0.833
379,san-francisco-49ers,2012,1.1736470861031287,0.8526150960155241,0.977661687657193,1.0424265723868664,0.959501908176173,0.0,67282643.0,56699147.0,6725667.0,4026605.0,3882780.0,0.0,25,29,3,21,22,0,0.514757493904881,0.433786627797372,0.051455878297747004,0.5090920469796324,0.49090795302036755,0.0,0.43859649122807015,0.5087719298245614,0.05263157894736842,0.4883720930232558,0.5116279069767442,0.0,-0.002855977152182776,0.9944159192078006,1.0203998368013056,-0.005597764541064164,-0.04977560179518564,0.8980766907385389,0.926968584251326,-0.10749753261576046,0.05263157894736842,52631.57894736842,0.05263157894736842,,-0.05712132522299557,0.8836396751952789,0.9246945808177396,-0.12370360140588829,0.005665446925248618,1.0111265454495104,1.0238495408845134,0.011067043460822707,0.051455878297747004,51455.878297747004,0.051455878297747004,,-0.10688681216064888,0.8886008460737012,1.812117004191697,-0.11810596347693024,0.1312205137162623,1.1258787825573402,2.216073658489995,0.11856472282077347,0.977661687657193,977661.687657193,0.977661687657193,,11,4,0.719,397,273,124,0.583,0.625
380,san-francisco-49ers,2013,0.981129210014338,1.0102143480272536,1.0692515356672674,1.0115885226218213,0.9458014999080554,1.85781571892821,50149076.0,51635723.0,6831666.0,5361107.0,7418435.0,787668.0,24,24,3,25,37,2,0.4617078635361591,0.47539498730694285,0.06289714915689808,0.3951517666491489,0.5467914921343445,0.058056741216506565,0.47058823529411764,0.47058823529411764,0.058823529411764705,0.390625,0.578125,0.03125,-0.10753676470588236,0.8139890530682198,1.0487132352941178,-0.2058062363914244,0.07996323529411764,1.2047027983137775,0.8612132352941176,0.18623502111610984,0.027573529411764705,1.8822927078098206,0.0900735294117647,0.6325075591110011,-0.07139650482740167,0.8694248625311051,1.0221864794412874,-0.1399212599803117,0.0665560968870102,1.1684287761702643,0.856859630185308,0.15566208579512225,0.004840407940391513,1.0833550847654336,0.12095389037340465,0.0800786845623876,0.06441284811919823,1.0681028524723288,1.956015847935309,0.06588502960257055,-0.030459312607483358,0.9698886634091101,1.9927177326361591,-0.030572974829817277,-0.7885641832609427,0.5755419922607476,2.9270672545954772,-0.5524421516794324,12,4,0.75,406,272,134,0.833,0.75
381,san-francisco-49ers,2014,0.8383888661863916,1.227017057273652,0.6883700261465414,1.3635086457641996,0.7121368085076148,0.003942795168983976,39610774.0,53512633.0,5003529.0,20741071.0,12638150.0,1666.0,26,24,4,36,42,1,0.4036687133490034,0.5453409143438454,0.05099037230715122,0.6213457119938125,0.3786043792065801,4.9908799607392096e-05,0.48148148148148145,0.4444444444444444,0.07407407407407407,0.45569620253164556,0.5316455696202531,0.012658227848101266,-0.08720112517580869,0.8359772635454117,0.9760900140646975,-0.1791516129858189,0.0257852789498359,1.0565820435293223,0.937177684013127,0.05504128794700254,0.061415846225972806,5.851389592074078,0.08673230192217533,1.7666926700518493,0.16673653513726527,1.44039399410194,0.9239452935504254,0.36491851689323046,-0.2176769986448091,0.6496674168495853,1.025014425342816,-0.43129223614775597,0.050940463507543825,1001.6023300566545,0.051040281106758616,6.909375938030715,0.5148802487660372,1.7230050737581806,1.9391538657812668,0.5440707172489823,-0.525119779577808,0.6148756400740414,2.201897511950591,-0.48633405012157416,0.6844272309775574,174.5450756571324,0.6923128213155254,5.162184474212765,8,8,0.5,306,340,-34,0.333,0.583
382,san-francisco-49ers,2015,1.0046936722706445,0.9639632952376591,1.2627564948543517,1.100614103614174,0.9629315421358888,0.30629451879783487,34546804.0,34527368.0,5427550.0,27039802.0,34697267.0,501668.0,24,25,3,30,44,2,0.46370477181722053,0.46344389194118224,0.0728513362415972,0.434452935637174,0.5574866822891987,0.008060382073627232,0.46153846153846156,0.4807692307692308,0.057692307692307696,0.39473684210526316,0.5789473684210527,0.02631578947368421,-0.09817813765182187,0.8304181460609644,1.0597165991902835,-0.18582383461855553,0.0668016194331984,1.169227807186991,0.8562753036437247,0.15634570372488898,0.031376518218623486,2.1922243877809566,0.0840080971659919,0.7849340637181628,-0.09404279034801649,0.8313078596430209,1.020930574230381,-0.1847529260926623,0.02925183618004651,1.0673278195469607,0.8981577074543945,0.06516031648928942,0.06479095416796997,9.037077709035769,0.08091171831522444,2.2013495863587464,0.001031753101770283,1.0010704312676815,1.926894837373548,0.0010708961480048972,-0.09592043134352957,0.9128474331957239,2.1053077758848184,-0.09118552195648327,0.9564619760565168,4.122673749229132,1.5690510136521865,1.4165027130500991,5,11,0.313,238,387,-149,0.167,0.333
383,san-francisco-49ers,2016,0.9054994831782474,1.1144445825300318,0.9730961853321973,1.2623418327922855,0.8516906677609418,0.8761071243482883,39173591.0,41070286.0,4677550.0,22333226.0,26247530.0,500000.0,27,23,3,31,54,1,0.46129218954363543,0.48362689430548544,0.055080916150879095,0.4550301955414053,0.53478251231501,0.010187292143584749,0.5094339622641509,0.4339622641509434,0.05660377358490566,0.36046511627906974,0.627906976744186,0.011627906976744186,-0.19394471259324264,0.6911239866725607,1.0618692408951294,-0.3694337361798923,0.1489688459850812,1.413264490773251,0.8698990785432207,0.345904232991905,0.044975866608161476,4.867505922792527,0.06823168056164985,1.5825993415778967,-0.051155618009524506,0.9043414450305807,1.0184094066204954,-0.1005462175150514,0.0062619940022301535,1.0137594830059524,0.9163223850850407,0.013667848607961632,0.044893624007294346,5.4062953215924265,0.06526820829446384,1.6875822297911747,0.26275391476908994,1.3085070862086219,1.9661352502909737,0.26888775580149804,-0.35684234961403816,0.7173166113481982,2.167841315970533,-0.3322368535956009,0.09698906098390903,1.110703300527039,1.8492033096804856,0.1049944464074533,2,14,0.125,309,480,-171,0.333,0.167
384,san-francisco-49ers,2017,0.9315916262484555,1.1141908042934348,0.801078923529229,1.0247774892907584,0.9799874124959259,0.0,38678525.0,36346998.0,3563550.0,30575233.0,36200515.0,0.0,28,22,3,42,52,0,0.4921616138671085,0.4624942961218031,0.04534409001108844,0.457879303725658,0.542120696274342,0.0,0.5283018867924528,0.41509433962264153,0.05660377358490566,0.44680851063829785,0.5531914893617021,0.0,-0.13809714973906062,0.750361488279777,0.9682858289843437,-0.28719779510789606,0.08149337615415497,1.1823872908115531,0.9751103974307507,0.16753741537233566,0.05660377358490566,56603.77358490566,0.05660377358490566,,-0.07962640015253891,0.853118957053799,1.0046149923961452,-0.15885412175431127,0.0342823101414505,1.0748695889788489,0.9500409175927664,0.07220137349367609,0.04534409001108844,45344.09001108844,0.04534409001108844,,0.13420339179750884,1.1369428353297664,2.0941782167893606,0.1283438342615986,-0.09318586304230292,0.9090663357826756,1.9563691155392138,-0.09533613737757399,0.801078923529229,801078.9235292291,0.801078923529229,,6,10,0.375,331,383,-52,0.167,0.25
385,san-francisco-49ers,2018,0.8848574735428215,1.183387152452764,0.5691855184924935,0.6036173419123267,1.4116173175976758,0.7717616181775732,43851061.0,52129206.0,3134138.0,30240790.0,69037168.0,920588.0,27,24,3,42,41,1,0.44242873677141076,0.5259498455345618,0.031621417694027425,0.30180867095616337,0.6890036907321988,0.009187638311637776,0.5,0.4444444444444444,0.05555555555555555,0.5,0.4880952380952381,0.011904761904761904,-0.04365079365079366,0.9105672401386625,0.9325396825396826,-0.09368528285824324,0.0,0.999998000004,1.0,0.0,0.04365079365079365,4.666274699591901,0.06746031746031746,1.5403790443129532,-0.163053845197637,0.7633472639723828,1.2149535362667607,-0.27004032020283686,0.14062006581524739,1.4659196816647793,0.7442374077275742,0.38248507480738003,0.02243377938238965,3.441360582664098,0.0408090560056652,1.2358985350404381,-0.2282301651449119,0.8383194930954702,2.5950044700504398,-0.17635514945110886,0.28124013163049477,1.4659221102186846,1.4884748154551484,0.38248560135838405,-0.2025760996850796,0.7375137187086858,1.3409471366700667,-0.3044688324073974,4,12,0.25,342,435,-93,0.167,0.167
386,san-francisco-49ers,2019,1.0875384850348533,0.9305858673084355,0.729676353191461,0.7151077942096514,1.3842460687073341,0.13065369947637762,88857373.0,73109186.0,4586018.0,18297306.0,35418400.0,382058.0,26,25,2,35,35,4,0.533509445488796,0.43895559778699794,0.027534956724206073,0.33822665942348373,0.654710978442658,0.00706236213385825,0.49056603773584906,0.4716981132075472,0.03773584905660377,0.47297297297297297,0.47297297297297297,0.05405405405405406,-0.0012748597654257954,0.9973024736278698,0.9446710861805201,-0.0026990512548913446,0.017593064762876087,1.0371945725729845,0.963539010708822,0.03652158036009786,-0.016318204997450285,0.6981002926917549,0.09178990311065782,-0.35936600108789346,-0.21575538065566008,0.6704560359978861,1.093666576229656,-0.39979486925951796,0.19528278606531224,1.5773678781864684,0.8717361049122797,0.45575943238197963,0.020472594590347823,3.89827906348128,0.03459731885806432,1.360571506786994,-0.4536602013988986,0.6722686204981125,2.3148319360157696,-0.3970962108555118,0.37243069082520186,1.5208014414601299,1.8026462792445046,0.419238379529075,0.5990226537150833,5.584769289706158,0.8603300526678386,1.7200444932219638,13,3,0.813,479,310,169,0.833,0.833
387,san-francisco-49ers,2020,1.0092121303207509,1.008908281906714,0.8845203531016651,0.9146494640834024,1.0990674986270297,0.42744199669226657,46382278.0,48223046.0,6504253.0,41367699.0,59087515.0,1094282.0,25,26,4,53,63,3,0.4587327865094322,0.4769384605377194,0.06432875295284837,0.40736488736487675,0.5818592639790157,0.01077584865610756,0.45454545454545453,0.4727272727272727,0.07272727272727272,0.44537815126050423,0.5294117647058824,0.025210084033613446,-0.05668449197860964,0.8929276062882587,1.0021390374331551,-0.11324765399571933,0.009167303284950301,1.0205808989015495,0.8999236058059588,0.020374173912219115,0.04751718869365928,2.884734057064221,0.09793735676088616,1.0594464643563437,-0.10492080344129628,0.8196786927435206,1.058797724516735,-0.198840756925747,0.05136789914455547,1.1260952395322839,0.8660976738743089,0.11875828823443228,0.05355290429674081,5.969161765707025,0.07510460160895593,1.7866220548195557,-0.09015921672031557,0.9179666992248938,2.107975780533744,-0.08559317320387572,0.09456266623734844,1.1033855772785415,1.9238615944041533,0.09838424147904715,0.45707835640939853,2.069329384143512,1.3119623497939317,0.7272257163307798,6,10,0.375,376,390,-14,0.5,0.333
388,san-francisco-49ers,2021,0.8204492189662039,1.240508532140063,0.6117192614703078,1.2291010244115141,0.8335764372786775,0.17223958149532148,55651153.0,77910943.0,4610331.0,31804993.0,24925506.0,198088.0,27,25,3,45,52,2,0.4027659802197728,0.5638675146091195,0.03336650517110769,0.5586822838234154,0.4378381286716285,0.00347958750495599,0.4909090909090909,0.45454545454545453,0.05454545454545454,0.45454545454545453,0.5252525252525253,0.020202020202020204,-0.07070707070707077,0.8653829678285804,0.9797979797979799,-0.14458093265786942,0.036363636363636376,1.0799976240052274,0.9454545454545454,0.07696087817351059,0.03434343434343434,2.699866356615347,0.07474747474747474,0.9932206074006477,0.12602938593749102,1.28784176124197,1.001705643280748,0.2529695374207943,-0.15591630360364267,0.7209200487678742,0.9614482640431883,-0.32722455438255205,0.0298869176661517,9.58645778150881,0.03684609267606368,2.2603814245399843,0.4069320948613856,1.4881743155019471,2.0740849694187404,0.3975508831851077,-0.4086518054453102,0.6675192153873716,2.049550243377718,-0.40418588318115184,0.43947967997498627,3.5515396903541205,0.7839588429656292,1.2673828597880967,10,7,0.588,427,365,62,0.333,0.583
389,san-francisco-49ers,2022,1.1136392787319835,0.9115672215677972,0.8951829428005502,1.0700377086487456,0.9553538464156089,0.022846994465889333,79499093.0,73561715.0,8335331.0,22621278.0,21158540.0,11500.0,23,26,3,42,44,1,0.49257121943914656,0.4557836107838986,0.051645169776954825,0.5165699283131876,0.48316746255502063,0.00026260913179183143,0.4423076923076923,0.5,0.057692307692307696,0.4827586206896552,0.5057471264367817,0.011494252873563218,-0.005747126436781658,0.9886344088365097,1.0057471264367817,-0.011428673096395362,-0.0404509283819629,0.916206893351655,0.9250663129973475,-0.08751081284047893,0.04619805481874448,5.0187941341411,0.06918656056587091,1.6132070257086595,-0.027383851771122014,0.9433223525676543,0.9389510733389193,-0.05834502344716269,-0.02399870887404104,0.9535403415898572,1.0091411477523342,-0.04757151571912148,0.05138256064516299,195.91570832886893,0.051907778908746656,5.27770386988935,-0.043786624847811706,0.954166114285076,1.866921067983406,-0.046916401691923404,0.04360157008323795,1.040746722273531,2.1836769873807294,0.03993935565554573,0.8723359483346609,39.17993520774893,0.9180299372664396,3.668165875897224,13,4,0.765,450,277,173,1.0,0.833
390,san-francisco-49ers,2023,1.068836039593092,0.9993133091915015,0.4550341066594187,1.1441845514519808,0.8714323888395674,0.024485524267923747,75529390.0,73558917.0,4019378.0,25794419.0,18791360.0,12000.0,24,25,3,46,44,1,0.4933089413506579,0.4804390909574526,0.026251967691889536,0.5783790040306716,0.42135192427407653,0.0002690716952519093,0.46153846153846156,0.4807692307692308,0.057692307692307696,0.5054945054945055,0.4835164835164835,0.01098901098901099,-0.0027472527472527375,0.9943161253916498,0.9642857142857143,-0.005698009296480394,-0.04395604395604391,0.9130416720262575,0.967032967032967,-0.09097158980032008,0.046703296703296704,5.249522293471294,0.06868131868131869,1.658154413926894,0.05908716668337605,1.1402296347774779,0.9017910152315292,0.13123175756376043,-0.08507006268001366,0.8529149312093052,1.0716879453813295,-0.1590934382842348,0.025982895996637626,97.20369869712937,0.026521039387141447,4.576846854839226,0.1278809203519341,1.1467466383428613,1.8707456980310688,0.13692992371281493,-0.0753485118588888,0.9341457233372074,2.2130205910450726,-0.06812189662285378,0.43054858239149496,18.583041908299457,0.4795196309273424,2.922251637119599,12,5,0.706,491,298,193,0.833,0.833
391,san-francisco-49ers,2024,1.14454077145964,0.9116812530975767,0.37624344978182,1.0264901534270559,1.0107413246036503,0.5976095108027165,80580903.0,54677413.0,2943251.0,46365733.0,58437595.0,2699354.0,27,23,3,50,64,5,0.5830679401775524,0.3956352607781936,0.021296799044253963,0.4312983837928806,0.5435919728960809,0.02510964331103851,0.5094339622641509,0.4339622641509434,0.05660377358490566,0.42016806722689076,0.5378151260504201,0.04201680672268908,-0.10385286189947673,0.8068970845813938,0.9717773902013636,-0.21455684289921487,0.08926589503726018,1.2124499445578112,0.9296020294910416,0.1926450230994593,0.014586966862216583,1.3471377494423178,0.09862058030759474,0.29799982258724533,-0.14795671211788725,0.7278152597712618,0.9392272336742744,-0.3177054994620797,0.15176955638467177,1.3518867916063482,1.014366323970433,0.30150295516044007,-0.003812844266784545,0.8481184165796342,0.04640644235529247,-0.1646880564354546,-0.09906007150607354,0.9019917647705917,1.922422577701227,-0.10314879205328858,0.11805061803258421,1.1150030544719869,2.171030924886696,0.10885801805757558,-0.2213660610208965,0.6295797061474805,0.9738529605845365,-0.46270015747805654,6,11,0.353,389,436,-47,0.167,0.333
392,seattle-seahawks,2011,0.8114915474305093,1.214501049709042,0.5971147443369542,0.8865863682422772,1.275433105697327,0.0,33914372.0,50757202.0,1610000.0,12790802.0,7576760.0,0.0,31,31,2,17,7,0,0.39306621828665295,0.5882739459528172,0.01865983576052982,0.6279986775049463,0.37200132249505363,0.0,0.484375,0.484375,0.03125,0.7083333333333334,0.2916666666666667,0.0,0.19270833333333331,1.6607085918562565,0.7760416666666667,0.5072464383665536,-0.22395833333333337,0.6838225640152037,1.1927083333333335,-0.38005473983250765,0.03125,31250.0,0.03125,,0.2162726234577636,1.5813717022173681,0.9602752684478708,0.4582943362480002,-0.23493245921829337,0.6259019428932063,1.0210648957915993,-0.46855901679979894,0.01865983576052982,18659.83576052982,0.01865983576052982,,-0.06093205598828488,0.9522256338323567,2.489934155406369,-0.04895243856211865,-0.07509482081176788,0.9152978899748473,1.6980779156727865,-0.08850447157868176,0.5971147443369542,597114.7443369542,0.5971147443369542,,7,9,0.438,321,315,6,0.5,0.5
393,seattle-seahawks,2012,0.766752445013922,1.2999748267529292,0.5662727335154663,1.7204663866087093,0.3903745959464768,0.0,33048581.0,56031544.0,3755000.0,26535347.0,7115588.0,0.0,26,26,4,11,13,0,0.35599220661360664,0.6035597409924315,0.040448052393961875,0.788547093862325,0.21145290613767492,0.0,0.4642857142857143,0.4642857142857143,0.07142857142857142,0.4583333333333333,0.5416666666666666,0.0,-0.07738095238095233,0.8571412747281961,1.005952380952381,-0.154150372135566,0.005952380952380987,1.0129848028383523,0.9226190476190477,0.012903376863940642,0.07142857142857142,71428.57142857143,0.07142857142857142,,0.39210683485475656,2.854332426469632,0.8150126471301065,1.0488396464966243,-0.4325548872487184,0.4514527514358057,1.1445393004759317,-0.7952817505374776,0.040448052393961875,40448.05239396188,0.040448052393961875,,0.9096002308064524,3.330061715566782,1.690349422699406,1.2029916062692216,-0.9537139415947873,0.4456652017829308,2.4872188316226316,-0.8081859733019454,0.5662727335154663,566272.7335154663,0.5662727335154663,,11,5,0.688,412,245,167,0.5,0.667
394,seattle-seahawks,2013,1.0615621457017468,0.9990512320764813,0.49520477448927264,0.28870881435127044,1.6401620670838568,0.0,49885294.0,48825670.0,2792500.0,4406590.0,27815499.0,0.0,25,26,3,27,30,0,0.49146395634340123,0.4810246672960836,0.027511376360515146,0.13675680679797017,0.8632431932020298,0.0,0.46296296296296297,0.48148148148148145,0.05555555555555555,0.47368421052631576,0.5263157894736842,0.0,-0.04483430799220273,0.9148130766699691,1.0077972709551657,-0.08903344544767258,-0.010721247563352798,0.9773641918196281,0.9366471734892787,-0.022893770977068024,0.05555555555555555,55555.555555555555,0.05555555555555555,,-0.3822185259059462,0.5572289638136109,1.3442678604981135,-0.584776978533409,0.35470714954543103,3.5936811787968495,0.6282207631413714,1.2791791098674632,0.027511376360515146,27511.376360515147,0.027511376360515146,,-0.6411108350073755,0.609117015329917,2.639213299160338,-0.49574388538137204,0.7728533313504764,3.6769174199604953,1.3502709600530172,1.3020756855377467,0.49520477448927264,495204.7744892727,0.49520477448927264,,13,3,0.813,417,231,186,0.667,0.833
395,seattle-seahawks,2014,1.0946143970404083,0.9446022167900631,0.7416648725661651,1.1231220704753497,0.8739464516561896,0.0,47080832.0,45707183.0,3987500.0,19123709.0,14534859.0,0.0,24,27,3,43,42,0,0.48649528757351485,0.47230110839503153,0.041203604031453615,0.5681676356522357,0.4318323643477643,0.0,0.4444444444444444,0.5,0.05555555555555555,0.5058823529411764,0.49411764705882355,0.0,0.00588235294117645,1.011902714006412,0.9941176470588236,0.011834433837526994,-0.06143790849673203,0.8785512349051816,0.9503267973856209,-0.12947880216433838,0.05555555555555555,55555.555555555555,0.05555555555555555,,0.04046874404726725,1.0937114808356443,0.9041334727427959,0.08957905783895578,-0.08167234807872087,0.8562515722379448,1.0546629232257505,-0.15518899770083106,0.041203604031453615,41203.604031453615,0.041203604031453615,,0.0706557651338735,1.0808455531279118,1.8185486684462526,0.0777447130234804,-0.028507673434941427,0.9746166077570864,2.217736467515758,-0.02571019456659613,0.7416648725661651,741664.8725661652,0.7416648725661651,,12,4,0.75,394,254,140,0.833,0.833
396,seattle-seahawks,2015,1.2594892090136636,0.7558408423612877,0.8722495718754066,0.5595881810674546,1.4686029592131393,0.002663664622264918,68226878.0,40944107.0,5670000.0,9099915.0,23422866.0,833.0,25,25,3,52,51,1,0.5940986834970111,0.35652869922702246,0.04937261727596642,0.2797940905337273,0.7201802973064433,2.5612159829470366e-05,0.4716981132075472,0.4716981132075472,0.05660377358490566,0.5,0.49038461538461536,0.009615384615384616,-0.018686502177068187,0.9618922301331956,0.9620827285921625,-0.038850741482728435,-0.028301886792452824,0.9433943396264151,0.9716981132075472,-0.05826878812422309,0.046988388969521046,5.886180290080021,0.06621915820029028,1.7726249461755985,-0.3636515980794208,0.4950540934074222,1.0767089965334657,-0.7030854379537158,0.31430459296328384,2.1233349104293766,0.8738927740307384,0.7529896068817026,0.04934700511613695,1855.2653220311365,0.04939822943579589,7.525803249495024,-0.7127621168518516,0.5146662159117822,2.2244438015744272,-0.6642353898560053,0.699901027946209,2.2507390271754395,1.8190773900811181,0.8112594127810583,0.8695859072531417,327.3393449168886,0.8749132364976716,5.790998531304469,10,6,0.625,423,277,146,0.5,0.583
397,seattle-seahawks,2016,1.0856965336895426,0.9034927525761359,1.0868802979670849,1.3147893330332605,0.7745757371996186,0.6648097172406336,63992727.0,51123205.0,5125000.0,16754362.0,12654384.0,651667.0,25,24,2,39,50,3,0.5322041831811484,0.4251730600358287,0.042622756783022936,0.5573563476988822,0.42096507456501014,0.021678577736107617,0.49019607843137253,0.47058823529411764,0.0392156862745098,0.42391304347826086,0.5434782608695652,0.03260869565217391,-0.07289002557544755,0.8658807597205785,1.0140664961636827,-0.14400594575605097,0.06628303495311166,1.1563572520722842,0.9141091219096333,0.14527680408961136,0.006606990622335891,1.2025775000416328,0.07182438192668372,0.18449266969497663,0.004207985470818576,1.009993644915842,0.8461381346008389,0.00994639065152235,-0.025152164517733833,0.9548706684830087,1.0895605308800307,-0.046177494368207825,0.02094417904691532,1.966032609206875,0.06430133451913056,0.6760410695326835,0.12891701537651734,1.1664341429134528,1.6780684897757545,0.153952460704108,-0.22909279934371796,0.8257564011630724,2.400485866722803,-0.1914545417356912,0.4220705807264512,1.6348718060357015,1.7516900152077186,0.491565315245023,10,5,0.656,354,292,62,0.583,0.542
398,seattle-seahawks,2017,0.9964628479551776,1.0768192728924815,0.4428866095610446,1.4572531391263386,0.44113505217891963,0.0,64279028.0,59171841.0,3174375.0,32654561.0,8087797.0,0.0,27,23,3,44,36,0,0.5076320168828263,0.4672989297457938,0.02506905337137988,0.8014892265194862,0.19851077348051382,0.0,0.5094339622641509,0.4339622641509434,0.05660377358490566,0.55,0.45,0.0,-0.0160377358490566,0.9643584439833321,0.8839622641509435,-0.03628991927978253,-0.0405660377358491,0.9262418836768495,1.0594339622641509,-0.07661790201130136,0.05660377358490566,56603.77358490566,0.05660377358490566,,0.26878815626527996,2.3540111578906653,0.6658097032263076,0.8561228887529296,-0.29385720963665984,0.6333602083798892,1.3091212434023125,-0.45671399918302025,0.02506905337137988,25069.05337137988,0.02506905337137988,,0.6356842207135618,2.4410139855350934,1.5179543250714012,0.8924144494834716,-0.460790291171161,0.6837948311147586,2.453715987081516,-0.38009635731632124,0.4428866095610446,442886.6095610446,0.4428866095610446,,9,7,0.563,366,332,34,0.667,0.583
399,seattle-seahawks,2018,0.7893087226071462,1.2966923263185945,0.4524524601893098,1.6210269846354965,0.3786801859506948,1.0122988353799633,48343893.0,73311069.0,3197537.0,40353578.0,9426802.0,600000.0,26,24,3,42,42,1,0.3872080525997321,0.5871814307857787,0.02561051661448923,0.8009780394669512,0.18711256246975508,0.011909398063293686,0.49056603773584906,0.4528301886792453,0.05660377358490566,0.49411764705882355,0.49411764705882355,0.011764705882352941,-0.04128745837957826,0.916440193817128,0.9469478357380688,-0.08725626047380904,-0.0035516093229744916,0.9928102099685553,0.9846836847946726,-0.007213722671706748,0.04483906770255272,4.810911827211669,0.0683684794672586,1.5709043017292126,0.4000688683160236,3.1381019261000405,0.7742939932555337,1.1436198380631142,-0.4137699868672191,0.48341845856218374,1.1881860920666834,-0.7268700439924162,0.013701118551195544,2.1502653797455813,0.037519914677782915,0.7656303126594359,0.9180121403678998,3.424232241861171,1.6753725122692893,1.2308780548183427,-0.8317182620283503,0.4869186282336944,2.410335707242643,-0.7196569907455028,-0.5598463751906535,0.4469549874217685,1.4647512955692732,-0.8052951785447302,10,6,0.625,428,347,81,0.5,0.667
400,seattle-seahawks,2019,0.9776634900474795,1.0867177025956942,0.5213018630373497,0.8928783407980819,1.1007795677178167,0.957687047694708,62788305.0,64208708.0,4017537.0,22935266.0,30344548.0,600000.0,25,23,3,41,44,1,0.47924680884680365,0.4900883756804111,0.030664815472785274,0.4256745578223414,0.5631895462742318,0.011135895903426838,0.49019607843137253,0.45098039215686275,0.058823529411764705,0.47674418604651164,0.5116279069767442,0.011627906976744186,-0.060647514819881454,0.8814599527257786,0.9626082991336069,-0.1261734916146282,0.013451892384860886,1.028214007773009,0.9669402644778842,0.027825364132218332,0.04719562243502052,5.058388508000077,0.0704514363885089,1.6210649557505812,-0.07310117059382071,0.8701999330822833,1.0532779219546429,-0.13903024514856566,0.053572251024462225,1.12584995788464,0.9049213666691451,0.11854035512127212,0.019528919569358434,2.753443664975774,0.041800711376212114,1.0128849802194937,-0.014061865122122486,0.9872246426449205,2.1874972703135107,-0.012856743780229843,0.08478514924939762,1.0949558863951483,1.8705418308455615,0.09071509890612593,-0.4363851846573583,0.5443336839090743,1.4789889107320577,-0.6081909123614001,11,5,0.688,405,398,7,0.5,0.667
401,seattle-seahawks,2020,0.8844468594831346,1.162738539256141,0.5682706303337486,1.0895232122346767,0.9104767877653233,0.0,67952151.0,93055554.0,5457537.0,18755362.0,15673206.0,0.0,24,25,3,56,56,0,0.4082062428383698,0.5590089131039139,0.03278484405771626,0.5447616061173384,0.45523839388266163,0.0,0.46153846153846156,0.4807692307692308,0.057692307692307696,0.5,0.5,0.0,-0.019230769230769218,0.9615365384653846,0.9807692307692308,-0.03922063315344463,-0.038461538461538436,0.9230750769267693,0.9615384615384616,-0.08004254100721703,0.057692307692307696,57692.307692307695,0.057692307692307696,,0.10377051922125224,1.2279449463637564,1.0142473069865754,0.20534378564727274,-0.13655536327896856,0.7493286768483606,0.9529678489557082,-0.2885751210872565,0.03278484405771626,32784.84405771626,0.03278484405771626,,0.25226175149081764,1.277064146847521,2.0732153270214644,0.24456466828394963,-0.20507635275154212,0.811773478323243,1.9739700717178112,-0.20853281467182658,0.5682706303337486,568270.6303337486,0.5682706303337486,,12,4,0.75,459,371,88,0.667,0.75
402,seattle-seahawks,2021,0.8150433064909091,1.1632355933422822,1.0794258058841577,1.2010387743352673,0.8337563981458365,0.0,51288471.0,78829983.0,7837540.0,18889516.0,15857615.0,0.0,26,28,3,43,52,0,0.3717741398028708,0.5714139756769104,0.05681188452021882,0.5436280768043842,0.45637192319561576,0.0,0.45614035087719296,0.49122807017543857,0.05263157894736842,0.45263157894736844,0.5473684210526316,0.0,-0.056140350877193046,0.8974342578925415,1.0385964912280703,-0.1082133758494274,0.003508771929824517,1.0077497115607148,0.9087719298245613,0.0077220290993144335,0.05263157894736842,52631.57894736842,0.05263157894736842,,0.11504205248129468,1.2520768578375638,1.0277858988725261,0.2248054088860794,-0.1718539370015134,0.6838746411216107,0.915402216607255,-0.3799779615686504,0.05681188452021882,56811.884520218824,0.05681188452021882,,0.32947919519644575,1.3951727396112594,1.9969919914881187,0.3330190949563484,-0.38599546784435823,0.6786147502417282,2.0160820808261763,-0.38770046365719507,1.0794258058841577,1079425.8058841578,1.0794258058841577,,7,10,0.412,395,366,29,0.5,0.333
403,seattle-seahawks,2022,0.8681592568385664,1.090268445720184,1.494508604598157,0.8323050794859767,1.206795938468753,0.5067412315153207,53474699.0,57206643.0,10228333.0,39824920.0,53829071.0,1232900.0,27,23,3,59,55,3,0.44226981008757155,0.47313536323706107,0.08459482667536737,0.419709399057031,0.5672972360323197,0.012993364910649249,0.5094339622641509,0.4339622641509434,0.05660377358490566,0.5042735042735043,0.4700854700854701,0.02564102564102564,-0.03612320593452667,0.9231541253932312,0.9040477342364135,-0.07995677098298042,0.005160457990646683,1.0102314472512937,1.0137074665376553,0.010181423256399088,0.03096274794388002,2.2074610788292466,0.08224479922593131,0.7918606885167275,-0.09416187279525867,0.8340152201885321,1.0404325992693808,-0.18150151360556316,0.022560411030540573,1.0537499453938362,0.8619792091446026,0.0523574395737925,0.07160146176471813,6.510116289410922,0.09758819158601661,1.8733691402416586,-0.11652749274856888,0.9034398505382137,2.2970643841889373,-0.10154482779817067,0.03585417735258978,1.0430769139337925,1.700464336324543,0.042176068146905304,0.9877673730828364,2.9492481811296845,2.0012498361134776,1.0815509531326528,9,8,0.529,407,401,6,0.667,0.5
404,seattle-seahawks,2023,1.0061392555140265,1.020201460599285,0.769072810494222,1.2440778818557423,0.7011291242582749,0.0,74226591.0,84672013.0,7092166.0,33547102.0,15440106.0,0.0,24,27,3,60,49,0,0.4471730024506784,0.5101007302996425,0.042726267249679005,0.684813512948115,0.31518648705188507,0.0,0.4444444444444444,0.5,0.05555555555555555,0.5504587155963303,0.44954128440366975,0.0,0.05045871559633025,1.1122424237872615,0.9495412844036697,0.1063801790692502,-0.10601427115188589,0.8074059406199485,0.9949031600407747,-0.21392646287683376,0.05555555555555555,55555.555555555555,0.05555555555555555,,0.19491424324775747,1.61840412851057,0.8252872173515275,0.4814425182461423,-0.23764051049743656,0.6529841205111238,1.1319865153987934,-0.42620023148005715,0.042726267249679005,42726.267249679004,0.042726267249679005,,0.3190723363410102,1.4550814824545664,1.72133058485756,0.37506288094048407,-0.2379386263417158,0.8087423315258027,2.250217137369769,-0.21227392119890262,0.769072810494222,769072.8104942221,0.769072810494222,,9,8,0.529,364,402,-38,0.333,0.583
405,seattle-seahawks,2024,0.8414146026422564,1.1472102678744653,1.0419309465747366,1.1958375394760463,0.732372211088439,0.053030683223217606,66394861.0,94296639.0,10277166.0,59118172.0,23208981.0,67222.0,24,25,3,78,50,2,0.388345201219503,0.5515433980165699,0.06011140076392712,0.7175025236856278,0.2816816196493996,0.0008158566649725785,0.46153846153846156,0.4807692307692308,0.057692307692307696,0.6,0.38461538461538464,0.015384615384615385,0.09615384615384615,1.2499967500084501,0.8653846153846154,0.2231430313154265,-0.1384615384615384,0.769229487181624,1.0615384615384615,-0.26236376446844945,0.04230769230769231,3.7497562658427204,0.07307692307692308,1.3217081752778408,0.26986177836717035,1.9580313428746743,0.8332250176659695,0.6719413646693797,-0.32915732246612484,0.541245009118109,1.1058477249051308,-0.6138806457115642,0.05929554409895454,73.58867637560995,0.0609272574288997,4.298507795946882,0.41483805678602637,1.566428496434903,1.8795824789629043,0.4487990566183674,-0.3544229368337899,0.7036189041130253,2.0372521421183025,-0.3515172103066189,0.988900263351519,19.647329355719425,1.0949616297979543,2.9779423781842107,10,7,0.588,375,368,7,0.667,0.5
406,tampa-bay-buccaneers,2011,0.7779890538467897,1.2477067153115762,1.0742602734926057,0.41037168653683226,1.5343739295938763,0.2075240601587029,31872442.0,43543009.0,6520000.0,912106.0,4774492.0,92250.0,27,23,4,5,7,1,0.38899452692339487,0.5314306380030788,0.07957483507352635,0.1578352640526278,0.826201346704395,0.015963389242977147,0.5,0.42592592592592593,0.07407407407407407,0.38461538461538464,0.5384615384615384,0.07692307692307693,-0.1125356125356125,0.791003821998193,0.9643874643874644,-0.2344501315467032,0.11538461538461536,1.299996620008788,0.8846153846153846,0.2623636644688711,-0.0028490028490028574,0.9629504446071829,0.150997150997151,-0.037739827989472056,-0.2947707087013163,0.6432209253857494,1.3576319847074738,-0.4412651466862442,0.23115926287076707,2.464544692933756,0.5468297909760227,0.9020096524118605,0.0636114458305492,4.984521102711894,0.0955382243165035,1.606349897846407,-0.28666721428230013,0.8131693833408915,2.7820806449054523,-0.20681504607202758,0.3676173673099575,1.895811001488187,1.188360740383622,0.6396480014690809,0.8667362133339027,5.176532765108344,1.2817843336513086,1.6441364126639133,4,12,0.25,287,494,-207,0.333,0.25
407,tampa-bay-buccaneers,2012,0.8920708657202813,1.0496933310693422,1.3142804389955114,0.6499484626534378,1.3658445587844898,0.047208582300033525,36673835.0,50058450.0,8645000.0,12528508.0,30089409.0,65000.0,25,29,4,14,16,1,0.3845133041897764,0.5248466655346711,0.09064003027555251,0.2935251121660687,0.7049520303403819,0.0015228574935494685,0.43103448275862066,0.5,0.06896551724137931,0.45161290322580644,0.5161290322580645,0.03225806451612903,-0.016129032258064502,0.9687481230505116,1.0161290322580645,-0.031748635814703316,-0.020578420467185776,0.9544313841531666,0.882647385984427,-0.04663720509428497,0.03670745272525028,2.1378647606751775,0.10122358175750834,0.7598220554339836,-0.18010536480571082,0.7445129575246344,1.2297986958750529,-0.2950231173616841,0.09098819202370773,1.3099798902123905,0.678038416355845,0.27001438679918954,0.08911717278200304,59.48064740911424,0.09216288776910198,4.0856620386089375,-0.3161512277151477,0.768530032050987,2.415537889853832,-0.2632746853171704,0.24212240306684352,1.3725234298654172,1.5420193283737191,0.3166520861825835,1.267071856695478,27.83927276972705,1.3614890212955448,3.3264484742203235,7,9,0.438,389,394,-5,0.5,0.333
408,tampa-bay-buccaneers,2013,1.2231592297638958,0.7907346424672475,0.8888490221508524,0.4743345949323213,1.2698463146359764,2.3298552642508574,52952938.0,34232438.0,4810000.0,6539302.0,26259655.0,2920000.0,24,24,3,22,33,2,0.575604343418304,0.37211041998458705,0.052285236597108965,0.18307651032475555,0.7351741821576705,0.08174930751757394,0.47058823529411764,0.47058823529411764,0.058823529411764705,0.38596491228070173,0.5789473684210527,0.03508771929824561,-0.10835913312693501,0.8128328206149675,1.0495356037151704,-0.20722769828180368,0.08462332301341591,1.2192481779372075,0.8565531475748194,0.19823654619186196,0.023735810113519093,1.676422810185204,0.09391124871001032,0.5166792434800076,-0.36306376217308345,0.5061520424186216,1.1072846021422575,-0.6809154883705425,0.39252783309354844,3.144047252976388,0.7586808537430596,1.1455126413296228,-0.02946407092046497,0.6395723537293014,0.1340345441146829,-0.44693639759479836,-0.47911167216872896,0.6227005667164994,2.060580957103224,-0.4736882423626384,0.7488246348315746,2.5786789834703794,1.697493824696217,0.9472780634495511,-1.4410062421000052,0.38150380166763337,3.2187042864017097,-0.9636333382046761,4,12,0.25,288,389,-101,0.167,0.167
409,tampa-bay-buccaneers,2014,0.9383307259192762,1.0894874285184848,0.7681820463519919,1.6633383885976885,0.4528161011159701,0.1442301678084353,41632630.0,48339275.0,4090000.0,32760059.0,10162804.0,132124.0,25,25,3,43,49,2,0.4426088329807907,0.5139091643955117,0.04348200262369766,0.7608888373372404,0.23604243568811203,0.0030687269746475596,0.4716981132075472,0.4716981132075472,0.05660377358490566,0.4574468085106383,0.5212765957446809,0.02127659574468085,-0.049578482537133706,0.904888522081395,0.9929747089522281,-0.09994140289229804,0.014251304696908884,1.0311517607731144,0.9291449217181855,0.030678511846151068,0.03532717784022481,2.6602523266312144,0.07788036932958652,0.9784386444411247,0.2778667287073997,2.1771804960276384,0.7499516000836237,0.7780326351226972,-0.31828000435644976,0.5816989677897594,1.2034976703180311,-0.5417999432100161,0.040413275649050104,14.164778490989383,0.04655072959834522,2.6507814931466416,0.6366713274025146,2.4060209427458403,1.542303529634455,0.8779752397601419,-0.7250076626784122,0.564124635267824,2.6016691145169646,-0.5724790016583876,0.6239518785435566,5.326047469658393,0.9124122141604273,1.6726107019420065,2,14,0.125,277,410,-133,0.0,0.083
410,tampa-bay-buccaneers,2015,1.1683679046419042,0.9243272683021416,0.30888710424620575,0.8935914525605316,1.1575775481100012,0.24642472684591804,45835099.0,39283161.0,1514706.0,23753687.0,23078277.0,102352.0,24,26,3,64,48,1,0.529072258705768,0.45344356558218263,0.017484175712049382,0.5061048934856108,0.49171435671929253,0.0021807497950966197,0.4528301886792453,0.49056603773584906,0.05660377358490566,0.5663716814159292,0.4247787610619469,0.008849557522123894,0.06578727667390216,1.1548714950765,0.915344798797796,0.14399111656937513,-0.1135414927366839,0.7995268902221269,1.0192018700951744,-0.22373290514405386,0.04775421606278177,6.395503723173622,0.06545333110702956,1.8556128667229606,-0.038270791137109905,0.9221667767456808,0.9451579223014752,-0.0810269805984415,0.022967365220157188,1.0453785769258388,1.0351771521913788,0.04438098448057102,0.015303425916952763,8.013831719541923,0.019664925507146002,2.081226206622774,-0.23325027980785962,0.7985006890558805,2.081904816412143,-0.22501836652226911,0.2747764520813726,1.307495269565025,2.061959357202436,0.2681141549213188,0.062462377400287705,1.2534693848720704,0.5553118310921238,0.22591845202554423,6,10,0.375,342,417,-75,0.5,0.417
411,tampa-bay-buccaneers,2016,1.2734993890631994,0.7992602144801729,0.46058323231184156,0.42871533479091073,1.422750652254726,0.0,71124968.0,46424248.0,3086830.0,6397689.0,28691363.0,0.0,25,26,3,37,50,0,0.5895830504922218,0.38482899215712024,0.025587957350657862,0.1823272113478586,0.8176727886521414,0.0,0.46296296296296297,0.48148148148148145,0.05555555555555555,0.42528735632183906,0.5747126436781609,0.0,-0.09323116219667943,0.8377763200469809,1.0561941251596423,-0.1770020583939209,0.037675606641123904,1.0885860289403586,0.888250319284802,0.0848817929633659,0.05555555555555555,55555.555555555555,0.05555555555555555,,-0.4328437964950212,0.47063877734355986,1.2025017808092617,-0.7536618077350434,0.40725583914436325,3.233635903811801,0.7719102618400804,1.1736088670739775,0.025587957350657862,25587.957350657864,0.025587957350657862,,-0.623490437774553,0.5617707160722913,2.222010866734899,-0.5766602396971771,0.8447840542722886,2.9704942072811336,1.70221472385411,1.0887291239672643,0.46058323231184156,460583.23231184157,0.46058323231184156,,9,7,0.563,354,369,-15,0.667,0.583
412,tampa-bay-buccaneers,2017,1.0921409966637858,0.9369900106991703,0.7055246099871625,0.775640489318834,1.1767414798278015,1.7481578500681738,67028016.0,53082395.0,4996176.0,11110872.0,15451839.0,2086830.0,26,24,3,36,33,3,0.5357672813822345,0.4242973633354733,0.03993535528229221,0.38782024465941706,0.5393398449210757,0.07283991041950724,0.49056603773584906,0.4528301886792453,0.05660377358490566,0.5,0.4583333333333333,0.041666666666666664,-0.005503144654088021,0.9879909833198444,0.9111635220125787,-0.012079499139507758,-0.009433962264150941,0.9811301132114716,0.9905660377358491,-0.019048156509233756,0.014937106918238997,1.3584579630466227,0.09827044025157233,0.3063678722625418,-0.11504248158560237,0.7866961446199439,0.963637208256549,-0.23991084152327197,0.14794703672281745,1.381479969857616,0.9235875260416515,0.32315723292018195,-0.03290455513721503,0.5482544774947963,0.11277526570179945,-0.600990684677472,-0.2397514691286312,0.7962574877353664,2.113731490526972,-0.22783160114402853,0.31650050734495183,1.4080487076869763,1.8677814859826198,0.3422057662974624,-1.0426332400810114,0.4035815223311365,2.453682460055336,-0.9073753562996828,5,11,0.313,335,382,-47,0.167,0.25
413,tampa-bay-buccaneers,2018,0.9491002713688413,1.125700136108825,0.4355298925994419,0.9405390072135539,0.8025060022979387,4.776816812577584,73456490.0,80422707.0,3889412.0,18728916.0,9079699.0,4323662.0,26,24,3,44,25,2,0.46559635953943157,0.5097510050304114,0.024652635430157086,0.5828692439069911,0.28257253602040094,0.13455822007260798,0.49056603773584906,0.4528301886792453,0.05660377358490566,0.6197183098591549,0.352112676056338,0.028169014084507043,0.10071751262290729,1.2860340835122597,0.8049428647355833,0.2515653373038663,-0.12915227212330582,0.7915939199108403,1.110284347595004,-0.2337047075831865,0.02843475950039862,2.0093626298907896,0.08477278766941271,0.697835238738081,0.22717846901001043,1.8039587578137855,0.7923235410508123,0.5899855215969733,-0.11727288436755956,0.7987993286782487,1.0484656034464228,-0.22464337007282875,-0.1099055846424509,0.18321030262255203,0.15921085550276506,-1.6970800285088663,0.32319413381088635,1.4027293629656052,1.9282061384067637,0.3384207720357734,0.008561264155287462,1.0091014354409529,1.8896392785823952,0.009061320612469632,-4.341286919978142,0.09117573867956014,5.212346705177026,-2.394964144491735,5,11,0.313,396,464,-68,0.333,0.333
414,tampa-bay-buccaneers,2019,0.844101855995449,1.2398938197272598,0.43196669022136475,0.9008285705495085,1.0895470887670866,0.3643863107810741,62177532.0,84306491.0,3671443.0,13016028.0,21573484.0,195000.0,26,24,3,27,37,1,0.41408770294116365,0.5614613523293251,0.02445094472951121,0.3741903293051804,0.6202037274520338,0.0056059432427857546,0.49056603773584906,0.4528301886792453,0.05660377358490566,0.4153846153846154,0.5692307692307692,0.015384615384615385,-0.11640058055152391,0.7955110961062081,1.0220609579100146,-0.22876827437708236,0.07518142235123365,1.1809894699449868,0.9059506531204644,0.16635465941561947,0.041219158200290276,3.6790061476192726,0.07198838896952105,1.3026603136346464,-0.058742375122708634,0.9052838965545424,1.181665079781359,-0.09950490555986713,0.039897373635983224,1.106620251490234,0.7882780322463441,0.10131296690066573,0.018845001486725455,4.360833286652461,0.030056887972296966,1.4727040572704557,0.15034673096017315,1.1379890731856561,2.3294409084943464,0.1292635404083176,-0.05672671455405953,0.9370272508711548,1.7449304265449574,-0.0650417293692813,0.06758037944029066,1.1854602985362812,0.7963530010024389,0.17013345173874167,7,9,0.438,458,449,9,0.333,0.417
415,tampa-bay-buccaneers,2020,0.8949329964787851,1.181187653452032,0.4006835850835943,0.9258485138347873,1.1485338259472029,0.29386795490744433,79848179.0,101335136.0,4125000.0,5149690.0,9067257.0,316361.0,26,25,3,31,44,6,0.43089366497126697,0.5468461358574223,0.022260199171310797,0.35433708554170873,0.6238949177984806,0.02176799665981069,0.48148148148148145,0.46296296296296297,0.05555555555555555,0.38271604938271603,0.5432098765432098,0.07407407407407407,-0.08024691358024688,0.852271158319004,1.0061728395061729,-0.15984838185162537,0.09876543209876543,1.258061228936789,0.8641975308641975,0.22957390566560817,-0.018518518518518517,0.7499898751366857,0.12962962962962962,-0.28767757252265475,-0.07704878194105835,0.8765021861131241,1.1707410536559029,-0.13181425181835266,0.07655657942955824,1.2160523594648902,0.7852307505129756,0.19561216214293423,0.0004922025115001068,1.0225643156263122,0.04402819583112148,0.0223584295435669,0.03265382750482915,1.0284299846788714,2.329721479399235,0.02803419922028652,-0.030915517356002176,0.9666074055297078,1.8207815103135725,-0.03396174077786184,0.10681563017614998,1.3634770818502822,0.6945515399910387,0.31004061057005367,11,5,0.688,492,355,137,0.667,0.667
416,tampa-bay-buccaneers,2021,1.0211513617456782,0.9909555681186074,0.911168160306144,0.46917924546826467,1.6304471369261628,0.36910719029794214,66775382.0,75168941.0,7150000.0,6797208.0,24242617.0,985051.0,25,29,3,38,39,7,0.4478734042744203,0.5041703767620984,0.04795621896348126,0.21224775390231018,0.7569933135728613,0.03075893252482851,0.43859649122807015,0.5087719298245614,0.05263157894736842,0.4523809523809524,0.4642857142857143,0.08333333333333333,0.04448621553884713,1.0958141040225238,0.9730576441102757,0.09149952653706656,-0.013784461152882233,0.9695269427077554,0.8909774436090225,-0.030944734375893405,-0.03070175438596491,0.6315713685119989,0.13596491228070173,-0.4595253294869384,-0.25282293681076284,0.6660160687106292,1.2611636903349597,-0.4064394980851555,0.2356256503721101,2.110134434431398,0.6601211581767304,0.7467538912303517,0.017197286438652752,1.559048249692109,0.07871515148830976,0.44409639086118363,-0.6394915688075554,0.6077811036583032,2.6214027050447704,-0.4979394795925258,0.5519721162774136,2.176458560667915,1.4903306072139428,0.7777000216794043,0.5420609700082019,2.468566626957408,1.2802753506040863,0.9036387667120863,13,4,0.765,511,353,158,0.667,0.667
417,tampa-bay-buccaneers,2022,0.9516428630511241,1.0831356437534407,0.6663481830611895,0.8477719640700517,1.2168157220907547,0.0033605990280282244,68437697.0,84385212.0,5990080.0,20606016.0,23540101.0,1667.0,24,26,3,49,39,1,0.43093261723069765,0.5313495610865935,0.03771782168270884,0.4667508566228375,0.5332113838375218,3.775953964076657e-05,0.4528301886792453,0.49056603773584906,0.05660377358490566,0.550561797752809,0.43820224719101125,0.011235955056179775,0.05236379054483781,1.119494300602508,0.9287682849268604,0.11287910448263624,-0.09773160907356371,0.8224859916571341,1.0033919864320544,-0.19542161957664927,0.04536781852872589,5.037287530466393,0.06783972864108544,1.6168854153190058,-0.001861822750928277,0.9965064150657538,1.0645609449241151,-0.003497819754198199,-0.03581823939213985,0.9232584961711596,0.8976834738535351,-0.0798437022861271,0.03768006214306807,973.1235724749922,0.03775558122234961,6.8805375879522375,-0.133680078337314,0.890138690642235,2.2999513658441955,-0.1163770729692651,0.10387089898107238,1.122520891067823,1.7994148271211758,0.11557800247118773,0.6629875840331613,198.22357678751527,0.6697087820892177,5.289397070065495,8,9,0.471,313,358,-45,0.667,0.667
418,tampa-bay-buccaneers,2023,1.0711249391953157,0.9918944545300254,0.4484282240670619,0.4055324994090955,1.6939414739348988,0.23498986488964715,67488153.0,57688702.0,3260080.0,19312233.0,75168591.0,763000.0,26,24,3,44,41,3,0.5254575173410981,0.4491597529947285,0.025382729664173317,0.20276624970454776,0.7892227321742142,0.008011018121237971,0.49056603773584906,0.4528301886792453,0.05660377358490566,0.5,0.4659090909090909,0.03409090909090909,-0.01307890222984559,0.9719261237627975,0.9187392795883362,-0.028473273438542553,-0.009433962264150941,0.9811301132114716,0.9905660377358491,-0.019048156509233756,0.022512864493996573,1.660328655516671,0.09069468267581475,0.5070332345335782,-0.34006297917948575,0.5691158725769037,1.2383824851689427,-0.5636689967210847,0.32269126763655037,2.5914318910314287,0.728223767045646,0.952212479725854,0.017371711542935347,3.1680819089624483,0.033393747785411286,1.1531657248097167,-0.7020470194048734,0.5855538011429222,2.6858359284649245,-0.5351962027667699,0.6655924397862202,2.64127363277277,1.4766574386044113,0.971262171076898,0.21343835917741474,1.9082793889781458,0.6834180889567091,0.6462042225970727,9,8,0.529,348,325,23,0.667,0.583
419,tampa-bay-buccaneers,2024,1.2835003172589812,0.7510529912372579,0.7120557625313407,0.7636484667683517,1.5038569485713258,0.23100455542082762,84305743.0,49332345.0,5612501.0,42022197.0,60977025.0,2230134.0,25,25,3,57,42,10,0.6054246779523497,0.354270278885499,0.04030504316215137,0.3993391064751931,0.5794678150458319,0.021193078478975013,0.4716981132075472,0.4716981132075472,0.05660377358490566,0.5229357798165137,0.3853211009174312,0.09174311926605505,0.08637701229011596,1.2241657358466056,0.8570192141249784,0.20226170002487956,-0.05123766660896656,0.9020174740301399,0.9946338930240609,-0.10311926657044808,-0.03513934568114939,0.6169744070544347,0.1483468928509607,-0.4829100690788967,-0.2251975361603329,0.611370741076858,0.9337380939313309,-0.4920489035860938,0.20608557147715656,1.5160627949348195,1.0047637844275428,0.4161183595550665,0.019111964683176354,1.9017124619093415,0.06149812164112638,0.6427795864741969,-0.7528039573340679,0.499417509446795,2.2549099398085835,-0.6943115093212482,0.5198518504906294,1.6807453853016607,2.047148784027333,0.5192381558638115,0.4810512071105131,3.0824183480530323,0.9430603179521684,1.1257158712172486,10,7,0.588,502,385,117,0.667,0.667
420,tennessee-titans,2011,0.9129888990077799,1.078400771106991,1.1640501688893192,0.38851465047671796,3.140198723331487,0.0,49549229.0,56508220.0,4356875.0,1065543.0,2460666.0,0.0,29,28,2,7,2,0,0.4487572554445019,0.511783416796538,0.03945932775895997,0.30217806148189175,0.6978219385181083,0.0,0.4915254237288136,0.4745762711864407,0.03389830508474576,0.7777777777777778,0.2222222222222222,0.0,0.2523540489642185,2.1355836102127372,0.6967984934086628,0.7587420701965207,-0.2862523540489642,0.631960446559329,1.2693032015065913,-0.4589264368711095,0.03389830508474576,33898.30508474576,0.03389830508474576,,-0.1860385217215702,0.7334001055960665,1.2096053553146464,-0.31006192541373484,0.14657919396261015,1.4850706506393527,0.7509353169263937,0.39546457568481297,0.03945932775895997,39459.32775895997,0.03945932775895997,,-2.061797952224496,0.34341789252910915,4.218599494438478,-1.0688063005323567,0.524474248531062,2.3499411101908527,1.3015035494844978,0.8543913636517889,1.1640501688893192,1164050.1688893193,1.1640501688893192,,9,7,0.563,325,317,8,0.5,0.583
421,tennessee-titans,2012,0.8546688439618,1.1379383971372654,1.064070577141434,0.417039457358016,1.6801206330823146,0.0,36960387.0,49210456.0,5309541.0,6380748.0,22033735.0,0.0,26,26,3,14,12,0,0.4040252716910327,0.5379345150103436,0.05804021329862367,0.22455970780816248,0.7754402921918375,0.0,0.4727272727272727,0.4727272727272727,0.05454545454545454,0.5384615384615384,0.46153846153846156,0.0,0.011188811188811154,1.0242402050553132,0.9342657342657343,0.02395318974055135,-0.06573426573426572,0.8779204474983897,1.0111888111888112,-0.13019718056352017,0.05454545454545454,54545.454545454544,0.05454545454545454,,-0.2375057771814939,0.6937140444118408,1.3133748072021811,-0.36569358417882425,0.17946556388287022,1.7991806119358291,0.6285849794991951,0.5873338207584771,0.05804021329862367,58040.21329862367,0.05804021329862367,,-0.5421822359450492,0.6772952473980283,2.81805903021958,-0.3896471109861849,0.437629386603784,2.049366743399895,1.271708301319816,0.7175320098136849,1.064070577141434,1064070.5771414342,1.064070577141434,,6,10,0.375,330,471,-141,0.167,0.417
422,tennessee-titans,2013,0.8221531592703701,1.1849262082386254,0.7584388516894104,0.40587332888072614,1.4396790728969175,0.001056431922667453,40238702.0,65243171.0,4640041.0,2814595.0,14521731.0,333.0,24,27,3,22,32,1,0.3654014041201645,0.5924631041193127,0.042135491760522795,0.16234933155229045,0.8376314605945702,1.9207853139408234e-05,0.4444444444444444,0.5,0.05555555555555555,0.4,0.5818181818181818,0.01818181818181818,-0.08181818181818179,0.8593735229517574,1.0818181818181818,-0.15154961687772378,0.0444444444444444,1.1111083333402778,0.8444444444444444,0.1053602656584199,0.03737373737373737,3.055387509242547,0.07373737373737374,1.1169244286867526,-0.24516835647525748,0.7073067627999626,1.4300945647138827,-0.3462891256877679,0.20305207256787403,2.250696999669967,0.5277507356724549,0.8112426825888549,0.04211628390738339,2085.1048089988585,0.0421546996136622,7.642598133754261,-0.25475286465829217,0.8230482803407304,2.624605281135543,-0.19473957225117092,0.416279830389644,2.0256347858649013,1.2280264881510963,0.7058843422544643,0.7573824197667429,717.2460329892353,0.7594952836120779,6.575420242481172,7,9,0.438,362,381,-19,0.333,0.5
423,tennessee-titans,2014,1.1504192012237229,0.9105777842745526,0.521499192756186,0.6161397160736634,1.381037366516386,0.5248842144275754,48366985.0,39814685.0,2631042.0,10303211.0,25733294.0,752333.0,25,26,3,35,39,3,0.5326014820480199,0.43842634057663643,0.028972177375343664,0.28006350730621066,0.6994864583654422,0.02045003432834709,0.46296296296296297,0.48148148148148145,0.05555555555555555,0.45454545454545453,0.5064935064935064,0.03896103896103896,-0.025012025012024985,0.9506154070945572,0.987974987974988,-0.050643630254860135,0.008417508417508435,1.0185162777827075,0.9175084175084175,0.01834909866828385,0.016594516594516592,1.425889328099838,0.09451659451659451,0.35481370879012797,-0.2610601177888058,0.626782275126345,1.1379127989420788,-0.4671537663740405,0.2525379747418093,1.9017100280604144,0.8126649893542306,0.6427553737452776,0.008522143046996573,1.416660737554259,0.04942221170369075,0.34833702428116026,-0.4704595822418334,0.6593428584981667,2.2916151507909386,-0.4165105107082098,0.5342794851500595,1.867137118538005,1.7665589172973863,0.6244071743555215,-0.003385021671389432,0.9935490244756043,1.0463834071837614,-0.006469955441498063,2,14,0.125,254,438,-184,0.167,0.167
424,tennessee-titans,2015,1.1867779258210789,0.8124738115756276,0.9439762130870862,1.3860690173391081,0.7820598177229411,0.0036487500086737215,51697096.0,34030844.0,4744666.0,20895026.0,17291372.0,3667.0,26,25,3,30,44,2,0.5714115939138528,0.3761452831368646,0.05244312294928257,0.5471325068443847,0.45277147341854485,9.60197370703611e-05,0.48148148148148145,0.46296296296296297,0.05555555555555555,0.39473684210526316,0.5789473684210527,0.02631578947368421,-0.11598440545808969,0.7996619184290769,1.0419103313840157,-0.22356408260157215,0.08674463937621829,1.219749996386429,0.8762183235867447,0.19864799367217903,0.029239766081871343,2.1110308919372174,0.08187134502923976,0.7471944023902047,-0.07662619028168022,0.8307600510624557,0.8289167565554094,-0.18541161449576016,0.02427908706946802,1.0443732412030344,1.1185441007582375,0.043418686350052894,0.05234710321221221,540.5407655480403,0.05253914268635293,6.292589124250987,0.030413993852686505,1.0388882720671742,1.5945336292985686,0.03815240304021281,-0.19929109151802926,0.8562178757025436,2.572846943160187,-0.1552295649199123,0.9403274630784125,258.6413345691358,0.9476249630957599,5.555443352700747,3,13,0.188,299,423,-124,0.167,0.083
425,tennessee-titans,2016,1.0534100703003562,0.9485681945595261,0.9485671675873706,0.8539117615333415,1.1842923101261038,0.0010481973669456842,60005998.0,49877382.0,6234666.0,13441690.0,20901987.0,1000.0,26,24,3,33,37,2,0.5167672042982879,0.4295403145175212,0.05369248118419079,0.39137622403611483,0.608594659370359,2.9116593526269006e-05,0.49056603773584906,0.4528301886792453,0.05660377358490566,0.4583333333333333,0.5138888888888888,0.027777777777777776,-0.061058700209643546,0.8811813551310296,0.9667190775681341,-0.12648961444550294,0.032232704402515744,1.0703235652631649,0.9488993710691824,0.06796303866259441,0.028825995807127885,2.0376624932068483,0.08438155136268344,0.7118209807306952,-0.17905434485283772,0.7057893166078693,1.0381349738878802,-0.3484361763595022,0.1253909802621731,1.3203813930945625,0.9081434283344028,0.27792256413283845,0.053663364590664515,1782.8205284026517,0.05372159777771706,7.485970580111797,-0.23572411556657769,0.8009571500986714,2.13286050468563,-0.22194677463208412,0.1994983087670147,1.2336272717236176,1.9073218318336975,0.20995978030839657,0.9475189702204249,904.0883988765071,0.9496153649543163,6.806928196200266,9,7,0.563,381,378,3,0.333,0.5
426,tennessee-titans,2017,1.137873865577167,0.8785545647805002,0.8630964136861065,1.3641055016122061,0.7773689776484547,0.38530239254490584,80031937.0,61792810.0,7284668.0,6625557.0,5373163.0,143957.0,25,25,3,26,37,2,0.5367329554609278,0.41441253055683974,0.04885451398223244,0.5456422006448826,0.44250234112296655,0.01185545823215095,0.4716981132075472,0.4716981132075472,0.05660377358490566,0.4,0.5692307692307692,0.03076923076923077,-0.09753265602322203,0.8286573917773,1.0409288824383163,-0.1879463681899693,0.07169811320754715,1.1792423349130308,0.8716981132075472,0.1648742631911117,0.02583454281567489,1.839562855716623,0.08737300435413643,0.6095456314904061,-0.028089810566126805,0.9365184215449333,0.8569148716798063,-0.06558367360998799,-0.00890924518395475,0.983670198449419,1.0823751561058104,-0.016462739165200038,0.03699905575008149,4.1204981306942505,0.060709972214383394,1.415994530289418,0.1011855871320455,1.130162715362547,1.655923542428955,0.1223627564864769,-0.22623163603503915,0.8341532455364299,2.501979367189373,-0.18133726702567735,0.4777940211412006,2.240043639339395,1.2483988062310123,0.8064965061435644,9,7,0.563,334,356,-22,0.833,0.667
427,tennessee-titans,2018,0.9549442015927406,1.0324202319400966,1.1569470741245926,1.688222480753741,0.5908519379368754,0.5127271299077835,57333940.0,52802486.0,7718000.0,40712240.0,23468379.0,363666.0,27,23,3,34,56,1,0.486481008358566,0.4480314214079665,0.06548757023346752,0.6307644433585405,0.3636011925765387,0.0056343640649206975,0.5094339622641509,0.4339622641509434,0.05660377358490566,0.37362637362637363,0.6153846153846154,0.01098901098901099,-0.181422351233672,0.7051875333155413,1.049346879535559,-0.3492892024947801,0.1358075886377773,1.3634813673303916,0.8830603358905246,0.3100432208469258,0.04561476259589467,5.15047470302844,0.06759278457391665,1.6391065522836998,0.08443022883142776,1.2322021994233583,0.8116326139845051,0.20880520653702828,-0.14428343499997454,0.7712550100529838,1.1172454517171064,-0.25973415219021395,0.05985320616854682,11.620823336174125,0.07112193429838821,2.452813873962848,0.4415682940032212,1.7473387464993813,1.623272169876972,0.5580948827841109,-0.7332782791610003,0.5656503493046945,2.6431666823464814,-0.5697781019008302,0.6442199442168092,2.2564532871108027,1.669674204032376,0.8137951029342275,9,7,0.563,310,303,7,0.5,0.417
428,tennessee-titans,2019,0.8314946755963877,1.2575057274234545,0.48616890125148926,1.29238753003163,0.6699421301452354,1.689898094446168,63515701.0,84974004.0,4285058.0,25094760.0,15009820.0,4206842.0,26,23,3,39,45,5,0.4157473377981938,0.5562044563603741,0.02804820584143207,0.5663271199015008,0.3387347849048943,0.09493809519360494,0.5,0.4423076923076923,0.057692307692307696,0.43820224719101125,0.5056179775280899,0.056179775280898875,-0.06331028522039761,0.874784594656793,0.9479256698357822,-0.1337753395992703,0.06179775280898875,1.1410230371525563,0.9382022471910112,0.13192726099186997,0.0015125324114088207,1.0269047980176722,0.11387208297320657,0.026566560726252745,0.2174696714554798,1.6420008784030238,0.8949392412652684,0.495917343887702,-0.15057978210330697,0.7341103561491933,0.9820744576996945,-0.30909350738764274,-0.06688988935217287,0.29543367549727173,0.12298630103503701,-1.2192752634612858,0.587563597278219,1.8770335433559004,1.9274478575686897,0.6296934233970863,-0.4608928544352424,0.6433782537330609,2.1238822056280178,-0.4410212610805956,-1.2037291931946785,0.28769108336070315,2.1760669956976573,-1.2458659448460299,9,7,0.563,402,331,71,0.5,0.583
429,tennessee-titans,2020,0.870563129586708,1.1584305165695927,0.768050830749594,1.1391366849931648,1.06952370623865,0.3693839125553124,55560087.0,73932031.0,6127208.0,39168685.0,37592299.0,4233698.0,24,24,3,45,46,15,0.4096767668643332,0.5451437725033378,0.045179460632329055,0.4835957624970983,0.464132929122433,0.052271308380468735,0.47058823529411764,0.47058823529411764,0.058823529411764705,0.42452830188679247,0.4339622641509434,0.14150943396226415,0.03662597114317423,1.08439647815543,0.904550499445061,0.08102571589916308,0.04605993340732517,1.108494120906659,0.8951165371809101,0.10300457141032811,-0.08268590455049944,0.41568333701422233,0.20033296337402884,-0.8778145178325553,0.0810108433809048,1.1745398004711167,1.0092767016257707,0.1608782460809069,-0.0739189956327651,0.8471453877170887,0.8932725293614314,-0.16588050791723055,-0.0070918477481396805,0.8643096513642798,0.09745076901279778,-0.14580204789594348,0.08890681033094272,1.083126467123523,2.2279542228082425,0.07985259925172467,-0.2685735554064568,0.7642299443301551,2.009699814579873,-0.2688854121640376,0.3986669181942816,2.079269630793555,1.1374347433049063,0.7320179950042298,11,5,0.688,491,439,52,0.833,0.667
430,tennessee-titans,2021,0.7995214553726441,1.243387424774541,0.6949492202668504,1.0197019336673667,1.0871963371956332,0.3426795515350341,54388691.0,81450647.0,5252778.0,18601346.0,23551183.0,1172089.0,27,26,3,48,57,9,0.385483558840382,0.5772870186453225,0.037229422514295556,0.429348182596786,0.5435981685978166,0.02705364880539743,0.48214285714285715,0.4642857142857143,0.05357142857142857,0.42105263157894735,0.5,0.07894736842105263,-0.0357142857142857,0.9285695714322857,0.9642857142857143,-0.07410781830788767,0.061090225563909806,1.1450865661336913,0.9031954887218046,0.13548231183052803,-0.02537593984962406,0.6785628334422049,0.1325187969924812,-0.38775953110276196,0.03368885004750588,1.0619718571947079,1.1208851872431391,0.06012915489104127,-0.043864623756403986,0.8978322877171996,0.814831741437168,-0.10776939598871069,0.010175773708898127,1.376082268969178,0.06428307131969299,0.3192673863339302,0.15619108757890765,1.143663051991823,2.330583761970174,0.13423711885571116,-0.22018047829472265,0.7840729186657934,1.819223389040011,-0.24325200370707298,0.35226966873181625,2.0279797530202175,1.0376287718018844,0.7070415409142795,12,5,0.706,419,354,65,0.833,0.667
431,tennessee-titans,2022,1.0182272317507695,1.0069117733781425,0.7951161395111622,0.7684896113297084,1.3033837919747548,0.34645719596138785,39403021.0,35847928.0,3692297.0,48731638.0,80026645.0,2092345.0,25,23,3,63,61,6,0.49913099595625954,0.4540974664254368,0.04677153761830366,0.37242188856747405,0.6115877793112311,0.015990332121294824,0.49019607843137253,0.45098039215686275,0.058823529411764705,0.4846153846153846,0.46923076923076923,0.046153846153846156,-0.018250377073906476,0.9611037055231221,0.920211161387632,-0.03967074426932907,0.005580693815987914,1.0115136301477223,0.9748114630467571,0.011449892715909347,0.012669683257918549,1.2744821901407821,0.10497737556561086,0.242556970594865,-0.1574903128857943,0.7424882237650592,1.065685245736668,-0.2977460665121591,0.1267091073887855,1.3402264234514927,0.8715528845237336,0.29284057589359264,0.030781205497008836,2.9248055924009253,0.06276186973959849,1.0732493946343582,-0.2964720185966123,0.7725360765124267,2.3102955653528974,-0.2580755771785554,0.24973762042106107,1.32497029467796,1.7867168430804778,0.28139102217447065,0.44865894354977437,2.2949843553413194,1.1415733354725501,0.8307272843216461,7,10,0.412,298,359,-61,0.5,0.417
432,tennessee-titans,2023,0.6224899103661442,1.4740311787343823,0.47950468028502646,1.0987119106287409,0.9007684071540534,0.41261354906929076,39387934.0,86094508.0,3500835.0,60667989.0,30359600.0,1479444.0,26,24,3,77,47,5,0.30537240885886313,0.6674858167853807,0.027141774355756213,0.655820287739636,0.32818693904062407,0.015992773219739954,0.49056603773584906,0.4528301886792453,0.05660377358490566,0.5968992248062015,0.3643410852713178,0.03875968992248062,0.08848910340792748,1.2428709363674864,0.8171712739505631,0.21742618310124792,-0.10633318707035244,0.8218560110194689,1.0874652625420507,-0.19618802988646275,0.017844083662425042,1.4603396817267775,0.09536346350738628,0.37868673388698676,0.3392988777447566,2.03385236744717,0.9956727558260048,0.7099332107741693,-0.35044787888077283,0.46563357208388967,0.9611926965984992,-0.7643530054884523,0.01114900113601626,1.6970213334185011,0.04313454757549617,0.5289114003236697,0.5732627715803289,1.6364134561269432,2.374799585888436,0.49250760845672303,-0.47622200026259665,0.5665628430723755,1.7212018209948852,-0.5681656660495495,0.0668911312157357,1.1621128759676935,0.8921182293543173,0.15024187858219892,6,11,0.353,305,367,-62,0.167,0.333
433,tennessee-titans,2024,1.3474833200364564,0.7100190462401449,0.7333017056270918,0.9710594095487461,1.1703469758288683,0.03543246086901039,86671425.0,49474868.0,5895834.0,51771349.0,51144447.0,216777.0,24,26,3,61,50,7,0.6101811260542445,0.3483112302310145,0.04150764371474105,0.5019883388345213,0.49590973552070694,0.0021019256447718025,0.4528301886792453,0.49056603773584906,0.05660377358490566,0.5169491525423728,0.423728813559322,0.059322033898305086,0.06683722417652704,1.1577331168064482,0.9142948512951711,0.1464659219691245,-0.06411896386312754,0.8759649000047991,0.9697793412216181,-0.13242704900528618,-0.0027182603133994246,0.9541618131321312,0.11592580748321074,-0.0469043399638248,-0.14759850528969243,0.70236678757375,0.8442209657517215,-0.3532966509936486,0.10819278721972314,1.2155260656947697,1.112169464888766,0.19517859782226868,0.039405718069969245,19.73804628705511,0.04360956935951285,2.982572148478219,-0.4603279295887234,0.6066734517460866,1.8803660220690133,-0.49976319503317157,0.3764239104877103,1.387641084721634,2.318542729585203,0.3276059862753166,0.6978692447580814,20.69517590556409,0.7687341664961023,3.029901988765275,3,14,0.176,311,460,-149,0.167,0.25
434,washington-commanders,2011,1.3363558282729764,0.7569748397473884,0.5028454762241583,0.8263282740780563,1.0868358629609718,0.0,59729278.0,39666832.0,2325000.0,6680089.0,17572097.0,0.0,29,34,3,9,18,0,0.5871866518169139,0.38995673562744254,0.022856612555643564,0.27544275802601875,0.7245572419739812,0.0,0.4393939393939394,0.5151515151515151,0.045454545454545456,0.3333333333333333,0.6666666666666666,0.0,-0.1515151515151515,0.7727261136381023,1.1818181818181817,-0.2578286681263882,0.10606060606060608,1.3181778636482273,0.7727272727272727,0.27625265249213743,0.045454545454545456,45454.545454545456,0.045454545454545456,,-0.33460050634653865,0.5381992958427293,1.1145139776014237,-0.6195237846625661,0.3117438937908951,2.1317842017006154,0.8626294098429326,0.7569609855006437,0.022856612555643564,22856.612555643565,0.022856612555643564,,-0.32986102321358335,0.6964935268068575,1.8438107027083603,-0.3616954586466833,0.5100275541949201,1.6172195155060454,2.1626841023510326,0.4807090744810979,0.5028454762241583,502845.47622415837,0.5028454762241583,,5,11,0.313,288,367,-79,0.333,0.417
435,washington-commanders,2012,0.9746121029153769,1.0606081448031068,0.6224096257305393,1.0890568999128314,1.0180205144016974,0.0898419783265058,39178049.0,47372189.0,2780000.0,13394717.0,12521014.0,130000.0,27,30,3,17,17,2,0.4385754463119196,0.5303040724015534,0.031120481286526964,0.5142768694032814,0.4807319095785793,0.00499122101813921,0.45,0.5,0.05,0.4722222222222222,0.4722222222222222,0.05555555555555555,0.02777777777777779,1.0588212872019802,0.9722222222222222,0.05715829619313216,-0.0222222222222222,0.9529391584817821,0.9222222222222223,-0.04820199724294112,-0.00555555555555555,0.8999838002915949,0.10555555555555556,-0.1053585156958255,0.04957216282297411,1.103115808872809,1.0110359819801327,0.09814061491361306,-0.07570142309136185,0.8527985985879585,0.952852315715201,-0.15922958877190446,0.026129260268387754,6.233794772597377,0.03611170230466618,1.830017392804813,0.04258763040140945,1.0418327410560062,2.078628659204804,0.040982356081029334,-0.11444479699745447,0.8949130280340332,2.0636690028282083,-0.1110277147613774,0.5325676474040335,6.927749250126025,0.712251604057045,1.9355365835742862,10,6,0.625,436,388,48,0.833,0.667
436,washington-commanders,2013,0.8895221377146743,1.1865601780166213,0.36598070223920554,1.407307520172411,0.7275004301638446,1.0803804864045252,37217284.0,49645248.0,1837500.0,9933971.0,7854012.0,897205.0,25,25,3,17,26,2,0.4195859140163557,0.5596981971776516,0.020715888805992764,0.5316495076206886,0.4203335818724436,0.048016910506867794,0.4716981132075472,0.4716981132075472,0.05660377358490566,0.37777777777777777,0.5777777777777777,0.044444444444444446,-0.10607966457023055,0.8163991675529648,1.0494758909853248,-0.20284974770506356,0.09392033542976941,1.2486093474658229,0.8494758909853249,0.2220325299726154,0.012159329140461216,1.2735562506447378,0.1010482180293501,0.24183085109009642,0.139364615305208,1.3315540079628754,0.9800317790500952,0.2863484738693899,-0.11206359360433293,0.7892137936520385,0.9512354216370443,-0.2367156436688368,-0.02730102170087503,0.4314200386339147,0.06873279931286055,-0.8406248249037852,0.4590597478527767,1.6310073476410754,1.9140606081804659,0.48919867139209433,-0.5177853824577368,0.6320732980467552,2.296829657887085,-0.4587487894396348,-0.7143997841653197,0.3387513640734233,1.4463611886437309,-1.082486147630548,3,13,0.188,334,478,-144,0.0,0.083
437,washington-commanders,2014,0.7223799182703576,1.3283641781684064,0.3751377763776156,1.6028464969988696,0.3928296105038826,0.1886939431925282,29308225.0,58385246.0,1902500.0,34690602.0,7947577.0,177562.0,24,26,3,46,43,2,0.3271154346884638,0.6516503515543126,0.021234213757223525,0.8102300973840438,0.18562278298535112,0.004147119630605015,0.4528301886792453,0.49056603773584906,0.05660377358490566,0.5054945054945055,0.4725274725274725,0.02197802197802198,0.018038565208376545,1.038172440936515,0.9630935102633216,0.03746393747527825,-0.05266431681526018,0.8958144706672715,0.9583246941737508,-0.11001974310443909,0.03462575160688368,2.5753545194825707,0.07858179556292764,0.9460048686185991,0.4660275685689615,3.5105973010244003,0.8372731345396638,1.2557877287964119,-0.48311466269558,0.40373102901703783,1.1373455320725077,-0.9070033354837589,0.01708709412661851,5.118997436948668,0.02538133338782854,1.63300569948136,0.9355345676645237,3.3815190126464887,1.721193788672289,1.2183257733704997,-0.880466578728512,0.45068537064375946,2.3252264152692272,-0.7969844246886449,0.1864438331850874,1.9880648099554903,0.5638317195701438,0.6871643739679578,4,12,0.25,301,438,-137,0.333,0.167
438,washington-commanders,2015,0.9036980756901782,1.1787309236039363,0.3726686470836911,0.9915607868635313,1.0491763588155565,0.15368861387725155,42486921.0,53200757.0,2102500.0,21918375.0,19945088.0,135891.0,25,24,3,50,43,2,0.4344702286972011,0.5440296570479706,0.021500114254828333,0.521874098349227,0.4748903518849361,0.0032355497658368747,0.4807692307692308,0.46153846153846156,0.057692307692307696,0.5263157894736842,0.45263157894736844,0.021052631578947368,0.008906882591093124,1.0196757436501906,0.91417004048583,0.01948684503793098,-0.0455465587044534,0.913459802887913,1.007085020242915,-0.09051382754119006,0.03663967611336033,2.7402544532980837,0.07874493927125506,1.00806811543848,0.06913930516303446,1.1455876273354129,1.0189200089329067,0.13591955513819073,-0.08740386965202596,0.8325176466006879,0.9563443270464281,-0.18329855858322097,0.01826456448899146,6.64291168384647,0.024735664020665207,1.8935968842749198,0.1295545647883798,1.123481090875461,2.2279072824194928,0.11643283031985423,-0.08786271117335309,0.9113885666658453,1.8952588625537095,-0.092784838471154,0.21898003320643952,2.4248134775153587,0.5263572609609426,0.8857572882879983,9,7,0.563,388,379,9,0.667,0.667
439,washington-commanders,2016,0.6689647033804735,1.4036992316429762,0.3944672081379184,1.205400838891614,0.7019020478155554,0.156388799722729,36920481.0,77470830.0,2612500.0,21218424.0,7840951.0,52940.0,25,25,3,52,33,1,0.31554938838701585,0.6621222790768755,0.022328332536108587,0.7288470188646969,0.2693345067199225,0.00181847441538057,0.4716981132075472,0.4716981132075472,0.05660377358490566,0.6046511627906976,0.38372093023255816,0.011627906976744186,0.08797718297498902,1.2292706672294447,0.8554190434401053,0.2064231600436489,-0.13295304958315046,0.7801148201148947,1.0763492759982447,-0.24831204485887412,0.044975866608161476,4.867505922792527,0.06823168056164985,1.5825993415778967,0.392787772356953,2.4583549608459365,0.9314567857967979,0.8994939214452289,-0.4132976304776811,0.4329426440350856,1.0443964072517127,-0.8371468524952244,0.020509858120728017,12.271858481416617,0.024146806951489158,2.507353497876091,0.7017971838274207,1.999847751069799,2.1056012794585315,0.6930717656003019,-0.5364361355111404,0.5549723600849964,1.8743655422720875,-0.5888354732784388,0.2380784084151894,2.5223333544597426,0.5508560078606475,0.9251869424817689,8,7,0.531,396,383,13,0.5,0.5
440,washington-commanders,2017,1.0476601335404623,1.0075869004526299,0.5103635945147994,0.7119188368942324,1.2352848791754036,0.2597362666332982,59905021.0,51212125.0,3242500.0,18368299.0,41888554.0,191471.0,27,24,3,35,46,1,0.5238300667702311,0.44781640020116886,0.028353533028599966,0.3038677962353431,0.6929646883179094,0.0031675154467475392,0.5,0.4444444444444444,0.05555555555555555,0.4268292682926829,0.5609756097560976,0.012195121951219513,-0.1165311653116532,0.7922691190951451,1.005420054200542,-0.23285189805080897,0.07317073170731708,1.1714258269452056,0.9268292682926829,0.15822366235849597,0.04336043360433604,4.555182030629044,0.06775067750677506,1.5162834925679065,-0.2451482881167405,0.6462317077894422,1.1407810885190783,-0.4365949256659838,0.21996227053488804,1.7238692266531062,0.8276978630055742,0.5445732237690462,0.025186017581852425,8.948522898224999,0.03152104847534751,2.1915237477131972,-0.22769797872277375,0.8156710259856846,2.2428717796280333,-0.203743167266199,0.33574129664622987,1.4715984570831808,1.7595789704346947,0.3863501502934022,0.2506273278815012,1.9649224815911384,0.7700998611480976,0.6754547543566173,7,9,0.438,342,388,-46,0.167,0.417
441,washington-commanders,2018,1.1586636024301433,0.8794213843002894,0.5895443712031098,0.6131047102689212,1.232345747831253,1.2219170482009647,58491396.0,40979772.0,3433990.0,16068749.0,52753929.0,1067500.0,26,24,3,30,49,1,0.5684010125129004,0.3982285513812631,0.033370436105836405,0.22991426635084547,0.7548117705466425,0.015273963102512058,0.49056603773584906,0.4528301886792453,0.05660377358490566,0.375,0.6125,0.0125,-0.15966981132075475,0.739313386719769,1.0653301886792454,-0.30203117096175486,0.11556603773584906,1.308172612168632,0.8655660377358491,0.26863324927743615,0.044103773584905664,4.527939651620323,0.06910377358490566,1.5102846795003118,-0.3565832191653794,0.5275858688676693,1.1530403219279055,-0.6394411311789779,0.338486746162055,2.472219533458615,0.7983152788637459,0.9051181030054027,0.01809647300332435,2.1846492120395657,0.04864439920834846,0.7814852381656912,-0.35292436353096357,0.7136152108551755,2.1117671321315425,-0.3374102451725724,0.5455588921612221,1.8898267998872964,1.7717683126990647,0.6364860476639527,-0.6323726769978549,0.48247455880621337,1.8114614194040746,-0.7288253912323,7,9,0.438,281,359,-78,0.333,0.5
442,washington-commanders,2019,1.0415195758690126,0.9134427221848256,1.418006467446077,0.6564595264303787,1.3864830327658237,0.0,37064748.0,35215758.0,6307857.0,35462571.0,66577012.0,0.0,24,26,3,45,40,0,0.4716315060538925,0.44810397692085785,0.08026451702524966,0.3475373963454947,0.6524626036545054,0.0,0.4528301886792453,0.49056603773584906,0.05660377358490566,0.5294117647058824,0.47058823529411764,0.0,0.019977802441731418,1.0424506149811226,0.9611542730299667,0.04157634030745899,-0.07658157602663707,0.855344296299348,0.9822419533851277,-0.1562489970403896,0.05660377358490566,56603.77358490566,0.05660377358490566,,-0.20435862673364752,0.686787698824867,1.1005665805753633,-0.3757278293516737,0.12409410970839779,1.3570630209878578,0.8191689023993871,0.30532494147745504,0.08026451702524966,80264.51702524966,0.08026451702524966,,-0.47304031058099816,0.658819503577439,2.2999257549506495,-0.4173045816564308,0.3850600494386338,1.5865684743185717,1.6979791022993913,0.4615744518616494,1.418006467446077,1418006.4674460771,1.418006467446077,,3,13,0.188,266,435,-169,0.0,0.167
443,washington-commanders,2020,0.8823328537869016,1.1235017338093336,0.9513784366980415,1.344533375118979,0.7800755302824968,0.10959763269374655,54894778.0,69899220.0,7102858.0,34161209.0,26934540.0,142800.0,25,25,3,39,53,2,0.416194742352312,0.5299536480232705,0.05385160962441743,0.5578383152089381,0.43982982026566303,0.0023318645253988628,0.4716981132075472,0.4716981132075472,0.05660377358490566,0.4148936170212766,0.5638297872340425,0.02127659574468085,-0.09213167402649536,0.8365951698408202,1.0355279004415898,-0.17841287355161914,0.05680449618627059,1.1369106608181365,0.8865917302288238,0.12831675720068372,0.03532717784022481,2.6602523266312144,0.07788036932958652,0.9784386444411247,0.09012382775760747,1.2049033937712055,0.9697834682889335,0.18640127954021204,-0.1416435728566261,0.7460835602747481,0.9740330575612501,-0.29291527124051486,0.05151974509901856,23.08389923122952,0.056183474149816295,3.139153940905829,0.34342620352683684,1.4402455274516064,1.9035772640918305,0.36481449430216734,-0.46220052133207734,0.6562367389891562,2.2268662289058807,-0.42123253917659903,0.8417808040042949,8.680568482605942,1.060976069391788,2.161088071021328,7,9,0.438,335,329,6,0.667,0.417
444,washington-commanders,2021,1.0913248693347664,0.9847040298741359,0.505812155142135,1.1527931970726797,0.9621592818710274,0.3237050241211972,54731845.0,49384624.0,3902671.0,36600742.0,47519404.0,1427432.0,26,26,4,36,56,5,0.5066865464768558,0.4571840138701345,0.036129439653009646,0.42784077417130384,0.5554733998430674,0.016685825985628722,0.4642857142857143,0.4642857142857143,0.07142857142857142,0.3711340206185567,0.5773195876288659,0.05154639175257732,-0.11303387334315163,0.8042077906706891,1.0416053019145801,-0.2178954432429563,0.09315169366715759,1.2509886927725302,0.835419734904271,0.22393634673662557,0.019882179675994108,1.3856874033786601,0.12297496318114874,0.3262103365442023,-0.09828938597293291,0.8230514565555102,1.0126574137132018,-0.19473436980515565,0.07884577230555201,1.1842848853604073,0.9345273206481597,0.16914109375954114,0.019443613667380923,2.1651475052311073,0.052815265638638365,0.7725161687563507,0.02254474800310846,1.0234303456792766,1.9468633117451632,0.023161084308838818,-0.06146832773791333,0.9466779691518192,2.244118066407446,-0.05479538100437727,0.18210713102093773,1.5625663949731015,0.8295171792633322,0.4463315715249807,7,10,0.412,335,434,-99,0.333,0.5
445,washington-commanders,2022,0.7917591145840166,1.2320518828514222,0.6548107652822093,1.1067110859576983,0.8517901583920857,0.0,57398961.0,96761382.0,5933853.0,30868264.0,17105787.0,0.0,24,26,3,50,36,0,0.35853242924559237,0.6044028104554147,0.03706476029899298,0.6434366778823827,0.35656332211761727,0.0,0.4528301886792453,0.49056603773584906,0.05660377358490566,0.5813953488372093,0.4186046511627907,0.0,0.07196138657305834,1.171904957262686,0.9091706888986397,0.1586326318401832,-0.12856516015796404,0.7788665848777758,1.0342255375164546,-0.24991330404644052,0.05660377358490566,56603.77358490566,0.05660377358490566,,0.2478394883377974,1.6950737159172218,0.9609661325730319,0.5277278846277509,-0.2849042486367903,0.5572139176331081,1.001969107127975,-0.5848032704390477,0.03706476029899298,37064.76029899298,0.03706476029899298,,0.3802617244593365,1.4464248316185264,2.083842041243508,0.36909569004006276,-0.3149519713736817,0.7154156213075638,1.898470200541715,-0.334890353619216,0.6548107652822093,654810.7652822093,0.6548107652822093,,8,8,0.5,321,343,-22,0.417,0.458
446,washington-commanders,2023,0.884457780821121,1.1315896546859558,0.7838940794860779,1.3884438437445175,0.5864260673417698,0.34947778002488195,53556046.0,74230515.0,5933334.0,62192461.0,22376222.0,869674.0,24,26,3,54,46,3,0.40050918376805483,0.5551194532421672,0.044371362989778,0.7279220151670286,0.2618990203662273,0.010178964466744135,0.4528301886792453,0.49056603773584906,0.05660377358490566,0.5242718446601942,0.44660194174757284,0.02912621359223301,0.04396409598827622,1.0984388858171132,0.9371679794834219,0.09389201554143375,-0.07144165598094887,0.8637300086994698,0.9771020333394395,-0.1464928406135082,0.02747755999267265,1.9433295054354076,0.08572998717713867,0.6644204084441689,0.29322043287593985,2.119585376381098,0.8170184736083945,0.7512222937899424,-0.32741283139897376,0.5502081613344157,1.1284311989350835,-0.5974561003872616,0.034192398523033865,4.358695271946202,0.054550327456522135,1.4721952998277046,0.545163587344186,1.9296340801855674,1.7180157220277257,0.6573312728946507,-0.5039860629233964,0.6370132632966635,2.2729016245656384,-0.45096367148933303,0.434416299461196,2.2430377015459046,1.1333718595109599,0.8078323396143949,4,13,0.235,329,518,-189,0.0,0.167
447,washington-commanders,2024,1.1080453196786022,0.9560826688685278,0.5162543123772746,0.7663829677352063,1.193494870746618,0.7536216423594775,93441088.0,87344973.0,5441944.0,15942070.0,35648630.0,2813751.0,24,26,3,39,56,7,0.5017563711752161,0.46902168661474947,0.029221942210034414,0.2930287817811083,0.655252085900104,0.051719132318787664,0.4528301886792453,0.49056603773584906,0.05660377358490566,0.38235294117647056,0.5490196078431373,0.06862745098039216,-0.058453570107288244,0.8935293698046585,1.0395856455789865,-0.11257403594896995,0.07047724750277473,1.1843220113958426,0.8351831298557159,0.16917267690014828,-0.012023677395486501,0.8247858253580272,0.12523122456529784,-0.19261386546685072,-0.1862303992853545,0.715787070228699,1.1242737725148535,-0.33437041210350027,0.2087275893941078,1.7123050364553918,0.7947851529563243,0.5378424303449477,-0.02249719010875325,0.5650013041327692,0.08094107452882207,-0.5708930193640593,-0.2374122018780902,0.8010774836367293,2.1495775396151457,-0.22179655702918633,0.3416623519433959,1.445809628498705,1.8744282874138085,0.3686703636855477,-0.2373673299822029,0.6850302570009854,1.2698759547367522,-0.3782903338631064,12,5,0.706,485,391,94,0.667,0.75
