,team,season,roster_status,player_count,cap_hit_sum,total_player_count,total_cap_hit_sum,player_count_prop,cap_hit_prop,avg_cap_hit_per_player,overall_avg_cap_hit_per_player,cap_hit_per_player_prop,w,l,pct,pf,pa,net_pts,div_win_pct,conf_win_pct
0,arizona-cardinals,2011,active,58,111028866.0,81,118470364.0,0.7160493827160493,0.9371868394022999,1914290.7931034483,1462597.086419753,1.3088298964066603,8,8,0.5,312,348,-36,0.667,0.583
1,arizona-cardinals,2011,inactive,23,7441498.0,81,118470364.0,0.2839506172839506,0.0628131605977002,323543.39130434784,1462597.086419753,0.22121156558320507,8,8,0.5,312,348,-36,0.667,0.583
2,arizona-cardinals,2012,active,53,88769403.0,83,117797796.0,0.6385542168674698,0.7535743962476174,1674894.3962264152,1419250.5542168675,1.1801259412934386,5,11,0.313,250,357,-107,0.167,0.25
3,arizona-cardinals,2012,inactive,30,29028393.0,83,117797796.0,0.3614457831325301,0.2464256037523826,967613.1,1419250.5542168675,0.6817775037149252,5,11,0.313,250,357,-107,0.167,0.25
4,arizona-cardinals,2013,active,52,92369539.0,105,120046145.0,0.49523809523809526,0.7694502726430741,1776337.2884615385,1143296.619047619,1.5536976659138997,10,6,0.625,379,324,55,0.333,0.5
5,arizona-cardinals,2013,inactive,53,27676606.0,105,120046145.0,0.5047619047619047,0.23054972735692594,522200.11320754717,1143296.619047619,0.4567494598580609,10,6,0.625,379,324,55,0.333,0.5
6,arizona-cardinals,2014,active,54,93308619.0,140,133228945.0,0.38571428571428573,0.7003629654201645,1727937.388888889,951635.3214285715,1.8157558362745005,11,5,0.688,310,299,11,0.5,0.667
7,arizona-cardinals,2014,inactive,86,39920326.0,140,133228945.0,0.6142857142857143,0.2996370345798355,464189.83720930235,951635.3214285715,0.4877812190834531,11,5,0.688,310,299,11,0.5,0.667
8,arizona-cardinals,2015,active,52,120691340.0,129,144707976.0,0.40310077519379844,0.8340337784836407,2320987.3076923075,1121767.2558139535,2.0690453350844162,13,3,0.813,489,313,176,0.667,0.833
9,arizona-cardinals,2015,inactive,77,24016636.0,129,144707976.0,0.5968992248062015,0.16596622151635926,311904.36363636365,1121767.2558139535,0.27804730617675777,13,3,0.813,489,313,176,0.667,0.833
10,arizona-cardinals,2016,active,53,111290277.0,140,155855865.0,0.37857142857142856,0.7140589608225523,2099816.547169811,1113256.1785714286,1.8861934814180623,7,8,0.469,418,362,56,0.75,0.542
11,arizona-cardinals,2016,inactive,87,44565588.0,140,155855865.0,0.6214285714285714,0.2859410391774477,512248.1379310345,1113256.1785714286,0.4601350055729043,7,8,0.469,418,362,56,0.75,0.542
12,arizona-cardinals,2017,active,53,104474970.0,135,169351526.0,0.3925925925925926,0.6169118901237418,1971225.8490566039,1254455.7481481482,1.5713793427680216,8,8,0.5,295,361,-66,0.5,0.417
13,arizona-cardinals,2017,inactive,82,64876556.0,135,169351526.0,0.6074074074074074,0.38308810987625824,791177.512195122,1254455.7481481482,0.6306938394304251,8,8,0.5,295,361,-66,0.5,0.417
14,arizona-cardinals,2018,active,53,107921249.0,147,172915077.0,0.36054421768707484,0.6241286235554809,2036249.9811320754,1176293.0408163266,1.7310737294840697,3,13,0.188,225,425,-200,0.333,0.25
15,arizona-cardinals,2018,inactive,94,64993828.0,147,172915077.0,0.6394557823129252,0.37587137644451907,691423.7021276596,1176293.0408163266,0.587798854652599,3,13,0.188,225,425,-200,0.333,0.25
16,arizona-cardinals,2019,active,53,118348287.0,143,192019927.0,0.3706293706293706,0.616333361068302,2232986.547169811,1342796.6923076923,1.6629371817503242,5,10,0.344,361,442,-81,0.167,0.292
17,arizona-cardinals,2019,inactive,90,73671640.0,143,192019927.0,0.6293706293706294,0.38366663893169795,818573.7777777778,1342796.6923076923,0.6096036596359201,5,10,0.344,361,442,-81,0.167,0.292
18,arizona-cardinals,2020,active,53,134848837.0,159,194162965.0,0.3333333333333333,0.6945136885399334,2544317.679245283,1221150.7232704402,2.0835410656198,8,8,0.5,410,367,43,0.333,0.5
19,arizona-cardinals,2020,inactive,106,59314128.0,159,194162965.0,0.6666666666666666,0.30548631146006655,559567.2452830189,1221150.7232704402,0.4582294671900999,8,8,0.5,410,367,43,0.333,0.5
20,arizona-cardinals,2021,active,56,153976241.0,157,191127625.0,0.35668789808917195,0.8056200196073173,2749575.7321428573,1217373.4076433121,2.2586132692562293,11,6,0.647,449,366,83,0.667,0.583
21,arizona-cardinals,2021,inactive,101,37151384.0,157,191127625.0,0.643312101910828,0.19437998039268264,367835.48514851485,1217373.4076433121,0.30215501902624925,11,6,0.647,449,366,83,0.667,0.583
22,arizona-cardinals,2022,active,52,98153785.0,181,204825664.0,0.287292817679558,0.4792064777585684,1887572.7884615385,1131633.502762431,1.6680071629673243,4,13,0.235,340,449,-109,0.167,0.25
23,arizona-cardinals,2022,inactive,129,106671879.0,181,204825664.0,0.712707182320442,0.5207935222414316,826913.7906976744,1131633.502762431,0.7307257947728614,4,13,0.235,340,449,-109,0.167,0.25
24,arizona-cardinals,2023,active,53,107322872.0,183,218123776.0,0.2896174863387978,0.49202738907289045,2024959.8490566039,1191933.2021857924,1.6988870226479047,4,13,0.235,330,455,-125,0.0,0.25
25,arizona-cardinals,2023,inactive,130,110800904.0,183,218123776.0,0.7103825136612022,0.5079726109271095,852314.6461538462,1191933.2021857924,0.7150691369204696,4,13,0.235,330,455,-125,0.0,0.25
26,arizona-cardinals,2024,active,53,164898640.0,161,257387848.0,0.32919254658385094,0.6406621030531325,3111295.0943396227,1598682.2857142857,1.9461622375764969,8,9,0.471,400,379,21,0.5,0.333
27,arizona-cardinals,2024,inactive,108,92489208.0,161,257387848.0,0.6708074534161491,0.3593378969468675,856381.5555555555,1598682.2857142857,0.5356796426707933,8,9,0.471,400,379,21,0.5,0.333
28,atlanta-falcons,2011,active,53,116684491.0,71,126014378.0,0.7464788732394366,0.9259617263674468,2201594.169811321,1774850.3943661973,1.2404392938129947,10,6,0.625,402,350,52,0.5,0.583
29,atlanta-falcons,2011,inactive,18,9329887.0,71,126014378.0,0.2535211267605634,0.07403827363255326,518327.05555555556,1774850.3943661973,0.2920398571061823,10,6,0.625,402,350,52,0.5,0.583
30,atlanta-falcons,2012,active,53,103035944.0,93,127447956.0,0.5698924731182796,0.808455052821718,1944074.4150943395,1370408.1290322582,1.4186098096682975,13,3,0.813,419,299,120,0.5,0.75
31,atlanta-falcons,2012,inactive,40,24412012.0,93,127447956.0,0.43010752688172044,0.19154494717828194,610300.3,1370408.1290322582,0.4453420021895055,13,3,0.813,419,299,120,0.5,0.75
32,atlanta-falcons,2013,active,53,89778071.0,116,122214225.0,0.45689655172413796,0.7345959195830108,1693925.8679245282,1053570.9051724137,1.6077948428609297,4,12,0.25,353,443,-90,0.167,0.25
33,atlanta-falcons,2013,inactive,63,32436154.0,116,122214225.0,0.5431034482758621,0.2654040804169891,514859.5873015873,1053570.9051724137,0.48868052902175774,4,12,0.25,353,443,-90,0.167,0.25
34,atlanta-falcons,2014,active,54,103552592.0,127,133009495.0,0.4251968503937008,0.7785353368945578,1917640.5925925926,1047318.8582677165,1.8309997738075712,6,10,0.375,381,417,-36,0.833,0.5
35,atlanta-falcons,2014,inactive,73,29456903.0,127,133009495.0,0.5748031496062992,0.22146466310544222,403519.2191780822,1047318.8582677165,0.38528783855330356,6,10,0.375,381,417,-36,0.833,0.5
36,atlanta-falcons,2015,active,53,99720594.0,145,136236065.0,0.36551724137931035,0.7319691302005823,1881520.641509434,939559.0689655172,2.002557054322348,8,8,0.5,339,345,-6,0.167,0.417
37,atlanta-falcons,2015,inactive,92,36515471.0,145,136236065.0,0.6344827586206897,0.26803086979941765,396907.29347826086,939559.0689655172,0.4224399578360387,8,8,0.5,339,345,-6,0.167,0.417
38,atlanta-falcons,2016,active,52,112615074.0,142,153820903.0,0.36619718309859156,0.7321181439170201,2165674.5,1083245.795774648,1.9992457006964781,11,5,0.688,540,406,134,0.833,0.75
39,atlanta-falcons,2016,inactive,90,41205829.0,142,153820903.0,0.6338028169014085,0.2678818560829798,457842.5444444445,1083245.795774648,0.4226580395975904,11,5,0.688,540,406,134,0.833,0.75
40,atlanta-falcons,2017,active,53,147393869.0,104,166313787.0,0.5096153846153846,0.8862396296706297,2781016.396226415,1599171.0288461538,1.7390362544480282,10,6,0.625,353,315,38,0.667,0.75
41,atlanta-falcons,2017,inactive,51,18919918.0,104,166313787.0,0.49038461538461536,0.11376037032937023,370978.7843137255,1599171.0288461538,0.2319819316520491,10,6,0.625,353,315,38,0.667,0.75
42,atlanta-falcons,2018,active,53,141338061.0,110,173654866.0,0.4818181818181818,0.813902105110029,2666755.867924528,1578680.6,1.689230784190626,7,9,0.438,414,423,-9,0.667,0.583
43,atlanta-falcons,2018,inactive,57,32316805.0,110,173654866.0,0.5181818181818182,0.186097894889971,566961.4912280702,1578680.6,0.35913628838415457,7,9,0.438,414,423,-9,0.667,0.583
44,atlanta-falcons,2019,active,52,132338075.0,141,184246919.0,0.36879432624113473,0.7182647922595655,2544962.980769231,1306715.7375886524,1.9476026097807453,7,9,0.438,381,399,-18,0.667,0.5
45,atlanta-falcons,2019,inactive,89,51908844.0,141,184246919.0,0.6312056737588653,0.2817352077404345,583245.4382022471,1306715.7375886524,0.4463445426000141,7,9,0.438,381,399,-18,0.667,0.5
46,atlanta-falcons,2020,active,54,166160239.0,137,199335990.0,0.39416058394160586,0.833568684711677,3077041.462962963,1455007.2262773723,2.114794626027773,4,12,0.25,396,414,-18,0.167,0.167
47,atlanta-falcons,2020,inactive,83,33175751.0,137,199335990.0,0.6058394160583942,0.166431315288323,399707.843373494,1455007.2262773723,0.2747119300542199,4,12,0.25,396,414,-18,0.167,0.167
48,atlanta-falcons,2021,active,55,141096481.0,147,185499791.0,0.3741496598639456,0.7606287869079055,2565390.5636363635,1261903.3401360544,2.03295330319022,7,10,0.412,313,459,-146,0.333,0.333
49,atlanta-falcons,2021,inactive,92,44403310.0,147,185499791.0,0.6258503401360545,0.23937121309209453,482644.67391304346,1261903.3401360544,0.3824735687449771,7,10,0.412,313,459,-146,0.333,0.333
50,atlanta-falcons,2022,active,53,94499866.0,165,201717487.0,0.3212121212121212,0.4684763200525099,1783016.3396226414,1222530.2242424241,1.4584640152578139,7,10,0.412,365,386,-21,0.333,0.5
51,atlanta-falcons,2022,inactive,112,107217621.0,165,201717487.0,0.6787878787878788,0.5315236799474902,957300.1875,1222530.2242424241,0.7830482784940703,7,10,0.412,365,386,-21,0.333,0.5
52,atlanta-falcons,2023,active,54,163895473.0,153,222639430.0,0.35294117647058826,0.7361475593069925,3035101.3518518517,1455159.6732026143,2.085751418036479,7,10,0.412,321,373,-52,0.5,0.333
53,atlanta-falcons,2023,inactive,99,58743957.0,153,222639430.0,0.6470588235294118,0.2638524406930075,593373.303030303,1455159.6732026143,0.40777195379828435,7,10,0.412,321,373,-52,0.5,0.333
54,atlanta-falcons,2024,active,53,219836480.0,147,253133425.0,0.36054421768707484,0.8684608917214311,4147858.113207547,1721996.0884353742,2.4087500204349124,8,9,0.471,389,423,-34,0.667,0.583
55,atlanta-falcons,2024,inactive,94,33296945.0,147,253133425.0,0.6394557823129252,0.1315391082785689,354222.8191489362,1721996.0884353742,0.2057047757122301,8,9,0.471,389,423,-34,0.667,0.583
56,baltimore-ravens,2011,active,53,106996060.0,76,120452189.0,0.6973684210526315,0.8882865549251246,2018793.5849056605,1584897.2236842106,1.2737693995152732,12,4,0.75,378,266,112,1.0,0.75
57,baltimore-ravens,2011,inactive,23,13456129.0,76,120452189.0,0.3026315789473684,0.11171344507487531,585049.0869565217,1584897.2236842106,0.3691400793778488,12,4,0.75,378,266,112,1.0,0.75
58,baltimore-ravens,2012,active,56,101262723.0,103,129851198.0,0.5436893203883495,0.7798366480993113,1808262.9107142857,1260691.2427184465,1.434342406325519,10,6,0.625,398,344,54,0.667,0.667
59,baltimore-ravens,2012,inactive,47,28588475.0,103,129851198.0,0.4563106796116505,0.22016335190068867,608265.4255319149,1260691.2427184465,0.48248564352704115,10,6,0.625,398,344,54,0.667,0.667
60,baltimore-ravens,2013,active,53,103969958.0,110,124106848.0,0.4818181818181818,0.8377455368135689,1961697.3207547169,1128244.0727272728,1.7387171518772184,8,8,0.5,320,352,-32,0.5,0.5
61,baltimore-ravens,2013,inactive,57,20136890.0,110,124106848.0,0.5181818181818182,0.1622544631864311,353278.77192982455,1128244.0727272728,0.31312264825451613,8,8,0.5,320,352,-32,0.5,0.5
62,baltimore-ravens,2014,active,52,96142927.0,145,124870620.0,0.3586206896551724,0.7699403350443843,1848902.4423076923,861176.6896551724,2.1469490111814564,10,6,0.625,409,302,107,0.5,0.5
63,baltimore-ravens,2014,inactive,93,28727693.0,145,124870620.0,0.6413793103448275,0.23005966495561567,308899.9247311828,861176.6896551724,0.35869517654370187,10,6,0.625,409,302,107,0.5,0.5
64,baltimore-ravens,2015,active,52,65521036.0,169,141217050.0,0.3076923076923077,0.46397397481394775,1260019.923076923,835603.8461538461,1.5079154181453303,5,11,0.313,328,401,-73,0.5,0.333
65,baltimore-ravens,2015,inactive,117,75696014.0,169,141217050.0,0.6923076923076923,0.5360260251860522,646974.4786324786,835603.8461538461,0.774259814157631,5,11,0.313,328,401,-73,0.5,0.333
66,baltimore-ravens,2016,active,53,115846569.0,134,150959443.0,0.39552238805970147,0.7674019372209793,2185784.320754717,1126563.0074626866,1.9402237658039854,8,8,0.5,343,321,22,0.667,0.583
67,baltimore-ravens,2016,inactive,81,35112874.0,134,150959443.0,0.6044776119402985,0.23259806277902073,433492.27160493826,1126563.0074626866,0.3847918569430713,8,8,0.5,343,321,22,0.667,0.583
68,baltimore-ravens,2017,active,53,112215774.0,129,158870983.0,0.4108527131782946,0.7063327228232735,2117278.754716981,1231558.007751938,1.7191871932868357,9,7,0.563,395,303,92,0.5,0.583
69,baltimore-ravens,2017,inactive,76,46655209.0,129,158870983.0,0.5891472868217055,0.29366727717672647,613884.3289473684,1231558.007751938,0.49846156257628577,9,7,0.563,395,303,92,0.5,0.583
70,baltimore-ravens,2018,active,53,150160923.0,115,170531630.0,0.4608695652173913,0.8805458729269169,2833224.962264151,1482883.7391304348,1.9106184035206686,10,6,0.625,389,287,102,0.5,0.667
71,baltimore-ravens,2018,inactive,62,20370707.0,115,170531630.0,0.5391304347826087,0.11945412707308316,328559.79032258067,1482883.7391304348,0.22156813892588006,10,6,0.625,389,287,102,0.5,0.667
72,baltimore-ravens,2019,active,53,139521776.0,129,190028527.0,0.4108527131782946,0.7342149002712629,2632486.3396226414,1473089.3565891474,1.7870513610376022,14,2,0.875,531,282,249,0.833,0.833
73,baltimore-ravens,2019,inactive,76,50506751.0,129,190028527.0,0.5891472868217055,0.26578509972873704,664562.5131578947,1473089.3565891474,0.4511352350658826,14,2,0.875,531,282,249,0.833,0.833
74,baltimore-ravens,2020,active,53,135700177.0,163,190989245.0,0.32515337423312884,0.7105121390474107,2560380.6981132077,1171713.1595092025,2.185159974806188,11,5,0.688,468,303,165,0.667,0.583
75,baltimore-ravens,2020,inactive,110,55289068.0,163,190989245.0,0.6748466257668712,0.2894878609525892,502627.89090909093,1171713.1595092025,0.4289683757752004,11,5,0.688,468,303,165,0.667,0.583
76,baltimore-ravens,2021,active,56,113199729.0,165,182781957.0,0.3393939393939394,0.6193156636352242,2021423.732142857,1107769.4363636363,1.824769366068071,8,9,0.471,387,392,-5,0.167,0.417
77,baltimore-ravens,2021,inactive,109,69582228.0,165,182781957.0,0.6606060606060606,0.3806843363647759,638369.0642201835,1107769.4363636363,0.5762652798182388,8,9,0.471,387,392,-5,0.167,0.417
78,baltimore-ravens,2022,active,53,160177579.0,160,204617520.0,0.33125,0.7828145849876393,3022218.4716981133,1278859.5,2.363213841472119,10,7,0.588,350,315,35,0.5,0.5
79,baltimore-ravens,2022,inactive,107,44439941.0,160,204617520.0,0.66875,0.21718541501236063,415326.55140186916,1278859.5,0.32476323740166074,10,7,0.588,350,315,35,0.5,0.5
80,baltimore-ravens,2023,active,53,175622212.0,154,222562171.0,0.34415584415584416,0.7890928238653818,3313626.6415094337,1445208.9025974027,2.2928357523635623,13,4,0.765,483,280,203,0.5,0.667
81,baltimore-ravens,2023,inactive,101,46939959.0,154,222562171.0,0.6558441558441559,0.21090717613461812,464752.0693069307,1445208.9025974027,0.32158123885872464,13,4,0.765,483,280,203,0.5,0.667
82,baltimore-ravens,2024,active,54,219432580.0,154,251869610.0,0.35064935064935066,0.8712149909629828,4063566.296296296,1635516.948051948,2.4845760853388765,12,5,0.706,518,361,157,0.667,0.667
83,baltimore-ravens,2024,inactive,100,32437030.0,154,251869610.0,0.6493506493506493,0.1287850090370172,324370.3,1635516.948051948,0.1983289139170065,12,5,0.706,518,361,157,0.667,0.667
84,buffalo-bills,2011,active,50,70276772.0,89,108312929.0,0.5617977528089888,0.6488308704125249,1405535.44,1216999.202247191,1.1549189493342942,6,10,0.375,372,434,-62,0.167,0.333
85,buffalo-bills,2011,inactive,39,38036157.0,89,108312929.0,0.43820224719101125,0.3511691295874752,975286.0769230769,1216999.202247191,0.8013859623919305,6,10,0.375,372,434,-62,0.167,0.333
86,buffalo-bills,2012,active,54,79492678.0,116,132433193.0,0.46551724137931033,0.6002473866200598,1472086.6296296297,1141665.4568965517,1.2894203119986472,6,10,0.375,344,435,-91,0.333,0.417
87,buffalo-bills,2012,inactive,62,52940515.0,116,132433193.0,0.5344827586206896,0.39975261337994017,853879.2741935484,1141665.4568965517,0.7479242443882752,6,10,0.375,344,435,-91,0.333,0.417
88,buffalo-bills,2013,active,55,93306218.0,124,115151649.0,0.4435483870967742,0.8102898986709257,1696476.690909091,928642.3306451613,1.8268354079126323,6,10,0.375,339,388,-49,0.5,0.417
89,buffalo-bills,2013,inactive,69,21845431.0,124,115151649.0,0.5564516129032258,0.18971010132907432,316600.4492753623,928642.3306451613,0.3409282980406553,6,10,0.375,339,388,-49,0.5,0.417
90,buffalo-bills,2014,active,53,110273422.0,122,147684870.0,0.4344262295081967,0.7466805638248522,2080630.6037735848,1210531.7213114754,1.7187741280496598,9,7,0.563,343,289,54,0.667,0.417
91,buffalo-bills,2014,inactive,69,37411448.0,122,147684870.0,0.5655737704918032,0.2533194361751478,542194.8985507246,1210531.7213114754,0.4478981335270729,9,7,0.563,343,289,54,0.667,0.417
92,buffalo-bills,2015,active,53,91749336.0,151,138342172.0,0.3509933774834437,0.6632058371904122,1731119.5471698113,916173.3245033113,1.8895109701085329,8,8,0.5,379,359,20,0.667,0.583
93,buffalo-bills,2015,inactive,98,46592836.0,151,138342172.0,0.6490066225165563,0.3367941628095878,475437.10204081633,916173.3245033113,0.518937944737222,8,8,0.5,379,359,20,0.667,0.583
94,buffalo-bills,2016,active,53,112497692.0,157,152340574.0,0.3375796178343949,0.7384617836611276,2122597.962264151,970322.1273885351,2.187518868581076,7,9,0.438,399,378,21,0.167,0.333
95,buffalo-bills,2016,inactive,104,39842882.0,157,152340574.0,0.6624203821656051,0.2615382163388724,383104.6346153846,970322.1273885351,0.3948221150500285,7,9,0.438,399,378,21,0.167,0.333
96,buffalo-bills,2017,active,52,104955026.0,137,154567897.0,0.3795620437956204,0.6790221516696964,2018365.8846153845,1128232.8248175182,1.7889622072836229,9,7,0.563,302,359,-57,0.5,0.583
97,buffalo-bills,2017,inactive,85,49612871.0,137,154567897.0,0.6204379562043796,0.3209778483303037,583680.8352941177,1128232.8248175182,0.5173407673088424,9,7,0.563,302,359,-57,0.5,0.583
98,buffalo-bills,2018,active,53,104008378.0,132,179596576.0,0.4015151515151515,0.5791222768077716,1962422.2264150945,1360580.121212121,1.4423422743136955,6,10,0.375,269,374,-105,0.333,0.333
99,buffalo-bills,2018,inactive,79,75588198.0,132,179596576.0,0.5984848484848485,0.4208777231922283,956812.6329113924,1360580.121212121,0.7032387273591664,6,10,0.375,269,374,-105,0.333,0.333
100,buffalo-bills,2019,active,53,152820449.0,116,174804987.0,0.45689655172413796,0.8742339198823887,2883404.6981132077,1506939.5431034483,1.9134176359690018,10,6,0.625,314,259,55,0.5,0.583
101,buffalo-bills,2019,inactive,63,21984538.0,116,174804987.0,0.5431034482758621,0.12576608011761128,348960.92063492065,1506939.5431034483,0.2315692903752843,10,6,0.625,314,259,55,0.5,0.583
102,buffalo-bills,2020,active,52,200165512.0,143,218228694.0,0.36363636363636365,0.917228199147817,3849336.769230769,1526074.7832167833,2.5223775476564962,13,3,0.813,501,375,126,1.0,0.833
103,buffalo-bills,2020,inactive,91,18063182.0,143,218228694.0,0.6363636363636364,0.08277180085218308,198496.5054945055,1526074.7832167833,0.13006997276771626,13,3,0.813,501,375,126,1.0,0.833
104,buffalo-bills,2021,active,55,165564312.0,154,189337479.0,0.35714285714285715,0.8744402475116931,3010260.2181818183,1229464.1493506494,2.4484326930327405,11,6,0.647,483,289,194,0.833,0.583
105,buffalo-bills,2021,inactive,99,23773167.0,154,189337479.0,0.6428571428571429,0.12555975248830686,240133.0,1229464.1493506494,0.19531517053736622,11,6,0.647,483,289,194,0.833,0.583
106,buffalo-bills,2022,active,53,163264230.0,148,206691460.0,0.3581081081081081,0.7898934479440999,3080457.169811321,1396563.9189189188,2.205740194258996,13,3,0.813,455,286,169,0.667,0.818
107,buffalo-bills,2022,inactive,95,43427230.0,148,206691460.0,0.6418918918918919,0.21010655205590012,457128.7368421053,1396563.9189189188,0.32732389162392866,13,3,0.813,455,286,169,0.667,0.818
108,buffalo-bills,2023,active,53,182016009.0,141,228637476.0,0.375886524822695,0.7960900031979009,3434264.320754717,1621542.3829787234,2.117899819828378,11,6,0.647,451,311,140,0.667,0.583
109,buffalo-bills,2023,inactive,88,46621467.0,141,228637476.0,0.624113475177305,0.20390999680209906,529789.3977272727,1621542.3829787234,0.32671942669427234,11,6,0.647,451,311,140,0.667,0.583
110,buffalo-bills,2024,active,53,175108383.0,165,256067245.0,0.3212121212121212,0.6838374935458847,3303931.754716981,1551922.696969697,2.1289280459447357,13,4,0.765,525,368,157,0.833,0.75
111,buffalo-bills,2024,inactive,112,80958862.0,165,256067245.0,0.6787878787878788,0.3161625064541152,722846.9821428572,1551922.696969697,0.46577512111543756,13,4,0.765,525,368,157,0.833,0.75
112,carolina-panthers,2011,active,65,118717431.0,82,123832984.0,0.7926829268292683,0.9586898996151139,1826422.0153846154,1510158.3414634147,1.2094241810529127,6,10,0.375,406,429,-23,0.333,0.25
113,carolina-panthers,2011,inactive,17,5115553.0,82,123832984.0,0.2073170731707317,0.041310100384886146,300914.8823529412,1510158.3414634147,0.19926048420945083,6,10,0.375,406,429,-23,0.333,0.25
114,carolina-panthers,2012,active,53,89824130.0,94,126838460.0,0.5638297872340425,0.708177393512977,1694794.9056603773,1349345.319148936,1.2560127356645254,7,9,0.438,357,363,-6,0.5,0.417
115,carolina-panthers,2012,inactive,41,37014330.0,94,126838460.0,0.43617021276595747,0.29182260648702296,902788.5365853659,1349345.319148936,0.6690567075556136,7,9,0.438,357,363,-6,0.5,0.417
116,carolina-panthers,2013,active,53,72439817.0,118,110531645.0,0.4491525423728814,0.655376268036181,1366789.0,936708.8559322034,1.4591396156277237,12,4,0.75,366,241,125,0.833,0.75
117,carolina-panthers,2013,inactive,65,38091828.0,118,110531645.0,0.5508474576271186,0.34462373196381907,586028.1230769231,936708.8559322034,0.6256246211035484,12,4,0.75,366,241,125,0.833,0.75
118,carolina-panthers,2014,active,53,88019888.0,130,133399423.0,0.4076923076923077,0.6598221043279925,1660752.6037735848,1026149.4076923077,1.6184315766535664,7,8,0.469,339,374,-35,0.667,0.5
119,carolina-panthers,2014,inactive,77,45379535.0,130,133399423.0,0.5923076923076923,0.3401778956720075,589344.6103896104,1026149.4076923077,0.5743263173683244,7,8,0.469,339,374,-35,0.667,0.5
120,carolina-panthers,2015,active,53,121004274.0,128,145230447.0,0.4140625,0.8331880573224428,2283099.5094339624,1134612.8671875,2.012227761080617,15,1,0.938,500,308,192,0.833,0.917
121,carolina-panthers,2015,inactive,75,24226173.0,128,145230447.0,0.5859375,0.16681194267755714,323015.64,1134612.8671875,0.2846923821696975,15,1,0.938,500,308,192,0.833,0.917
122,carolina-panthers,2016,active,53,98999535.0,133,139231900.0,0.39849624060150374,0.7110406092282013,1867915.7547169812,1046856.3909774437,1.784309453346241,6,10,0.375,369,402,-33,0.167,0.417
123,carolina-panthers,2016,inactive,80,40232365.0,133,139231900.0,0.6015037593984962,0.2889593907717987,502904.5625,1046856.3909774437,0.4803949871581153,6,10,0.375,369,402,-33,0.167,0.417
124,carolina-panthers,2017,active,51,144363005.0,121,175448311.0,0.4214876033057851,0.8228235665374972,2830647.156862745,1449986.041322314,1.952189246098768,11,5,0.688,363,327,36,0.5,0.583
125,carolina-panthers,2017,inactive,70,31085306.0,121,175448311.0,0.5785123966942148,0.1771764334625028,444075.8,1449986.041322314,0.3062621206994692,11,5,0.688,363,327,36,0.5,0.583
126,carolina-panthers,2018,active,53,138090418.0,117,184421777.0,0.452991452991453,0.7487750104479256,2605479.5849056602,1576254.5042735043,1.6529561551397602,7,9,0.438,376,382,-6,0.333,0.417
127,carolina-panthers,2018,inactive,64,46331359.0,117,184421777.0,0.5470085470085471,0.25122498955207445,723927.484375,1576254.5042735043,0.4592706840248861,7,9,0.438,376,382,-6,0.333,0.417
128,carolina-panthers,2019,active,53,117133265.0,125,183306165.0,0.424,0.6390034126784552,2210061.603773585,1466449.32,1.5070835204680548,5,11,0.313,340,470,-130,0.167,0.167
129,carolina-panthers,2019,inactive,72,66172900.0,125,183306165.0,0.576,0.3609965873215448,919068.0555555555,1466449.32,0.6267301863221263,5,11,0.313,340,470,-130,0.167,0.167
130,carolina-panthers,2020,active,53,119293249.0,161,204039300.0,0.32919254658385094,0.5846581957495444,2250816.0188679243,1267324.8447204968,1.776037160673144,5,11,0.313,350,402,-52,0.167,0.333
131,carolina-panthers,2020,inactive,108,84746051.0,161,204039300.0,0.6708074534161491,0.4153418042504557,784685.6574074074,1267324.8447204968,0.6191669489289201,5,11,0.313,350,402,-52,0.167,0.333
132,carolina-panthers,2021,active,56,96749377.0,162,181771931.0,0.345679012345679,0.5322569687615851,1727667.4464285714,1122048.9567901234,1.5397433739174426,5,12,0.294,304,404,-100,0.333,0.25
133,carolina-panthers,2021,inactive,106,85022554.0,162,181771931.0,0.654320987654321,0.46774303123841493,802099.5660377359,1122048.9567901234,0.7148525571756909,5,12,0.294,304,404,-100,0.333,0.25
134,carolina-panthers,2022,active,53,128149331.0,148,202249051.0,0.3581081081081081,0.6336214205524258,2417911.9056603773,1366547.6418918918,1.7693579290897927,7,10,0.412,347,374,-27,0.667,0.5
135,carolina-panthers,2022,inactive,95,74099720.0,148,202249051.0,0.6418918918918919,0.3663785794475743,779997.052631579,1366547.6418918918,0.5707792606130632,7,10,0.412,347,374,-27,0.667,0.5
136,carolina-panthers,2023,active,53,136455085.0,175,232771942.0,0.3028571428571429,0.5862179256982786,2574624.245283019,1330125.382857143,1.9356252263622402,2,15,0.118,236,416,-180,0.167,0.083
137,carolina-panthers,2023,inactive,122,96316857.0,175,232771942.0,0.6971428571428572,0.4137820743017215,789482.4344262296,1330125.382857143,0.5935398606786988,2,15,0.118,236,416,-180,0.167,0.083
138,carolina-panthers,2024,active,52,147641087.0,216,261363792.0,0.24074074074074073,0.5648873008392838,2839251.673076923,1210017.5555555555,2.3464549419477945,5,12,0.294,341,534,-193,0.333,0.333
139,carolina-panthers,2024,inactive,164,113722705.0,216,261363792.0,0.7592592592592593,0.4351126991607162,693431.1280487805,1210017.5555555555,0.573075262309236,5,12,0.294,341,534,-193,0.333,0.333
140,chicago-bears,2011,active,58,100736630.0,71,107756643.0,0.8169014084507042,0.9348530837212514,1736838.448275862,1517699.1971830986,1.1443891197277387,8,8,0.5,353,341,12,0.5,0.583
141,chicago-bears,2011,inactive,13,7020013.0,71,107756643.0,0.18309859154929578,0.06514691627874859,540001.0,1517699.1971830986,0.3558023889070115,8,8,0.5,353,341,12,0.5,0.583
142,chicago-bears,2012,active,58,110878054.0,89,128921164.0,0.651685393258427,0.8600453995280403,1911690.5862068965,1448552.404494382,1.3197248372068204,10,6,0.625,375,277,98,0.5,0.583
143,chicago-bears,2012,inactive,31,18043110.0,89,128921164.0,0.34831460674157305,0.13995460047195973,582035.8064516129,1448552.404494382,0.40180514329046507,10,6,0.625,375,277,98,0.5,0.583
144,chicago-bears,2013,active,55,101899959.0,104,127169835.0,0.5288461538461539,0.8012903295816968,1852726.5272727273,1222786.875,1.5151671686635722,8,8,0.5,445,478,-33,0.333,0.333
145,chicago-bears,2013,inactive,49,25269876.0,104,127169835.0,0.47115384615384615,0.1987096704183032,515711.7551020408,1222786.875,0.42175113721435786,8,8,0.5,445,478,-33,0.333,0.333
146,chicago-bears,2014,active,54,81640084.0,135,131432644.0,0.4,0.6211553044615005,1511853.4074074074,973575.1407407407,1.5528882611537511,5,11,0.313,319,442,-123,0.167,0.333
147,chicago-bears,2014,inactive,81,49792560.0,135,131432644.0,0.6,0.37884469553849953,614722.9629629629,973575.1407407407,0.6314078258974992,5,11,0.313,319,442,-123,0.167,0.333
148,chicago-bears,2015,active,53,89976736.0,144,141512728.0,0.3680555555555556,0.6358208005148483,1697674.2641509434,982727.2777777778,1.7275131183799655,6,10,0.375,335,397,-62,0.167,0.25
149,chicago-bears,2015,inactive,91,51535992.0,144,141512728.0,0.6319444444444444,0.3641791994851516,566329.5824175824,982727.2777777778,0.5762835684160641,6,10,0.375,335,397,-62,0.167,0.25
150,chicago-bears,2016,active,53,73471561.0,159,148323553.0,0.3333333333333333,0.4953465549736393,1386255.8679245282,932852.5345911949,1.4860396649209178,3,13,0.188,279,399,-120,0.333,0.25
151,chicago-bears,2016,inactive,106,74851992.0,159,148323553.0,0.6666666666666666,0.5046534450263607,706150.8679245283,932852.5345911949,0.7569801675395411,3,13,0.188,279,399,-120,0.333,0.25
152,chicago-bears,2017,active,53,110629152.0,140,167722301.0,0.37857142857142856,0.6595971516035902,2087342.4905660378,1198016.4357142858,1.7423320985755213,5,11,0.313,264,320,-56,0.0,0.083
153,chicago-bears,2017,inactive,87,57093149.0,140,167722301.0,0.6214285714285714,0.3404028483964097,656243.091954023,1198016.4357142858,0.5477746985689351,5,11,0.313,264,320,-56,0.0,0.083
154,chicago-bears,2018,active,53,151948529.0,97,179461788.0,0.5463917525773195,0.846690154452267,2866953.3773584906,1850121.5257731958,1.5496027355069795,12,4,0.75,421,283,138,0.833,0.833
155,chicago-bears,2018,inactive,44,27513259.0,97,179461788.0,0.4536082474226804,0.15330984554773297,625301.3409090909,1850121.5257731958,0.3379785231393205,12,4,0.75,421,283,138,0.833,0.833
156,chicago-bears,2019,active,53,140944391.0,126,182861976.0,0.42063492063492064,0.7707692658860911,2659328.132075472,1451285.5238095238,1.8323948585216505,8,8,0.5,280,298,-18,0.667,0.583
157,chicago-bears,2019,inactive,73,41917585.0,126,182861976.0,0.5793650793650794,0.22923073411390896,574213.493150685,1451285.5238095238,0.3956585273746922,8,8,0.5,280,298,-18,0.667,0.583
158,chicago-bears,2020,active,53,163818846.0,150,204713154.0,0.35333333333333333,0.8002360512700615,3090921.6226415094,1364754.36,2.2648190130284758,8,8,0.5,372,370,2,0.333,0.5
159,chicago-bears,2020,inactive,97,40894308.0,150,204713154.0,0.6466666666666666,0.19976394872993847,421590.80412371136,1364754.36,0.3089133227782554,8,8,0.5,372,370,2,0.333,0.5
160,chicago-bears,2021,active,53,128620134.0,143,188749384.0,0.3706293706293706,0.6814333974197235,2426794.9811320757,1319925.7622377623,1.8385844496418955,6,11,0.353,311,407,-96,0.333,0.333
161,chicago-bears,2021,inactive,90,60129250.0,143,188749384.0,0.6293706293706294,0.3185666025802765,668102.7777777778,1319925.7622377623,0.5061669352108837,6,11,0.353,311,407,-96,0.333,0.333
162,chicago-bears,2022,active,53,78766986.0,158,204696905.0,0.33544303797468356,0.38479812872598146,1486169.5471698113,1295550.0316455697,1.1471340441265108,3,14,0.176,326,463,-137,0.0,0.083
163,chicago-bears,2022,inactive,105,125929919.0,158,204696905.0,0.6645569620253164,0.6152018712740185,1199332.561904762,1295550.0316455697,0.9257323396313802,3,14,0.176,326,463,-137,0.0,0.083
164,chicago-bears,2023,active,52,171087200.0,143,227512044.0,0.36363636363636365,0.7519918374079572,3290138.4615384615,1590993.3146853147,2.0679775528718825,7,10,0.412,360,379,-19,0.333,0.5
165,chicago-bears,2023,inactive,91,56424844.0,143,227512044.0,0.6363636363636364,0.2480081625920428,620053.2307692308,1590993.3146853147,0.3897271126446387,7,10,0.412,360,379,-19,0.333,0.5
166,chicago-bears,2024,active,53,204948258.0,140,254719369.0,0.37857142857142856,0.8046041367195755,3866948.2641509436,1819424.0642857142,2.1253694177498224,5,12,0.294,310,370,-60,0.167,0.25
167,chicago-bears,2024,inactive,87,49771111.0,140,254719369.0,0.6214285714285714,0.1953958632804245,572081.735632184,1819424.0642857142,0.31443012481907395,5,12,0.294,310,370,-60,0.167,0.25
168,cincinnati-bengals,2011,active,56,100359460.0,81,108539705.0,0.691358024691358,0.9246336167948862,1792133.2142857143,1339996.3580246915,1.3374164814354603,9,7,0.563,344,323,21,0.333,0.5
169,cincinnati-bengals,2011,inactive,25,8180245.0,81,108539705.0,0.30864197530864196,0.07536638320511374,327209.8,1339996.3580246915,0.2441870815845685,9,7,0.563,344,323,21,0.333,0.5
170,cincinnati-bengals,2012,active,54,90753643.0,88,117392278.0,0.6136363636363636,0.7730801765342692,1680623.0185185184,1334003.1590909092,1.2598343617595495,10,6,0.625,391,320,71,0.5,0.583
171,cincinnati-bengals,2012,inactive,34,26638635.0,88,117392278.0,0.38636363636363635,0.22691982346573086,783489.2647058824,1334003.1590909092,0.5873218960289505,10,6,0.625,391,320,71,0.5,0.583
172,cincinnati-bengals,2013,active,52,92938874.0,109,127066245.0,0.47706422018348627,0.7314206381088857,1787286.0384615385,1165745.3669724772,1.533170183728241,11,5,0.688,430,305,125,0.5,0.667
173,cincinnati-bengals,2013,inactive,57,34127371.0,109,127066245.0,0.5229357798165137,0.26857936189111437,598725.8070175438,1165745.3669724772,0.5135991306338853,11,5,0.688,430,305,125,0.5,0.667
174,cincinnati-bengals,2014,active,55,115809145.0,122,131642102.0,0.45081967213114754,0.8797272547349632,2105620.8181818184,1079033.6229508198,1.9513950014121,10,5,0.656,365,344,21,0.5,0.583
175,cincinnati-bengals,2014,inactive,67,15832957.0,122,131642102.0,0.5491803278688525,0.12027274526503687,236312.79104477612,1079033.6229508198,0.21900410331842532,10,5,0.656,365,344,21,0.5,0.583
176,cincinnati-bengals,2015,active,53,134100760.0,108,143913511.0,0.49074074074074076,0.9318149426567739,2530203.0188679243,1332532.5092592593,1.8987927133383316,12,4,0.75,419,279,140,0.833,0.75
177,cincinnati-bengals,2015,inactive,55,9812751.0,108,143913511.0,0.5092592592592593,0.0681850573432261,178413.65454545454,1332532.5092592593,0.13389065805578942,12,4,0.75,419,279,140,0.833,0.75
178,cincinnati-bengals,2016,active,53,121320842.0,106,156396246.0,0.5,0.7757273278797242,2289072.4905660376,1475436.283018868,1.5514546557594482,6,9,0.406,325,315,10,0.5,0.417
179,cincinnati-bengals,2016,inactive,53,35075404.0,106,156396246.0,0.5,0.22427267212027582,661800.0754716981,1475436.283018868,0.44854534424055165,6,9,0.406,325,315,10,0.5,0.417
180,cincinnati-bengals,2017,active,52,128091070.0,108,161691563.0,0.48148148148148145,0.7921939006799013,2463289.8076923075,1497144.101851852,1.6453257937197947,7,9,0.438,290,349,-59,0.5,0.5
181,cincinnati-bengals,2017,inactive,56,33600493.0,108,161691563.0,0.5185185185185185,0.20780609932009872,600008.8035714285,1497144.101851852,0.4007689058316189,7,9,0.438,290,349,-59,0.5,0.5
182,cincinnati-bengals,2018,active,53,112195970.0,112,180326765.0,0.4732142857142857,0.6221814604171488,2116905.0943396227,1610060.4017857143,1.3147985578626542,6,10,0.375,368,455,-87,0.167,0.333
183,cincinnati-bengals,2018,inactive,59,68130795.0,112,180326765.0,0.5267857142857143,0.37781853958285117,1154759.2372881356,1610060.4017857143,0.7172148548013445,6,10,0.375,368,455,-87,0.167,0.333
184,cincinnati-bengals,2019,active,52,132358691.0,128,184954951.0,0.40625,0.7156266446741402,2545359.4423076925,1444960.5546875,1.7615425099671143,2,14,0.125,279,420,-141,0.167,0.167
185,cincinnati-bengals,2019,inactive,76,52596260.0,128,184954951.0,0.59375,0.2843733553258599,692056.052631579,1444960.5546875,0.47894459844355347,2,14,0.125,279,420,-141,0.167,0.167
186,cincinnati-bengals,2020,active,54,115462613.0,145,197637354.0,0.3724137931034483,0.5842145255597786,2138196.537037037,1363016.2344827587,1.568724189003109,4,11,0.281,311,424,-113,0.167,0.333
187,cincinnati-bengals,2020,inactive,91,82174741.0,145,197637354.0,0.6275862068965518,0.41578547444022146,903019.1318681319,1363016.2344827587,0.6625153164157375,4,11,0.281,311,424,-113,0.167,0.333
188,cincinnati-bengals,2021,active,61,154339838.0,143,191286587.0,0.42657342657342656,0.8068513345371152,2530161.2786885244,1337668.4405594405,1.8914711612919257,10,7,0.588,460,376,84,0.667,0.667
189,cincinnati-bengals,2021,inactive,82,36946749.0,143,191286587.0,0.5734265734265734,0.19314866546288476,450570.10975609755,1337668.4405594405,0.3368324287950307,10,7,0.588,460,376,84,0.667,0.667
190,cincinnati-bengals,2022,active,54,175096752.0,125,210200068.0,0.432,0.8330004536440017,3242532.4444444445,1681600.544,1.9282417908425966,12,4,0.75,418,322,96,0.5,0.727
191,cincinnati-bengals,2022,inactive,71,35103316.0,125,210200068.0,0.568,0.1669995463559983,494412.9014084507,1681600.544,0.2940132858380252,12,4,0.75,418,322,96,0.5,0.727
192,cincinnati-bengals,2023,active,53,170878346.0,122,215841995.0,0.4344262295081967,0.7916825731711755,3224119.7358490564,1769196.6803278688,1.8223636589978003,9,8,0.529,366,384,-18,0.167,0.333
193,cincinnati-bengals,2023,inactive,69,44963649.0,122,215841995.0,0.5655737704918032,0.20831742682882448,651647.0869565217,1769196.6803278688,0.36832936337850125,9,8,0.529,366,384,-18,0.167,0.333
194,cincinnati-bengals,2024,active,52,185741962.0,144,259321826.0,0.3611111111111111,0.716260427689569,3571960.8076923075,1800846.013888889,1.9834904151403447,9,8,0.529,472,434,38,0.5,0.5
195,cincinnati-bengals,2024,inactive,92,73579864.0,144,259321826.0,0.6388888888888888,0.28373957231043095,799781.1304347826,1800846.013888889,0.4441141131815441,9,8,0.529,472,434,38,0.5,0.5
196,cleveland-browns,2011,active,47,95915724.0,61,103839520.0,0.7704918032786885,0.9236919045850751,2040760.085106383,1702287.213114754,1.1988341740359487,4,12,0.25,218,307,-89,0.0,0.25
197,cleveland-browns,2011,inactive,14,7923796.0,61,103839520.0,0.22950819672131148,0.07630809541492488,565985.4285714285,1702287.213114754,0.3324852728793155,4,12,0.25,218,307,-89,0.0,0.25
198,cleveland-browns,2012,active,61,103841976.0,91,127350645.0,0.6703296703296703,0.8154020421333555,1702327.475409836,1399457.6373626373,1.2164194399038581,5,11,0.313,302,368,-66,0.333,0.417
199,cleveland-browns,2012,inactive,30,23508669.0,91,127350645.0,0.32967032967032966,0.18459795786664449,783622.3,1399457.6373626373,0.559947138862155,5,11,0.313,302,368,-66,0.333,0.417
200,cleveland-browns,2013,active,52,80881583.0,111,110066758.0,0.46846846846846846,0.7348411497683979,1555415.0576923077,991592.4144144144,1.56860322354408,4,12,0.25,308,406,-98,0.333,0.25
201,cleveland-browns,2013,inactive,59,29185175.0,111,110066758.0,0.5315315315315315,0.2651588502316022,494663.9830508475,991592.4144144144,0.49885817585945497,4,12,0.25,308,406,-98,0.333,0.25
202,cleveland-browns,2014,active,55,97109089.0,135,135401214.0,0.4074074074074074,0.7171951131841403,1765619.8,1002971.9555555555,1.7603880050883445,7,9,0.438,299,337,-38,0.333,0.333
203,cleveland-browns,2014,inactive,80,38292125.0,135,135401214.0,0.5925925925925926,0.2828048868158597,478651.5625,1002971.9555555555,0.4772332465017633,7,9,0.438,299,337,-38,0.333,0.333
204,cleveland-browns,2015,active,53,102057621.0,125,139647560.0,0.424,0.730822801343611,1925615.4905660378,1117180.48,1.723638682414177,3,13,0.188,278,432,-154,0.167,0.167
205,cleveland-browns,2015,inactive,72,37589939.0,125,139647560.0,0.576,0.269177198656389,522082.4861111111,1117180.48,0.4673215254451198,3,13,0.188,278,432,-154,0.167,0.167
206,cleveland-browns,2016,active,55,81775809.0,138,130222141.0,0.39855072463768115,0.6279716212007296,1486832.8909090909,943638.7028985508,1.5756378859218305,1,15,0.063,264,452,-188,0.0,0.083
207,cleveland-browns,2016,inactive,83,48446332.0,138,130222141.0,0.6014492753623188,0.3720283787992704,583690.7469879518,943638.7028985508,0.6185532081240881,1,15,0.063,264,452,-188,0.0,0.083
208,cleveland-browns,2017,active,53,77946523.0,139,156664052.0,0.381294964028777,0.49753930148570397,1470689.1132075472,1127079.510791367,1.3048672246511859,0,16,0.0,234,410,-176,0.0,0.0
209,cleveland-browns,2017,inactive,86,78717529.0,139,156664052.0,0.6187050359712231,0.5024606985142961,915320.1046511628,1127079.510791367,0.8121167103893855,0,16,0.0,234,410,-176,0.0,0.0
210,cleveland-browns,2018,active,53,142452164.0,132,181948164.0,0.4015151515151515,0.7829271857890251,2687776.679245283,1378395.1818181819,1.9499318589462509,7,8,0.469,359,392,-33,0.583,0.458
211,cleveland-browns,2018,inactive,79,39496000.0,132,181948164.0,0.5984848484848485,0.21707281421097493,499949.36708860757,1378395.1818181819,0.3627039427322619,7,8,0.469,359,392,-33,0.583,0.458
212,cleveland-browns,2019,active,53,156151812.0,137,212753859.0,0.38686131386861317,0.7339552510772555,2946260.603773585,1552947.8759124088,1.897205082973283,6,10,0.375,335,393,-58,0.5,0.5
213,cleveland-browns,2019,inactive,84,56602047.0,137,212753859.0,0.6131386861313869,0.26604474892274455,673833.8928571428,1552947.8759124088,0.4339063166954286,6,10,0.375,335,393,-58,0.5,0.5
214,cleveland-browns,2020,active,52,143629461.0,164,199101772.0,0.3170731707317073,0.7213871557104976,2762105.019230769,1214035.1951219512,2.2751441064715694,11,5,0.688,408,419,-11,0.5,0.583
215,cleveland-browns,2020,inactive,112,55472311.0,164,199101772.0,0.6829268292682927,0.27861284428950234,495288.4910714286,1214035.1951219512,0.40796880770962846,11,5,0.688,408,419,-11,0.5,0.583
216,cleveland-browns,2021,active,56,126473899.0,158,202643673.0,0.35443037974683544,0.6241196536148454,2258462.4821428573,1282554.8924050634,1.760909022699028,8,9,0.471,349,371,-22,0.5,0.417
217,cleveland-browns,2021,inactive,102,76169774.0,158,202643673.0,0.6455696202531646,0.3758803463851546,746762.4901960784,1282554.8924050634,0.5822460267534747,8,9,0.471,349,371,-22,0.5,0.417
218,cleveland-browns,2022,active,53,132199512.0,153,186513983.0,0.3464052287581699,0.708791426109859,2494330.4150943398,1219045.6405228758,2.0461337395246875,7,10,0.412,361,381,-20,0.5,0.333
219,cleveland-browns,2022,inactive,100,54314471.0,153,186513983.0,0.6535947712418301,0.291208573890141,543144.71,1219045.6405228758,0.44554911805191566,7,10,0.412,361,381,-20,0.5,0.333
220,cleveland-browns,2023,active,53,136190604.0,154,221895525.0,0.34415584415584416,0.6137600296355683,2569634.037735849,1440880.0324675324,1.783378199318444,11,6,0.647,396,362,34,0.5,0.667
221,cleveland-browns,2023,inactive,101,85704921.0,154,221895525.0,0.6558441558441559,0.38623997036443164,848563.5742574257,1440880.0324675324,0.5889203508526978,11,6,0.647,396,362,34,0.5,0.667
222,cleveland-browns,2024,active,52,129961235.0,186,248135045.0,0.27956989247311825,0.523752035912541,2499254.519230769,1334059.3817204302,1.873420743841012,3,14,0.176,258,435,-177,0.333,0.25
223,cleveland-browns,2024,inactive,134,118173810.0,186,248135045.0,0.7204301075268817,0.4762479640874589,881894.104477612,1334059.3817204302,0.6610606068676668,3,14,0.176,258,435,-177,0.333,0.25
224,dallas-cowboys,2011,active,56,92371660.0,76,106382667.0,0.7368421052631579,0.8682961482813737,1649493.9285714286,1399771.9342105263,1.1784019155247214,8,8,0.5,369,347,22,0.333,0.5
225,dallas-cowboys,2011,inactive,20,14011007.0,76,106382667.0,0.2631578947368421,0.1317038517186263,700550.35,1399771.9342105263,0.50047463653078,8,8,0.5,369,347,22,0.333,0.5
226,dallas-cowboys,2012,active,58,96795939.0,111,131577799.0,0.5225225225225225,0.7356555569074384,1668895.5,1185385.5765765766,1.4078925313228563,8,8,0.5,376,400,-24,0.5,0.417
227,dallas-cowboys,2012,inactive,53,34781860.0,111,131577799.0,0.4774774774774775,0.26434444309256155,656261.5094339623,1185385.5765765766,0.5536270411938553,8,8,0.5,376,400,-24,0.5,0.417
228,dallas-cowboys,2013,active,54,72038158.0,140,116240089.0,0.38571428571428573,0.6197359157218126,1334039.962962963,830286.35,1.6067227444639587,8,8,0.5,439,432,7,0.833,0.583
229,dallas-cowboys,2013,inactive,86,44201931.0,140,116240089.0,0.6142857142857143,0.38026408427818736,513975.9418604651,830286.35,0.6190345558017003,8,8,0.5,439,432,7,0.833,0.583
230,dallas-cowboys,2014,active,51,87696782.0,143,130227376.0,0.35664335664335667,0.6734128007002153,1719544.7450980393,910680.951048951,1.8881966764731528,12,4,0.75,467,352,115,0.667,0.667
231,dallas-cowboys,2014,inactive,92,42530594.0,143,130227376.0,0.6433566433566433,0.3265871992997847,462289.0652173913,910680.951048951,0.507630103259448,12,4,0.75,467,352,115,0.667,0.667
232,dallas-cowboys,2015,active,52,80128732.0,166,137816498.0,0.3132530120481928,0.5814161088319049,1540937.1538461538,830219.8674698796,1.8560591166556961,4,12,0.25,275,374,-99,0.5,0.25
233,dallas-cowboys,2015,inactive,114,57687766.0,166,137816498.0,0.6867469879518072,0.41858389116809513,506033.0350877193,830219.8674698796,0.6095168941570508,4,12,0.25,275,374,-99,0.5,0.25
234,dallas-cowboys,2016,active,51,139363235.0,126,152736923.0,0.40476190476190477,0.9124397183253457,2732612.4509803923,1212197.8015873015,2.2542628335096775,13,3,0.813,421,306,115,0.5,0.75
235,dallas-cowboys,2016,inactive,75,13373688.0,126,152736923.0,0.5952380952380952,0.0875602816746544,178315.84,1212197.8015873015,0.1471012732134194,13,3,0.813,421,306,115,0.5,0.75
236,dallas-cowboys,2017,active,54,114468318.0,114,159808251.0,0.47368421052631576,0.7162854063148466,2119783.6666666665,1401826.7631578948,1.5121580799980094,9,7,0.563,354,332,22,0.833,0.583
237,dallas-cowboys,2017,inactive,60,45339933.0,114,159808251.0,0.5263157894736842,0.28371459368515334,755665.55,1401826.7631578948,0.5390577280017913,9,7,0.563,354,332,22,0.833,0.583
238,dallas-cowboys,2018,active,52,121164619.0,114,173992050.0,0.45614035087719296,0.6963802024287892,2330088.826923077,1526246.0526315789,1.5266796745554225,10,6,0.625,339,324,15,0.833,0.75
239,dallas-cowboys,2018,inactive,62,52827431.0,114,173992050.0,0.543859649122807,0.3036197975712109,852055.3387096775,1526246.0526315789,0.558268660050291,10,6,0.625,339,324,15,0.833,0.75
240,dallas-cowboys,2019,active,52,148849800.0,117,182367508.0,0.4444444444444444,0.8162078959811196,2862496.153846154,1558696.6495726495,1.8364677659575193,8,8,0.5,434,321,113,0.833,0.583
241,dallas-cowboys,2019,inactive,65,33517708.0,117,182367508.0,0.5555555555555556,0.18379210401888038,515657.04615384614,1558696.6495726495,0.3308257872339847,8,8,0.5,434,321,113,0.833,0.583
242,dallas-cowboys,2020,active,52,108629975.0,152,191282501.0,0.34210526315789475,0.5679033598583072,2089037.9807692308,1258437.5065789474,1.660025205739667,6,10,0.375,395,473,-78,0.333,0.417
243,dallas-cowboys,2020,inactive,100,82652526.0,152,191282501.0,0.6578947368421053,0.43209664014169286,826525.26,1258437.5065789474,0.6567868930153731,6,10,0.375,395,473,-78,0.333,0.417
244,dallas-cowboys,2021,active,58,167631750.0,141,205327031.0,0.41134751773049644,0.8164134511836388,2890202.5862068967,1456220.0780141845,1.9847292520153978,12,5,0.706,530,358,172,1.0,0.833
245,dallas-cowboys,2021,inactive,83,37695281.0,141,205327031.0,0.5886524822695035,0.18358654881636116,454160.0120481928,1456220.0780141845,0.3118759443747822,12,5,0.706,530,358,172,1.0,0.833
246,dallas-cowboys,2022,active,53,161682742.0,161,215338768.0,0.32919254658385094,0.7508296973260291,3050617.7735849055,1337507.8757763975,2.2808222881035976,12,5,0.706,467,342,125,0.667,0.667
247,dallas-cowboys,2022,inactive,108,53656026.0,161,215338768.0,0.6708074534161491,0.24917030267397092,496815.05555555556,1337507.8757763975,0.37144832157879,12,5,0.706,467,342,125,0.667,0.667
248,dallas-cowboys,2023,active,53,185500694.0,145,222101883.0,0.36551724137931035,0.835205408861842,3500013.0943396227,1531737.124137931,2.2849959299050395,12,5,0.706,509,315,194,0.833,0.75
249,dallas-cowboys,2023,inactive,92,36601189.0,145,222101883.0,0.6344827586206897,0.16479459113815798,397839.01086956525,1531737.124137931,0.2597306055981838,12,5,0.706,509,315,194,0.833,0.75
250,dallas-cowboys,2024,active,53,97500830.0,151,240414997.0,0.3509933774834437,0.40555219606370896,1839638.3018867925,1592152.298013245,1.1554411623701897,7,10,0.412,350,468,-118,0.5,0.417
251,dallas-cowboys,2024,inactive,98,142914167.0,151,240414997.0,0.6490066225165563,0.594447803936291,1458307.8265306123,1592152.298013245,0.9159348815753057,7,10,0.412,350,468,-118,0.5,0.417
252,denver-broncos,2011,active,58,96117160.0,77,109156754.0,0.7532467532467533,0.8805424902979434,1657192.4137931035,1417620.1818181819,1.1689960647058903,8,8,0.5,309,390,-81,0.5,0.5
253,denver-broncos,2011,inactive,19,13039594.0,77,109156754.0,0.24675324675324675,0.11945750970205656,686294.4210526316,1417620.1818181819,0.484117276160966,8,8,0.5,309,390,-81,0.5,0.5
254,denver-broncos,2012,active,56,115818873.0,93,132948944.0,0.6021505376344086,0.8711530119411854,2068194.1607142857,1429558.5376344086,1.4467362519737546,13,3,0.813,481,289,192,1.0,0.833
255,denver-broncos,2012,inactive,37,17130071.0,93,132948944.0,0.3978494623655914,0.1288469880588145,462974.8918918919,1429558.5376344086,0.3238586456613446,13,3,0.813,481,289,192,1.0,0.833
256,denver-broncos,2013,active,53,96535491.0,102,133202250.0,0.5196078431372549,0.7247286813848866,1821424.358490566,1305904.4117647058,1.39476085851431,13,3,0.813,606,399,207,0.833,0.75
257,denver-broncos,2013,inactive,49,36666759.0,102,133202250.0,0.4803921568627451,0.2752713186151135,748301.2040816327,1305904.4117647058,0.5730137652804403,13,3,0.813,606,399,207,0.833,0.75
258,denver-broncos,2014,active,52,120462699.0,123,135140526.0,0.42276422764227645,0.8913884129768742,2316590.3653846155,1098703.463414634,2.1084764383876062,12,4,0.75,482,354,128,1.0,0.833
259,denver-broncos,2014,inactive,71,14677827.0,123,135140526.0,0.5772357723577236,0.10861158702312584,206729.95774647887,1098703.463414634,0.1881581014625983,12,4,0.75,482,354,128,1.0,0.833
260,denver-broncos,2015,active,53,134668943.0,118,145098899.0,0.4491525423728814,0.9281182967487576,2540923.452830189,1229651.686440678,2.066376585214215,12,4,0.75,355,296,59,0.667,0.667
261,denver-broncos,2015,inactive,65,10429956.0,118,145098899.0,0.5508474576271186,0.07188170325124245,160460.86153846153,1229651.686440678,0.1304929382099478,12,4,0.75,355,296,59,0.667,0.667
262,denver-broncos,2016,active,53,112742090.0,125,147213128.0,0.424,0.7658426359909967,2127209.245283019,1177705.024,1.8062326320542375,9,7,0.563,333,297,36,0.333,0.5
263,denver-broncos,2016,inactive,72,34471038.0,125,147213128.0,0.576,0.23415736400900333,478764.4166666667,1177705.024,0.4065232014045197,9,7,0.563,333,297,36,0.333,0.5
264,denver-broncos,2017,active,53,121736835.0,126,156404109.0,0.42063492063492064,0.7783480611752982,2296921.4150943398,1241302.4523809524,1.8504123718507088,5,11,0.313,289,382,-93,0.333,0.333
265,denver-broncos,2017,inactive,73,34667274.0,126,156404109.0,0.5793650793650794,0.22165193882470186,474894.16438356164,1241302.4523809524,0.3825773190672936,5,11,0.313,289,382,-93,0.333,0.333
266,denver-broncos,2018,active,53,114730854.0,138,181619996.0,0.38405797101449274,0.6317082729150594,2164733.0943396227,1316086.927536232,1.6448253143826075,6,10,0.375,329,349,-20,0.333,0.333
267,denver-broncos,2018,inactive,85,66889142.0,138,181619996.0,0.6159420289855072,0.36829172708494057,786931.0823529412,1316086.927536232,0.5979324510320212,6,10,0.375,329,349,-20,0.333,0.333
268,denver-broncos,2019,active,52,105297174.0,138,182229585.0,0.37681159420289856,0.5778269977402407,2024945.6538461538,1320504.2391304348,1.5334639555414078,7,9,0.438,282,316,-34,0.5,0.5
269,denver-broncos,2019,inactive,86,76932411.0,138,182229585.0,0.6231884057971014,0.4221730022597593,894562.9186046511,1320504.2391304348,0.6774403989749626,7,9,0.438,282,316,-34,0.5,0.5
270,denver-broncos,2020,active,53,102374592.0,146,195780141.0,0.363013698630137,0.5229059059672452,1931596.075471698,1340959.8698630137,1.4404577787022224,5,11,0.313,323,446,-123,0.167,0.333
271,denver-broncos,2020,inactive,93,93405549.0,146,195780141.0,0.636986301369863,0.4770940940327548,1004360.7419354839,1340959.8698630137,0.7489864271912064,5,11,0.313,323,446,-123,0.167,0.333
272,denver-broncos,2021,active,55,107269390.0,153,188343846.0,0.35947712418300654,0.5695401908698413,1950352.5454545454,1231005.5294117648,1.584357258237922,7,10,0.412,335,322,13,0.167,0.25
273,denver-broncos,2021,inactive,98,81074456.0,153,188343846.0,0.6405228758169934,0.4304598091301587,827290.3673469388,1231005.5294117648,0.6720443958868804,7,10,0.412,335,322,13,0.167,0.25
274,denver-broncos,2022,active,53,108893408.0,175,211456385.0,0.3028571428571429,0.514968644716025,2054592.6037735848,1208322.2,1.7003681665151769,5,12,0.294,287,359,-72,0.167,0.25
275,denver-broncos,2022,inactive,122,102562977.0,175,211456385.0,0.6971428571428572,0.485031355283975,840680.1393442623,1208322.2,0.6957416981532428,5,12,0.294,287,359,-72,0.167,0.25
276,denver-broncos,2023,active,53,173358141.0,147,231774113.0,0.36054421768707484,0.747961619855277,3270908.320754717,1576694.6462585034,2.0745350588438813,8,9,0.471,357,413,-56,0.5,0.417
277,denver-broncos,2023,inactive,94,58415972.0,147,231774113.0,0.6394557823129252,0.2520383801447231,621446.5106382979,1576694.6462585034,0.394145126396535,8,9,0.471,357,413,-56,0.5,0.417
278,denver-broncos,2024,active,52,150535729.0,148,252139493.0,0.35135135135135137,0.5970335198540277,2894917.8653846155,1703645.222972973,1.69924924881531,10,7,0.588,425,311,114,0.5,0.5
279,denver-broncos,2024,inactive,96,101603764.0,148,252139493.0,0.6486486486486487,0.4029664801459722,1058372.5416666667,1703645.222972973,0.6212399902250405,10,7,0.588,425,311,114,0.5,0.5
280,detroit-lions,2011,active,61,122665700.0,68,124329126.0,0.8970588235294118,0.98662078586477,2010913.1147540985,1828369.5,1.0998395645705632,10,6,0.625,474,387,87,0.5,0.5
281,detroit-lions,2011,inactive,7,1663426.0,68,124329126.0,0.10294117647058823,0.013379214135230067,237632.2857142857,1828369.5,0.12996950874223492,10,6,0.625,474,387,87,0.5,0.5
282,detroit-lions,2012,active,58,112681183.0,96,132700649.0,0.6041666666666666,0.8491381455112552,1942779.0172413792,1382298.4270833333,1.4054700339496637,4,12,0.25,372,437,-65,0.0,0.25
283,detroit-lions,2012,inactive,38,20019466.0,96,132700649.0,0.3958333333333333,0.1508618544887448,526828.052631579,1382298.4270833333,0.3811246850241975,4,12,0.25,372,437,-65,0.0,0.25
284,detroit-lions,2013,active,52,91836977.0,117,119769260.0,0.4444444444444444,0.7667825366876275,1766095.7115384615,1023668.8888888889,1.725260707547162,7,9,0.438,395,376,19,0.667,0.5
285,detroit-lions,2013,inactive,65,27932283.0,117,119769260.0,0.5555555555555556,0.23321746331237247,429727.43076923076,1023668.8888888889,0.4197914339622705,7,9,0.438,395,376,19,0.667,0.5
286,detroit-lions,2014,active,54,112293516.0,122,132391778.0,0.4426229508196721,0.8481910107740981,2079509.5555555555,1085178.5081967213,1.9162833947118512,11,5,0.688,321,282,39,0.833,0.75
287,detroit-lions,2014,inactive,68,20098262.0,122,132391778.0,0.5573770491803278,0.15180898922590194,295562.67647058825,1085178.5081967213,0.2723631865523535,11,5,0.688,321,282,39,0.833,0.75
288,detroit-lions,2015,active,53,107062153.0,129,143215794.0,0.4108527131782946,0.7475582825732195,2020040.6226415094,1110199.953488372,1.8195286500367043,7,9,0.438,358,400,-42,0.5,0.5
289,detroit-lions,2015,inactive,76,36153641.0,129,143215794.0,0.5891472868217055,0.25244171742678045,475705.80263157893,1110199.953488372,0.42848659931650895,7,9,0.438,358,400,-42,0.5,0.5
290,detroit-lions,2016,active,53,116112911.0,136,149718669.0,0.3897058823529412,0.775540630808039,2190809.6415094337,1100872.5661764706,1.9900665243376094,9,7,0.563,346,358,-12,0.5,0.583
291,detroit-lions,2016,inactive,83,33605758.0,136,149718669.0,0.6102941176470589,0.22445936919196097,404888.6506024096,1100872.5661764706,0.36778884590489985,9,7,0.563,346,358,-12,0.5,0.583
292,detroit-lions,2017,active,52,130190524.0,148,161081019.0,0.35135135135135137,0.8082300745812888,2503663.923076923,1088385.2635135136,2.300347135346745,9,7,0.563,410,376,34,0.833,0.667
293,detroit-lions,2017,inactive,96,30890495.0,148,161081019.0,0.6486486486486487,0.19176992541871118,321775.9895833333,1088385.2635135136,0.29564530168717973,9,7,0.563,410,376,34,0.833,0.667
294,detroit-lions,2018,active,53,109575685.0,139,175496566.0,0.381294964028777,0.6243750946101133,2067465.7547169812,1262565.2230215827,1.6375120405812407,6,10,0.375,324,360,-36,0.333,0.333
295,detroit-lions,2018,inactive,86,65920881.0,139,175496566.0,0.6187050359712231,0.3756249053898867,766521.8720930233,1262565.2230215827,0.6071146726650494,6,10,0.375,324,360,-36,0.333,0.333
296,detroit-lions,2019,active,53,93511403.0,139,176627499.0,0.381294964028777,0.529427204310921,1764366.0943396227,1270701.4316546763,1.3884977622493966,3,12,0.219,341,423,-82,0.0,0.208
297,detroit-lions,2019,inactive,86,83116096.0,139,176627499.0,0.6187050359712231,0.47057279568907895,966466.2325581395,1270701.4316546763,0.760576960474209,3,12,0.219,341,423,-82,0.0,0.208
298,detroit-lions,2020,active,52,136316057.0,152,201274115.0,0.34210526315789475,0.6772657129805291,2621462.6346153845,1324171.8092105263,1.9796997764046234,5,11,0.313,377,519,-142,0.167,0.333
299,detroit-lions,2020,inactive,100,64958058.0,152,201274115.0,0.6578947368421053,0.32273428701947093,649580.58,1324171.8092105263,0.4905561162695958,5,11,0.313,377,519,-142,0.167,0.333
300,detroit-lions,2021,active,56,76519893.0,168,196592545.0,0.3333333333333333,0.3892308988624162,1366426.6607142857,1170193.7202380951,1.1676926965872485,3,13,0.206,325,467,-142,0.333,0.25
301,detroit-lions,2021,inactive,112,120072652.0,168,196592545.0,0.6666666666666666,0.6107691011375839,1072077.25,1170193.7202380951,0.9161536517063759,3,13,0.206,325,467,-142,0.333,0.25
302,detroit-lions,2022,active,53,157043784.0,160,214423875.0,0.33125,0.7323987778879567,2963090.2641509436,1340149.21875,2.211015178529681,9,8,0.529,453,427,26,0.833,0.583
303,detroit-lions,2022,inactive,107,57380091.0,160,214423875.0,0.66875,0.26760122211204324,536262.5327102804,1340149.21875,0.4001513601675413,9,8,0.529,453,427,26,0.833,0.583
304,detroit-lions,2023,active,52,173331167.0,158,223408752.0,0.3291139240506329,0.7758477026898212,3333291.673076923,1413979.4430379746,2.3573834043267645,12,5,0.706,461,395,66,0.667,0.667
305,detroit-lions,2023,inactive,106,50077585.0,158,223408752.0,0.6708860759493671,0.2241522973101788,472430.0471698113,1413979.4430379746,0.3341138016510212,12,5,0.706,461,395,66,0.667,0.667
306,detroit-lions,2024,active,52,151659744.0,182,234434839.0,0.2857142857142857,0.6469164081879486,2916533.5384615385,1288103.510989011,2.2642074286578198,15,2,0.882,564,342,222,1.0,0.917
307,detroit-lions,2024,inactive,130,82775095.0,182,234434839.0,0.7142857142857143,0.35308359181205146,636731.5,1288103.510989011,0.49431702853687204,15,2,0.882,564,342,222,1.0,0.917
308,green-bay-packers,2011,active,59,112438083.0,75,115724259.0,0.7866666666666666,0.9716033956199279,1905730.220338983,1542990.12,1.2350890622287218,15,1,0.938,560,359,201,1.0,1.0
309,green-bay-packers,2011,inactive,16,3286176.0,75,115724259.0,0.21333333333333335,0.028396604380072115,205386.0,1542990.12,0.13310908303158803,15,1,0.938,560,359,201,1.0,1.0
310,green-bay-packers,2012,active,56,103558073.0,95,119710476.0,0.5894736842105263,0.8650710987065159,1849251.3035714286,1260110.2736842106,1.4675313281628395,11,5,0.688,433,336,97,0.833,0.667
311,green-bay-packers,2012,inactive,39,16152403.0,95,119710476.0,0.4105263157894737,0.13492890129348412,414164.1794871795,1260110.2736842106,0.32867296468925616,11,5,0.688,433,336,97,0.833,0.667
312,green-bay-packers,2013,active,52,100707865.0,106,120681853.0,0.49056603773584906,0.8344905426667587,1936689.7115384615,1138508.0471698113,1.701076875436085,8,7,0.531,417,428,-11,0.583,0.542
313,green-bay-packers,2013,inactive,54,19973988.0,106,120681853.0,0.5094339622641509,0.16550945733324132,369888.6666666667,1138508.0471698113,0.3248889347652515,8,7,0.531,417,428,-11,0.583,0.542
314,green-bay-packers,2014,active,54,123610693.0,115,134037242.0,0.46956521739130436,0.9222115522191959,2289086.907407407,1165541.2347826087,1.963969046392732,12,4,0.75,486,348,138,0.833,0.75
315,green-bay-packers,2014,inactive,61,10426549.0,115,134037242.0,0.5304347826086957,0.07778844778080408,170927.03278688525,1165541.2347826087,0.14665035237364704,12,4,0.75,486,348,138,0.833,0.75
316,green-bay-packers,2015,active,52,125157906.0,115,141856037.0,0.45217391304347826,0.8822881891166888,2406882.8076923075,1233530.756521739,1.951214264392677,10,6,0.625,368,323,45,0.5,0.583
317,green-bay-packers,2015,inactive,63,16698131.0,115,141856037.0,0.5478260869565217,0.11771181088331123,265049.6984126984,1233530.756521739,0.2148707658981078,10,6,0.625,368,323,45,0.5,0.583
318,green-bay-packers,2016,active,51,134428984.0,125,154207025.0,0.408,0.8717435797753053,2635862.431372549,1233656.2,2.136626421017905,10,6,0.625,432,388,44,0.833,0.667
319,green-bay-packers,2016,inactive,74,19778041.0,125,154207025.0,0.592,0.1282564202246947,267270.8243243243,1233656.2,0.21664935848765995,10,6,0.625,432,388,44,0.833,0.667
320,green-bay-packers,2017,active,53,115603840.0,126,168491403.0,0.42063492063492064,0.6861112077035765,2181204.5283018867,1337233.357142857,1.6311323051066158,7,9,0.438,320,384,-64,0.333,0.417
321,green-bay-packers,2017,inactive,73,52887563.0,126,168491403.0,0.5793650793650794,0.3138887922964236,724487.1643835617,1337233.357142857,0.5417806551965668,7,9,0.438,320,384,-64,0.333,0.417
322,green-bay-packers,2018,active,53,124176442.0,134,175766368.0,0.39552238805970147,0.7064857936872201,2342951.7358490564,1311689.3134328357,1.7862093651714621,6,9,0.406,376,400,-24,0.25,0.292
323,green-bay-packers,2018,inactive,81,51589926.0,134,175766368.0,0.6044776119402985,0.2935142063127799,636912.6666666666,1311689.3134328357,0.48556671167793225,6,9,0.406,376,400,-24,0.25,0.292
324,green-bay-packers,2019,active,53,163872581.0,111,191756597.0,0.4774774774774775,0.8545864057026419,3091935.4905660376,1727536.9099099098,1.789794170433835,13,3,0.813,376,313,63,1.0,0.833
325,green-bay-packers,2019,inactive,58,27884016.0,111,191756597.0,0.5225225225225225,0.14541359429735812,480758.8965517241,1727536.9099099098,0.27829153391390954,13,3,0.813,376,313,63,1.0,0.833
326,green-bay-packers,2020,active,52,165749106.0,152,199876795.0,0.34210526315789475,0.8292563726569661,3187482.8076923075,1314978.9144736843,2.4239801662280542,13,3,0.813,509,369,140,0.833,0.833
327,green-bay-packers,2020,inactive,100,34127689.0,152,199876795.0,0.6578947368421053,0.170743627343034,341276.89,1314978.9144736843,0.25953031356141165,13,3,0.813,509,369,140,0.833,0.833
328,green-bay-packers,2021,active,58,162492766.0,145,181317830.0,0.4,0.8961764322901945,2801599.4137931033,1250467.7931034483,2.240441080725486,13,4,0.765,450,371,79,0.667,0.75
329,green-bay-packers,2021,inactive,87,18825064.0,145,181317830.0,0.6,0.10382356770980548,216380.0459770115,1250467.7931034483,0.17303927951634246,13,4,0.765,450,371,79,0.667,0.75
330,green-bay-packers,2022,active,53,162533410.0,141,211847657.0,0.375886524822695,0.7672183506848981,3066668.113207547,1502465.6524822696,2.0410903291805775,8,9,0.471,370,371,-1,0.5,0.5
331,green-bay-packers,2022,inactive,88,49314247.0,141,211847657.0,0.624113475177305,0.23278164931510192,560389.1704545454,1502465.6524822696,0.37297968810715193,8,9,0.471,370,371,-1,0.5,0.5
332,green-bay-packers,2023,active,53,120689913.0,142,218045716.0,0.3732394366197183,0.5535073800762038,2277168.169811321,1535533.2112676057,1.4829820371853009,9,8,0.529,383,350,33,0.667,0.583
333,green-bay-packers,2023,inactive,89,97355803.0,142,218045716.0,0.6267605633802817,0.4464926199237962,1093885.426966292,1535533.2112676057,0.7123814834739219,9,8,0.529,383,350,33,0.667,0.583
334,green-bay-packers,2024,active,52,154542400.0,138,251586978.0,0.37681159420289856,0.6142702664046468,2971969.230769231,1823094.043478261,1.6301787839200241,11,6,0.647,460,338,122,0.167,0.5
335,green-bay-packers,2024,inactive,86,97044578.0,138,251586978.0,0.6231884057971014,0.38572973359535323,1128425.3255813953,1823094.043478261,0.6189616655367296,11,6,0.647,460,338,122,0.167,0.5
336,houston-texans,2011,active,56,112360071.0,74,120798203.0,0.7567567567567568,0.9301468747842218,2006429.8392857143,1632408.1486486488,1.2291226559648645,10,6,0.625,381,278,103,0.667,0.667
337,houston-texans,2011,inactive,18,8438132.0,74,120798203.0,0.24324324324324326,0.06985312521577824,468785.1111111111,1632408.1486486488,0.2871739592204217,10,6,0.625,381,278,103,0.667,0.667
338,houston-texans,2012,active,58,99812333.0,91,125281010.0,0.6373626373626373,0.7967076015750512,1720902.2931034483,1376714.3956043955,1.250006754195339,12,4,0.75,416,331,85,0.833,0.833
339,houston-texans,2012,inactive,33,25468677.0,91,125281010.0,0.3626373626373626,0.20329239842494884,771778.0909090909,1376714.3956043955,0.5605941895960711,12,4,0.75,416,331,85,0.833,0.833
340,houston-texans,2013,active,53,77438733.0,113,123826813.0,0.4690265486725664,0.6253793594768525,1461108.1698113207,1095812.5044247787,1.3333559928468743,2,14,0.125,276,428,-152,0.167,0.167
341,houston-texans,2013,inactive,60,46388080.0,113,123826813.0,0.5309734513274337,0.3746206405231474,773134.6666666666,1095812.5044247787,0.7055355396519276,2,14,0.125,276,428,-152,0.167,0.167
342,houston-texans,2014,active,53,97907252.0,139,132043412.0,0.381294964028777,0.7414777497570268,1847306.641509434,949952.6043165468,1.9446303248344665,9,7,0.563,372,307,65,0.667,0.667
343,houston-texans,2014,inactive,86,34136160.0,139,132043412.0,0.6187050359712231,0.2585222502429731,396932.0930232558,949952.6043165468,0.4178441021368984,9,7,0.563,372,307,65,0.667,0.667
344,houston-texans,2015,active,52,102642525.0,142,142403116.0,0.36619718309859156,0.7207884762858701,1973894.7115384615,1002838.8450704225,1.9683069929344912,9,7,0.563,339,313,26,0.833,0.583
345,houston-texans,2015,inactive,90,39760591.0,142,142403116.0,0.6338028169014085,0.27921152371412994,441784.34444444446,1002838.8450704225,0.4405337374156273,9,7,0.563,339,313,26,0.833,0.583
346,houston-texans,2016,active,53,115226229.0,127,152060968.0,0.41732283464566927,0.7577633531834416,2174079.7924528304,1197330.4566929133,1.8157725632886244,9,7,0.563,279,328,-49,0.833,0.583
347,houston-texans,2016,inactive,74,36834739.0,127,152060968.0,0.5826771653543307,0.2422366468165585,497766.74324324325,1197330.4566929133,0.41573046142841796,9,7,0.563,279,328,-49,0.833,0.583
348,houston-texans,2017,active,53,99775402.0,153,159828404.0,0.3464052287581699,0.6242657719337547,1882554.7547169812,1044630.091503268,1.8021257189785749,4,12,0.25,338,436,-98,0.167,0.25
349,houston-texans,2017,inactive,100,60053002.0,153,159828404.0,0.6535947712418301,0.37573422806624535,600530.02,1044630.091503268,0.5748733689413554,4,12,0.25,338,436,-98,0.167,0.25
350,houston-texans,2018,active,53,140536221.0,140,172088725.0,0.37857142857142856,0.816649789229364,2651626.8113207547,1229205.1785714286,2.1571881224926597,11,5,0.688,402,316,86,0.667,0.75
351,houston-texans,2018,inactive,87,31552504.0,140,172088725.0,0.6214285714285714,0.1833502107706359,362672.4597701149,1229205.1785714286,0.29504631618263244,11,5,0.688,402,316,86,0.667,0.75
352,houston-texans,2019,active,53,145821737.0,146,198106556.0,0.363013698630137,0.7360772906475644,2751353.5283018867,1356894.2191780822,2.027684611972536,10,6,0.625,378,385,-7,0.667,0.667
353,houston-texans,2019,inactive,93,52284819.0,146,198106556.0,0.636986301369863,0.26392270935243556,562202.3548387097,1356894.2191780822,0.41433027489737195,10,6,0.625,378,385,-7,0.667,0.667
354,houston-texans,2020,active,55,141313765.0,155,210781361.0,0.3548387096774194,0.6704281836381158,2569341.1818181816,1359879.7483870967,1.8893885175255993,4,12,0.25,384,464,-80,0.333,0.25
355,houston-texans,2020,inactive,100,69467596.0,155,210781361.0,0.6451612903225806,0.3295718163618841,694675.96,1359879.7483870967,0.5108363153609203,4,12,0.25,384,464,-80,0.333,0.25
356,houston-texans,2021,active,56,115736939.0,168,186825534.0,0.3333333333333333,0.6194920818478699,2066731.0535714286,1112056.75,1.8584762455436097,4,13,0.235,280,452,-172,0.5,0.333
357,houston-texans,2021,inactive,112,71088595.0,168,186825534.0,0.6666666666666666,0.3805079181521301,634719.5982142857,1112056.75,0.5707618772281952,4,13,0.235,280,452,-172,0.5,0.333
358,houston-texans,2022,active,52,113791851.0,157,212666643.0,0.33121019108280253,0.5350714592320903,2188304.826923077,1354564.6050955413,1.6155042134507342,3,13,0.206,289,420,-131,0.583,0.292
359,houston-texans,2022,inactive,105,98874792.0,157,212666643.0,0.6687898089171974,0.4649285407679097,941664.6857142857,1354564.6050955413,0.6951788657196365,3,13,0.206,289,420,-131,0.583,0.292
360,houston-texans,2023,active,53,142196787.0,181,226978543.0,0.292817679558011,0.6264767811114199,2682958.245283019,1254025.0994475137,2.1394773090786225,10,7,0.588,377,353,24,0.667,0.583
361,houston-texans,2023,inactive,128,84781756.0,181,226978543.0,0.7071823204419889,0.37352321888858014,662357.46875,1254025.0994475137,0.5281851767096329,10,7,0.588,377,353,24,0.667,0.583
362,houston-texans,2024,active,53,180926822.0,166,253606601.0,0.3192771084337349,0.7134152710796356,3413713.6226415094,1527750.6084337349,2.2344704716833874,10,7,0.588,372,372,0,0.833,0.667
363,houston-texans,2024,inactive,113,72679779.0,166,253606601.0,0.6807228915662651,0.28658472892036435,643183.8849557522,1527750.6084337349,0.4210005752281458,10,7,0.588,372,372,0,0.833,0.667
364,indianapolis-colts,2011,active,59,117123832.0,75,123684138.0,0.7866666666666666,0.9469591969828823,1985149.6949152541,1649121.84,1.203761691079935,2,14,0.125,243,430,-187,0.333,0.167
365,indianapolis-colts,2011,inactive,16,6560306.0,75,123684138.0,0.21333333333333335,0.05304080301711769,410019.125,1649121.84,0.24862876414273913,2,14,0.125,243,430,-187,0.333,0.167
366,indianapolis-colts,2012,active,54,75488533.0,95,121595398.0,0.5684210526315789,0.6208173519856401,1397935.7962962964,1279951.5578947368,1.092178674789552,11,5,0.688,357,387,-30,0.667,0.667
367,indianapolis-colts,2012,inactive,41,46106865.0,95,121595398.0,0.43157894736842106,0.3791826480143599,1124557.6829268292,1279951.5578947368,0.8785939405210778,11,5,0.688,357,387,-30,0.667,0.667
368,indianapolis-colts,2013,active,53,98729480.0,119,129046015.0,0.44537815126050423,0.7650719009029453,1862820.3773584906,1084420.294117647,1.7178029473103869,11,5,0.688,391,336,55,1.0,0.75
369,indianapolis-colts,2013,inactive,66,30316535.0,119,129046015.0,0.5546218487394958,0.23492809909705464,459341.4393939394,1084420.294117647,0.4235824817052955,11,5,0.688,391,336,55,1.0,0.75
370,indianapolis-colts,2014,active,52,95599118.0,138,123726021.0,0.37681159420289856,0.7726678448666833,1838444.576923077,896565.3695652174,2.050541588300044,11,5,0.688,458,369,89,1.0,0.75
371,indianapolis-colts,2014,inactive,86,28126903.0,138,123726021.0,0.6231884057971014,0.2273321551333167,327057.011627907,896565.3695652174,0.36478880707439193,11,5,0.688,458,369,89,1.0,0.75
372,indianapolis-colts,2015,active,52,108214835.0,165,143402177.0,0.3151515151515151,0.75462477114277,2081054.5192307692,869104.103030303,2.394482446895328,8,8,0.5,333,408,-75,0.667,0.5
373,indianapolis-colts,2015,inactive,113,35187342.0,165,143402177.0,0.6848484848484848,0.24537522885722998,311392.407079646,869104.103030303,0.3582912633756013,8,8,0.5,333,408,-75,0.667,0.5
374,indianapolis-colts,2016,active,53,114015686.0,143,152482343.0,0.3706293706293706,0.7477304175474271,2151239.3584905663,1066310.0909090908,2.0174613152694736,8,8,0.5,411,392,19,0.5,0.417
375,indianapolis-colts,2016,inactive,90,38466657.0,143,152482343.0,0.6293706293706294,0.25226958245257286,427407.3,1066310.0909090908,0.4008283365635325,8,8,0.5,411,392,19,0.5,0.417
376,indianapolis-colts,2017,active,53,90264198.0,164,156274655.0,0.3231707317073171,0.5775997265839429,1703098.075471698,952894.237804878,1.7872897199955968,4,12,0.25,263,404,-141,0.333,0.25
377,indianapolis-colts,2017,inactive,111,66010457.0,164,156274655.0,0.676829268292683,0.4224002734160571,594688.8018018018,952894.237804878,0.6240868904525528,4,12,0.25,263,404,-141,0.333,0.25
378,indianapolis-colts,2018,active,52,116290378.0,167,144247844.0,0.31137724550898205,0.8061845139259066,2236353.423076923,863759.5449101797,2.5890925735697383,10,6,0.625,433,344,89,0.667,0.583
379,indianapolis-colts,2018,inactive,115,27957466.0,167,144247844.0,0.688622754491018,0.1938154860740934,243108.4,863759.5449101797,0.28145379282064,10,6,0.625,433,344,89,0.667,0.583
380,indianapolis-colts,2019,active,53,142403804.0,132,196100572.0,0.4015151515151515,0.7261774024810086,2686864.2264150945,1485610.393939394,1.8085927759904363,7,9,0.438,361,373,-12,0.5,0.417
381,indianapolis-colts,2019,inactive,79,53696768.0,132,196100572.0,0.5984848484848485,0.2738225975189914,679705.9240506329,1485610.393939394,0.45752636547477044,7,9,0.438,361,373,-12,0.5,0.417
382,indianapolis-colts,2020,active,53,187851538.0,135,231385518.0,0.3925925925925926,0.8118552086738635,3544368.6415094337,1713966.8,2.0679330786975765,11,5,0.688,451,362,89,0.667,0.583
383,indianapolis-colts,2020,inactive,82,43533980.0,135,231385518.0,0.6074074074074074,0.18814479132613648,530902.1951219512,1713966.8,0.30975057108571247,11,5,0.688,451,362,89,0.667,0.583
384,indianapolis-colts,2021,active,57,170696313.0,133,187317746.0,0.42857142857142855,0.9112661060954684,2994672.1578947366,1408404.105263158,2.126287580889426,9,8,0.529,451,365,86,0.5,0.583
385,indianapolis-colts,2021,inactive,76,16621433.0,133,187317746.0,0.5714285714285714,0.08873389390453161,218703.06578947368,1408404.105263158,0.1552843143329303,9,8,0.529,451,365,86,0.5,0.583
386,indianapolis-colts,2022,active,53,147156772.0,149,205811217.0,0.35570469798657717,0.7150085119024392,2776542.867924528,1381283.3355704697,2.010118269310631,4,12,0.265,289,427,-138,0.25,0.375
387,indianapolis-colts,2022,inactive,96,58654445.0,149,205811217.0,0.6442953020134228,0.2849914880975608,610983.8020833334,1381283.3355704697,0.4423305388180892,4,12,0.265,289,427,-138,0.25,0.375
388,indianapolis-colts,2023,active,52,150648067.0,166,223873320.0,0.3132530120481928,0.6729165717469148,2897078.2115384615,1348634.4578313252,2.148156748268997,9,8,0.529,396,415,-19,0.5,0.583
389,indianapolis-colts,2023,inactive,114,73225253.0,166,223873320.0,0.6867469879518072,0.3270834282530853,642326.7807017544,1348634.4578313252,0.47627937798256276,9,8,0.529,396,415,-19,0.5,0.583
390,indianapolis-colts,2024,active,53,199356329.0,156,250316091.0,0.33974358974358976,0.7964183533051417,3761440.169811321,1604590.326923077,2.3441747757660774,8,9,0.471,377,427,-50,0.5,0.583
391,indianapolis-colts,2024,inactive,103,50959762.0,156,250316091.0,0.6602564102564102,0.20358164669485831,494754.9708737864,1604590.326923077,0.3083372513048339,8,9,0.471,377,427,-50,0.5,0.583
392,jacksonville-jaguars,2011,active,67,86274323.0,83,93255655.0,0.8072289156626506,0.9251377088070423,1287676.462686567,1123562.1084337349,1.1460661168803659,5,11,0.313,243,329,-86,0.5,0.333
393,jacksonville-jaguars,2011,inactive,16,6981332.0,83,93255655.0,0.1927710843373494,0.07486229119295768,436333.25,1123562.1084337349,0.388348135563468,5,11,0.313,243,329,-86,0.5,0.333
394,jacksonville-jaguars,2012,active,57,94060155.0,103,129514023.0,0.5533980582524272,0.7262546002451025,1650178.1578947369,1257417.6990291262,1.3123548039516764,2,14,0.125,255,444,-189,0.333,0.167
395,jacksonville-jaguars,2012,inactive,46,35453868.0,103,129514023.0,0.44660194174757284,0.2737453997548976,770736.2608695652,1257417.6990291262,0.6129516559729228,2,14,0.125,255,444,-189,0.333,0.167
396,jacksonville-jaguars,2013,active,53,66805513.0,132,120190441.0,0.4015151515151515,0.5558305006968066,1260481.3773584906,910533.6439393939,1.3843325677731788,4,12,0.25,247,449,-202,0.5,0.333
397,jacksonville-jaguars,2013,inactive,79,53384928.0,132,120190441.0,0.5984848484848485,0.4441694993031933,675758.582278481,910533.6439393939,0.7421566317471079,4,12,0.25,247,449,-202,0.5,0.333
398,jacksonville-jaguars,2014,active,53,87789968.0,146,129184374.0,0.363013698630137,0.6795711066417367,1656414.4905660378,884824.4794520548,1.8720260673527087,3,13,0.188,249,412,-163,0.167,0.167
399,jacksonville-jaguars,2014,inactive,93,41394406.0,146,129184374.0,0.636986301369863,0.3204288933582633,445101.1397849462,884824.4794520548,0.5030389078527574,3,13,0.188,249,412,-163,0.167,0.167
400,jacksonville-jaguars,2015,active,53,107546334.0,125,136130404.0,0.424,0.7900243504750049,2029176.1132075472,1089043.232,1.8632649775353887,5,11,0.313,376,448,-72,0.333,0.417
401,jacksonville-jaguars,2015,inactive,72,28584070.0,125,136130404.0,0.576,0.20997564952499517,397000.97222222225,1089043.232,0.3645410582031166,5,11,0.313,376,448,-72,0.333,0.417
402,jacksonville-jaguars,2016,active,52,109679864.0,122,150459217.0,0.4262295081967213,0.7289673985210224,2109228.153846154,1233272.2704918033,1.7102696657608605,3,13,0.188,318,400,-82,0.333,0.167
403,jacksonville-jaguars,2016,inactive,70,40779353.0,122,150459217.0,0.5737704918032787,0.2710326014789775,582562.1857142857,1233272.2704918033,0.4723711054347894,3,13,0.188,318,400,-82,0.333,0.167
404,jacksonville-jaguars,2017,active,53,151852626.0,120,171292956.0,0.44166666666666665,0.886508292845387,2865143.886792453,1427441.3,2.0071885875744613,10,6,0.625,417,268,149,0.667,0.75
405,jacksonville-jaguars,2017,inactive,67,19440330.0,120,171292956.0,0.5583333333333333,0.11349170715461294,290154.17910447763,1427441.3,0.2032687292321426,10,6,0.625,417,268,149,0.667,0.75
406,jacksonville-jaguars,2018,active,53,140722671.0,139,198533685.0,0.381294964028777,0.7088100490352557,2655144.7358490564,1428299.892086331,1.8589546569037834,5,11,0.313,245,316,-71,0.167,0.333
407,jacksonville-jaguars,2018,inactive,86,57811014.0,139,198533685.0,0.6187050359712231,0.29118995096474437,672221.0930232558,1428299.892086331,0.47064422307092396,5,11,0.313,245,316,-71,0.167,0.333
408,jacksonville-jaguars,2019,active,53,122743628.0,152,190540169.0,0.34868421052631576,0.6441876725741752,2315917.5094339624,1253553.7434210526,1.8474816270051817,6,10,0.375,300,397,-97,0.333,0.5
409,jacksonville-jaguars,2019,inactive,99,67796541.0,152,190540169.0,0.6513157894736842,0.35581232742582486,684813.5454545454,1253553.7434210526,0.5462977148356098,6,10,0.375,300,397,-97,0.333,0.5
410,jacksonville-jaguars,2020,active,54,87879404.0,177,184288252.0,0.3050847457627119,0.47685841634658294,1627396.3703703703,1041176.5649717514,1.563035920247133,1,15,0.063,306,492,-186,0.167,0.083
411,jacksonville-jaguars,2020,inactive,123,96408848.0,177,184288252.0,0.6949152542372882,0.523141583653417,783811.7723577236,1041176.5649717514,0.7528134984280879,1,15,0.063,306,492,-186,0.167,0.083
412,jacksonville-jaguars,2021,active,58,126905443.0,155,180473269.0,0.3741935483870968,0.7031813836097799,2188024.879310345,1164343.6709677419,1.879191628612343,3,14,0.176,253,457,-204,0.167,0.25
413,jacksonville-jaguars,2021,inactive,97,53567826.0,155,180473269.0,0.6258064516129033,0.2968186163902201,552245.6288659794,1164343.6709677419,0.47429778907715586,3,14,0.176,253,457,-204,0.167,0.25
414,jacksonville-jaguars,2022,active,51,159988522.0,137,231233180.0,0.3722627737226277,0.6918925821977624,3137029.843137255,1687833.4306569344,1.8586134070802638,9,8,0.529,404,350,54,0.667,0.667
415,jacksonville-jaguars,2022,inactive,86,71244658.0,137,231233180.0,0.6277372262773723,0.30810741780223755,828426.2558139535,1687833.4306569344,0.49082228184775045,9,8,0.529,404,350,54,0.667,0.667
416,jacksonville-jaguars,2023,active,53,194030338.0,127,217779453.0,0.41732283464566927,0.8909487801863475,3660949.7735849055,1714798.842519685,2.1349150015786065,9,8,0.529,377,371,6,0.667,0.5
417,jacksonville-jaguars,2023,inactive,74,23749115.0,127,217779453.0,0.5826771653543307,0.10905121981365248,320933.9864864865,1714798.842519685,0.18715547184234957,9,8,0.529,377,371,6,0.667,0.5
418,jacksonville-jaguars,2024,active,53,142873539.0,154,252082967.0,0.34415584415584416,0.5667718874476751,2695727.150943396,1636902.3831168832,1.6468466163573954,4,13,0.235,320,435,-115,0.5,0.333
419,jacksonville-jaguars,2024,inactive,101,109209428.0,154,252082967.0,0.6558441558441559,0.4332281125523249,1081281.4653465347,1636902.3831168832,0.6605656369609706,4,13,0.235,320,435,-115,0.5,0.333
420,kansas-city-chiefs,2011,active,51,102219859.0,58,103712552.0,0.8793103448275862,0.9856074026603838,2004310.9607843137,1788147.448275862,1.120886850084358,7,9,0.438,212,338,-126,0.5,0.333
421,kansas-city-chiefs,2011,inactive,7,1492693.0,58,103712552.0,0.1206896551724138,0.014392597339616134,213241.85714285713,1788147.448275862,0.11925294938539083,7,9,0.438,212,338,-126,0.5,0.333
422,kansas-city-chiefs,2012,active,59,113243727.0,90,144411474.0,0.6555555555555556,0.7841740262273066,1919385.2033898304,1604571.9333333333,1.1961976671263999,2,14,0.125,211,425,-214,0.0,0.0
423,kansas-city-chiefs,2012,inactive,31,31167747.0,90,144411474.0,0.34444444444444444,0.21582597377269344,1005411.1935483871,1604571.9333333333,0.6265915367594326,2,14,0.125,211,425,-214,0.0,0.0
424,kansas-city-chiefs,2013,active,52,114803016.0,124,136631412.0,0.41935483870967744,0.8402388171176918,2207750.3076923075,1101866.2258064516,2.00364641004988,11,5,0.688,430,305,125,0.333,0.583
425,kansas-city-chiefs,2013,inactive,72,21828396.0,124,136631412.0,0.5806451612903226,0.1597611828823082,303172.1666666667,1101866.2258064516,0.2751442594084197,11,5,0.688,430,305,125,0.333,0.583
426,kansas-city-chiefs,2014,active,53,96516582.0,138,132717955.0,0.38405797101449274,0.7272307804923607,1821067.5849056605,961724.3115942029,1.8935442963763354,9,7,0.563,353,281,72,0.5,0.583
427,kansas-city-chiefs,2014,inactive,85,36201373.0,138,132717955.0,0.6159420289855072,0.2727692195076393,425898.50588235294,961724.3115942029,0.44284885049475564,9,7,0.563,353,281,72,0.5,0.583
428,kansas-city-chiefs,2015,active,52,104438587.0,129,141444281.0,0.40310077519379844,0.7383726387636698,2008434.3653846155,1096467.2945736435,1.8317321230867962,11,5,0.688,405,287,118,0.833,0.833
429,kansas-city-chiefs,2015,inactive,77,37005694.0,129,141444281.0,0.5968992248062015,0.26162736123633024,480593.4285714286,1096467.2945736435,0.43831077401930646,11,5,0.688,405,287,118,0.833,0.833
430,kansas-city-chiefs,2016,active,53,116014324.0,135,152511280.0,0.3925925925925926,0.7606933992029966,2188949.5094339624,1129713.1851851852,1.9376152621208407,12,4,0.75,389,311,78,1.0,0.75
431,kansas-city-chiefs,2016,inactive,82,36496956.0,135,152511280.0,0.6074074074074074,0.23930660079700333,445084.8292682927,1129713.1851851852,0.3939803793609202,12,4,0.75,389,311,78,1.0,0.75
432,kansas-city-chiefs,2017,active,51,135438141.0,125,167778858.0,0.408,0.8072420006577944,2655649.8235294116,1342230.864,1.9785343153377313,10,6,0.625,415,339,76,0.833,0.667
433,kansas-city-chiefs,2017,inactive,74,32340717.0,125,167778858.0,0.592,0.19275799934220555,437036.7162162162,1342230.864,0.32560472861859047,10,6,0.625,415,339,76,0.833,0.667
434,kansas-city-chiefs,2018,active,52,143955068.0,110,176891845.0,0.4727272727272727,0.8138027391822388,2768366.6923076925,1608107.6818181819,1.7215057944239667,12,4,0.75,565,421,144,0.833,0.833
435,kansas-city-chiefs,2018,inactive,58,32936777.0,110,176891845.0,0.5272727272727272,0.18619726081776128,567875.4655172414,1608107.6818181819,0.35313273603368517,12,4,0.75,565,421,144,0.833,0.833
436,kansas-city-chiefs,2019,active,53,135179512.0,116,166507002.0,0.45689655172413796,0.8118548191745113,2550556.830188679,1435405.1896551724,1.7768897929102512,12,4,0.75,451,308,143,1.0,0.75
437,kansas-city-chiefs,2019,inactive,63,31327490.0,116,166507002.0,0.5431034482758621,0.18814518082548864,497261.74603174604,1435405.1896551724,0.3464260472342331,12,4,0.75,451,308,143,1.0,0.75
438,kansas-city-chiefs,2020,active,51,182730257.0,136,216749367.0,0.375,0.8430486304488262,3582946.2156862747,1593745.3455882352,2.24812968119687,14,2,0.875,473,362,111,0.667,0.833
439,kansas-city-chiefs,2020,inactive,85,34019110.0,136,216749367.0,0.625,0.1569513695511738,400224.82352941175,1593745.3455882352,0.2511221912818781,14,2,0.875,473,362,111,0.667,0.833
440,kansas-city-chiefs,2021,active,54,160366274.0,137,185112146.0,0.39416058394160586,0.8663195660861713,2969745.814814815,1351183.5474452556,2.1978848250704717,12,5,0.706,480,364,116,0.833,0.583
441,kansas-city-chiefs,2021,inactive,83,24745872.0,137,185112146.0,0.6058394160583942,0.13368043391382864,298143.0361445783,1351183.5474452556,0.22065324633969305,12,5,0.706,480,364,116,0.833,0.583
442,kansas-city-chiefs,2022,active,53,181434543.0,135,205249141.0,0.3925925925925926,0.8839722403515443,3423293.2641509436,1520364.0074074075,2.2516274046690277,14,3,0.824,496,369,127,1.0,0.75
443,kansas-city-chiefs,2022,inactive,82,23814598.0,135,205249141.0,0.6074074074074074,0.11602775964845573,290421.9268292683,1520364.0074074075,0.19102131161636002,14,3,0.824,496,369,127,1.0,0.75
444,kansas-city-chiefs,2023,active,53,194829168.0,123,217621452.0,0.43089430894308944,0.8952663729125381,3676022.037735849,1769280.0975609757,2.077693657891362,11,6,0.647,371,294,77,0.667,0.75
445,kansas-city-chiefs,2023,inactive,70,22792284.0,123,217621452.0,0.5691056910569106,0.10473362708746195,325604.0571428572,1769280.0975609757,0.18403194473939744,11,6,0.647,371,294,77,0.667,0.75
446,kansas-city-chiefs,2024,active,53,220922465.0,142,249975385.0,0.3732394366197183,0.883776876671277,4168348.396226415,1760390.0352112676,2.367855028062667,15,2,0.882,385,326,59,0.833,0.833
447,kansas-city-chiefs,2024,inactive,89,29052920.0,142,249975385.0,0.6267605633802817,0.11622312332872295,326437.30337078654,1760390.0352112676,0.18543464620987257,15,2,0.882,385,326,59,0.833,0.833
448,las-vegas-raiders,2011,active,52,105625393.0,62,110268062.0,0.8387096774193549,0.9578965212973454,2031257.5576923077,1778517.1290322582,1.142107390777604,8,8,0.5,359,433,-74,0.5,0.5
449,las-vegas-raiders,2011,inactive,10,4642669.0,62,110268062.0,0.16129032258064516,0.04210347870265463,464266.9,1778517.1290322582,0.26104156795645866,8,8,0.5,359,433,-74,0.5,0.5
450,las-vegas-raiders,2012,active,60,80880556.0,87,115578479.0,0.6896551724137931,0.6997890671324719,1348009.2666666666,1328488.264367816,1.0146941473420843,4,12,0.25,290,443,-153,0.333,0.333
451,las-vegas-raiders,2012,inactive,27,34697923.0,87,115578479.0,0.3103448275862069,0.30021093286752804,1285108.2592592593,1328488.264367816,0.9673463392398127,4,12,0.25,290,443,-153,0.333,0.333
452,las-vegas-raiders,2013,active,54,56659660.0,116,121534233.0,0.46551724137931033,0.4662032959882176,1049252.962962963,1047708.9051724138,1.0014737469376525,4,12,0.25,322,453,-131,0.167,0.333
453,las-vegas-raiders,2013,inactive,62,64874573.0,116,121534233.0,0.5344827586206896,0.5337967040117825,1046364.0806451613,1047708.9051724138,0.9987164139575284,4,12,0.25,322,453,-131,0.167,0.333
454,las-vegas-raiders,2014,active,55,78110193.0,128,124442456.0,0.4296875,0.6276812231992592,1420185.3272727274,972206.6875,1.4607853921728218,3,13,0.188,253,452,-199,0.167,0.167
455,las-vegas-raiders,2014,inactive,73,46332263.0,128,124442456.0,0.5703125,0.3723187768007407,634688.5342465753,972206.6875,0.6528329237054084,3,13,0.188,253,452,-199,0.167,0.167
456,las-vegas-raiders,2015,active,54,94352516.0,143,137071838.0,0.3776223776223776,0.6883435531082613,1747268.8148148148,958544.3216783217,1.8228357054533588,7,9,0.438,359,399,-40,0.5,0.583
457,las-vegas-raiders,2015,inactive,89,42719322.0,143,137071838.0,0.6223776223776224,0.3116564468917386,479992.3820224719,958544.3216783217,0.5007513697249284,7,9,0.438,359,399,-40,0.5,0.583
458,las-vegas-raiders,2016,active,53,142746501.0,104,164335096.0,0.5096153846153846,0.868630648440428,2693330.2075471696,1580145.1538461538,1.7044827818453683,12,4,0.75,416,385,31,0.5,0.75
459,las-vegas-raiders,2016,inactive,51,21588595.0,104,164335096.0,0.49038461538461536,0.1313693515595719,423305.7843137255,1580145.1538461538,0.2678904423959898,12,4,0.75,416,385,31,0.5,0.75
460,las-vegas-raiders,2017,active,53,144377592.0,101,164442467.0,0.5247524752475248,0.8779824009816151,2724105.5094339624,1628143.2376237623,1.6731362735687383,6,10,0.375,301,373,-72,0.333,0.417
461,las-vegas-raiders,2017,inactive,48,20064875.0,101,164442467.0,0.4752475247524752,0.12201759901838495,418018.2291666667,1628143.2376237623,0.256745364601185,6,10,0.375,301,373,-72,0.333,0.417
462,las-vegas-raiders,2018,active,53,115252545.0,148,178870237.0,0.3581081081081081,0.6443360669332595,2174576.320754717,1208582.6824324324,1.799278073700423,4,12,0.25,290,467,-177,0.167,0.25
463,las-vegas-raiders,2018,inactive,95,63617692.0,148,178870237.0,0.6418918918918919,0.35566393306674043,669659.9157894737,1208582.6824324324,0.5540869694092377,4,12,0.25,290,467,-177,0.167,0.25
464,las-vegas-raiders,2019,active,51,119270203.0,143,173145802.0,0.35664335664335667,0.6888425917481962,2338631.431372549,1210809.8041958043,1.9314606003920007,7,9,0.438,313,419,-106,0.5,0.417
465,las-vegas-raiders,2019,inactive,92,53875599.0,143,173145802.0,0.6433566433566433,0.3111574082518039,585604.3369565217,1210809.8041958043,0.4836468410870429,7,9,0.438,313,419,-106,0.5,0.417
466,las-vegas-raiders,2020,active,53,165917480.0,140,214145655.0,0.37857142857142856,0.7747879825065794,3130518.4905660376,1529611.8214285714,2.0466097651117194,8,8,0.5,434,478,-44,0.667,0.5
467,las-vegas-raiders,2020,inactive,87,48228175.0,140,214145655.0,0.6214285714285714,0.22521201749342054,554346.8390804598,1529611.8214285714,0.3624101430928607,8,8,0.5,434,478,-44,0.667,0.5
468,las-vegas-raiders,2021,active,54,129494524.0,151,189930974.0,0.3576158940397351,0.6817978198753406,2398046.7407407407,1257821.0198675497,1.9065087185403042,10,7,0.588,374,439,-65,0.5,0.667
469,las-vegas-raiders,2021,inactive,97,60436450.0,151,189930974.0,0.6423841059602649,0.3182021801246594,623056.1855670103,1257821.0198675497,0.49534566184354195,10,7,0.588,374,439,-65,0.5,0.667
470,las-vegas-raiders,2022,active,53,122209751.0,170,199666719.0,0.31176470588235294,0.612068709357617,2305844.3584905663,1174510.111764706,1.9632392564300924,6,11,0.353,395,418,-23,0.5,0.417
471,las-vegas-raiders,2022,inactive,117,77456968.0,170,199666719.0,0.6882352941176471,0.3879312906423829,662025.3675213675,1174510.111764706,0.5636608496513256,6,11,0.353,395,418,-23,0.5,0.417
472,las-vegas-raiders,2023,active,52,155882148.0,161,223471769.0,0.32298136645962733,0.6975473846094626,2997733.6153846155,1388023.4099378882,2.1597140177331444,8,9,0.471,332,331,1,0.667,0.5
473,las-vegas-raiders,2023,inactive,109,67589621.0,161,223471769.0,0.6770186335403726,0.3024526153905373,620088.2660550459,1388023.4099378882,0.4467419364942799,8,9,0.471,332,331,1,0.667,0.5
474,las-vegas-raiders,2024,active,54,111854212.0,155,226541896.0,0.34838709677419355,0.4937462516867079,2071374.2962962964,1461560.6193548387,1.417234611322958,4,13,0.235,309,434,-125,0.0,0.25
475,las-vegas-raiders,2024,inactive,101,114687684.0,155,226541896.0,0.6516129032258065,0.5062537483132922,1135521.6237623761,1461560.6193548387,0.7769240691936661,4,13,0.235,309,434,-125,0.0,0.25
476,los-angeles-chargers,2011,active,59,110231108.0,83,121746575.0,0.7108433734939759,0.9054144480039787,1868323.8644067796,1466826.2048192772,1.2737186302428853,8,8,0.5,406,377,29,0.5,0.583
477,los-angeles-chargers,2011,inactive,24,11515467.0,83,121746575.0,0.2891566265060241,0.09458555199602124,479811.125,1466826.2048192772,0.32710836731957343,8,8,0.5,406,377,29,0.5,0.583
478,los-angeles-chargers,2012,active,55,94427351.0,86,125967448.0,0.6395348837209303,0.749617083613538,1716860.9272727272,1464737.7674418604,1.1721285307411686,7,9,0.438,350,350,0,0.667,0.583
479,los-angeles-chargers,2012,inactive,31,31540097.0,86,125967448.0,0.36046511627906974,0.250382916386462,1017422.4838709678,1464737.7674418604,0.6946106712656688,7,9,0.438,350,350,0,0.667,0.583
480,los-angeles-chargers,2013,active,53,94062621.0,112,120452285.0,0.4732142857142857,0.7809118855653091,1774766.433962264,1075466.830357143,1.650228890251219,9,7,0.563,396,348,48,0.667,0.5
481,los-angeles-chargers,2013,inactive,59,26389664.0,112,120452285.0,0.5267857142857143,0.2190881144346909,447282.4406779661,1075466.830357143,0.4158960816387352,9,7,0.563,396,348,48,0.667,0.5
482,los-angeles-chargers,2014,active,54,94825621.0,143,134236725.0,0.3776223776223776,0.7064059481486903,1756030.0185185184,938718.3566433566,1.870667603430791,9,7,0.563,348,348,0,0.333,0.5
483,los-angeles-chargers,2014,inactive,89,39411104.0,143,134236725.0,0.6223776223776224,0.2935940518513097,442821.393258427,938718.3566433566,0.47172976870491334,9,7,0.563,348,348,0,0.333,0.5
484,los-angeles-chargers,2015,active,53,91395667.0,166,140814655.0,0.3192771084337349,0.6490493975928855,1724446.5471698113,848281.0542168674,2.032871698121113,4,12,0.25,320,398,-78,0.0,0.25
485,los-angeles-chargers,2015,inactive,113,49418988.0,166,140814655.0,0.6807228915662651,0.3509506024071145,437336.1769911504,848281.0542168674,0.5155557522086816,4,12,0.25,320,398,-78,0.0,0.25
486,los-angeles-chargers,2016,active,53,101639984.0,144,155470367.0,0.3680555555555556,0.653757921598011,1917735.5471698113,1079655.326388889,1.7762479379266713,5,11,0.313,410,423,-13,0.167,0.333
487,los-angeles-chargers,2016,inactive,91,53830383.0,144,155470367.0,0.6319444444444444,0.34624207840198895,591542.6703296703,1079655.326388889,0.5478995526361143,5,11,0.313,410,423,-13,0.167,0.333
488,los-angeles-chargers,2017,active,53,127034223.0,121,157638663.0,0.4380165289256198,0.8058570187188152,2396872.132075472,1302798.867768595,1.839786778584465,9,7,0.563,355,272,83,0.5,0.5
489,los-angeles-chargers,2017,inactive,68,30604440.0,121,157638663.0,0.5619834710743802,0.19414298128118482,450065.29411764705,1302798.867768595,0.3454603049268141,9,7,0.563,355,272,83,0.5,0.5
490,los-angeles-chargers,2018,active,53,144473149.0,115,177286710.0,0.4608695652173913,0.8149124601612834,2725908.4716981133,1541623.5652173914,1.7682062814820299,12,4,0.75,428,329,99,0.667,0.75
491,los-angeles-chargers,2018,inactive,62,32813561.0,115,177286710.0,0.5391304347826087,0.18508753983871662,529250.9838709678,1541623.5652173914,0.3433075335718131,12,4,0.75,428,329,99,0.667,0.75
492,los-angeles-chargers,2019,active,53,155395193.0,123,184097522.0,0.43089430894308944,0.8440917146076523,2931984.7735849055,1496727.8211382113,1.9589298282404008,5,11,0.313,337,345,-8,0.0,0.25
493,los-angeles-chargers,2019,inactive,70,28702329.0,123,184097522.0,0.5691056910569106,0.15590828539234766,410033.27142857143,1496727.8211382113,0.27395313004655375,5,11,0.313,337,345,-8,0.0,0.25
494,los-angeles-chargers,2020,active,55,134191298.0,131,195831096.0,0.4198473282442748,0.6852399886481767,2439841.7818181817,1494893.8625954199,1.6321170638711118,7,9,0.438,384,426,-42,0.5,0.5
495,los-angeles-chargers,2020,inactive,76,61639798.0,131,195831096.0,0.5801526717557252,0.3147600113518233,811049.9736842106,1494893.8625954199,0.5425468616722218,7,9,0.438,384,426,-42,0.5,0.5
496,los-angeles-chargers,2021,active,53,159785508.0,123,183047309.0,0.43089430894308944,0.8729191861542198,3014820.9056603773,1488189.5040650407,2.0258313188107366,9,8,0.529,474,459,15,0.5,0.5
497,los-angeles-chargers,2021,inactive,70,23261801.0,123,183047309.0,0.5691056910569106,0.12708081384578016,332311.4428571428,1488189.5040650407,0.22329914432901368,9,8,0.529,474,459,15,0.5,0.5
498,los-angeles-chargers,2022,active,53,175316296.0,141,212129671.0,0.375886524822695,0.8264581525702739,3307854.6415094337,1504465.7517730496,2.1986905568378985,10,7,0.588,391,384,7,0.333,0.583
499,los-angeles-chargers,2022,inactive,88,36813375.0,141,212129671.0,0.624113475177305,0.17354184742972614,418333.8068181818,1504465.7517730496,0.27806136917717483,10,7,0.588,391,384,7,0.333,0.583
500,los-angeles-chargers,2023,active,53,132544014.0,144,218514926.0,0.3680555555555556,0.6065673243758186,2500830.452830189,1517464.763888889,1.6480319756626016,5,12,0.294,346,398,-52,0.167,0.25
501,los-angeles-chargers,2023,inactive,91,85970912.0,144,218514926.0,0.6319444444444444,0.3934326756241814,944735.2967032967,1517464.763888889,0.622574783405298,5,12,0.294,346,398,-52,0.167,0.25
502,los-angeles-chargers,2024,active,53,183462766.0,174,259842565.0,0.3045977011494253,0.7060535520806609,3461561.6226415094,1493348.0747126436,2.317987133245943,11,6,0.647,402,301,101,0.667,0.667
503,los-angeles-chargers,2024,inactive,121,76379799.0,174,259842565.0,0.6954022988505747,0.29394644791933916,631238.0082644628,1493348.0747126436,0.4226998507269836,11,6,0.647,402,301,101,0.667,0.667
504,los-angeles-rams,2011,active,58,104892581.0,76,108076344.0,0.7631578947368421,0.9705415368232664,1808492.7758620689,1422057.1578947369,1.271744082733935,2,14,0.125,193,407,-214,0.0,0.083
505,los-angeles-rams,2011,inactive,18,3183763.0,76,108076344.0,0.23684210526315788,0.029458463176733663,176875.72222222222,1422057.1578947369,0.1243801778573199,2,14,0.125,193,407,-214,0.0,0.083
506,los-angeles-rams,2012,active,55,97024559.0,93,120098991.0,0.5913978494623656,0.8078715582215008,1764082.8909090909,1291387.0,1.3660373620836286,7,8,0.469,299,348,-49,0.75,0.542
507,los-angeles-rams,2012,inactive,38,23074432.0,93,120098991.0,0.40860215053763443,0.1921284417784992,607221.8947368421,1291387.0,0.4702090811947481,7,8,0.469,299,348,-49,0.75,0.542
508,los-angeles-rams,2013,active,53,69722934.0,96,124333057.0,0.5520833333333334,0.5607755144313712,1315527.0566037735,1295136.0104166667,1.0157443280266345,7,9,0.438,348,364,-16,0.167,0.333
509,los-angeles-rams,2013,inactive,43,54610123.0,96,124333057.0,0.4479166666666667,0.4392244855686288,1270002.8604651163,1295136.0104166667,0.9805942003392643,7,9,0.438,348,364,-16,0.167,0.333
510,los-angeles-rams,2014,active,53,91476742.0,121,131027131.0,0.4380165289256198,0.6981511485586905,1725976.2641509434,1082868.8512396694,1.593892244822671,6,10,0.375,324,354,-30,0.333,0.333
511,los-angeles-rams,2014,inactive,68,39550389.0,121,131027131.0,0.5619834710743802,0.3018488514413095,581623.3676470588,1082868.8512396694,0.5371133974176243,6,10,0.375,324,354,-30,0.333,0.333
512,los-angeles-rams,2015,active,53,94007833.0,136,140686890.0,0.3897058823529412,0.6682060638343772,1773732.6981132075,1034462.4264705882,1.7146419751221753,7,9,0.438,280,330,-50,0.667,0.5
513,los-angeles-rams,2015,inactive,83,46679057.0,136,140686890.0,0.6102941176470589,0.3317939361656228,562398.2771084338,1034462.4264705882,0.5436623532352375,7,9,0.438,280,330,-50,0.667,0.5
514,los-angeles-rams,2016,active,53,109645297.0,127,149657650.0,0.41732283464566927,0.7326407771336781,2068779.1886792453,1178406.6929133858,1.7555731829429646,4,12,0.25,224,394,-170,0.333,0.25
515,los-angeles-rams,2016,inactive,74,40012353.0,127,149657650.0,0.5826771653543307,0.2673592228663219,540707.472972973,1178406.6929133858,0.4588462338381471,4,12,0.25,224,394,-170,0.333,0.25
516,los-angeles-rams,2017,active,53,137063130.0,116,156886564.0,0.45689655172413796,0.8736447947193234,2586096.7924528304,1352470.3793103448,1.912128229951727,11,5,0.688,478,329,149,0.667,0.583
517,los-angeles-rams,2017,inactive,63,19823434.0,116,156886564.0,0.5431034482758621,0.12635520528067656,314657.68253968254,1352470.3793103448,0.23265402877076954,11,5,0.688,478,329,149,0.667,0.583
518,los-angeles-rams,2018,active,53,158606483.0,116,179876692.0,0.45689655172413796,0.8817511665157818,2992575.150943396,1550661.1379310344,1.929870477657183,13,3,0.813,527,384,143,1.0,0.75
519,los-angeles-rams,2018,inactive,63,21270209.0,116,179876692.0,0.5431034482758621,0.11824883348421818,337622.3650793651,1550661.1379310344,0.21772801085983032,13,3,0.813,527,384,143,1.0,0.75
520,los-angeles-rams,2019,active,53,162333485.0,102,180977365.0,0.5196078431372549,0.8969822552118604,3062895.9433962265,1774287.8921568627,1.7262677364454673,9,7,0.563,394,364,30,0.5,0.583
521,los-angeles-rams,2019,inactive,49,18643880.0,102,180977365.0,0.4803921568627451,0.10301774478813966,380487.3469387755,1774287.8921568627,0.21444510139571932,9,7,0.563,394,364,30,0.5,0.583
522,los-angeles-rams,2020,active,53,153700759.0,129,196611667.0,0.4108527131782946,0.7817479061402801,2900014.320754717,1524121.449612403,1.9027449036244555,10,6,0.625,372,296,76,0.5,0.75
523,los-angeles-rams,2020,inactive,76,42910908.0,129,196611667.0,0.5891472868217055,0.21825209385971994,564617.2105263158,1524121.449612403,0.3704542119461036,10,6,0.625,372,296,76,0.5,0.75
524,los-angeles-rams,2021,active,54,121817079.0,162,184237455.0,0.3333333333333333,0.6611960580979585,2255871.8333333335,1137268.2407407407,1.9835881742938755,12,5,0.706,460,372,88,0.5,0.667
525,los-angeles-rams,2021,inactive,108,62420376.0,162,184237455.0,0.6666666666666666,0.3388039419020416,577966.4444444445,1137268.2407407407,0.5082059128530625,12,5,0.706,460,372,88,0.5,0.667
526,los-angeles-rams,2022,active,54,113511363.0,158,200270156.0,0.34177215189873417,0.5667912047764121,2102062.277777778,1267532.6329113925,1.6583890806420947,5,12,0.294,307,384,-77,0.167,0.25
527,los-angeles-rams,2022,inactive,104,86758793.0,158,200270156.0,0.6582278481012658,0.4332087952235879,834219.1634615385,1267532.6329113925,0.6581441312050662,5,12,0.294,307,384,-77,0.167,0.25
528,los-angeles-rams,2023,active,52,131880407.0,149,217174558.0,0.348993288590604,0.6072553259208199,2536161.673076923,1457547.3691275169,1.7400200685038876,10,7,0.588,404,377,27,0.833,0.667
529,los-angeles-rams,2023,inactive,97,85294151.0,149,217174558.0,0.6510067114093959,0.3927446740791801,879321.1443298969,1457547.3691275169,0.6032882106989468,10,7,0.588,404,377,27,0.833,0.667
530,los-angeles-rams,2024,active,53,209446790.0,146,254604834.0,0.363013698630137,0.8226347736979731,3951826.2264150945,1743868.7260273972,2.2661259803755485,10,7,0.588,367,386,-19,0.667,0.5
531,los-angeles-rams,2024,inactive,93,45158044.0,146,254604834.0,0.636986301369863,0.17736522630202692,485570.36559139786,1743868.7260273972,0.2784443337644724,10,7,0.588,367,386,-19,0.667,0.5
532,miami-dolphins,2011,active,62,113956396.0,92,132817373.0,0.6739130434782609,0.8579931482306912,1838006.3870967743,1443667.097826087,1.2731511231810257,6,10,0.375,329,313,16,0.5,0.417
533,miami-dolphins,2011,inactive,30,18860977.0,92,132817373.0,0.32608695652173914,0.14200685176930883,628699.2333333333,1443667.097826087,0.4354876787592137,6,10,0.375,329,313,16,0.5,0.417
534,miami-dolphins,2012,active,63,89473120.0,111,122292261.0,0.5675675675675675,0.7316335413898349,1420208.253968254,1101732.0810810812,1.2890686205439947,7,9,0.438,288,317,-29,0.333,0.417
535,miami-dolphins,2012,inactive,48,32819141.0,111,122292261.0,0.43243243243243246,0.26836645861016506,683732.1041666666,1101732.0810810812,0.6205974355360065,7,9,0.438,288,317,-29,0.333,0.417
536,miami-dolphins,2013,active,53,81123929.0,122,112354370.0,0.4344262295081967,0.7220362590257949,1530640.1698113207,920937.4590163934,1.662045728323528,8,8,0.5,317,335,-18,0.333,0.583
537,miami-dolphins,2013,inactive,69,31230441.0,122,112354370.0,0.5655737704918032,0.2779637409742051,452615.0869565217,920937.4590163934,0.4914721217225076,8,8,0.5,317,335,-18,0.333,0.583
538,miami-dolphins,2014,active,51,104746850.0,155,142455998.0,0.32903225806451614,0.7352926620892438,2053859.8039215687,919070.9548387097,2.2347129926241727,8,8,0.5,388,373,15,0.5,0.5
539,miami-dolphins,2014,inactive,104,37709148.0,155,142455998.0,0.6709677419354839,0.2647073379107561,362587.96153846156,919070.9548387097,0.3945157440016077,8,8,0.5,388,373,15,0.5,0.5
540,miami-dolphins,2015,active,52,90566641.0,164,144878936.0,0.3170731707317073,0.6251194514570427,1741666.173076923,883408.1463414634,1.9715305776722116,6,10,0.375,310,389,-79,0.167,0.333
541,miami-dolphins,2015,inactive,112,54312295.0,164,144878936.0,0.6829268292682927,0.37488054854295727,484931.20535714284,883408.1463414634,0.5489322317950446,6,10,0.375,310,389,-79,0.167,0.333
542,miami-dolphins,2016,active,50,98532410.0,124,151387347.0,0.4032258064516129,0.6508629152474678,1970648.2,1220865.7016129033,1.61414002981372,10,6,0.625,363,380,-17,0.667,0.583
543,miami-dolphins,2016,inactive,74,52854937.0,124,151387347.0,0.5967741935483871,0.3491370847525322,714255.9054054054,1220865.7016129033,0.5850405203961351,10,6,0.625,363,380,-17,0.667,0.583
544,miami-dolphins,2017,active,53,102474406.0,112,171947683.0,0.4732142857142857,0.5959627033764683,1933479.358490566,1535247.169642857,1.2593928826068765,6,10,0.375,281,393,-112,0.333,0.417
545,miami-dolphins,2017,inactive,59,69473277.0,112,171947683.0,0.5267857142857143,0.4040372966235317,1177513.1694915255,1535247.169642857,0.7669860546073823,6,10,0.375,281,393,-112,0.333,0.417
546,miami-dolphins,2018,active,53,123506032.0,121,170259550.0,0.4380165289256198,0.7253985576726827,2330302.4905660376,1407103.7190082644,1.6560985939319737,7,9,0.438,319,433,-114,0.667,0.5
547,miami-dolphins,2018,inactive,68,46753518.0,121,170259550.0,0.5619834710743802,0.2746014423273173,687551.7352941176,1407103.7190082644,0.48862903708243227,7,9,0.438,319,433,-114,0.667,0.5
548,miami-dolphins,2019,active,54,60872168.0,149,175757955.0,0.3624161073825503,0.3463408981971826,1127262.3703703703,1179583.5906040268,0.9556443302107446,5,11,0.313,306,494,-188,0.333,0.333
549,miami-dolphins,2019,inactive,95,114885787.0,149,175757955.0,0.6375838926174496,0.6536591018028174,1209324.0736842104,1179583.5906040268,1.0252126965117871,5,11,0.313,306,494,-188,0.333,0.333
550,miami-dolphins,2020,active,53,156504710.0,130,202755153.0,0.4076923076923077,0.7718901723794906,2952919.0566037735,1559655.023076923,1.8933155171572411,10,6,0.625,404,338,66,0.5,0.583
551,miami-dolphins,2020,inactive,77,46250443.0,130,202755153.0,0.5923076923076923,0.22810982762050935,600655.1038961039,1559655.023076923,0.38512048819047034,10,6,0.625,404,338,66,0.5,0.583
552,miami-dolphins,2021,active,55,149454584.0,142,195163942.0,0.3873239436619718,0.7657899428983659,2717356.0727272728,1374393.957746479,1.9771303980285082,9,8,0.529,341,373,-32,0.667,0.5
553,miami-dolphins,2021,inactive,87,45709358.0,142,195163942.0,0.6126760563380281,0.23421005710163406,525394.9195402298,1374393.957746479,0.3822738863038165,9,8,0.529,341,373,-32,0.667,0.5
554,miami-dolphins,2022,active,53,149787507.0,142,208559442.0,0.3732394366197183,0.7182005550245,2826179.3773584906,1468728.4647887324,1.9242354493109244,9,8,0.529,397,399,-2,0.5,0.583
555,miami-dolphins,2022,inactive,89,58771935.0,142,208559442.0,0.6267605633802817,0.2817994449755001,660358.8202247191,1468728.4647887324,0.4496125976013597,9,8,0.529,397,399,-2,0.5,0.583
556,miami-dolphins,2023,active,53,172821528.0,146,223975605.0,0.363013698630137,0.7716087115826744,3260783.547169811,1534079.48630137,2.125563620586235,11,6,0.647,496,391,105,0.667,0.583
557,miami-dolphins,2023,inactive,93,51154077.0,146,223975605.0,0.636986301369863,0.22839128841732562,550043.8387096775,1534079.48630137,0.3585497646121456,11,6,0.647,496,391,105,0.667,0.583
558,miami-dolphins,2024,active,53,138344211.0,162,238318281.0,0.3271604938271605,0.5805018835294469,2610268.132075472,1471100.5,1.774364247769253,8,9,0.471,345,364,-19,0.5,0.5
559,miami-dolphins,2024,inactive,109,99974070.0,162,238318281.0,0.6728395061728395,0.4194981164705531,917193.3027522935,1471100.5,0.6234742648461431,8,9,0.471,345,364,-19,0.5,0.5
560,minnesota-vikings,2011,active,57,109353701.0,76,121653123.0,0.75,0.898897605777042,1918485.9824561405,1600698.9868421052,1.198530141036056,3,13,0.188,340,449,-109,0.0,0.25
561,minnesota-vikings,2011,inactive,19,12299422.0,76,121653123.0,0.25,0.10110239422295801,647338.0,1600698.9868421052,0.40440957689183205,3,13,0.188,340,449,-109,0.0,0.25
562,minnesota-vikings,2012,active,56,101179587.0,91,116194675.0,0.6153846153846154,0.8707764533959925,1806778.3392857143,1276864.5604395603,1.415011736768488,10,6,0.625,379,348,31,0.667,0.583
563,minnesota-vikings,2012,inactive,35,15015088.0,91,116194675.0,0.38461538461538464,0.12922354660400745,429002.5142857143,1276864.5604395603,0.33598122117041945,10,6,0.625,379,348,31,0.667,0.583
564,minnesota-vikings,2013,active,54,117391509.0,113,129239778.0,0.4778761061946903,0.9083233569157013,2173916.8333333335,1143714.8495575222,1.9007507283606342,5,10,0.344,391,480,-89,0.417,0.375
565,minnesota-vikings,2013,inactive,59,11848269.0,113,129239778.0,0.5221238938053098,0.09167664308429871,200818.11864406778,1143714.8495575222,0.1755840791275551,5,10,0.344,391,480,-89,0.417,0.375
566,minnesota-vikings,2014,active,54,88042001.0,141,130020129.0,0.3829787234042553,0.6771413140191547,1630407.4259259258,922128.5744680851,1.7680912088277927,7,9,0.438,325,343,-18,0.167,0.5
567,minnesota-vikings,2014,inactive,87,41978128.0,141,130020129.0,0.6170212765957447,0.32285868598084533,482507.2183908046,922128.5744680851,0.5232537324517148,7,9,0.438,325,343,-18,0.167,0.5
568,minnesota-vikings,2015,active,53,118160753.0,125,147022479.0,0.424,0.8036917470286976,2229448.169811321,1176179.832,1.89549940336957,11,5,0.688,365,302,63,0.833,0.667
569,minnesota-vikings,2015,inactive,72,28861726.0,125,147022479.0,0.576,0.19630825297130244,400857.30555555556,1176179.832,0.34081293918628897,11,5,0.688,365,302,63,0.833,0.667
570,minnesota-vikings,2016,active,53,119127210.0,120,157201886.0,0.44166666666666665,0.7577975877464982,2247683.2075471696,1310015.7166666666,1.7157681231996185,8,8,0.5,327,307,20,0.333,0.417
571,minnesota-vikings,2016,inactive,67,38074676.0,120,157201886.0,0.5583333333333333,0.24220241225350184,568278.7462686567,1310015.7166666666,0.43379536523015255,8,8,0.5,327,307,20,0.333,0.417
572,minnesota-vikings,2017,active,53,117742794.0,111,153553781.0,0.4774774774774775,0.7667853779517159,2221562.150943396,1383367.3963963964,1.6059089991064235,13,3,0.813,382,252,130,0.833,0.833
573,minnesota-vikings,2017,inactive,58,35810987.0,111,153553781.0,0.5225225225225225,0.23321462204828416,617430.8103448276,1383367.3963963964,0.4463245352993025,13,3,0.813,382,252,130,0.833,0.833
574,minnesota-vikings,2018,active,53,179040838.0,117,196608422.0,0.452991452991453,0.9106468389233092,3378129.0188679243,1680413.8632478632,2.010295851962777,8,7,0.531,360,341,19,0.583,0.542
575,minnesota-vikings,2018,inactive,64,17567584.0,117,196608422.0,0.5470085470085471,0.0893531610766908,274493.5,1680413.8632478632,0.16334874759332538,8,7,0.531,360,341,19,0.583,0.542
576,minnesota-vikings,2019,active,51,177166406.0,124,191016955.0,0.4112903225806452,0.9274904732933262,3473851.098039216,1540459.314516129,2.255074876242597,10,6,0.625,407,303,104,0.333,0.583
577,minnesota-vikings,2019,inactive,73,13850549.0,124,191016955.0,0.5887096774193549,0.07250952670667377,189733.54794520547,1540459.314516129,0.12316686728256913,10,6,0.625,407,303,104,0.333,0.583
578,minnesota-vikings,2020,active,52,112701789.0,153,195029407.0,0.33986928104575165,0.57787074643569,2167342.096153846,1274702.0065359478,1.7002735423973188,7,9,0.438,430,475,-45,0.667,0.417
579,minnesota-vikings,2020,inactive,101,82327618.0,153,195029407.0,0.6601307189542484,0.4221292535643099,815124.9306930694,1274702.0065359478,0.6394631266865289,7,9,0.438,430,475,-45,0.667,0.417
580,minnesota-vikings,2021,active,56,118144787.0,149,188620675.0,0.37583892617449666,0.6263618078983123,2109728.339285714,1265910.5704697988,1.6665698103008664,8,9,0.471,425,426,-1,0.667,0.5
581,minnesota-vikings,2021,inactive,93,70475888.0,149,188620675.0,0.6241610738255033,0.3736381921016877,757805.247311828,1265910.5704697988,0.5986246303564673,8,9,0.471,425,426,-1,0.667,0.5
582,minnesota-vikings,2022,active,54,162760165.0,137,208790359.0,0.39416058394160586,0.7795386998688,3014077.1296296297,1524017.218978102,1.9777185533708446,13,4,0.765,424,427,-3,0.667,0.667
583,minnesota-vikings,2022,inactive,83,46030194.0,137,208790359.0,0.6058394160583942,0.22046130013120002,554580.6506024096,1524017.218978102,0.3638939532286073,13,4,0.765,424,427,-3,0.667,0.667
584,minnesota-vikings,2023,active,52,122035441.0,157,212737877.0,0.33121019108280253,0.5736422809183153,2346835.403846154,1355018.3248407643,1.7319584250802982,7,10,0.412,344,362,-18,0.333,0.5
585,minnesota-vikings,2023,inactive,105,90702436.0,157,212737877.0,0.6687898089171974,0.42635771908168474,863832.7238095239,1355018.3248407643,0.6375063037697573,7,10,0.412,344,362,-18,0.333,0.5
586,minnesota-vikings,2024,active,52,164432512.0,159,252563267.0,0.3270440251572327,0.6510547394843448,3162163.6923076925,1588448.2201257863,1.9907250688079001,14,3,0.824,432,332,100,0.667,0.75
587,minnesota-vikings,2024,inactive,107,88130755.0,159,252563267.0,0.6729559748427673,0.3489452605156553,823651.9158878505,1588448.2201257863,0.5185261347849457,14,3,0.824,432,332,100,0.667,0.75
588,new-england-patriots,2011,active,64,100597539.0,104,107736457.0,0.6153846153846154,0.9337372120933957,1571836.546875,1035927.4711538461,1.517322969651768,13,3,0.813,513,342,171,0.833,0.833
589,new-england-patriots,2011,inactive,40,7138918.0,104,107736457.0,0.38461538461538464,0.06626278790660435,178472.95,1035927.4711538461,0.17228324855717134,13,3,0.813,513,342,171,0.833,0.833
590,new-england-patriots,2012,active,63,101700267.0,128,128041650.0,0.4921875,0.7942748863358133,1614289.9523809524,1000325.390625,1.6137648484283194,12,4,0.75,557,331,226,1.0,0.917
591,new-england-patriots,2012,inactive,65,26341383.0,128,128041650.0,0.5078125,0.2057251136641866,405252.04615384614,1000325.390625,0.40512022383101365,12,4,0.75,557,331,226,1.0,0.917
592,new-england-patriots,2013,active,53,84784241.0,132,124037085.0,0.4015151515151515,0.6835394511246374,1599702.6603773586,939674.8863636364,1.7024001424236255,12,4,0.75,444,338,106,0.667,0.75
593,new-england-patriots,2013,inactive,79,39252844.0,132,124037085.0,0.5984848484848485,0.31646054887536257,496871.4430379747,939674.8863636364,0.5287695247031374,12,4,0.75,444,338,106,0.667,0.75
594,new-england-patriots,2014,active,54,109964588.0,146,134321836.0,0.3698630136986301,0.8186650158653281,2036381.2592592593,920012.5753424658,2.213427635487739,12,4,0.75,468,313,155,0.667,0.75
595,new-england-patriots,2014,inactive,92,24357248.0,146,134321836.0,0.6301369863013698,0.1813349841346719,264752.6956521739,920012.5753424658,0.28777073569197925,12,4,0.75,468,313,155,0.667,0.75
596,new-england-patriots,2015,active,52,96415003.0,170,141316422.0,0.3058823529411765,0.6822632616611253,1854134.673076923,831273.0705882353,2.230476047738294,12,4,0.75,465,315,150,0.667,0.75
597,new-england-patriots,2015,inactive,118,44901419.0,170,141316422.0,0.6941176470588235,0.3177367383388747,380520.5,831273.0705882353,0.4577563179458365,12,4,0.75,465,315,150,0.667,0.75
598,new-england-patriots,2016,active,53,117616342.0,132,147674888.0,0.4015151515151515,0.7964545874583633,2219176.2641509436,1118749.1515151516,1.983622746122716,14,2,0.875,441,250,191,0.833,0.917
599,new-england-patriots,2016,inactive,79,30058546.0,132,147674888.0,0.5984848484848485,0.20354541254163674,380487.9240506329,1118749.1515151516,0.3401011956391905,14,2,0.875,441,250,191,0.833,0.917
600,new-england-patriots,2017,active,52,129468455.0,133,163713427.0,0.39097744360902253,0.7908236811877379,2489777.980769231,1230928.022556391,2.0226836461147912,13,3,0.813,458,296,162,0.833,0.833
601,new-england-patriots,2017,inactive,81,34244972.0,133,163713427.0,0.6090225563909775,0.20917631881226212,422777.43209876545,1230928.022556391,0.3434623506423563,13,3,0.813,458,296,162,0.833,0.833
602,new-england-patriots,2018,active,52,155807993.0,131,175832665.0,0.3969465648854962,0.8861151766083964,2996307.5576923075,1342234.0839694657,2.232328617994229,11,5,0.688,436,325,111,0.833,0.667
603,new-england-patriots,2018,inactive,79,20024672.0,131,175832665.0,0.6030534351145038,0.1138848233916036,253476.86075949366,1342234.0839694657,0.18884698562405153,11,5,0.688,436,325,111,0.833,0.667
604,new-england-patriots,2019,active,53,156633955.0,139,194988547.0,0.381294964028777,0.8032982316648577,2955357.6415094337,1402795.3021582733,2.106763286819155,12,4,0.75,420,225,195,0.833,0.667
605,new-england-patriots,2019,inactive,86,38354592.0,139,194988547.0,0.6187050359712231,0.19670176833514227,445983.62790697673,1402795.3021582733,0.3179249511463346,12,4,0.75,420,225,195,0.833,0.667
606,new-england-patriots,2020,active,53,103996819.0,171,186649624.0,0.30994152046783624,0.5571766863028881,1962204.1320754718,1091518.2690058479,1.797683270901771,7,9,0.438,326,353,-27,0.5,0.5
607,new-england-patriots,2020,inactive,118,82652805.0,171,186649624.0,0.6900584795321637,0.442823313697112,700447.5,1091518.2690058479,0.6417185308661538,7,9,0.438,326,353,-27,0.5,0.5
608,new-england-patriots,2021,active,59,147576468.0,149,200573159.0,0.3959731543624161,0.7357737632282094,2501296.0677966103,1346128.5838926174,1.8581405206949697,10,7,0.588,462,303,159,0.5,0.667
609,new-england-patriots,2021,inactive,90,52996691.0,149,200573159.0,0.6040268456375839,0.2642262367717906,588852.1222222223,1346128.5838926174,0.43744121421107557,10,7,0.588,462,303,159,0.5,0.667
610,new-england-patriots,2022,active,53,161125235.0,140,208004554.0,0.37857142857142856,0.7746235930969089,3040098.7735849055,1485746.8142857142,2.046175528935231,8,9,0.471,364,347,17,0.5,0.5
611,new-england-patriots,2022,inactive,87,46879319.0,140,208004554.0,0.6214285714285714,0.22537640690309116,538842.7471264368,1485746.8142857142,0.36267467777508927,8,9,0.471,364,347,17,0.5,0.5
612,new-england-patriots,2023,active,53,122696951.0,145,221851422.0,0.36551724137931035,0.5530591144914996,2315036.8113207547,1530009.8068965517,1.5130862566276877,4,13,0.235,236,366,-130,0.333,0.333
613,new-england-patriots,2023,inactive,92,99154471.0,145,221851422.0,0.6344827586206897,0.44694088550850036,1077765.9891304348,1530009.8068965517,0.7044176999862234,4,13,0.235,236,366,-130,0.333,0.333
614,new-england-patriots,2024,active,53,130015616.0,165,229613939.0,0.3212121212121212,0.5662357283980046,2453124.830188679,1391599.6303030304,1.7628093431258631,4,13,0.235,289,417,-128,0.333,0.25
615,new-england-patriots,2024,inactive,112,99598323.0,165,229613939.0,0.6787878787878788,0.4337642716019954,889270.7410714285,1391599.6303030304,0.639027721556511,4,13,0.235,289,417,-128,0.333,0.25
616,new-orleans-saints,2011,active,46,96762948.0,55,104654042.0,0.8363636363636363,0.9245982873743185,2103542.347826087,1902800.7636363637,1.1054979522953807,13,3,0.813,547,339,208,0.833,0.75
617,new-orleans-saints,2011,inactive,9,7891094.0,55,104654042.0,0.16363636363636364,0.07540171262568147,876788.2222222222,1902800.7636363637,0.46078824382360906,13,3,0.813,547,339,208,0.833,0.75
618,new-orleans-saints,2012,active,56,98362462.0,77,119384564.0,0.7272727272727273,0.8239127296222316,1756472.5357142857,1550448.8831168832,1.1328800032305684,7,9,0.438,461,454,7,0.5,0.417
619,new-orleans-saints,2012,inactive,21,21022102.0,77,119384564.0,0.2727272727272727,0.17608727037776845,1001052.4761904762,1550448.8831168832,0.6456533247184842,7,9,0.438,461,454,7,0.5,0.417
620,new-orleans-saints,2013,active,55,97150545.0,100,123794167.0,0.55,0.7847748189945007,1766373.5454545454,1237941.67,1.4268633072627288,11,5,0.688,414,304,110,0.833,0.75
621,new-orleans-saints,2013,inactive,45,26643622.0,100,123794167.0,0.45,0.21522518100549923,592080.4888888889,1237941.67,0.4782781800122205,11,5,0.688,414,304,110,0.833,0.75
622,new-orleans-saints,2014,active,54,101345281.0,137,131772234.0,0.39416058394160586,0.7690943526084562,1876764.462962963,961841.1240875912,1.951220857543676,7,9,0.438,401,424,-23,0.5,0.5
623,new-orleans-saints,2014,inactive,83,30426953.0,137,131772234.0,0.6058394160583942,0.23090564739154382,366589.7951807229,961841.1240875912,0.3811334179836326,7,9,0.438,401,424,-23,0.5,0.5
624,new-orleans-saints,2015,active,53,93560943.0,164,143214027.0,0.3231707317073171,0.6532945477470583,1765300.8113207547,873256.262195122,2.021515204349388,7,9,0.438,408,476,-68,0.5,0.417
625,new-orleans-saints,2015,inactive,111,49653084.0,164,143214027.0,0.676829268292683,0.3467054522529417,447325.08108108107,873256.262195122,0.5122494970223642,7,9,0.438,408,476,-68,0.5,0.417
626,new-orleans-saints,2016,active,53,86319212.0,137,146288954.0,0.38686131386861317,0.5900596705339762,1628664.3773584906,1067802.5839416059,1.5252485823236743,7,9,0.438,469,454,15,0.333,0.5
627,new-orleans-saints,2016,inactive,84,59969742.0,137,146288954.0,0.6131386861313869,0.4099403294660238,713925.5,1067802.5839416059,0.668593156391015,7,9,0.438,469,454,15,0.333,0.5
628,new-orleans-saints,2017,active,51,97762121.0,153,161717460.0,0.3333333333333333,0.6045242177313446,1916904.3333333333,1056976.862745098,1.8135726531940335,11,5,0.688,448,326,122,0.667,0.667
629,new-orleans-saints,2017,inactive,102,63955339.0,153,161717460.0,0.6666666666666666,0.3954757822686555,627013.1274509804,1056976.862745098,0.5932136734029831,11,5,0.688,448,326,122,0.667,0.667
630,new-orleans-saints,2018,active,51,138920060.0,139,176019524.0,0.3669064748201439,0.7892309719005944,2723922.745098039,1266327.510791367,2.151041276356522,13,3,0.813,504,353,151,0.667,0.75
631,new-orleans-saints,2018,inactive,88,37099464.0,139,176019524.0,0.6330935251798561,0.21076902809940562,421584.8181818182,1266327.510791367,0.3329192602933793,13,3,0.813,504,353,151,0.667,0.75
632,new-orleans-saints,2019,active,52,153202407.0,128,187888357.0,0.40625,0.8153906364724878,2946200.1346153845,1467877.7890625,2.0071154128553546,13,3,0.813,458,341,117,0.833,0.75
633,new-orleans-saints,2019,inactive,76,34685950.0,128,187888357.0,0.59375,0.18460936352751225,456394.0789473684,1467877.7890625,0.31092103330949433,13,3,0.813,458,341,117,0.833,0.75
634,new-orleans-saints,2020,active,53,161365733.0,137,194082268.0,0.38686131386861317,0.8314295513075929,3044636.4716981133,1416658.8905109488,2.1491669533800044,12,4,0.75,482,337,145,1.0,0.833
635,new-orleans-saints,2020,inactive,84,32716535.0,137,194082268.0,0.6131386861313869,0.1685704486924071,389482.5595238095,1416658.8905109488,0.2749303746530925,12,4,0.75,482,337,145,1.0,0.833
636,new-orleans-saints,2021,active,54,107680541.0,164,185310258.0,0.32926829268292684,0.5810824622563528,1994084.0925925926,1129940.5975609757,1.7647689594452194,9,8,0.529,364,335,29,0.667,0.583
637,new-orleans-saints,2021,inactive,110,77629717.0,164,185310258.0,0.6707317073170732,0.4189175377436472,705724.7,1129940.5975609757,0.6245679653632558,9,8,0.529,364,335,29,0.667,0.583
638,new-orleans-saints,2022,active,54,131357406.0,167,206828041.0,0.32335329341317365,0.63510443441274,2432544.5555555555,1238491.263473054,1.9641192693875478,7,10,0.412,330,345,-15,0.333,0.417
639,new-orleans-saints,2022,inactive,113,75470635.0,167,206828041.0,0.6766467065868264,0.36489556558726,667881.7256637168,1238491.263473054,0.539270437637809,7,10,0.412,330,345,-15,0.333,0.417
640,new-orleans-saints,2023,active,54,138027290.0,163,220525665.0,0.3312883435582822,0.6259012528088284,2556060.925925926,1352918.190184049,1.8892945223673894,9,8,0.529,402,327,75,0.667,0.5
641,new-orleans-saints,2023,inactive,109,82498375.0,163,220525665.0,0.6687116564417178,0.3740987471911716,756865.8256880734,1352918.190184049,0.5594320714877153,9,8,0.529,402,327,75,0.667,0.5
642,new-orleans-saints,2024,active,52,140889092.0,160,249878276.0,0.325,0.5638308950074555,2709405.6153846155,1561739.225,1.7348642923306323,5,12,0.294,338,398,-60,0.333,0.333
643,new-orleans-saints,2024,inactive,108,108989184.0,160,249878276.0,0.675,0.43616910499254447,1009159.1111111111,1561739.225,0.6461764518408065,5,12,0.294,338,398,-60,0.333,0.333
644,new-york-giants,2011,active,66,121242887.0,77,125792485.0,0.8571428571428571,0.9638325135241584,1837013.4393939395,1633668.6363636365,1.1244712657781848,9,7,0.563,394,400,-6,0.5,0.417
645,new-york-giants,2011,inactive,11,4549598.0,77,125792485.0,0.14285714285714285,0.03616748647584154,413599.8181818182,1633668.6363636365,0.25317240533089075,9,7,0.563,394,400,-6,0.5,0.417
646,new-york-giants,2012,active,55,115366005.0,84,125514604.0,0.6547619047619048,0.9191440782460661,2097563.727272727,1494221.4761904762,1.4037836831394461,9,7,0.563,429,344,85,0.5,0.667
647,new-york-giants,2012,inactive,29,10148599.0,84,125514604.0,0.34523809523809523,0.08085592175393391,349951.6896551724,1494221.4761904762,0.2342033595631189,9,7,0.563,429,344,85,0.5,0.667
648,new-york-giants,2013,active,55,94626902.0,119,129256255.0,0.46218487394957986,0.7320876038068719,1720489.1272727272,1086187.0168067226,1.5839713609639592,7,9,0.438,294,383,-89,0.5,0.5
649,new-york-giants,2013,inactive,64,34629353.0,119,129256255.0,0.5378151260504201,0.2679123961931281,541083.640625,1086187.0168067226,0.49814961167159766,7,9,0.438,294,383,-89,0.5,0.5
650,new-york-giants,2014,active,54,84943487.0,127,131935198.0,0.4251968503937008,0.6438273355984958,1573027.537037037,1038859.8267716535,1.5141865115001663,6,10,0.375,380,400,-20,0.333,0.333
651,new-york-giants,2014,inactive,73,46991711.0,127,131935198.0,0.5748031496062992,0.35617266440150414,643722.0684931506,1038859.8267716535,0.6196428545067264,6,10,0.375,380,400,-20,0.333,0.333
652,new-york-giants,2015,active,53,78694040.0,154,128321422.0,0.34415584415584416,0.613257231516652,1484793.2075471699,833255.987012987,1.7819172387464983,6,10,0.375,420,442,-22,0.333,0.333
653,new-york-giants,2015,inactive,101,49627382.0,154,128321422.0,0.6558441558441559,0.386742768483348,491360.21782178216,833255.987012987,0.5896869935290653,6,10,0.375,420,442,-22,0.333,0.333
654,new-york-giants,2016,active,53,127295586.0,124,154901229.0,0.4274193548387097,0.8217855133996387,2401803.5094339624,1249203.4596774194,1.922667993614249,11,5,0.688,310,284,26,0.667,0.667
655,new-york-giants,2016,inactive,71,27605643.0,124,154901229.0,0.5725806451612904,0.17821448660036132,388811.8732394366,1249203.4596774194,0.3112478357527437,11,5,0.688,310,284,26,0.667,0.667
656,new-york-giants,2017,active,54,104596283.0,141,167429914.0,0.3829787234042553,0.624716817330504,1936968.2037037036,1187446.1985815603,1.6312050230296493,3,13,0.188,246,388,-142,0.167,0.083
657,new-york-giants,2017,inactive,87,62833631.0,141,167429914.0,0.6170212765957447,0.37528318266949595,722225.643678161,1187446.1985815603,0.6082175719126315,3,13,0.188,246,388,-142,0.167,0.083
658,new-york-giants,2018,active,53,117538663.0,125,170980782.0,0.424,0.6874378607064741,2217710.6226415094,1367846.256,1.621315709213382,5,11,0.313,369,412,-43,0.167,0.333
659,new-york-giants,2018,inactive,72,53442119.0,125,170980782.0,0.576,0.312562139293526,742251.6527777778,1367846.256,0.5426426029401492,5,11,0.313,369,412,-43,0.167,0.333
660,new-york-giants,2019,active,53,125098384.0,150,194612924.0,0.35333333333333333,0.6428061478589161,2360346.867924528,1297419.4933333334,1.8192626826195737,4,12,0.25,341,451,-110,0.333,0.25
661,new-york-giants,2019,inactive,97,69514540.0,150,194612924.0,0.6466666666666666,0.3571938521410839,716644.7422680412,1297419.4933333334,0.5523616270222946,4,12,0.25,341,451,-110,0.333,0.25
662,new-york-giants,2020,active,53,149574151.0,170,192619204.0,0.31176470588235294,0.7765277183888685,2822153.7924528304,1133054.1411764706,2.4907492853982576,6,10,0.375,280,357,-77,0.667,0.417
663,new-york-giants,2020,inactive,117,43045053.0,170,192619204.0,0.6882352941176471,0.22347228161113156,367906.4358974359,1133054.1411764706,0.3247033151614732,6,10,0.375,280,357,-77,0.667,0.417
664,new-york-giants,2021,active,49,121896505.0,169,182521051.0,0.28994082840236685,0.6678490197823812,2487683.775510204,1080006.2189349113,2.3033976396576,4,13,0.235,258,416,-158,0.167,0.25
665,new-york-giants,2021,inactive,120,60624546.0,169,182521051.0,0.7100591715976331,0.33215098021761885,505204.55,1080006.2189349113,0.46777929713981314,4,13,0.235,258,416,-158,0.167,0.25
666,new-york-giants,2022,active,53,133245725.0,175,203667109.0,0.3028571428571429,0.6542329080735368,2514070.283018868,1163812.0514285713,2.160202998356018,9,7,0.559,365,371,-6,0.25,0.375
667,new-york-giants,2022,inactive,122,70421384.0,175,203667109.0,0.6971428571428572,0.3457670919264632,577224.4590163934,1163812.0514285713,0.49597738596009067,9,7,0.559,365,371,-6,0.25,0.375
668,new-york-giants,2023,active,53,129927472.0,154,223438031.0,0.34415584415584416,0.5814921990607768,2451461.7358490564,1450896.3051948051,1.689618842553955,6,11,0.353,266,407,-141,0.5,0.417
669,new-york-giants,2023,inactive,101,93510559.0,154,223438031.0,0.6558441558441559,0.4185078009392233,925847.1188118812,1450896.3051948051,0.6381208053924791,6,11,0.353,266,407,-141,0.5,0.417
670,new-york-giants,2024,active,52,115949374.0,184,257824944.0,0.2826086956521739,0.44972131943913074,2229795.653846154,1401222.5217391304,1.5913215918615398,3,14,0.176,273,415,-142,0.0,0.083
671,new-york-giants,2024,inactive,132,141875570.0,184,257824944.0,0.717391304347826,0.5502786805608693,1074814.9242424243,1401222.5217391304,0.7670551304787875,3,14,0.176,273,415,-142,0.0,0.083
672,new-york-jets,2011,active,70,113337718.0,79,122963441.0,0.8860759493670886,0.9217188221009528,1619110.2571428572,1556499.253164557,1.0402255277996466,8,8,0.5,377,363,14,0.5,0.5
673,new-york-jets,2011,inactive,9,9625723.0,79,122963441.0,0.11392405063291139,0.07828117789904725,1069524.7777777778,1556499.253164557,0.6871347837805257,8,8,0.5,377,363,14,0.5,0.5
674,new-york-jets,2012,active,65,103682583.0,117,133985885.0,0.5555555555555556,0.7738321316458073,1595116.6615384615,1145178.5042735043,1.3928978369624532,6,10,0.375,281,375,-94,0.333,0.333
675,new-york-jets,2012,inactive,52,30303302.0,117,133985885.0,0.4444444444444444,0.22616786835419267,582755.8076923077,1145178.5042735043,0.5088777037969336,6,10,0.375,281,375,-94,0.333,0.333
676,new-york-jets,2013,active,54,80633014.0,119,122960176.0,0.453781512605042,0.6557652780197712,1493203.962962963,1033278.7899159663,1.4451123719324588,8,8,0.5,290,387,-97,0.5,0.417
677,new-york-jets,2013,inactive,65,42327162.0,119,122960176.0,0.5462184873949579,0.3442347219802288,651187.1076923077,1033278.7899159663,0.6302143371638035,8,8,0.5,290,387,-97,0.5,0.417
678,new-york-jets,2014,active,53,93006628.0,119,118345094.0,0.44537815126050423,0.7858933974905626,1754842.0377358492,994496.5882352941,1.7645531000259804,4,12,0.25,283,401,-118,0.167,0.333
679,new-york-jets,2014,inactive,66,25338466.0,119,118345094.0,0.5546218487394958,0.21410660250943736,383916.1515151515,994496.5882352941,0.38604069240337946,4,12,0.25,283,401,-118,0.167,0.333
680,new-york-jets,2015,active,53,135479685.0,134,153010332.0,0.39552238805970147,0.8854283447996179,2556220.4716981133,1141868.1492537314,2.2386301547763923,10,6,0.625,387,314,73,0.5,0.583
681,new-york-jets,2015,inactive,81,17530647.0,134,153010332.0,0.6044776119402985,0.11457165520038215,216427.74074074073,1141868.1492537314,0.18953829378828652,10,6,0.625,387,314,73,0.5,0.583
682,new-york-jets,2016,active,54,97375558.0,156,158083299.0,0.34615384615384615,0.6159762518620009,1803251.0740740742,1013354.4807692308,1.7794869498235584,5,11,0.313,275,409,-134,0.333,0.333
683,new-york-jets,2016,inactive,102,60707741.0,156,158083299.0,0.6538461538461539,0.38402374813799905,595173.931372549,1013354.4807692308,0.5873304383287045,5,11,0.313,275,409,-134,0.333,0.333
684,new-york-jets,2017,active,53,98416921.0,138,144902320.0,0.38405797101449274,0.6791949293841534,1856923.0377358492,1050016.8115942029,1.768469816132324,5,11,0.313,298,382,-84,0.333,0.417
685,new-york-jets,2017,inactive,85,46485399.0,138,144902320.0,0.6159420289855072,0.32080507061584657,546887.0470588235,1050016.8115942029,0.5208364675880803,5,11,0.313,298,382,-84,0.333,0.417
686,new-york-jets,2018,active,52,109047126.0,123,176796047.0,0.42276422764227645,0.6167961775751695,2097060.1153846155,1437366.2357723578,1.4589601892643431,4,12,0.25,333,441,-108,0.167,0.25
687,new-york-jets,2018,inactive,71,67748921.0,123,176796047.0,0.5772357723577236,0.3832038224248306,954210.1549295775,1437366.2357723578,0.6638601430740022,4,12,0.25,333,441,-108,0.167,0.25
688,new-york-jets,2019,active,53,96678757.0,138,188464903.0,0.38405797101449274,0.5129801648002333,1824127.4905660378,1365687.7028985508,1.3356842026874,7,9,0.438,276,359,-83,0.333,0.333
689,new-york-jets,2019,inactive,85,91786146.0,138,188464903.0,0.6159420289855072,0.4870198351997666,1079837.0117647059,1365687.7028985508,0.7906910265596211,7,9,0.438,276,359,-83,0.333,0.333
690,new-york-jets,2020,active,53,86529089.0,149,182498749.0,0.35570469798657717,0.47413524462022477,1632624.3207547169,1224823.8187919464,1.3329462537436505,2,14,0.125,243,457,-214,0.0,0.083
691,new-york-jets,2020,inactive,96,95969660.0,149,182498749.0,0.6442953020134228,0.5258647553797753,999683.9583333334,1224823.8187919464,0.8161859224123594,2,14,0.125,243,457,-214,0.0,0.083
692,new-york-jets,2021,active,55,88174985.0,156,205736640.0,0.3525641025641026,0.42858182674704903,1603181.5454545454,1318824.6153846155,1.21561390859163,4,13,0.235,310,504,-194,0.0,0.333
693,new-york-jets,2021,inactive,101,117561655.0,156,205736640.0,0.6474358974358975,0.571418173252951,1163976.7821782178,1318824.6153846155,0.8825864854203994,4,13,0.235,310,504,-194,0.0,0.333
694,new-york-jets,2022,active,54,153295451.0,147,202470545.0,0.3673469387755102,0.7571247017683486,2838804.6481481483,1377350.6462585034,2.0610616881471713,7,10,0.412,296,316,-20,0.333,0.417
695,new-york-jets,2022,inactive,93,49175094.0,147,202470545.0,0.6326530612244898,0.24287529823165144,528764.4516129033,1377350.6462585034,0.3838996649468039,7,10,0.412,296,316,-20,0.333,0.417
696,new-york-jets,2023,active,54,143977333.0,173,222545781.0,0.31213872832369943,0.6469560211523399,2666246.907407407,1286391.7976878614,2.0726554010991625,7,10,0.412,268,355,-87,0.333,0.333
697,new-york-jets,2023,inactive,119,78568448.0,173,222545781.0,0.6878612716763006,0.3530439788476601,660239.0588235294,1286391.7976878614,0.5132488095852538,7,10,0.412,268,355,-87,0.333,0.333
698,new-york-jets,2024,active,53,156802254.0,189,258488437.0,0.2804232804232804,0.606612256315357,2958533.0943396227,1367663.6878306877,2.1632021970491033,5,12,0.294,338,404,-66,0.333,0.417
699,new-york-jets,2024,inactive,136,101686183.0,189,258488437.0,0.7195767195767195,0.393387743684643,747692.5220588235,1367663.6878306877,0.5466932614440996,5,12,0.294,338,404,-66,0.333,0.417
700,philadelphia-eagles,2011,active,63,119608063.0,86,126846795.0,0.7325581395348837,0.9429332684361477,1898540.6825396826,1474962.7325581396,1.287178747389027,8,8,0.5,396,328,68,0.833,0.5
701,philadelphia-eagles,2011,inactive,23,7238732.0,86,126846795.0,0.26744186046511625,0.05706673156385229,314727.47826086957,1474962.7325581396,0.2133799528039694,8,8,0.5,396,328,68,0.833,0.5
702,philadelphia-eagles,2012,active,59,89390050.0,103,117945266.0,0.5728155339805825,0.7578943439747722,1515085.593220339,1145099.6699029126,1.3231036852440938,4,12,0.25,280,444,-164,0.167,0.167
703,philadelphia-eagles,2012,inactive,44,28555216.0,103,117945266.0,0.42718446601941745,0.24210565602522785,648982.1818181818,1145099.6699029126,0.5667473311499651,4,12,0.25,280,444,-164,0.167,0.167
704,philadelphia-eagles,2013,active,53,108049086.0,111,126997784.0,0.4774774774774775,0.8507950500931575,2038662.0,1144124.1801801801,1.7818537841573678,10,6,0.625,442,382,60,0.667,0.75
705,philadelphia-eagles,2013,inactive,58,18948698.0,111,126997784.0,0.5225225225225225,0.14920494990684247,326701.6896551724,1144124.1801801801,0.2855474041320606,10,6,0.625,442,382,60,0.667,0.75
706,philadelphia-eagles,2014,active,53,116673474.0,120,134781802.0,0.44166666666666665,0.8656470849083914,2201386.3018867923,1123181.6833333333,1.9599556639435276,10,6,0.625,474,400,74,0.667,0.5
707,philadelphia-eagles,2014,inactive,67,18108328.0,120,134781802.0,0.5583333333333333,0.13435291509160857,270273.552238806,1123181.6833333333,0.24063208673123926,10,6,0.625,474,400,74,0.667,0.5
708,philadelphia-eagles,2015,active,53,123889910.0,139,150325196.0,0.381294964028777,0.8241460067678874,2337545.4716981133,1081476.2302158272,2.161439527183705,7,9,0.438,377,430,-53,0.5,0.333
709,philadelphia-eagles,2015,inactive,86,26435286.0,139,150325196.0,0.6187050359712231,0.1758539932321126,307387.0465116279,1081476.2302158272,0.284229128596089,7,9,0.438,377,430,-53,0.5,0.333
710,philadelphia-eagles,2016,active,52,119020957.0,142,151957894.0,0.36619718309859156,0.783249582282313,2288864.5576923075,1070126.014084507,2.138873859309393,7,9,0.438,367,331,36,0.333,0.417
711,philadelphia-eagles,2016,inactive,90,32936937.0,142,151957894.0,0.6338028169014085,0.21675041771768697,365965.9666666667,1070126.014084507,0.3419839923990173,7,9,0.438,367,331,36,0.333,0.417
712,philadelphia-eagles,2017,active,53,130626348.0,135,172566936.0,0.3925925925925926,0.756960464315134,2464648.0754716983,1278273.6,1.9281068430668507,13,3,0.813,457,295,162,0.833,0.833
713,philadelphia-eagles,2017,inactive,82,41940588.0,135,172566936.0,0.6074074074074074,0.24303953568486608,511470.5853658537,1278273.6,0.4001260648470356,13,3,0.813,457,295,162,0.833,0.833
714,philadelphia-eagles,2018,active,53,136119127.0,142,171556674.0,0.3732394366197183,0.7934353343781892,2568285.4150943398,1208145.5915492957,2.125807877013262,9,7,0.563,367,348,19,0.667,0.5
715,philadelphia-eagles,2018,inactive,89,35437547.0,142,171556674.0,0.6267605633802817,0.20656466562181078,398174.6853932584,1208145.5915492957,0.3295750844752487,9,7,0.563,367,348,19,0.667,0.5
716,philadelphia-eagles,2019,active,52,118556337.0,138,170362399.0,0.37681159420289856,0.6959067123726052,2279929.5576923075,1234510.1376811594,1.8468293520657597,9,7,0.563,385,354,31,0.833,0.583
717,philadelphia-eagles,2019,inactive,86,51806062.0,138,170362399.0,0.6231884057971014,0.30409328762739485,602396.0697674418,1234510.1376811594,0.48796364758814514,9,7,0.563,385,354,31,0.833,0.583
718,philadelphia-eagles,2020,active,52,140155537.0,152,200593459.0,0.34210526315789475,0.6987044228595709,2695298.7884615385,1319693.8092105263,2.0423667745125917,4,11,0.281,334,418,-84,0.333,0.333
719,philadelphia-eagles,2020,inactive,100,60437922.0,152,200593459.0,0.6578947368421053,0.3012955771404291,604379.22,1319693.8092105263,0.4579692772534522,4,11,0.281,334,418,-84,0.333,0.333
720,philadelphia-eagles,2021,active,62,101610988.0,146,189181452.0,0.4246575342465753,0.537108616758053,1638886.9032258065,1295763.3698630137,1.2648041620431572,9,8,0.529,444,385,59,0.5,0.583
721,philadelphia-eagles,2021,inactive,84,87570464.0,146,189181452.0,0.5753424657534246,0.462891383241947,1042505.5238095238,1295763.3698630137,0.8045493089681459,9,8,0.529,444,385,59,0.5,0.583
722,philadelphia-eagles,2022,active,53,145718346.0,146,219445581.0,0.363013698630137,0.6640295299452852,2749402.754716981,1503051.9246575343,1.829213422113427,14,3,0.824,477,344,133,0.667,0.75
723,philadelphia-eagles,2022,inactive,93,73727235.0,146,219445581.0,0.636986301369863,0.33597047005471486,792765.9677419355,1503051.9246575343,0.5274375121289071,14,3,0.824,477,344,133,0.667,0.75
724,philadelphia-eagles,2023,active,53,160037713.0,161,232187112.0,0.32919254658385094,0.6892618269010555,3019579.4905660376,1442155.9751552795,2.093795360963584,11,6,0.647,433,428,5,0.667,0.583
725,philadelphia-eagles,2023,inactive,108,72149399.0,161,232187112.0,0.6708074534161491,0.3107381730989444,668049.9907407408,1442155.9751552795,0.463230054341945,11,6,0.647,433,428,5,0.667,0.583
726,philadelphia-eagles,2024,active,53,168537098.0,167,250868454.0,0.31736526946107785,0.6718146315837702,3179945.245283019,1502206.3113772455,2.1168498768771626,14,3,0.824,463,303,160,0.833,0.75
727,philadelphia-eagles,2024,inactive,114,82331356.0,167,250868454.0,0.6826347305389222,0.3281853684162298,722204.8771929825,1502206.3113772455,0.48076277653956473,14,3,0.824,463,303,160,0.833,0.75
728,pittsburgh-steelers,2011,active,69,112245403.0,92,124320023.0,0.75,0.9028746962184845,1626744.9710144927,1351304.597826087,1.2038329282913125,12,4,0.75,325,227,98,0.667,0.75
729,pittsburgh-steelers,2011,inactive,23,12074620.0,92,124320023.0,0.25,0.09712530378151554,524983.4782608695,1351304.597826087,0.38850121512606217,12,4,0.75,325,227,98,0.667,0.75
730,pittsburgh-steelers,2012,active,56,93010135.0,115,125059129.0,0.48695652173913045,0.7437292722548867,1660895.267857143,1087470.6869565218,1.5273011840948567,8,8,0.5,336,314,22,0.5,0.417
731,pittsburgh-steelers,2012,inactive,59,32048994.0,115,125059129.0,0.5130434782608696,0.2562707277451133,543203.2881355932,1087470.6869565218,0.49951074052013594,8,8,0.5,336,314,22,0.5,0.417
732,pittsburgh-steelers,2013,active,54,96309954.0,119,125459344.0,0.453781512605042,0.7676586767423238,1783517.6666666667,1054280.2016806724,1.691692269117343,8,8,0.5,379,370,9,0.667,0.5
733,pittsburgh-steelers,2013,inactive,65,29149390.0,119,125459344.0,0.5462184873949579,0.2323413232576762,448452.1538461539,1054280.2016806724,0.425363345656361,8,8,0.5,379,370,9,0.667,0.5
734,pittsburgh-steelers,2014,active,53,113996593.0,116,131947647.0,0.45689655172413796,0.8639532086540354,2150879.113207547,1137479.7155172413,1.8909164566767567,11,5,0.688,436,368,68,0.667,0.75
735,pittsburgh-steelers,2014,inactive,63,17951054.0,116,131947647.0,0.5431034482758621,0.13604679134596467,284937.3650793651,1137479.7155172413,0.2504988539068556,11,5,0.688,436,368,68,0.667,0.75
736,pittsburgh-steelers,2015,active,53,95331909.0,131,138860441.0,0.40458015267175573,0.6865303632443455,1798715.2641509434,1060003.3664122138,1.6968958034907407,10,6,0.625,423,319,104,0.5,0.583
737,pittsburgh-steelers,2015,inactive,78,43528532.0,131,138860441.0,0.5954198473282443,0.31346963675565453,558058.1025641026,1060003.3664122138,0.526468236089625,10,6,0.625,423,319,104,0.5,0.583
738,pittsburgh-steelers,2016,active,53,120047251.0,127,151419973.0,0.41732283464566927,0.7928098824849216,2265042.4716981133,1192283.251968504,1.8997519825582083,11,5,0.688,399,327,72,0.833,0.75
739,pittsburgh-steelers,2016,inactive,74,31372722.0,127,151419973.0,0.5826771653543307,0.2071901175150784,423955.7027027027,1192283.251968504,0.35558303951912107,11,5,0.688,399,327,72,0.833,0.75
740,pittsburgh-steelers,2017,active,53,145814413.0,101,163380183.0,0.5247524752475248,0.8924853083314273,2751215.3396226414,1617625.5742574257,1.7007738894617763,13,3,0.813,406,308,98,1.0,0.833
741,pittsburgh-steelers,2017,inactive,48,17565770.0,101,163380183.0,0.4752475247524752,0.1075146916685728,365953.5416666667,1617625.5742574257,0.2262288303859553,13,3,0.813,406,308,98,1.0,0.833
742,pittsburgh-steelers,2018,active,53,130326198.0,95,161685116.0,0.5578947368421052,0.8060494448975749,2458984.867924528,1701948.5894736843,1.4448056087786718,9,6,0.594,428,360,68,0.75,0.542
743,pittsburgh-steelers,2018,inactive,42,31358918.0,95,161685116.0,0.4421052631578947,0.19395055510242515,746640.9047619047,1701948.5894736843,0.4386976841602473,9,6,0.594,428,360,68,0.75,0.542
744,pittsburgh-steelers,2019,active,53,129754417.0,132,206404929.0,0.4015151515151515,0.6286401086865517,2448196.547169811,1563673.7045454546,1.5656697046532986,8,8,0.5,289,303,-14,0.5,0.5
745,pittsburgh-steelers,2019,inactive,79,76650512.0,132,206404929.0,0.5984848484848485,0.3713598913134482,970259.6455696203,1563673.7045454546,0.6205000715617109,8,8,0.5,289,303,-14,0.5,0.5
746,pittsburgh-steelers,2020,active,54,146851577.0,134,194669953.0,0.40298507462686567,0.7543618043612513,2719473.6481481483,1452760.843283582,1.8719348478594018,12,4,0.75,416,312,104,0.667,0.75
747,pittsburgh-steelers,2020,inactive,80,47818376.0,134,194669953.0,0.5970149253731343,0.2456381956387486,597729.7,1452760.843283582,0.41144397769490393,12,4,0.75,416,312,104,0.667,0.75
748,pittsburgh-steelers,2021,active,53,124164123.0,146,175907130.0,0.363013698630137,0.7058504280070967,2342719.3018867923,1204843.3561643835,1.9444181601704928,9,7,0.559,343,398,-55,0.667,0.583
749,pittsburgh-steelers,2021,inactive,93,51743007.0,146,175907130.0,0.636986301369863,0.2941495719929033,556376.4193548387,1204843.3561643835,0.4617831990426224,9,7,0.559,343,398,-55,0.667,0.583
750,pittsburgh-steelers,2022,active,53,158603136.0,144,210658592.0,0.3680555555555556,0.7528918450190724,2992512.0,1462906.888888889,2.04559293741031,9,8,0.529,308,346,-38,0.5,0.417
751,pittsburgh-steelers,2022,inactive,91,52055456.0,144,210658592.0,0.6319444444444444,0.2471081549809276,572037.978021978,1462906.888888889,0.39102828920058874,9,8,0.529,308,346,-38,0.5,0.417
752,pittsburgh-steelers,2023,active,54,194442075.0,150,226300540.0,0.36,0.8592205524564811,3600779.1666666665,1508670.2666666666,2.3867237568235584,10,7,0.588,304,324,-20,0.833,0.583
753,pittsburgh-steelers,2023,inactive,96,31858465.0,150,226300540.0,0.64,0.1407794475435189,331859.0104166667,1508670.2666666666,0.2199678867867483,10,7,0.588,304,324,-20,0.833,0.583
754,pittsburgh-steelers,2024,active,51,182613866.0,148,247812491.0,0.34459459459459457,0.7369033952368447,3580664.0392156863,1674408.722972973,2.1384647548049607,10,7,0.588,380,347,33,0.5,0.583
755,pittsburgh-steelers,2024,inactive,97,65198625.0,148,247812491.0,0.6554054054054054,0.2630966047631554,672150.7731958763,1674408.722972973,0.40142574747368037,10,7,0.588,380,347,33,0.5,0.583
756,san-francisco-49ers,2011,active,65,108064664.0,86,114310558.0,0.7558139534883721,0.9453603052134519,1662533.2923076923,1329192.534883721,1.2507844038208749,13,3,0.813,380,229,151,0.833,0.833
757,san-francisco-49ers,2011,inactive,21,6245894.0,86,114310558.0,0.2441860465116279,0.054639694786548065,297423.5238095238,1329192.534883721,0.22376255960205393,13,3,0.813,380,229,151,0.833,0.833
758,san-francisco-49ers,2012,active,57,130707457.0,100,138616842.0,0.57,0.9429406637326221,2293113.2807017546,1386168.42,1.6542818661975829,11,4,0.719,397,273,124,0.583,0.625
759,san-francisco-49ers,2012,inactive,43,7909385.0,100,138616842.0,0.43,0.057059336267377955,183939.18604651163,1386168.42,0.13269613085436735,11,4,0.719,397,273,124,0.583,0.625
760,san-francisco-49ers,2013,active,51,108616465.0,115,122183675.0,0.4434782608695652,0.8889605342121196,2129734.6078431373,1062466.7391304348,2.0045188516547796,12,4,0.75,406,272,134,0.833,0.75
761,san-francisco-49ers,2013,inactive,64,13567210.0,115,122183675.0,0.5565217391304348,0.11103946578788042,211987.65625,1062466.7391304348,0.1995240400875976,12,4,0.75,406,272,134,0.833,0.75
762,san-francisco-49ers,2014,active,54,98126936.0,133,131507823.0,0.40601503759398494,0.7461680511584471,1817165.4814814816,988780.6240601504,1.8377842741495085,8,8,0.5,306,340,-34,0.333,0.583
763,san-francisco-49ers,2014,inactive,79,33380887.0,133,131507823.0,0.5939849624060151,0.25383194884155297,422542.87341772154,988780.6240601504,0.4273373315940069,8,8,0.5,306,340,-34,0.333,0.583
764,san-francisco-49ers,2015,active,52,74501722.0,128,136740459.0,0.40625,0.544840367985016,1432725.423076923,1068284.8359375,1.3411455211938856,5,11,0.313,238,387,-149,0.167,0.333
765,san-francisco-49ers,2015,inactive,76,62238737.0,128,136740459.0,0.59375,0.45515963201498394,818930.75,1068284.8359375,0.7665846433936572,5,11,0.313,238,387,-149,0.167,0.333
766,san-francisco-49ers,2016,active,53,84921427.0,139,134002183.0,0.381294964028777,0.6337316683863277,1602291.075471698,964044.4820143885,1.6620509793528215,2,14,0.125,309,480,-171,0.333,0.167
767,san-francisco-49ers,2016,inactive,86,49080756.0,139,134002183.0,0.6187050359712231,0.3662683316136723,570706.4651162791,964044.4820143885,0.5919918383058191,2,14,0.125,309,480,-171,0.333,0.167
768,san-francisco-49ers,2017,active,53,78589073.0,147,145364821.0,0.36054421768707484,0.5406333696101067,1482812.6981132075,988876.3333333334,1.4994925534468995,6,10,0.375,331,383,-52,0.167,0.25
769,san-francisco-49ers,2017,inactive,94,66775748.0,147,145364821.0,0.6394557823129252,0.4593666303898933,710380.2978723404,988876.3333333334,0.7183712198650459,6,10,0.375,331,383,-52,0.167,0.25
770,san-francisco-49ers,2018,active,54,99114405.0,138,199312951.0,0.391304347826087,0.4972803046802513,1835451.9444444445,1444296.7463768115,1.2708274452939756,4,12,0.25,342,435,-93,0.167,0.167
771,san-francisco-49ers,2018,inactive,84,100198546.0,138,199312951.0,0.6086956521739131,0.5027196953197487,1192839.8333333333,1444296.7463768115,0.8258966423110157,4,12,0.25,342,435,-93,0.167,0.167
772,san-francisco-49ers,2019,active,53,166552577.0,127,220650341.0,0.41732283464566927,0.7548258309739028,3142501.452830189,1737404.2598425196,1.808733594975201,13,3,0.813,479,310,169,0.833,0.833
773,san-francisco-49ers,2019,inactive,74,54097764.0,127,220650341.0,0.5826771653543307,0.24517416902609726,731050.8648648649,1737404.2598425196,0.4207718846799237,13,3,0.813,479,310,169,0.833,0.833
774,san-francisco-49ers,2020,active,55,101109577.0,174,202659073.0,0.3160919540229885,0.4989146328523865,1838355.9454545456,1164707.316091954,1.5783844748420957,6,10,0.375,376,390,-14,0.5,0.333
775,san-francisco-49ers,2020,inactive,119,101549496.0,174,202659073.0,0.6839080459770115,0.5010853671476134,853357.1092436975,1164707.316091954,0.7326794444007122,6,10,0.375,376,390,-14,0.5,0.333
776,san-francisco-49ers,2021,active,55,138172427.0,154,195101014.0,0.35714285714285715,0.7082096815755146,2512225.9454545453,1266889.7012987013,1.9829871084114405,10,7,0.588,427,365,62,0.333,0.583
777,san-francisco-49ers,2021,inactive,99,56928587.0,154,195101014.0,0.6428571428571429,0.2917903184244855,575036.2323232323,1266889.7012987013,0.453896050882533,10,7,0.588,427,365,62,0.333,0.583
778,san-francisco-49ers,2022,active,52,161396139.0,139,205187457.0,0.37410071942446044,0.7865789720275153,3103771.903846154,1476168.7553956835,2.10258609830432,13,4,0.765,450,277,173,1.0,0.833
779,san-francisco-49ers,2022,inactive,87,43791318.0,139,205187457.0,0.6258992805755396,0.2134210279724847,503348.4827586207,1476168.7553956835,0.3409830217031652,13,4,0.765,450,277,173,1.0,0.833
780,san-francisco-49ers,2023,active,52,153107685.0,143,197705464.0,0.36363636363636365,0.7744231337986693,2944378.5576923075,1382555.6923076923,2.1296636179463406,12,5,0.706,491,298,193,0.833,0.833
781,san-francisco-49ers,2023,inactive,91,44597779.0,143,197705464.0,0.6363636363636364,0.2255768662013307,490085.4835164835,1382555.6923076923,0.3544779326020911,12,5,0.706,491,298,193,0.833,0.833
782,san-francisco-49ers,2024,active,53,138201567.0,172,245704249.0,0.3081395348837209,0.5624712131046623,2607576.7358490564,1428513.0755813953,1.825378276490602,6,11,0.353,389,436,-47,0.167,0.333
783,san-francisco-49ers,2024,inactive,119,107502682.0,172,245704249.0,0.6918604651162791,0.43752878689533775,903383.8823529412,1428513.0755813953,0.6323945491260344,6,11,0.353,389,436,-47,0.167,0.333
784,seattle-seahawks,2011,active,64,86281574.0,88,106649136.0,0.7272727272727273,0.8090227191338897,1348149.59375,1211922.0,1.1124062388090983,7,9,0.438,321,315,6,0.5,0.5
785,seattle-seahawks,2011,inactive,24,20367562.0,88,106649136.0,0.2727272727272727,0.19097728086611035,848648.4166666666,1211922.0,0.7002500298424046,7,9,0.438,321,315,6,0.5,0.5
786,seattle-seahawks,2012,active,56,92835125.0,80,126486060.0,0.7,0.7339553860717932,1657770.0892857143,1581075.75,1.048507694388276,11,5,0.688,412,245,167,0.5,0.667
787,seattle-seahawks,2012,inactive,24,33650935.0,80,126486060.0,0.3,0.2660446139282068,1402122.2916666667,1581075.75,0.8868153797606894,11,5,0.688,412,245,167,0.5,0.667
788,seattle-seahawks,2013,active,54,101503464.0,111,133725553.0,0.4864864864864865,0.7590431426370695,1879693.7777777778,1204734.7117117117,1.5602553487539763,13,3,0.813,417,231,186,0.667,0.833
789,seattle-seahawks,2013,inactive,57,32222089.0,111,133725553.0,0.5135135135135135,0.2409568573629305,565299.8070175438,1204734.7117117117,0.46923177486465406,13,3,0.813,417,231,186,0.667,0.833
790,seattle-seahawks,2014,active,54,96775515.0,139,130434083.0,0.38848920863309355,0.7419495945703087,1792139.1666666667,938374.6978417266,1.9098332156532023,12,4,0.75,394,254,140,0.833,0.833
791,seattle-seahawks,2014,inactive,85,33658568.0,139,130434083.0,0.6115107913669064,0.25805040542969127,395983.1529411765,938374.6978417266,0.42198831005561277,12,4,0.75,394,254,140,0.833,0.833
792,seattle-seahawks,2015,active,53,114840985.0,157,147364599.0,0.3375796178343949,0.7792983238803507,2166811.037735849,938628.0191082803,2.3084874877210386,10,6,0.625,423,277,146,0.5,0.583
793,seattle-seahawks,2015,inactive,104,32523614.0,157,147364599.0,0.6624203821656051,0.22070167611964933,312727.0576923077,938628.0191082803,0.33317464568062444,10,6,0.625,423,277,146,0.5,0.583
794,seattle-seahawks,2016,active,51,120240932.0,143,150301345.0,0.35664335664335667,0.7999990419247412,2357665.3333333335,1051058.3566433566,2.2431345685340784,10,5,0.656,354,292,62,0.583,0.542
795,seattle-seahawks,2016,inactive,92,30060413.0,143,150301345.0,0.6433566433566433,0.20000095807525875,326743.6195652174,1051058.3566433566,0.31087105439958695,10,5,0.656,354,292,62,0.583,0.542
796,seattle-seahawks,2017,active,53,126625244.0,133,167367602.0,0.39849624060150374,0.7565696257033067,2389155.547169811,1258403.022556391,1.8985615135573541,9,7,0.563,366,332,34,0.667,0.583
797,seattle-seahawks,2017,inactive,80,40742358.0,133,167367602.0,0.6015037593984962,0.24343037429669334,509279.475,1258403.022556391,0.4047029972682526,9,7,0.563,366,332,34,0.667,0.583
798,seattle-seahawks,2018,active,53,124852499.0,138,175232879.0,0.38405797101449274,0.7124947082562058,2355707.5283018867,1269803.4710144927,1.8551749007425735,10,6,0.625,428,347,81,0.5,0.667
799,seattle-seahawks,2018,inactive,85,50380380.0,138,175232879.0,0.6159420289855072,0.28750529174379424,592710.3529411765,1269803.4710144927,0.46677329718404253,10,6,0.625,428,347,81,0.5,0.667
800,seattle-seahawks,2019,active,51,131014550.0,137,184894364.0,0.3722627737226277,0.7085913662571132,2568912.745098039,1349593.897810219,1.9034709250436175,11,5,0.688,405,398,7,0.5,0.667
801,seattle-seahawks,2019,inactive,86,53879814.0,137,184894364.0,0.6277372262773723,0.29140863374288684,626509.4651162791,1349593.897810219,0.46422073049738943,11,5,0.688,405,398,7,0.5,0.667
802,seattle-seahawks,2020,active,52,166465242.0,164,200893810.0,0.3170731707317073,0.8286230521487944,3201254.653846154,1224962.256097561,2.6133496260077362,12,4,0.75,459,371,88,0.667,0.75
803,seattle-seahawks,2020,inactive,112,34428568.0,164,200893810.0,0.6829268292682927,0.17137694785120558,307397.9285714286,1224962.256097561,0.25094481649640815,12,4,0.75,459,371,88,0.667,0.75
804,seattle-seahawks,2021,active,57,137955994.0,152,172703125.0,0.375,0.7988042717814168,2420280.596491228,1136204.769736842,2.1301447247504446,7,10,0.412,395,366,29,0.5,0.333
805,seattle-seahawks,2021,inactive,95,34747131.0,152,172703125.0,0.625,0.2011957282185832,365759.27368421055,1136204.769736842,0.32191316514973317,7,10,0.412,395,366,29,0.5,0.333
806,seattle-seahawks,2022,active,53,120909675.0,170,215796566.0,0.31176470588235294,0.5602947129381104,2281314.6226415094,1269391.5647058825,1.7971717207448823,9,8,0.529,407,401,6,0.667,0.5
807,seattle-seahawks,2022,inactive,117,94886891.0,170,215796566.0,0.6882352941176471,0.43970528706188955,810999.0683760684,1269391.5647058825,0.6388880239360788,9,8,0.529,407,401,6,0.667,0.5
808,seattle-seahawks,2023,active,54,165990770.0,163,214977978.0,0.3312883435582822,0.7721291805991403,3073903.1481481483,1318883.300613497,2.330686230327035,9,8,0.529,364,402,-38,0.333,0.583
809,seattle-seahawks,2023,inactive,109,48987208.0,163,214977978.0,0.6687116564417178,0.22787081940085974,449423.9266055046,1318883.300613497,0.3407609501132123,9,8,0.529,364,402,-38,0.333,0.583
810,seattle-seahawks,2024,active,52,170968666.0,182,253363041.0,0.2857142857142857,0.6747971816457634,3287858.9615384615,1392104.620879121,2.361790135760172,10,7,0.588,375,368,7,0.667,0.5
811,seattle-seahawks,2024,inactive,130,82394375.0,182,253363041.0,0.7142857142857143,0.3252028183542366,633802.8846153846,1392104.620879121,0.4552839456959312,10,7,0.588,375,368,7,0.667,0.5
812,tampa-bay-buccaneers,2011,active,54,81935451.0,67,87714299.0,0.8059701492537313,0.9341173780571398,1517323.1666666667,1309168.6417910447,1.1589974875894142,4,12,0.25,287,494,-207,0.333,0.25
813,tampa-bay-buccaneers,2011,inactive,13,5778848.0,67,87714299.0,0.19402985074626866,0.0658826219428602,444526.76923076925,1309168.6417910447,0.3395488977055103,4,12,0.25,287,494,-207,0.333,0.25
814,tampa-bay-buccaneers,2012,active,58,95377285.0,89,138060202.0,0.651685393258427,0.6908383706406572,1644435.948275862,1551238.224719101,1.0600795687416982,7,9,0.438,389,394,-5,0.5,0.333
815,tampa-bay-buccaneers,2012,inactive,31,42682917.0,89,138060202.0,0.34831460674157305,0.3091616293593428,1376868.2903225806,1551238.224719101,0.8875930649348874,7,9,0.438,389,394,-5,0.5,0.333
816,tampa-bay-buccaneers,2013,active,51,91995376.0,108,127714333.0,0.4722222222222222,0.7203214693216932,1803830.9019607843,1182540.1203703703,1.5253866409165266,4,12,0.25,288,389,-101,0.167,0.167
817,tampa-bay-buccaneers,2013,inactive,57,35718957.0,108,127714333.0,0.5277777777777778,0.2796785306783069,626648.3684210526,1182540.1203703703,0.5299172160220551,4,12,0.25,288,389,-101,0.167,0.167
818,tampa-bay-buccaneers,2014,active,53,94061905.0,147,137116892.0,0.36054421768707484,0.6859979367093589,1774752.924528302,932767.9727891156,1.9026735225712408,2,14,0.125,277,410,-133,0.0,0.083
819,tampa-bay-buccaneers,2014,inactive,94,43054987.0,147,137116892.0,0.6394557823129252,0.3140020632906411,458031.77659574465,932767.9727891156,0.4910457798268536,2,14,0.125,277,410,-133,0.0,0.083
820,tampa-bay-buccaneers,2015,active,53,86632966.0,166,133567282.0,0.3192771084337349,0.6486091855938193,1634584.2641509434,804622.1807228916,2.0314929209164907,6,10,0.375,342,417,-75,0.5,0.417
821,tampa-bay-buccaneers,2015,inactive,113,46934316.0,166,133567282.0,0.6807228915662651,0.3513908144061807,415347.9292035398,804622.1807228916,0.5162024353223539,6,10,0.375,342,417,-75,0.5,0.417
822,tampa-bay-buccaneers,2016,active,54,120636046.0,141,155725098.0,0.3829787234042553,0.774673110175214,2234000.8518518517,1104433.319148936,2.0227575654575034,9,7,0.563,354,369,-15,0.667,0.583
823,tampa-bay-buccaneers,2016,inactive,87,35089052.0,141,155725098.0,0.6170212765957447,0.225326889824786,403322.4367816092,1104433.319148936,0.3651849593712049,9,7,0.563,354,369,-15,0.667,0.583
824,tampa-bay-buccaneers,2017,active,53,125106587.0,125,153756128.0,0.424,0.8136689485312741,2360501.6415094337,1230049.024,1.919030538988854,5,11,0.313,335,382,-47,0.167,0.25
825,tampa-bay-buccaneers,2017,inactive,72,28649541.0,125,153756128.0,0.576,0.18633105146872586,397910.2916666667,1230049.024,0.3234914087998713,5,11,0.313,335,382,-47,0.167,0.25
826,tampa-bay-buccaneers,2018,active,53,157768609.0,124,189900886.0,0.4274193548387097,0.830794486129991,2976766.2075471696,1531458.7580645161,1.9437455901909222,5,11,0.313,396,464,-68,0.333,0.333
827,tampa-bay-buccaneers,2018,inactive,71,32132277.0,124,189900886.0,0.5725806451612904,0.169205513870009,452567.28169014084,1531458.7580645161,0.2955138552095932,5,11,0.313,396,464,-68,0.333,0.333
828,tampa-bay-buccaneers,2019,active,53,150155466.0,118,184939978.0,0.4491525423728814,0.8119145877696601,2833122.0,1567287.9491525423,1.8076588935249036,7,9,0.438,458,449,9,0.333,0.417
829,tampa-bay-buccaneers,2019,inactive,65,34784512.0,118,184939978.0,0.5508474576271186,0.18808541223033995,535146.3384615384,1567287.9491525423,0.3414473637412325,7,9,0.438,458,449,9,0.333,0.417
830,tampa-bay-buccaneers,2020,active,54,185308315.0,135,199841623.0,0.4,0.9272758708529905,3431635.462962963,1480308.3185185185,2.318189677132476,11,5,0.688,492,355,137,0.667,0.667
831,tampa-bay-buccaneers,2020,inactive,81,14533308.0,135,199841623.0,0.6,0.07272412914700958,179423.55555555556,1480308.3185185185,0.12120688191168263,11,5,0.688,492,355,137,0.667,0.667
832,tampa-bay-buccaneers,2021,active,57,149094323.0,141,181119199.0,0.40425531914893614,0.8231834273957892,2615689.8771929825,1284533.3262411347,2.0362958467159,13,4,0.765,511,353,158,0.667,0.667
833,tampa-bay-buccaneers,2021,inactive,84,32024876.0,141,181119199.0,0.5957446808510638,0.17681657260421077,381248.5238095238,1284533.3262411347,0.2967992468713538,13,4,0.765,511,353,158,0.667,0.667
834,tampa-bay-buccaneers,2022,active,53,158812989.0,142,202960773.0,0.3732394366197183,0.782481198965477,2996471.4905660376,1429301.218309859,2.0964590613792025,8,9,0.471,313,358,-45,0.667,0.667
835,tampa-bay-buccaneers,2022,inactive,89,44147784.0,142,202960773.0,0.6267605633802817,0.21751880103452306,496042.5168539326,1429301.218309859,0.3470524690663177,8,9,0.471,313,358,-45,0.667,0.667
836,tampa-bay-buccaneers,2023,active,53,128436935.0,141,223680759.0,0.375886524822695,0.5741975106584827,2423338.396226415,1586388.3617021276,1.5275820566574727,9,8,0.529,348,325,23,0.667,0.583
837,tampa-bay-buccaneers,2023,inactive,88,95243824.0,141,223680759.0,0.624113475177305,0.4258024893415173,1082316.1818181819,1586388.3617021276,0.6822517158767494,9,8,0.529,348,325,23,0.667,0.583
838,tampa-bay-buccaneers,2024,active,53,139250589.0,162,244479945.0,0.3271604938271605,0.5695787807871112,2627369.603773585,1509135.462962963,1.740976650707774,10,7,0.588,502,385,117,0.667,0.667
839,tampa-bay-buccaneers,2024,inactive,109,105229356.0,162,244479945.0,0.6728395061728395,0.43042121921288884,965406.9357798165,1509135.462962963,0.6397086010319999,10,7,0.588,502,385,117,0.667,0.667
840,tennessee-titans,2011,active,59,110414324.0,68,113940533.0,0.8676470588235294,0.9690521984832211,1871429.220338983,1675596.0735294118,1.1168737202857462,9,7,0.563,325,317,8,0.5,0.583
841,tennessee-titans,2011,inactive,9,3526209.0,68,113940533.0,0.1323529411764706,0.030947801516778933,391801.0,1675596.0735294118,0.2338278336823297,9,7,0.563,325,317,8,0.5,0.583
842,tennessee-titans,2012,active,55,91480384.0,81,119894867.0,0.6790123456790124,0.7630050083795498,1663279.709090909,1480183.5432098766,1.123698285068064,6,10,0.375,330,471,-141,0.167,0.417
843,tennessee-titans,2012,inactive,26,28414483.0,81,119894867.0,0.32098765432098764,0.23699499162045026,1092864.7307692308,1480183.5432098766,0.7383305508175566,6,10,0.375,330,471,-141,0.167,0.417
844,tennessee-titans,2013,active,54,110121914.0,109,127458573.0,0.4954128440366973,0.8639820092760649,2039294.7037037036,1169344.7064220184,1.7439636853905753,7,9,0.438,362,381,-19,0.333,0.5
845,tennessee-titans,2013,inactive,55,17336659.0,109,127458573.0,0.5045871559633027,0.13601799072393506,315211.9818181818,1169344.7064220184,0.2695629270710713,7,9,0.438,362,381,-19,0.333,0.5
846,tennessee-titans,2014,active,54,90812712.0,131,127601550.0,0.4122137404580153,0.7116897247721521,1681716.888888889,974057.6335877862,1.7265065545398506,2,14,0.125,254,438,-184,0.167,0.167
847,tennessee-titans,2014,inactive,77,36788838.0,131,127601550.0,0.5877862595419847,0.2883102752278479,477777.1168831169,974057.6335877862,0.49050189681620887,2,14,0.125,254,438,-184,0.167,0.167
848,tennessee-titans,2015,active,54,90472606.0,130,128662671.0,0.4153846153846154,0.7031768056486252,1675418.6296296297,989712.8538461538,1.692833050635579,3,13,0.188,299,423,-124,0.167,0.083
849,tennessee-titans,2015,inactive,76,38190065.0,130,128662671.0,0.5846153846153846,0.29682319435137483,502500.8552631579,989712.8538461538,0.5077238850747202,3,13,0.188,299,423,-124,0.167,0.083
850,tennessee-titans,2016,active,53,116118046.0,125,150462723.0,0.424,0.7717396288248751,2190906.5283018867,1203701.784,1.8201406340209318,9,7,0.563,381,378,3,0.333,0.5
851,tennessee-titans,2016,inactive,72,34344677.0,125,150462723.0,0.576,0.22826037117512488,477009.40277777775,1203701.784,0.3962853666234807,9,7,0.563,381,378,3,0.333,0.5
852,tennessee-titans,2017,active,53,149109415.0,118,161252092.0,0.4491525423728814,0.9246975536912724,2813385.1886792453,1366543.152542373,2.0587605912371725,9,7,0.563,334,356,-22,0.833,0.667
853,tennessee-titans,2017,inactive,65,12142677.0,118,161252092.0,0.5508474576271186,0.07530244630872758,186810.4153846154,1366543.152542373,0.13670290252969006,9,7,0.563,334,356,-22,0.833,0.667
854,tennessee-titans,2018,active,53,117854426.0,144,182398711.0,0.3680555555555556,0.6461362876626908,2223668.4150943398,1266657.7152777778,1.7555401023288204,9,7,0.563,310,303,7,0.5,0.417
855,tennessee-titans,2018,inactive,91,64544285.0,144,182398711.0,0.6319444444444444,0.35386371233730923,709277.8571428572,1266657.7152777778,0.5599601601821157,9,7,0.563,310,303,7,0.5,0.417
856,tennessee-titans,2019,active,52,152774763.0,141,197086185.0,0.36879432624113473,0.7751672853173347,2937976.2115384615,1397774.3617021276,2.101895908264311,9,7,0.563,402,331,71,0.5,0.583
857,tennessee-titans,2019,inactive,89,44311422.0,141,197086185.0,0.6312056737588653,0.22483271468266536,497881.1460674157,1397774.3617021276,0.3561956491039979,9,7,0.563,402,331,71,0.5,0.583
858,tennessee-titans,2020,active,51,135619326.0,157,216614008.0,0.3248407643312102,0.6260875150788956,2659202.470588235,1379707.0573248407,1.9273674483801295,11,5,0.688,491,439,52,0.833,0.667
859,tennessee-titans,2020,inactive,106,80994682.0,157,216614008.0,0.6751592356687898,0.37391248492110446,764100.7735849057,1379707.0573248407,0.5538137748359755,11,5,0.688,491,439,52,0.833,0.667
860,tennessee-titans,2021,active,56,141092116.0,170,184416734.0,0.32941176470588235,0.7650721978407882,2519502.0714285714,1084804.3176470587,2.322540600588107,12,5,0.706,419,354,65,0.833,0.667
861,tennessee-titans,2021,inactive,114,43324618.0,170,184416734.0,0.6705882352941176,0.23492780215921186,380040.50877192983,1084804.3176470587,0.3503309330444388,12,5,0.706,419,354,65,0.833,0.667
862,tennessee-titans,2022,active,51,78943246.0,181,209793874.0,0.281767955801105,0.37628956696800403,1547906.7843137255,1159082.1767955802,1.3354590513962497,7,10,0.412,298,359,-61,0.5,0.417
863,tennessee-titans,2022,inactive,130,130850628.0,181,209793874.0,0.7182320441988951,0.6237104330319959,1006543.2923076923,1159082.1767955802,0.8683968336830098,7,10,0.412,298,359,-61,0.5,0.417
864,tennessee-titans,2023,active,53,128983277.0,182,221490310.0,0.29120879120879123,0.5823427535046567,2433646.7358490564,1216979.7252747254,1.9997430403367453,6,11,0.353,305,367,-62,0.167,0.333
865,tennessee-titans,2023,inactive,129,92507033.0,182,221490310.0,0.7087912087912088,0.4176572464953433,717108.7829457364,1216979.7252747254,0.5892528593965308,6,11,0.353,305,367,-62,0.167,0.333
866,tennessee-titans,2024,active,53,142042127.0,171,245174700.0,0.30994152046783624,0.5793506711744727,2680040.132075472,1433770.1754385964,1.8692257503931102,3,14,0.176,311,460,-149,0.167,0.25
867,tennessee-titans,2024,inactive,118,103132573.0,171,245174700.0,0.6900584795321637,0.42064932882552725,874004.8559322034,1433770.1754385964,0.609585044314959,3,14,0.176,311,460,-149,0.167,0.25
868,washington-commanders,2011,active,66,101721110.0,93,125973296.0,0.7096774193548387,0.8074815316414361,1541228.9393939395,1354551.569892473,1.137814885494751,5,11,0.313,288,367,-79,0.333,0.417
869,washington-commanders,2011,inactive,27,24252186.0,93,125973296.0,0.2903225806451613,0.19251846835856387,898229.1111111111,1354551.569892473,0.663119168790609,5,11,0.313,288,367,-79,0.333,0.417
870,washington-commanders,2012,active,60,89330238.0,96,115375969.0,0.625,0.7742534149377328,1488837.3,1201833.0104166667,1.2388054639003725,10,6,0.625,436,388,48,0.833,0.667
871,washington-commanders,2012,inactive,36,26045731.0,96,115375969.0,0.375,0.22574658506226716,723492.5277777778,1201833.0104166667,0.6019908934993791,10,6,0.625,436,388,48,0.833,0.667
872,washington-commanders,2013,active,53,88700032.0,98,107385220.0,0.5408163265306123,0.8259985126444775,1673585.5094339622,1095767.551020408,1.5273180045124302,3,13,0.188,334,478,-144,0.0,0.083
873,washington-commanders,2013,inactive,45,18685188.0,98,107385220.0,0.45918367346938777,0.17400148735552248,415226.4,1095767.551020408,0.3789365724631379,3,13,0.188,334,478,-144,0.0,0.083
874,washington-commanders,2014,active,53,89595971.0,144,132411712.0,0.3680555555555556,0.6766468739562856,1690490.0188679246,919525.7777777778,1.8384367896170781,4,12,0.25,301,438,-137,0.333,0.167
875,washington-commanders,2014,inactive,91,42815741.0,144,132411712.0,0.6319444444444444,0.3233531260437143,470502.64835164836,919525.7777777778,0.5116796719812623,4,12,0.25,301,438,-137,0.333,0.167
876,washington-commanders,2015,active,52,97790178.0,147,139789532.0,0.35374149659863946,0.6995529393431262,1880580.3461538462,950949.1972789116,1.9775823477584529,9,7,0.563,388,379,9,0.667,0.667
877,washington-commanders,2015,inactive,95,41999354.0,147,139789532.0,0.6462585034013606,0.30044706065687377,442098.46315789473,950949.1972789116,0.464902293858531,9,7,0.563,388,379,9,0.667,0.667
878,washington-commanders,2016,active,53,117003811.0,139,146116126.0,0.381294964028777,0.8007590551641097,2207619.0754716983,1051195.1510791366,2.100103937128514,8,7,0.531,396,383,13,0.5,0.5
879,washington-commanders,2016,inactive,86,29112315.0,139,146116126.0,0.6187050359712231,0.19924094483589033,338515.29069767444,1051195.1510791366,0.32202896897893907,8,7,0.531,396,383,13,0.5,0.5
880,washington-commanders,2017,active,54,114359646.0,136,174807970.0,0.39705882352941174,0.6542015561418624,2117771.222222222,1285352.7205882352,1.6476187339869126,7,9,0.438,342,388,-46,0.167,0.417
881,washington-commanders,2017,inactive,82,60448324.0,136,174807970.0,0.6029411764705882,0.34579844385813757,737174.6829268293,1285352.7205882352,0.5735193703013015,7,9,0.438,342,388,-46,0.167,0.417
882,washington-commanders,2018,active,53,102905158.0,133,172795336.0,0.39849624060150374,0.5955320344988941,1941606.7547169812,1299213.0526315789,1.494448312987791,7,9,0.438,281,359,-78,0.333,0.5
883,washington-commanders,2018,inactive,80,69890178.0,133,172795336.0,0.6015037593984962,0.40446796550110586,873627.225,1299213.0526315789,0.6724279926455885,7,9,0.438,281,359,-78,0.333,0.5
884,washington-commanders,2019,active,53,78588363.0,138,180627946.0,0.38405797101449274,0.4350841868068411,1482799.3018867925,1308898.1594202898,1.1328607128178128,3,13,0.188,266,435,-169,0.0,0.167
885,washington-commanders,2019,inactive,85,102039583.0,138,180627946.0,0.6159420289855072,0.564915813193159,1200465.6823529413,1308898.1594202898,0.9171574378900699,3,13,0.188,266,435,-169,0.0,0.167
886,washington-commanders,2020,active,53,131896856.0,147,193135405.0,0.36054421768707484,0.6829242727401534,2488619.9245283017,1313846.2925170069,1.8941484545811802,7,9,0.438,335,329,6,0.667,0.417
887,washington-commanders,2020,inactive,94,61238549.0,147,193135405.0,0.6394557823129252,0.3170757272598465,651473.9255319149,1313846.2925170069,0.4958524670978451,7,9,0.438,335,329,6,0.667,0.417
888,washington-commanders,2021,active,56,108019140.0,153,193566718.0,0.3660130718954248,0.5580460376457899,1928913.2142857143,1265141.9477124184,1.5246614957108189,7,10,0.412,335,434,-99,0.333,0.5
889,washington-commanders,2021,inactive,97,85547578.0,153,193566718.0,0.6339869281045751,0.4419539623542101,881933.793814433,1265141.9477124184,0.697102641651486,7,10,0.412,335,434,-99,0.333,0.5
890,washington-commanders,2022,active,53,160094196.0,139,208068247.0,0.381294964028777,0.7694311761082891,3020645.2075471696,1496893.8633093524,2.0179421411141925,8,8,0.5,321,343,-22,0.417,0.458
891,washington-commanders,2022,inactive,86,47974051.0,139,208068247.0,0.6187050359712231,0.23056882389171088,557837.8023255814,1496893.8633093524,0.37266356419706764,8,8,0.5,321,343,-22,0.417,0.458
892,washington-commanders,2023,active,53,133719895.0,156,219158252.0,0.33974358974358976,0.6101522246125599,2523016.886792453,1404860.5897435897,1.795919755463384,4,13,0.235,329,518,-189,0.0,0.167
893,washington-commanders,2023,inactive,103,85438357.0,156,219158252.0,0.6602564102564102,0.38984777538744014,829498.6116504854,1404860.5897435897,0.5904490578683559,4,13,0.235,329,518,-189,0.0,0.167
894,washington-commanders,2024,active,53,186228005.0,155,240632456.0,0.3419354838709677,0.7739105858604544,3513735.9433962265,1552467.458064516,2.2633234114786873,12,5,0.706,485,391,94,0.667,0.75
895,washington-commanders,2024,inactive,102,54404451.0,155,240632456.0,0.6580645161290323,0.22608941413954567,533376.9705882353,1552467.458064516,0.3435672469767606,12,5,0.706,485,391,94,0.667,0.75
