,team,season,cap_hit_per_player_prop_active_defensive_line,cap_hit_per_player_prop_active_linebacker,cap_hit_per_player_prop_active_offensive_line,cap_hit_per_player_prop_active_quarterback,cap_hit_per_player_prop_active_running_back,cap_hit_per_player_prop_active_secondary,cap_hit_per_player_prop_active_special_team,cap_hit_per_player_prop_active_tight_end,cap_hit_per_player_prop_active_wide_receiver,cap_hit_per_player_prop_inactive_defensive_line,cap_hit_per_player_prop_inactive_linebacker,cap_hit_per_player_prop_inactive_offensive_line,cap_hit_per_player_prop_inactive_quarterback,cap_hit_per_player_prop_inactive_running_back,cap_hit_per_player_prop_inactive_secondary,cap_hit_per_player_prop_inactive_special_team,cap_hit_per_player_prop_inactive_tight_end,cap_hit_per_player_prop_inactive_wide_receiver,cap_hit_sum_active_defensive_line,cap_hit_sum_active_linebacker,cap_hit_sum_active_offensive_line,cap_hit_sum_active_quarterback,cap_hit_sum_active_running_back,cap_hit_sum_active_secondary,cap_hit_sum_active_special_team,cap_hit_sum_active_tight_end,cap_hit_sum_active_wide_receiver,cap_hit_sum_inactive_defensive_line,cap_hit_sum_inactive_linebacker,cap_hit_sum_inactive_offensive_line,cap_hit_sum_inactive_quarterback,cap_hit_sum_inactive_running_back,cap_hit_sum_inactive_secondary,cap_hit_sum_inactive_special_team,cap_hit_sum_inactive_tight_end,cap_hit_sum_inactive_wide_receiver,player_count_active_defensive_line,player_count_active_linebacker,player_count_active_offensive_line,player_count_active_quarterback,player_count_active_running_back,player_count_active_secondary,player_count_active_special_team,player_count_active_tight_end,player_count_active_wide_receiver,player_count_inactive_defensive_line,player_count_inactive_linebacker,player_count_inactive_offensive_line,player_count_inactive_quarterback,player_count_inactive_running_back,player_count_inactive_secondary,player_count_inactive_special_team,player_count_inactive_tight_end,player_count_inactive_wide_receiver,position_level_two_cap_hit_prop_active_defensive_line,position_level_two_cap_hit_prop_active_linebacker,position_level_two_cap_hit_prop_active_offensive_line,position_level_two_cap_hit_prop_active_quarterback,position_level_two_cap_hit_prop_active_running_back,position_level_two_cap_hit_prop_active_secondary,position_level_two_cap_hit_prop_active_special_team,position_level_two_cap_hit_prop_active_tight_end,position_level_two_cap_hit_prop_active_wide_receiver,position_level_two_cap_hit_prop_inactive_defensive_line,position_level_two_cap_hit_prop_inactive_linebacker,position_level_two_cap_hit_prop_inactive_offensive_line,position_level_two_cap_hit_prop_inactive_quarterback,position_level_two_cap_hit_prop_inactive_running_back,position_level_two_cap_hit_prop_inactive_secondary,position_level_two_cap_hit_prop_inactive_special_team,position_level_two_cap_hit_prop_inactive_tight_end,position_level_two_cap_hit_prop_inactive_wide_receiver,position_level_two_count_prop_active_defensive_line,position_level_two_count_prop_active_linebacker,position_level_two_count_prop_active_offensive_line,position_level_two_count_prop_active_quarterback,position_level_two_count_prop_active_running_back,position_level_two_count_prop_active_secondary,position_level_two_count_prop_active_special_team,position_level_two_count_prop_active_tight_end,position_level_two_count_prop_active_wide_receiver,position_level_two_count_prop_inactive_defensive_line,position_level_two_count_prop_inactive_linebacker,position_level_two_count_prop_inactive_offensive_line,position_level_two_count_prop_inactive_quarterback,position_level_two_count_prop_inactive_running_back,position_level_two_count_prop_inactive_secondary,position_level_two_count_prop_inactive_special_team,position_level_two_count_prop_inactive_tight_end,position_level_two_count_prop_inactive_wide_receiver,w,l,pct,pf,pa,net_pts,div_win_pct,conf_win_pct
0,arizona-cardinals,2011,0.8314131673006292,0.833608264088728,1.4069613977683966,1.3592386325912758,0.3573320743454229,1.0592853442766366,0.6573365644690393,0.5865887795341438,1.5291571370020374,0.584568680481627,1.112328391407214,1.3189884617317642,2.009004101055997,0.9897611117188143,0.8164240318280002,0.44543329851059554,0.0,0.006181551080172298,11140966.0,12766149.0,21546666.0,10407912.0,4104225.0,22305582.0,3775000.0,4491606.0,20490760.0,567400.0,1439546.0,1707000.0,1300000.0,960692.0,1320743.0,144117.0,0.0,2000.0,7,8,8,4,6,11,3,4,7,3,4,4,2,3,5,1,0,1,0.10034296846731731,0.1149804502191349,0.19406364107150298,0.09374059535112247,0.03696538700125065,0.2008989446041897,0.03400016712770893,0.040454398588561646,0.1845534475692114,0.0762480887584731,0.19344841589690678,0.22938929769248073,0.174696008787478,0.12909927544158448,0.17748348518000004,0.01936666515263459,0.0,0.00026876309044227383,0.1206896551724138,0.13793103448275862,0.13793103448275862,0.06896551724137931,0.10344827586206896,0.1896551724137931,0.05172413793103448,0.06896551724137931,0.1206896551724138,0.13043478260869565,0.17391304347826086,0.17391304347826086,0.08695652173913043,0.13043478260869565,0.21739130434782608,0.043478260869565216,0.0,0.043478260869565216,8,8,0.5,312,348,-36,0.667,0.583
1,arizona-cardinals,2012,1.345620359753912,1.0825009990049321,0.5996069079117272,0.22996255815756697,0.8845669633488467,1.0232917068180678,0.6451485353949415,0.6966775552908321,1.6709218072100167,0.03033443842378736,0.712164810501222,0.9264911771037412,10.85144465282663,0.3580362853706714,1.0965126453951481,0.1033470919316822,0.9332361250586624,0.2093243673530257,15776404.0,12691524.0,8034226.0,1155489.0,5926225.0,18852961.0,3241667.0,3500584.0,19590323.0,29352.0,2067300.0,9861335.0,10500000.0,1732203.0,2122000.0,100000.0,1806023.0,810180.0,7,7,8,3,4,11,3,3,7,1,3,11,1,5,2,1,2,4,0.17772344374108273,0.1429718300572552,0.09050670308101542,0.01301674857495662,0.06675977081878089,0.21238129764148578,0.03651784162612877,0.03943457860136786,0.22068778585792675,0.0010111479474595787,0.0712164810501222,0.3397134316047051,0.3617148217608877,0.05967271422844523,0.0731008430263432,0.0034449030643894066,0.062215741670577494,0.027909915647070096,0.1320754716981132,0.1320754716981132,0.1509433962264151,0.05660377358490566,0.07547169811320754,0.20754716981132076,0.05660377358490566,0.05660377358490566,0.1320754716981132,0.03333333333333333,0.1,0.36666666666666664,0.03333333333333333,0.16666666666666666,0.06666666666666667,0.03333333333333333,0.06666666666666667,0.13333333333333333,5,11,0.313,250,357,-107,0.167,0.25
2,arizona-cardinals,2013,1.6876857578402704,0.871085037388065,1.1220009499018935,1.1583749775634007,0.5974939595617123,0.685473759915593,0.8850920431680405,0.33211519221720914,1.6700994902659414,0.43424380985635785,0.8029498450785476,2.3098478970530802,5.788405485846061,1.0206336354970693,0.6803881668952552,0.0,1.3486579484011396,0.13696421249970267,20985294.0,9284045.0,15944417.0,6172994.0,5306754.0,12176326.0,4716666.0,2949743.0,14833300.0,1360573.0,5870207.0,7237217.0,6045412.0,1065950.0,3197689.0,0.0,2112808.0,786750.0,7,6,8,3,5,10,3,5,5,6,14,6,2,2,9,0,3,11,0.2271884674015749,0.1005098120063152,0.17261553075413746,0.06682932562865773,0.05745134226554925,0.1318218769068448,0.051063002490463874,0.031934153097808574,0.16058648944864823,0.04915967658751221,0.21209995907735218,0.2614922147607261,0.21843039569230419,0.03851447681121016,0.1155376132463641,0.0,0.07633912915478148,0.028426534669749606,0.1346153846153846,0.11538461538461539,0.15384615384615385,0.057692307692307696,0.09615384615384616,0.19230769230769232,0.057692307692307696,0.09615384615384616,0.09615384615384616,0.11320754716981132,0.2641509433962264,0.11320754716981132,0.03773584905660377,0.03773584905660377,0.16981132075471697,0.0,0.05660377358490566,0.20754716981132076,10,6,0.625,379,324,55,0.333,0.5
3,arizona-cardinals,2014,1.7393279392550007,0.5049898123559197,0.8828750321553895,0.8395477806825111,0.21482693897763078,1.429413192794119,0.35911389922082115,0.5769228135291553,1.416087189115938,0.21209210566066017,1.2840948636398553,2.0078368521416303,7.025803859918378,0.3767244619528741,0.1597771228955729,0.971192453020883,0.45213527564880107,0.045041243525917096,27049048.0,7853317.0,13729975.0,2901372.0,1484830.0,19759492.0,1861579.0,3987546.0,14681460.0,689157.0,8344893.0,12116227.0,13045227.0,2098460.0,890003.0,1352453.0,1049383.0,334523.0,9,9,9,2,4,8,3,4,6,7,14,13,4,12,12,3,5,16,0.2898879898758334,0.08416496872598661,0.14714583869256495,0.031094362247500416,0.015913106590935613,0.2117649174509806,0.019950772178934508,0.04273502322438188,0.157343021012882,0.01726331092586769,0.20903869873206948,0.30351022183536275,0.3267815748799246,0.0525662039934243,0.022294482264498542,0.03387880650072848,0.026286934630744246,0.008379766237379925,0.16666666666666666,0.16666666666666666,0.16666666666666666,0.037037037037037035,0.07407407407407407,0.14814814814814814,0.05555555555555555,0.07407407407407407,0.1111111111111111,0.08139534883720931,0.16279069767441862,0.1511627906976744,0.046511627906976744,0.13953488372093023,0.13953488372093023,0.03488372093023256,0.05813953488372093,0.18604651162790697,11,5,0.688,310,299,11,0.5,0.667
4,arizona-cardinals,2015,1.1779384212653534,0.5128918611724752,1.3495084089895948,1.6995882112723801,0.21444904000568726,1.3313924594755515,0.25283780371759346,0.6511253472425336,1.1680320228443897,2.667890429506169,1.4416534438878117,1.354671361967596,0.08440728335142357,0.2929790509471111,0.43121966153206565,1.7393151980152424,0.32862459264579025,0.8311693055874547,21871841.0,9523324.0,28189727.0,11834168.0,1990934.0,24721160.0,1760500.0,4533761.0,16265925.0,7489140.0,4946238.0,4647807.0,26327.0,822433.0,2286488.0,542500.0,922495.0,2333208.0,8,8,9,3,4,8,3,3,6,9,11,11,1,9,17,1,9,9,0.18122129557928515,0.0789064401803808,0.23356876309435293,0.098053166034945,0.01649608000043748,0.20482960915008483,0.014586796368322698,0.03756492387937693,0.13477292571281418,0.31183134890331854,0.2059504919839731,0.19352448028108515,0.001096198485083423,0.03424430465615584,0.09520434085772879,0.02258850906513302,0.03841066667288458,0.09714965909463756,0.15384615384615385,0.15384615384615385,0.17307692307692307,0.057692307692307696,0.07692307692307693,0.15384615384615385,0.057692307692307696,0.057692307692307696,0.11538461538461539,0.11688311688311688,0.14285714285714285,0.14285714285714285,0.012987012987012988,0.11688311688311688,0.22077922077922077,0.012987012987012988,0.11688311688311688,0.11688311688311688,13,3,0.813,489,313,176,0.667,0.833
5,arizona-cardinals,2016,1.209628195102794,0.7783690855837941,0.5623301957456716,3.3284885495133296,0.42318732614889626,0.8953296961322946,0.19617459783421454,0.7005162754095162,1.421706340977119,0.5339872997973234,0.7580791774612656,1.9879224694623125,0.04852726278401173,0.7904538250454588,1.2799798168637797,0.5360972147388697,0.39328877847783955,1.2840778741660495,25399973.0,11441026.0,9446322.0,20967646.0,3554463.0,16920253.0,1235792.0,4412867.0,17911935.0,1094136.0,6601519.0,12219715.0,149148.0,1619634.0,11802011.0,1373074.0,1813153.0,7893198.0,10,7,8,3,4,9,3,3,6,4,17,12,6,4,18,5,9,12,0.2282317349250555,0.10280346413370864,0.08488002954651645,0.18840501223660355,0.031938666124444993,0.15203711821114435,0.011104222518917803,0.03965186464582166,0.16094788765778703,0.024551140220566595,0.14813041398668408,0.2741962026844569,0.0033467077782077057,0.03634270459979121,0.26482341038560964,0.03081018475510746,0.04068504604943168,0.17711418954014474,0.18867924528301888,0.1320754716981132,0.1509433962264151,0.05660377358490566,0.07547169811320754,0.16981132075471697,0.05660377358490566,0.05660377358490566,0.11320754716981132,0.04597701149425287,0.19540229885057472,0.13793103448275862,0.06896551724137931,0.04597701149425287,0.20689655172413793,0.05747126436781609,0.10344827586206896,0.13793103448275862,7,8,0.469,418,362,56,0.75,0.542
6,arizona-cardinals,2017,0.8539099816375704,0.987937531831787,0.3625595042844552,0.8901596270698459,0.20605266186404902,1.8676709478834979,0.7445700183817553,0.7020668132280871,1.7680395856219597,0.08871607898956084,0.4906880929138954,1.7139148439528937,10.18074689414771,0.36108458038370594,0.6243399321540523,0.23736013360511923,0.12235036467894944,0.15178922602214306,11782746.0,19474480.0,6432180.0,5264117.0,1218529.0,29452810.0,4403147.0,5535729.0,20911232.0,421141.0,5046878.0,23052185.0,24164334.0,3142502.0,6915492.0,375588.0,677606.0,1080830.0,7,10,9,3,3,8,3,4,6,6,13,17,3,11,14,2,7,9,0.1127805636125093,0.18640330789279003,0.061566708274718815,0.05038639398508561,0.011663358218719756,0.28191259590694306,0.04214547273858992,0.052986174583251854,0.20015542478739165,0.006491420413870305,0.07779201473025171,0.3553238091121853,0.3724663497858918,0.04843817541732641,0.10659462256288697,0.0057892715513443715,0.010444543326251781,0.016659793099991313,0.1320754716981132,0.18867924528301888,0.16981132075471697,0.05660377358490566,0.05660377358490566,0.1509433962264151,0.05660377358490566,0.07547169811320754,0.11320754716981132,0.07317073170731707,0.15853658536585366,0.2073170731707317,0.036585365853658534,0.13414634146341464,0.17073170731707318,0.024390243902439025,0.08536585365853659,0.10975609756097561,8,8,0.5,295,361,-66,0.5,0.417
7,arizona-cardinals,2018,1.2304008298989695,1.1060746572716185,0.15977464850318773,1.2767567951330883,0.8343667357852762,1.2301909015156043,0.6015117714831735,1.015410199709605,1.4218116767718283,0.5550109127285132,0.3815444066236803,1.3194865919990995,5.155980897139956,0.06228694002554622,0.8261816729036878,1.281209694249737,0.2052152193076959,0.29621594782255883,22548633.0,13513467.0,2602729.0,5199592.0,6795917.0,25049762.0,3674485.0,8270516.0,20266148.0,3837477.0,3429515.0,20983459.0,17824837.0,129200.0,12567315.0,3543435.0,425672.0,2252918.0,9,6,8,2,4,10,3,4,7,10,13,23,5,3,22,4,3,11,0.20893598998284388,0.12521599893640964,0.024116928075952865,0.048179501703135404,0.06297107439888877,0.2321114908520008,0.03404783612168907,0.07663473205355509,0.18778644787552448,0.0590437141200546,0.05276677963944515,0.322853102297652,0.2742543030393594,0.001987881064645092,0.19336166812639502,0.05451956145743562,0.006549421892798805,0.034663568362214334,0.16981132075471697,0.11320754716981132,0.1509433962264151,0.03773584905660377,0.07547169811320754,0.18867924528301888,0.05660377358490566,0.07547169811320754,0.1320754716981132,0.10638297872340426,0.13829787234042554,0.24468085106382978,0.05319148936170213,0.031914893617021274,0.23404255319148937,0.0425531914893617,0.031914893617021274,0.11702127659574468,3,13,0.188,225,425,-200,0.333,0.25
8,arizona-cardinals,2019,0.47070264171490156,1.3852938112704207,1.346990599966277,1.2384906678032443,1.7034582398870437,0.6381168313826123,0.5513915887941835,0.47139663007261495,1.0442635364404196,0.8070709822279354,0.6512175900678043,1.109532854162063,3.3149341456223858,0.17860385042912813,1.1806888608137724,0.07114202968740753,0.9921272792352661,0.5367552561609867,6306436.0,27840082.0,27070307.0,8296599.0,11411398.0,14249063.0,3693750.0,3157867.0,16322785.0,9249060.0,7462975.0,12715283.0,16281109.0,1023403.0,16430176.0,58235.0,6497035.0,3954364.0,6,9,9,3,3,10,3,3,7,14,14,14,6,7,17,1,8,9,0.05328709151489451,0.23523857172516574,0.22873425282446208,0.07010324534735345,0.09642216452190812,0.12039940214766269,0.03121084464872736,0.026682828117317828,0.13792159915250823,0.1255443750132344,0.10130051401054735,0.1725939995363209,0.22099560970815907,0.013891410588932186,0.22301900704260147,0.0007904669965267503,0.08818909148757921,0.05367552561609868,0.11320754716981132,0.16981132075471697,0.16981132075471697,0.05660377358490566,0.05660377358490566,0.18867924528301888,0.05660377358490566,0.05660377358490566,0.1320754716981132,0.15555555555555556,0.15555555555555556,0.15555555555555556,0.06666666666666667,0.07777777777777778,0.18888888888888888,0.011111111111111112,0.08888888888888889,0.1,5,10,0.344,361,442,-81,0.167,0.292
9,arizona-cardinals,2020,0.2299661731602476,1.3867170179969739,1.1413038645635485,1.2548355731586078,0.8339229874114524,1.023721613557557,0.4313244145121301,0.48547475422424297,1.493317650933838,1.063273547577063,3.551107398379535,0.057208820008738434,0.008340373814481434,1.3246915473493936,0.734893720123782,1.5975425787259316,0.16841020293400136,0.1022512111881916,2925535.0,28225989.0,29038396.0,9578101.0,10608825.0,23442057.0,3292279.0,4940808.0,22796847.0,11899461.0,25832084.0,352134.0,4667.0,6671286.0,9046894.0,3575730.0,1130842.0,801030.0,5,8,10,3,5,9,3,4,6,20,13,11,1,9,22,4,12,14,0.021694921996249773,0.20931577630143003,0.21534035180444308,0.07102842866935516,0.07867197994447664,0.17383951928335875,0.02441458950068661,0.036639604092395694,0.16905482840760427,0.20061765048623828,0.435513171499377,0.00593676434052946,7.86827718347305e-05,0.11247381062400513,0.1525251117238038,0.06028462561229932,0.019065305992528456,0.013504876949383796,0.09433962264150944,0.1509433962264151,0.18867924528301888,0.05660377358490566,0.09433962264150944,0.16981132075471697,0.05660377358490566,0.07547169811320754,0.11320754716981132,0.18867924528301888,0.12264150943396226,0.10377358490566038,0.009433962264150943,0.08490566037735849,0.20754716981132076,0.03773584905660377,0.11320754716981132,0.1320754716981132,8,8,0.5,410,367,43,0.333,0.5
10,arizona-cardinals,2021,0.7803311616108357,1.7898642843216312,1.4260339063897813,1.3434527213844634,0.3972221922212012,0.6131939566211676,0.5221422526695747,0.6856360521231324,0.5962398662098352,0.2804832499127603,1.5568478929344867,0.6007000654403615,1.2958592067525667,0.27934952122734735,0.6280130003591073,0.2556992291323521,1.4121044487871568,3.0397756020789606,17164637.0,49213674.0,35288894.0,11081775.0,4368770.0,15174209.0,4307009.0,7540833.0,9836440.0,1341232.0,5726639.0,4419176.0,476663.0,308264.0,6930164.0,376221.0,4155377.0,13417648.0,8,10,9,3,4,9,3,4,6,13,10,20,1,3,30,4,8,12,0.1114758802301194,0.3196186222002913,0.22918402066978633,0.07197068150273911,0.0283730137300858,0.09854902874268764,0.027971906393012932,0.04897400372308089,0.06388284280819663,0.036101804444216665,0.15414335573608778,0.11895050800799238,0.012830289175767987,0.008297510531505367,0.1865385149581507,0.01012670214385553,0.1118498573296758,0.3611614576727478,0.14285714285714285,0.17857142857142858,0.16071428571428573,0.05357142857142857,0.07142857142857142,0.16071428571428573,0.05357142857142857,0.07142857142857142,0.10714285714285714,0.12871287128712872,0.09900990099009901,0.19801980198019803,0.009900990099009901,0.0297029702970297,0.297029702970297,0.039603960396039604,0.07920792079207921,0.1188118811881188,11,6,0.647,449,366,83,0.667,0.583
11,arizona-cardinals,2022,1.850696048043384,1.0496919706152952,0.589081212371654,0.6497663776626986,0.6847611429350381,0.507924632176509,1.4886843130909317,0.42016587202079536,1.6522569644883573,0.5792669950062471,0.8657230919227635,1.8306886707695473,3.8546887061959416,0.4233199963466607,1.1788977969896466,0.1507746854257625,1.1158693018134345,0.35642583071923317,20959941.0,21795070.0,10007403.0,3679444.0,5170146.0,6711213.0,5620000.0,2379281.0,21831287.0,7185058.0,7874662.0,36331721.0,12749981.0,2450344.0,25346018.0,1496132.0,6459094.0,6778869.0,6,11,9,3,4,7,2,3,7,15,11,24,4,7,26,12,7,23,0.21354185169731354,0.2220502245532355,0.10195636367970935,0.03748652178823262,0.052673934071926005,0.06837446971606852,0.057257088965035834,0.024240338770430504,0.2224192067580481,0.0673566273263078,0.0738213489236465,0.34059324107340416,0.11952523119987415,0.022970852514935074,0.2376073079203939,0.01402555213262907,0.06055104738522512,0.06354879152358421,0.11538461538461539,0.21153846153846154,0.17307692307692307,0.057692307692307696,0.07692307692307693,0.1346153846153846,0.038461538461538464,0.057692307692307696,0.1346153846153846,0.11627906976744186,0.08527131782945736,0.18604651162790697,0.031007751937984496,0.05426356589147287,0.20155038759689922,0.09302325581395349,0.05426356589147287,0.17829457364341086,4,13,0.235,340,449,-109,0.167,0.25
12,arizona-cardinals,2023,0.32714377043506626,0.7364010482727712,1.014358822890158,4.159256789177241,1.7491764104113798,1.3300197269142304,0.749919395870559,0.34137442296549797,0.7036238277335701,0.706359796486859,1.3154717432028653,1.2978043143944025,1.079856135469797,0.205248866922602,0.29405066947829234,0.3631293928793216,1.9732784513202166,1.8941371908254307,5299624.0,13420643.0,18486323.0,16844656.0,10626036.0,29625602.0,4555670.0,2765078.0,5699240.0,15051020.0,13454350.0,17698202.0,4601886.0,2274176.0,6516216.0,619001.0,13454833.0,37131220.0,8,9,9,2,3,11,3,4,4,25,12,16,5,13,26,2,8,23,0.04938019176378359,0.12504923461235737,0.1722496114341778,0.1569530863840468,0.09900998549498377,0.27604183011427424,0.04244826769078636,0.02576410739362249,0.05310368511196756,0.13583842240131905,0.12142816091103373,0.15972976177161877,0.041532928287299896,0.0205248866922602,0.05881013389565847,0.005586606044297256,0.1214325200812441,0.33511657991526855,0.1509433962264151,0.16981132075471697,0.16981132075471697,0.03773584905660377,0.05660377358490566,0.20754716981132076,0.05660377358490566,0.07547169811320754,0.07547169811320754,0.19230769230769232,0.09230769230769231,0.12307692307692308,0.038461538461538464,0.1,0.2,0.015384615384615385,0.06153846153846154,0.17692307692307693,4,13,0.235,330,455,-125,0.0,0.25
13,arizona-cardinals,2024,0.6377518251514991,0.5157306367111336,0.5196783746804838,8.054657542960937,0.3522558827653157,1.495180546667941,0.2074625883310297,0.3970437698374387,0.7474037111524995,1.4557370682642239,0.5837945783016997,1.478868496743966,0.16836031291348066,1.8221222523605134,0.19182129876168905,1.0428447392478484,1.4674378982680878,0.31562858663466986,15873873.0,16045902.0,14551855.0,50120833.0,2191944.0,46519479.0,1936432.0,3705961.0,13952361.0,19946662.0,5499460.0,34194844.0,432542.0,14043887.0,2956900.0,7144584.0,5026747.0,3243582.0,8,10,9,2,2,10,3,3,6,16,11,27,3,9,18,8,4,12,0.09626442643796214,0.09730766730398747,0.08824727117215764,0.3039493412438089,0.013292674821332668,0.2821095371071587,0.011743165377228096,0.022474175651175776,0.08461174088518862,0.2156647508539591,0.05946055890109903,0.3697171241859915,0.004676675358707797,0.15184352103004278,0.03197021646028151,0.07724775846280357,0.05434955178770695,0.03506984295940776,0.1509433962264151,0.18867924528301888,0.16981132075471697,0.03773584905660377,0.03773584905660377,0.18867924528301888,0.05660377358490566,0.05660377358490566,0.11320754716981132,0.14814814814814814,0.10185185185185185,0.25,0.027777777777777776,0.08333333333333333,0.16666666666666666,0.07407407407407407,0.037037037037037035,0.1111111111111111,8,9,0.471,400,379,21,0.5,0.333
14,atlanta-falcons,2011,0.7618343212381155,1.0175345804953633,0.8125115387728206,3.701863000799309,0.8826317886581858,0.7991709026694901,0.4726045097687118,1.463238946353776,1.0206818302299774,1.754469480712896,0.0,0.4359075302841288,0.1689030102936938,3.619979856133306,0.7030136592222392,0.048232095415517894,0.49540825092522556,0.0,10063500.0,22401982.0,16099386.0,16300000.0,9715985.0,15835050.0,3121450.0,9664375.0,13482763.0,2728167.0,0.0,677828.0,175094.0,3752667.0,1457564.0,25000.0,513567.0,0.0,6,10,9,2,5,9,3,3,6,3,0,3,2,2,4,1,2,1,0.08624539485714515,0.19198765669723836,0.1379736575274601,0.13969294342638902,0.08326714987341377,0.1357082664910455,0.0267511986661535,0.08282484602002506,0.11554888644112953,0.292411580118816,0.0,0.07265125504735481,0.018767001143743755,0.40221998401481174,0.15622525760494205,0.002679560856417661,0.05504536121391395,0.0,0.11320754716981132,0.18867924528301888,0.16981132075471697,0.03773584905660377,0.09433962264150944,0.16981132075471697,0.05660377358490566,0.05660377358490566,0.11320754716981132,0.16666666666666666,0.0,0.16666666666666666,0.1111111111111111,0.1111111111111111,0.2222222222222222,0.05555555555555555,0.1111111111111111,0.05555555555555555,10,6,0.625,402,350,52,0.5,0.583
15,atlanta-falcons,2012,0.6553796835694542,0.941967395932655,0.7874104962827342,3.61097288534572,0.9643234772517832,0.842565123681499,0.5987910361326594,1.1994782616831268,1.4850127019751478,2.265797345995078,0.290702790085471,0.8298122525364425,0.0,0.44752886406904924,2.031673405516741,0.020754536741994064,0.4481400386006692,0.1602162083158078,10192855.0,12818783.0,15307846.0,14040000.0,9373583.0,16380093.0,3492283.0,6995625.0,14434876.0,6914084.0,1419328.0,3038608.0,0.0,819381.0,11159378.0,25333.0,547000.0,488900.0,8,7,10,2,5,10,3,3,5,5,8,6,0,3,9,2,2,5,0.09892523525576667,0.12441078814204876,0.1485680181665536,0.1362631277488951,0.09097391294828143,0.15897455163801866,0.033893832233924115,0.06789499594432793,0.14009553792218374,0.28322466824938475,0.05814055801709421,0.12447183788046638,0.0,0.033564664805178696,0.4571265162412668,0.0010377268370997032,0.02240700193003346,0.020027026039475974,0.1509433962264151,0.1320754716981132,0.18867924528301888,0.03773584905660377,0.09433962264150944,0.18867924528301888,0.05660377358490566,0.05660377358490566,0.09433962264150944,0.125,0.2,0.15,0.0,0.075,0.225,0.05,0.05,0.125,13,3,0.813,419,299,120,0.5,0.75
16,atlanta-falcons,2013,0.7546863615503613,0.9834729590353656,0.6824877930987685,5.667308222739605,0.6266289570868593,1.038250735218205,0.7915110250029765,1.2515592959591806,1.5340566250304044,1.9977673370276883,1.0791709306843222,0.9738554560276951,0.29520087369174536,0.7978058681063113,1.032424727713972,0.0009711385634684063,0.51203733956868,0.9172463942550032,10227062.0,11661512.0,12716921.0,9600000.0,6368778.0,15828478.0,4022283.0,6360146.0,12992891.0,6171418.0,5556215.0,5515387.0,303974.0,2464548.0,6910199.0,1000.0,790882.0,4722531.0,8,7,11,1,6,9,3,3,5,6,10,11,2,6,13,2,3,10,0.11391492249816773,0.12989265496693508,0.14164840988842364,0.10693034382527555,0.07093912721738029,0.17630672862195937,0.04480251084922508,0.0708429790165574,0.14472232311607586,0.19026355590739888,0.1712969731244956,0.17003825422705787,0.009371456307674456,0.07598151124822011,0.21304002317907358,3.082979566566369e-05,0.02438273045565143,0.1455946657547624,0.1509433962264151,0.1320754716981132,0.20754716981132076,0.018867924528301886,0.11320754716981132,0.16981132075471697,0.05660377358490566,0.05660377358490566,0.09433962264150944,0.09523809523809523,0.15873015873015872,0.1746031746031746,0.031746031746031744,0.09523809523809523,0.20634920634920634,0.031746031746031744,0.047619047619047616,0.15873015873015872,4,12,0.25,353,443,-90,0.167,0.25
17,atlanta-falcons,2014,0.9276730224193712,1.0025201059187394,1.040853084102424,3.2290503360842964,0.7072469185513,0.35025536202898716,0.895594308252564,0.29727833369926654,1.549446410766811,0.06370039421093701,0.967338594381668,2.5344482315159107,0.0,0.3291117094013583,1.3258854627951442,0.001239098353279026,1.151596944865521,0.19873216984147996,16010491.0,15379786.0,15967857.0,18576474.0,6781227.0,6716639.0,5152284.0,1140146.0,17827688.0,231339.0,2732378.0,14317780.0,0.0,1328029.0,8025304.0,1000.0,1858766.0,962307.0,9,8,8,3,5,10,3,2,6,9,7,14,0,10,15,2,4,12,0.15461217040322853,0.14852149717314655,0.1542004569040628,0.17939168533801644,0.06548582579178704,0.06486210407944207,0.04975523934736467,0.01101030865552839,0.17216071230742347,0.007853473258882646,0.0927584953516668,0.4860585649482568,0.0,0.04508379580840525,0.2724422183825638,3.394790008983633e-05,0.06310120245838471,0.03266830189175013,0.16666666666666666,0.14814814814814814,0.14814814814814814,0.05555555555555555,0.09259259259259259,0.18518518518518517,0.05555555555555555,0.037037037037037035,0.1111111111111111,0.1232876712328767,0.0958904109589041,0.1917808219178082,0.0,0.136986301369863,0.2054794520547945,0.0273972602739726,0.0547945205479452,0.1643835616438356,6,10,0.375,381,417,-36,0.833,0.5
18,atlanta-falcons,2015,1.0513993372767558,0.5675206710919855,0.8547053602811694,5.340487251810795,0.31693114964798547,0.39964926067996215,0.7655988290643355,0.33491341317120515,2.115070072687293,0.9580388711235469,0.23777550799404085,2.348424133248434,0.6137453355045044,0.5892142782134424,1.0925083945925276,3.562229828556778,0.23196600695633915,0.3429249872902209,17804066.0,7474613.0,14473312.0,20096474.0,2385250.0,6767535.0,4321470.0,2520586.0,23877288.0,4943284.0,1132498.0,13981600.0,487200.0,2104771.0,8672491.0,2827750.0,460345.0,1905532.0,9,7,9,2,4,9,3,4,6,13,12,15,2,9,20,2,5,14,0.17853951010360006,0.07495556033290375,0.1451386460854816,0.20152782082304885,0.023919332048904562,0.06786496879471055,0.043335782777226536,0.02527648401292114,0.23944189502120294,0.13537505787615337,0.031014196694874895,0.3828952391165925,0.013342289902271834,0.057640527216532414,0.23750182491141905,0.07743977888166909,0.012606848204148867,0.05218423719633796,0.16981132075471697,0.1320754716981132,0.16981132075471697,0.03773584905660377,0.07547169811320754,0.16981132075471697,0.05660377358490566,0.07547169811320754,0.11320754716981132,0.14130434782608695,0.13043478260869565,0.16304347826086957,0.021739130434782608,0.09782608695652174,0.21739130434782608,0.021739130434782608,0.05434782608695652,0.15217391304347827,8,8,0.5,339,345,-6,0.167,0.417
19,atlanta-falcons,2016,1.2660675197760063,0.42135503610669894,1.2044092960414874,5.887311320329994,0.30859208066586186,0.31554234027320355,1.0379111296118906,0.33399248132625653,1.4198071514704276,0.9338468836532811,0.6216057221154098,1.5381034288862383,0.14063131699158388,0.13140161553356927,1.2302665518001041,0.03644265960527089,1.4725450008541265,1.1072832923710867,19193231.0,6387625.0,20866868.0,25500000.0,2673240.0,6833620.0,6743333.0,2893276.0,21523881.0,7695987.0,3130573.0,11267347.0,128774.0,481290.0,10702099.0,33370.0,2696775.0,5069614.0,7,7,8,2,4,10,3,4,7,18,11,16,2,8,19,2,4,10,0.17043216612369316,0.056720870245132546,0.1852937378525365,0.22643505078192286,0.02373785235891245,0.06068121928330838,0.05987948824683985,0.025691729332788966,0.19112788577486528,0.18676937673065624,0.07597403270299452,0.27344060957977573,0.003125140377590753,0.011680143602983938,0.25972293871335533,0.000809836880117131,0.06544644448240564,0.12303147693012073,0.1346153846153846,0.1346153846153846,0.15384615384615385,0.038461538461538464,0.07692307692307693,0.19230769230769232,0.057692307692307696,0.07692307692307693,0.1346153846153846,0.2,0.12222222222222222,0.17777777777777778,0.022222222222222223,0.08888888888888889,0.2111111111111111,0.022222222222222223,0.044444444444444446,0.1111111111111111,11,5,0.688,540,406,134,0.833,0.75
20,atlanta-falcons,2017,1.2270972840351544,0.29224451934293144,0.6901916517301002,4.899287907287379,0.5923568995261261,0.7749054277149073,0.798668909808363,0.4500997075620109,1.4185173982469284,1.4026297154142,0.6072794712958058,2.7597253932526105,0.09704058971080108,0.20954477709681407,0.5490445373494748,0.019408117942160213,0.22070714048549261,0.2816782821151762,30713199.0,4063684.0,19194343.0,27250000.0,6589417.0,21550247.0,6663334.0,3755204.0,27614441.0,7805188.0,1126439.0,7166597.0,72000.0,233210.0,1629471.0,14400.0,245633.0,626980.0,9,5,10,2,4,10,3,3,7,15,5,7,2,3,8,2,3,6,0.20837501049653565,0.027570237673861454,0.1302248399490755,0.1848787889542407,0.04470618109631141,0.14620857126696363,0.045207674140096014,0.025477341937472312,0.18735135448544335,0.41253815159241175,0.059537203068216256,0.37878583828957396,0.003805513321992199,0.01232616335863612,0.08612463330972153,0.0007611026643984397,0.012982772969734858,0.033138621425314846,0.16981132075471697,0.09433962264150944,0.18867924528301888,0.03773584905660377,0.07547169811320754,0.18867924528301888,0.05660377358490566,0.05660377358490566,0.1320754716981132,0.29411764705882354,0.09803921568627451,0.13725490196078433,0.0392156862745098,0.058823529411764705,0.1568627450980392,0.0392156862745098,0.058823529411764705,0.11764705882352941,10,6,0.625,353,315,38,0.667,0.75
21,atlanta-falcons,2018,0.7716951239340973,0.28228355748184963,1.462065452595957,4.162360767068964,0.19259440137642755,1.0866714628269876,0.5037974289883601,0.26939148872763063,1.5179409741584047,1.4713658033335906,0.0586868194427017,1.4318639622495308,0.16097477767372115,1.7212953291638822,1.4498539072782721,1.1796630112413649,0.5552555241769723,0.09418825076715762,20579225.0,4516688.0,31191773.0,22200000.0,2054409.0,28978875.0,5374019.0,2155204.0,24287868.0,6673662.0,199639.0,8929929.0,182533.0,5855449.0,7398102.0,1337647.0,1259234.0,480610.0,10,6,8,2,4,10,4,3,6,8,6,11,2,6,9,2,4,9,0.14560285357247119,0.03195662914888864,0.22068912492014447,0.15707021762524392,0.014535426518975663,0.2050323514767901,0.03802244747081963,0.015248574833639467,0.1718423744330269,0.20650748116962675,0.006177559941337022,0.27632462429376914,0.005648237813113023,0.18118898201725078,0.22892430114920087,0.04139168460496018,0.038965299942243674,0.014871829068498573,0.18867924528301888,0.11320754716981132,0.1509433962264151,0.03773584905660377,0.07547169811320754,0.18867924528301888,0.07547169811320754,0.05660377358490566,0.11320754716981132,0.14035087719298245,0.10526315789473684,0.19298245614035087,0.03508771929824561,0.10526315789473684,0.15789473684210525,0.03508771929824561,0.07017543859649122,0.15789473684210525,7,9,0.438,414,423,-9,0.667,0.583
22,atlanta-falcons,2019,1.4303734975742997,1.0215631240920902,1.3202221507302414,3.380206338954227,0.7471928724972008,0.3431480955121948,0.1913427963443879,0.6369911909327681,0.8360823645550735,0.7392440027249426,0.1878685932593683,0.9698137208152264,0.45302083141490623,0.44838298973998864,2.3877665252315516,1.2482720863519905,0.284265232336902,0.8365483346151958,36402476.0,7799521.0,33599165.0,17205000.0,9507891.0,8732992.0,1460881.0,4863357.0,12766792.0,5605089.0,876588.0,7918952.0,792667.0,784552.0,20889809.0,6552441.0,1657964.0,6830782.0,10,3,10,2,5,10,3,3,6,13,8,14,3,3,15,9,10,14,0.2750718264565961,0.05893633408223597,0.25388887514043107,0.13000793611362413,0.07184546850934623,0.06599001836772977,0.011039007481406994,0.03674949178458278,0.09647104206404696,0.10797946107218262,0.016887064562639845,0.1525549673192491,0.015270365103873244,0.015114033362022087,0.4024325604322839,0.12622976154121252,0.03193991374571932,0.13159187286081733,0.19230769230769232,0.057692307692307696,0.19230769230769232,0.038461538461538464,0.09615384615384616,0.19230769230769232,0.057692307692307696,0.057692307692307696,0.11538461538461539,0.14606741573033707,0.0898876404494382,0.15730337078651685,0.033707865168539325,0.033707865168539325,0.16853932584269662,0.10112359550561797,0.11235955056179775,0.15730337078651685,7,9,0.438,381,399,-18,0.667,0.5
23,atlanta-falcons,2020,1.0422793578191711,0.8453653391772024,1.28354291786978,3.4672103474766907,0.686878947014514,0.6585400373671826,0.26372031157225284,0.31505100326679236,1.4082372799186933,0.9770486280777788,0.19078860038466045,2.2428812584784033,0.15920378109903224,3.8057559420433313,0.8486679033574329,0.1178460737784052,0.49264132106610037,0.49576638930387096,32071368.0,13006121.0,35545633.0,21337500.0,10567775.0,22289905.0,2434435.0,2908275.0,25999227.0,2733738.0,762597.0,11654464.0,190905.0,6084762.0,7802042.0,188416.0,984563.0,2774264.0,10,5,9,2,5,11,3,3,6,7,10,13,3,4,23,4,5,14,0.1930146958924391,0.07827456844233355,0.21392381964496332,0.12841519805469226,0.0635999025013439,0.13414704464887053,0.014651128420680714,0.0175028335148218,0.15647080887985482,0.08240169152463195,0.022986578359597647,0.35129465494240053,0.00575435353369996,0.18340992491775093,0.23517303346049348,0.0056793288567906115,0.029677188016030143,0.08362324638860474,0.18518518518518517,0.09259259259259259,0.16666666666666666,0.037037037037037035,0.09259259259259259,0.2037037037037037,0.05555555555555555,0.05555555555555555,0.1111111111111111,0.08433734939759036,0.12048192771084337,0.1566265060240964,0.03614457831325301,0.04819277108433735,0.27710843373493976,0.04819277108433735,0.060240963855421686,0.1686746987951807,4,12,0.25,396,414,-18,0.167,0.167
24,atlanta-falcons,2021,1.2665443796574913,1.1689103669070244,1.0672980883516467,5.410969462803258,0.5962299938578908,0.4735706298373239,0.2729349193809211,0.8162737595135346,0.35871789389276126,0.49273429540875824,0.46593766695921246,1.1924130044745378,0.7329215171871948,0.4359542565633058,1.438944191322674,0.24801319991685306,0.5659335906865202,2.4393119071528675,29242629.0,23989693.0,24642328.0,27762500.0,7647814.0,9719149.0,2100554.0,10470305.0,5521509.0,2853787.0,2698588.0,8057165.0,1061222.0,1472877.0,13889975.0,957618.0,1638869.0,11773209.0,9,8,9,2,5,8,3,5,6,12,12,14,3,7,20,8,6,10,0.20725271667122583,0.1700233260955672,0.17464877809390583,0.19676252592011845,0.05420272671435371,0.06888300070361074,0.014887359238959333,0.07420670541032133,0.039132861151937585,0.0642696907054902,0.060774478299027705,0.18145415285482097,0.02389961469088678,0.03317043256459935,0.3128139546353639,0.021566365210161136,0.0369087124360774,0.2651425986035726,0.16363636363636364,0.14545454545454545,0.16363636363636364,0.03636363636363636,0.09090909090909091,0.14545454545454545,0.05454545454545454,0.09090909090909091,0.10909090909090909,0.13043478260869565,0.13043478260869565,0.15217391304347827,0.03260869565217391,0.07608695652173914,0.21739130434782608,0.08695652173913043,0.06521739130434782,0.10869565217391304,7,10,0.412,313,459,-146,0.333,0.333
25,atlanta-falcons,2022,1.251917018591328,0.7266327930182311,1.8665246161419013,0.3431527723012856,0.8188623780694039,0.6948526033792567,0.9693311804978292,0.4342279331909317,0.9698947573110844,0.43896874681889025,1.3801785659840373,0.2160203405371212,23.38608128602294,0.32874780287592215,0.28655662237957447,0.18960823613126054,0.8400324081396691,1.244476235238733,17857508.0,9069187.0,29952395.0,1223694.0,5840180.0,13628269.0,5185000.0,3096942.0,8646691.0,9244947.0,13212452.0,3308741.0,44775000.0,2832393.0,6583697.0,544536.0,8845795.0,17870060.0,8,7,9,2,4,11,3,4,5,22,10,16,2,9,24,3,11,15,0.1889686065798231,0.09597036888920032,0.3169570102882474,0.012949161218916438,0.06180093419391727,0.14421469126739292,0.054867802669688444,0.03277191948610805,0.09149950540670608,0.08622600383942486,0.12323022910571761,0.030860048648160176,0.41760859439326675,0.02641723415967232,0.061404990509908816,0.005078792039230193,0.08250318294228894,0.16667092436233033,0.1509433962264151,0.1320754716981132,0.16981132075471697,0.03773584905660377,0.07547169811320754,0.20754716981132076,0.05660377358490566,0.07547169811320754,0.09433962264150944,0.19642857142857142,0.08928571428571429,0.14285714285714285,0.017857142857142856,0.08035714285714286,0.21428571428571427,0.026785714285714284,0.09821428571428571,0.13392857142857142,7,10,0.412,365,386,-21,0.333,0.5
26,atlanta-falcons,2023,0.8215946391637066,0.7649914929098046,1.7063525360459468,0.8180786665169208,1.1472362632005095,0.8984830435188409,0.8917879019147771,0.9543115690571882,0.6866242534960072,2.450073469897508,1.57349091243547,0.650342032628139,4.2131993253365625,0.6805513459026944,0.4939470625038079,0.0620108788381416,0.1936201029154369,0.15990158783481337,19948984.0,16252787.0,46610576.0,7448855.0,10445935.0,27269871.0,8120000.0,17378594.0,10419871.0,23260931.0,18673350.0,5788434.0,2500000.0,2422926.0,3517140.0,183978.0,689334.0,1707864.0,8,7,9,3,3,10,3,6,5,16,20,15,1,6,12,5,6,18,0.12171772432054911,0.09916556389571542,0.28439208934099114,0.045448814806495604,0.06373534795558386,0.16638574879978535,0.04954377232859873,0.106034618784132,0.06357631976814881,0.39597146988242554,0.3178769520071656,0.0985366716103241,0.042557568942793556,0.041245536115314806,0.05987237121258277,0.003131862567582909,0.01173455169184466,0.029073015969966066,0.14814814814814814,0.12962962962962962,0.16666666666666666,0.05555555555555555,0.05555555555555555,0.18518518518518517,0.05555555555555555,0.1111111111111111,0.09259259259259259,0.16161616161616163,0.20202020202020202,0.15151515151515152,0.010101010101010102,0.06060606060606061,0.12121212121212122,0.050505050505050504,0.06060606060606061,0.18181818181818182,7,10,0.412,321,373,-52,0.5,0.333
27,atlanta-falcons,2024,1.0575463902760815,0.7636046216032936,1.2967069396307658,3.5151249396824404,0.4430453501165958,0.8997564012629348,0.33437603106939606,1.1333435727622034,0.6933874676608117,0.7362764747851277,0.8102390312846558,0.42287668476149126,2.411043992174057,1.9135441404609341,0.7975453153434947,3.021211909981531,1.3399461422061392,0.5197201404913674,35092419.0,25338589.0,53785564.0,29160479.0,7350757.0,33588557.0,4160833.0,14102845.0,17256437.0,3651283.0,3731067.0,2097096.0,4270234.0,4066926.0,4520140.0,5350911.0,2847837.0,2761451.0,8,8,10,2,4,9,3,3,6,14,13,14,5,6,16,5,6,15,0.1596296438152576,0.1152610749589877,0.24466168672278596,0.13264622413896002,0.03343738491446006,0.15278882285597004,0.018926945154871474,0.06415152298653981,0.07849669445216735,0.10965819837225307,0.11205433411383536,0.06298163390064765,0.12824702086032216,0.12214111534857026,0.13575239410102038,0.16070276116923038,0.085528477162094,0.08293406497202671,0.1509433962264151,0.1509433962264151,0.18867924528301888,0.03773584905660377,0.07547169811320754,0.16981132075471697,0.05660377358490566,0.05660377358490566,0.11320754716981132,0.14893617021276595,0.13829787234042554,0.14893617021276595,0.05319148936170213,0.06382978723404255,0.1702127659574468,0.05319148936170213,0.06382978723404255,0.1595744680851064,8,9,0.471,389,423,-34,0.667,0.583
28,baltimore-ravens,2011,1.2473951863274217,1.1400819284062111,1.3438584694480473,1.517323773417451,0.5753384143303968,0.8004003945225986,0.7347622582239632,0.33922900213958035,1.0521087193927203,0.44098863796564375,0.20271017021314228,0.36318183334895204,0.0,1.33510164773242,3.2718293091571877,0.0,0.5678156028379335,0.08309815549479349,12591167.0,27619081.0,18990810.0,6126327.0,4645958.0,17774275.0,4450000.0,2054500.0,12743942.0,258000.0,592977.0,1062396.0,0.0,3124400.0,7656723.0,0.0,664400.0,97233.0,5,12,7,2,4,11,3,3,6,1,5,5,0,4,4,0,2,2,0.11767879116296431,0.25813175737499117,0.1774907412478553,0.0572575008836774,0.043421767119275236,0.1661208365990299,0.041590316503243206,0.019201641630542284,0.11910664747842117,0.01917341904198451,0.044067428307204844,0.07895257246716347,0.0,0.23219159090998606,0.5690137928969022,0.0,0.04937526981199422,0.007225926564764651,0.09433962264150944,0.22641509433962265,0.1320754716981132,0.03773584905660377,0.07547169811320754,0.20754716981132076,0.05660377358490566,0.05660377358490566,0.11320754716981132,0.043478260869565216,0.21739130434782608,0.21739130434782608,0.0,0.17391304347826086,0.17391304347826086,0.0,0.08695652173913043,0.08695652173913043,12,4,0.75,378,266,112,1.0,0.75
29,baltimore-ravens,2012,1.2635915126767165,0.9940602604573452,0.7999378250968029,2.347923786327571,1.4277955571074263,0.9702612121504609,0.5769809949379563,0.374115951829579,0.9350394419079566,0.3551358470752387,1.8842127077043769,0.043251677467930696,0.0016440191370823381,0.829557260399514,1.7470517892262527,0.9864114822494029,0.00986411482249403,0.2897350278390155,13709434.0,17975223.0,14464979.0,8491327.0,10327319.0,19299361.0,3130000.0,2029500.0,11835580.0,1512118.0,10314913.0,105234.0,1000.0,4541319.0,10626712.0,600000.0,6000.0,881179.0,6,10,10,2,4,11,3,3,7,7,9,4,1,9,10,1,1,5,0.1353848049296482,0.1775107607959545,0.14284604019585767,0.08385442094027039,0.10198539693624474,0.19058702381526912,0.030909696157390514,0.0200419259908703,0.11687993023849458,0.05289257296865258,0.3608066887093488,0.0036809938270579317,3.497913057621996e-05,0.15885139028926867,0.3717131466438836,0.020987478345731978,0.00020987478345731978,0.03082287530202293,0.10714285714285714,0.17857142857142858,0.17857142857142858,0.03571428571428571,0.07142857142857142,0.19642857142857142,0.05357142857142857,0.05357142857142857,0.125,0.14893617021276595,0.19148936170212766,0.0851063829787234,0.02127659574468085,0.19148936170212766,0.2127659574468085,0.02127659574468085,0.02127659574468085,0.10638297872340426,10,6,0.625,398,344,54,0.667,0.667
30,baltimore-ravens,2013,1.1896918170343014,1.3774655607728534,1.1570724881893288,1.8813623595000395,0.8529983613151023,0.6877080763866599,0.6346544835576446,0.6739062066371134,0.7375947271230023,0.5661014498763215,1.5803412046249445,1.1331992800278494,0.005661251563672444,0.9605117175492344,0.610666854351753,5.0951264073052,0.7902158923249817,0.9609295179146333,18670522.0,21617364.0,18158608.0,7381327.0,8366623.0,14839826.0,3735000.0,3966000.0,7234688.0,1599933.0,3908107.0,4804023.0,2000.0,1696642.0,2373092.0,1800000.0,558333.0,3394760.0,8,8,8,2,5,11,3,3,5,8,7,12,1,5,11,1,2,10,0.17957612332593229,0.20791932992797785,0.17465245104744584,0.07099480601886941,0.08047154352029266,0.14273186491043885,0.03592383869194215,0.03814563433794981,0.06958440821915116,0.07945283507036091,0.19407699004165985,0.23856826947954723,9.932020287144639e-05,0.08425541382010827,0.11784798943630322,0.08938818258430174,0.02772687341491164,0.16858412594993566,0.1509433962264151,0.1509433962264151,0.1509433962264151,0.03773584905660377,0.09433962264150944,0.20754716981132076,0.05660377358490566,0.05660377358490566,0.09433962264150944,0.14035087719298245,0.12280701754385964,0.21052631578947367,0.017543859649122806,0.08771929824561403,0.19298245614035087,0.017543859649122806,0.03508771929824561,0.17543859649122806,8,8,0.5,320,352,-32,0.5,0.5
31,baltimore-ravens,2014,1.2717273962568483,1.206456164996932,0.9878229870548182,4.183921943628781,0.26005279618749283,0.7354132388057348,0.6164758294353434,0.29715548393903174,0.5903140921293843,0.42280036200609633,1.1729397484162756,0.6954986047783231,0.21547107872532612,3.5060328572652377,1.119332827250937,1.1749155771053386,1.0124336124031958,0.312653909886239,21161699.0,17844958.0,16437495.0,15471327.0,1923249.0,12237366.0,3419411.0,1098823.0,6548599.0,1567236.0,2173926.0,3222592.0,133118.0,7581093.0,7952522.0,1088794.0,3752888.0,1255524.0,9,8,9,2,4,9,3,2,6,12,6,15,2,7,23,3,12,13,0.2201066647367622,0.1856086407687588,0.17096936314410316,0.16092007475495312,0.020004061245191756,0.12728306056253103,0.03556591323665442,0.011429057074578143,0.06811316447646741,0.05455488542014147,0.07567353215588875,0.11217719431908438,0.004633786639254325,0.2638949462457706,0.27682424759969415,0.03790050248726899,0.13063659514879944,0.043704309984097925,0.17307692307692307,0.15384615384615385,0.17307692307692307,0.038461538461538464,0.07692307692307693,0.17307692307692307,0.057692307692307696,0.038461538461538464,0.11538461538461539,0.12903225806451613,0.06451612903225806,0.16129032258064516,0.021505376344086023,0.07526881720430108,0.24731182795698925,0.03225806451612903,0.12903225806451613,0.13978494623655913,10,6,0.625,409,302,107,0.5,0.5
32,baltimore-ravens,2015,0.6976819387985781,1.5494501915045693,1.0485235993521227,0.6334320476861813,0.34529057202331176,1.4478444227508025,1.4341043081186935,0.23128285089997663,0.2076751289463738,1.5199911078781267,0.663255374318653,0.6169671496837337,4.53722101404177,1.9147835670713125,0.28023019237469216,0.0015456560235787317,1.1803049814485607,0.8706481162931512,6153652.0,17571043.0,10569285.0,2394411.0,870146.0,20067441.0,5421000.0,1165684.0,1308374.0,10817350.0,4291093.0,11575698.0,14677331.0,12388161.0,4169941.0,1000.0,7636272.0,10139168.0,7,9,8,3,2,11,3,4,5,11,10,29,5,10,23,1,10,18,0.09391872253057781,0.2681740716065601,0.16131132297724962,0.03654415659727969,0.01328040661628122,0.3062747817357467,0.0827367870068477,0.01779098853076743,0.019968762398689787,0.14290514689452471,0.05668849353150881,0.15292348154554083,0.19389833393340897,0.1636567151343002,0.05508798653519589,1.3210735244262663e-05,0.10088076764517614,0.13394586404510017,0.1346153846153846,0.17307692307692307,0.15384615384615385,0.057692307692307696,0.038461538461538464,0.21153846153846154,0.057692307692307696,0.07692307692307693,0.09615384615384616,0.09401709401709402,0.08547008547008547,0.24786324786324787,0.042735042735042736,0.08547008547008547,0.19658119658119658,0.008547008547008548,0.08547008547008547,0.15384615384615385,5,11,0.313,328,401,-73,0.5,0.333
33,baltimore-ravens,2016,0.4916830950772482,0.9667669311811902,0.8108795013169531,5.501457708255477,0.2904691894673203,1.1810284072806678,1.1498542237074512,0.5910333060158791,0.7411797722295944,0.9035194856776138,1.2081749417606773,0.4687284640955337,0.052611779941453954,2.056759159048046,1.532513571727806,0.0,1.7577891231575062,0.4752453046139145,5373566.0,21131440.0,17724077.0,24050000.0,2539612.0,20651787.0,7540000.0,3875614.0,12960473.0,2741681.0,5237345.0,3657423.0,114034.0,4457946.0,12622323.0,0.0,3809940.0,2472182.0,5,10,10,2,4,8,3,3,8,7,10,18,5,5,19,0,5,12,0.046385197648797005,0.1824088549398472,0.15299613232395343,0.207602177670018,0.021922202978665685,0.1782684388348178,0.06508608813438402,0.03345471543486109,0.11187619203465576,0.07808193086102835,0.14915740021736756,0.1041618809101186,0.003247640737126787,0.12696044191654604,0.35947849213368294,0.0,0.1085055014294757,0.070406711794654,0.09433962264150944,0.18867924528301888,0.18867924528301888,0.03773584905660377,0.07547169811320754,0.1509433962264151,0.05660377358490566,0.05660377358490566,0.1509433962264151,0.08641975308641975,0.12345679012345678,0.2222222222222222,0.06172839506172839,0.06172839506172839,0.2345679012345679,0.0,0.06172839506172839,0.14814814814814814,8,8,0.5,343,321,22,0.667,0.583
34,baltimore-ravens,2017,0.5234334727817702,0.7583711386244149,0.6459561974474878,6.269840459327937,0.5654490450691896,1.024407093382433,1.140877330371278,0.6316055441546035,1.0892094368123326,0.6670295700529387,0.9719497406112635,1.376528477797344,0.18765750250952684,0.2611058670854952,1.2962410263771404,0.0,0.9794318000661691,0.31874594875660844,7757782.0,16056831.0,12309024.0,26550000.0,4788853.0,17351643.0,7246666.0,4011855.0,16143120.0,1228437.0,4176653.0,19435673.0,115200.0,1602888.0,15119099.0,0.0,3607547.0,1369712.0,7,10,9,2,4,8,3,3,7,3,7,23,1,10,19,0,6,7,0.0691327228202338,0.14308889408007827,0.10969067503825264,0.23659775318218632,0.04267539962786337,0.1546274857935748,0.06457796209648743,0.03575125721629831,0.14385785014502506,0.026330114607352847,0.08952168663524795,0.41658098670182786,0.0024691776645990376,0.03435603514282832,0.3240602565942851,0.0,0.07732356316311861,0.029358179490740252,0.1320754716981132,0.18867924528301888,0.16981132075471697,0.03773584905660377,0.07547169811320754,0.1509433962264151,0.05660377358490566,0.05660377358490566,0.1320754716981132,0.039473684210526314,0.09210526315789473,0.3026315789473684,0.013157894736842105,0.13157894736842105,0.25,0.0,0.07894736842105263,0.09210526315789473,9,7,0.563,395,303,92,0.5,0.583
35,baltimore-ravens,2018,0.5624526895056445,0.8382926988268445,0.9177850010618276,3.2439025453601755,0.1993449187842299,1.414897317859454,1.1455339327307323,0.417526763937113,0.8230615044900863,0.6979387215181093,0.9389341273231213,0.7033985210464511,0.0,1.0057393197005877,0.6717511490069211,1.3401913836372983,1.7922027203081365,1.7241930287446576,9561330.0,23750718.0,20802331.0,27572117.0,2259156.0,40087224.0,9736666.0,4731789.0,11659592.0,1146573.0,1542480.0,3928844.0,0.0,2643564.0,2648525.0,440333.0,2355383.0,5665005.0,6,10,8,3,4,10,3,4,5,5,5,17,0,8,12,1,4,10,0.06367388937799749,0.15816843374091408,0.13853358506593622,0.18361712520906653,0.015044899530885275,0.2669617580866894,0.06484154336211692,0.031511453882046264,0.07764731174434776,0.05628538076758946,0.0757204941389614,0.1928673364159624,0.0,0.1297728154452371,0.13001635142069443,0.021615990058666105,0.11562598195536365,0.27809564979752543,0.11320754716981132,0.18867924528301888,0.1509433962264151,0.05660377358490566,0.07547169811320754,0.18867924528301888,0.05660377358490566,0.07547169811320754,0.09433962264150944,0.08064516129032258,0.08064516129032258,0.27419354838709675,0.0,0.12903225806451613,0.1935483870967742,0.016129032258064516,0.06451612903225806,0.16129032258064516,10,6,0.625,389,287,102,0.5,0.667
36,baltimore-ravens,2019,1.0881499960264267,0.530848655242653,1.1558242102333585,0.530274103353348,0.5284213555309101,1.5560404667909722,1.2518796205690501,0.8452321163113635,0.6690217323904641,0.220676004283071,0.2865325627459189,0.2273759585738731,24.075989366253236,0.10645920977969857,2.4137268133295118,0.0015047493353908272,0.061255712132423645,0.7449518896988642,20051780.0,8384711.0,27384223.0,4187818.0,5564248.0,45058808.0,9886668.0,6675186.0,12328334.0,1759836.0,2856282.0,1964372.0,16000000.0,353744.0,22457013.0,2000.0,162833.0,4950671.0,7,6,9,3,4,11,3,3,7,12,15,13,1,5,14,2,4,10,0.14371792400349032,0.060096074178413554,0.1962720357000043,0.03001551528415177,0.03988085702120076,0.3229517949943527,0.07086111059824812,0.047843327338379066,0.08836136088175942,0.03484357962364279,0.05655247948932609,0.03889325607184671,0.31678933376648993,0.007003895380243326,0.4446338866659627,3.9598666720811246e-05,0.0032239848490749285,0.09801998548669266,0.1320754716981132,0.11320754716981132,0.16981132075471697,0.05660377358490566,0.07547169811320754,0.20754716981132076,0.05660377358490566,0.05660377358490566,0.1320754716981132,0.15789473684210525,0.19736842105263158,0.17105263157894737,0.013157894736842105,0.06578947368421052,0.18421052631578946,0.02631578947368421,0.05263157894736842,0.13157894736842105,14,2,0.875,531,282,249,0.833,0.833
37,baltimore-ravens,2020,1.5960176363660896,1.1705701083123043,0.36057230695432324,1.0089030908191077,0.8568096930337828,1.4641655101812348,0.8332860428030244,0.2045400906146202,0.6570691397950688,0.12261356982903021,0.2712310686807019,2.4126517464643866,1.7306028291162368,0.08090637375185995,1.0928135826554106,0.05979539511620392,1.5990561383930106,0.24287815209087382,32691302.0,26973946.0,7385619.0,2583176.0,10968795.0,33739390.0,8534118.0,1047401.0,11776430.0,801177.0,1363283.0,20615323.0,3479397.0,203329.0,15929079.0,180329.0,11252223.0,1464928.0,8,9,8,1,5,9,4,2,7,13,10,17,4,5,29,6,14,12,0.24090832247035315,0.19877605612850455,0.05442600859687899,0.01903590737394543,0.0808311031163946,0.24863187908737952,0.06288951266437921,0.007718493985457366,0.08678271657670719,0.014490694616158116,0.024657369880063812,0.3728643608172234,0.06293101196786316,0.0036775624432663617,0.2881053990636992,0.003261567006338396,0.20351623579547407,0.02649579840991351,0.1509433962264151,0.16981132075471697,0.1509433962264151,0.018867924528301886,0.09433962264150944,0.16981132075471697,0.07547169811320754,0.03773584905660377,0.1320754716981132,0.11818181818181818,0.09090909090909091,0.15454545454545454,0.03636363636363636,0.045454545454545456,0.2636363636363636,0.05454545454545454,0.12727272727272726,0.10909090909090909,11,5,0.688,468,303,165,0.667,0.583
38,baltimore-ravens,2021,2.368498379237875,0.7925610917319423,0.8042396481551843,0.6567311835172327,0.4184796355239802,0.7710353723549992,1.161447562593841,1.0297906207885004,1.0079942859227162,0.5114239279193942,0.5618845701912171,0.9766864405507263,0.11114025408901824,1.3789917400556166,1.9380263561798319,0.008250713098752744,0.292912287479909,0.11880633001370898,28726433.0,16021018.0,14631382.0,3982596.0,2537774.0,15585892.0,7043333.0,10408216.0,14263085.0,4570681.0,3945587.0,13716701.0,283794.0,10563668.0,34640930.0,21068.0,1308903.0,530896.0,6,10,9,3,3,10,3,5,7,14,11,22,4,12,28,4,7,7,0.2537676834897723,0.14152876638070397,0.12925280059636893,0.03518202768842318,0.02241855190307037,0.13768488792053557,0.06222040513895576,0.09194559114183039,0.12599928574033953,0.06568747698047266,0.0567039474504898,0.19712937332216496,0.004078541434459385,0.1518156044097927,0.4978416327801404,0.0003027784623395503,0.018810880847333605,0.007629764312807,0.10714285714285714,0.17857142857142858,0.16071428571428573,0.05357142857142857,0.05357142857142857,0.17857142857142858,0.05357142857142857,0.08928571428571429,0.125,0.12844036697247707,0.10091743119266056,0.2018348623853211,0.03669724770642202,0.11009174311926606,0.25688073394495414,0.03669724770642202,0.06422018348623854,0.06422018348623854,8,9,0.471,387,392,-5,0.167,0.417
39,baltimore-ravens,2022,0.5842932986270194,0.6569772812897865,1.2821800838097739,2.6458857099677684,0.6861176382245108,1.3518745048581362,0.7128088257595653,1.018050243161685,0.25422252136798745,1.5159491117086166,0.4381945374613424,1.6398137309530958,0.25886185132424006,0.7264105773677781,1.1121518451375167,2.5281311692110484,1.941087474291051,0.7928686239607118,12361034.0,15884231.0,34875255.0,23989334.0,10367987.0,40856601.0,6462792.0,12307081.0,3073264.0,7555367.0,4185858.0,7491640.0,537561.0,1508488.0,9700030.0,1050000.0,4837111.0,7573886.0,7,8,9,3,5,10,3,4,4,12,23,11,5,5,21,1,6,23,0.07717081302621012,0.09916638208147721,0.2177286934771314,0.14976711565855294,0.06472807907778404,0.255070661293988,0.0403476693826169,0.07683398061597622,0.019186605386263204,0.17001298449068597,0.09419134917393342,0.16857898168676685,0.012096348192721498,0.033944419503167206,0.21827279203633507,0.023627394104776153,0.10884602659575988,0.17042970421585393,0.1320754716981132,0.1509433962264151,0.16981132075471697,0.05660377358490566,0.09433962264150944,0.18867924528301888,0.05660377358490566,0.07547169811320754,0.07547169811320754,0.11214953271028037,0.21495327102803738,0.102803738317757,0.04672897196261682,0.04672897196261682,0.19626168224299065,0.009345794392523364,0.056074766355140186,0.21495327102803738,10,7,0.588,350,315,35,0.5,0.5
40,baltimore-ravens,2023,0.7902089929587852,0.703299172515832,1.4615346337853892,1.9410000569859582,0.6424732567427177,1.0813466629658945,0.7990029112414703,0.30816779030206043,0.6912399658952783,1.1909346292072107,0.7907569494407587,0.2664483384685814,0.21321619248396304,0.6189809821324498,0.6900474027185807,0.8606739515899449,5.323128223683122,0.702416691975002,18329203.0,18643767.0,48429801.0,25726998.0,8515666.0,32248612.0,7942792.0,2042306.0,13743067.0,4981404.0,5145083.0,1485989.0,297278.0,3739745.0,7696823.0,400000.0,17317544.0,5876093.0,7,8,10,4,4,9,3,2,6,9,14,12,3,13,24,1,7,18,0.10436722548512258,0.10615836566276708,0.2757612516576206,0.14649057033856286,0.048488547678695676,0.18362490503194437,0.045226579881592656,0.011628973218945677,0.07825358104474849,0.10612288775113758,0.10960987417990714,0.03165722833290076,0.006333154232196922,0.07967081948239452,0.16397166005193997,0.008521524273167772,0.36892967886912725,0.12518317282722807,0.1320754716981132,0.1509433962264151,0.18867924528301888,0.07547169811320754,0.07547169811320754,0.16981132075471697,0.05660377358490566,0.03773584905660377,0.11320754716981132,0.0891089108910891,0.13861386138613863,0.1188118811881188,0.0297029702970297,0.12871287128712872,0.2376237623762376,0.009900990099009901,0.06930693069306931,0.1782178217821782,13,4,0.765,483,280,203,0.5,0.667
41,baltimore-ravens,2024,0.9012239823275103,0.6254077120179693,0.9378732456228697,4.128454853878125,0.7067012546632775,1.255470327564435,0.5493498823192071,1.5733238245660697,0.47172217543994605,0.4137574105416414,1.2121327296082816,1.3804105986275563,0.32197584057479983,1.052017555244731,1.326272319013177,0.005136105247613607,0.11526589620977425,1.0942743867459848,18310917.0,25413857.0,34299991.0,33552500.0,14358637.0,56118556.0,6696959.0,19179917.0,11501246.0,1744738.0,5504518.0,6716463.0,522197.0,2729946.0,8604067.0,1666.0,224333.0,6389102.0,5,10,9,2,5,11,3,3,6,13,14,15,5,8,20,1,6,18,0.08344666503032504,0.1158162429662906,0.15631220760381162,0.15290573532881946,0.06543530135771088,0.2557439556149775,0.030519437906622617,0.08740687914255942,0.052413575048882895,0.05378846337041338,0.1696985821451594,0.20706158979413344,0.016098792028739994,0.08416140441957849,0.26525446380263545,5.136105247613607e-05,0.006915953772586455,0.19696938961427726,0.09259259259259259,0.18518518518518517,0.16666666666666666,0.037037037037037035,0.09259259259259259,0.2037037037037037,0.05555555555555555,0.05555555555555555,0.1111111111111111,0.13,0.14,0.15,0.05,0.08,0.2,0.01,0.06,0.18,12,5,0.706,518,361,157,0.667,0.667
42,buffalo-bills,2011,1.3535887078023447,1.1396259539828228,0.540550404051,2.885021526031389,0.8726773904754761,1.0759061685417197,0.7666117618492779,0.3986338473258277,0.6721181339567341,1.2555288774310192,1.4520999190323038,0.3694083290275619,0.05306135422671644,1.103442800491122,2.4260102302133206,0.5062904225576732,0.4004104633914515,0.8864151969926931,19025169.0,9610708.0,6078102.0,8110000.0,4906316.0,12097794.0,2155000.0,1680882.0,6612801.0,7346999.0,8497277.0,1801394.0,51750.0,5380862.0,7098162.0,1975112.0,1562059.0,4322542.0,10,6,8,2,4,8,2,3,7,6,6,5,1,5,3,4,4,5,0.27071774156046896,0.13675511447793876,0.08648806464815999,0.11540086104125556,0.06981419123803809,0.17214498696667513,0.030664470473971115,0.02391803083954966,0.09409653875394276,0.1931582888355414,0.22339998754343138,0.04736004218302075,0.0013605475442747803,0.14146702570399003,0.1866161715548708,0.051927222826428025,0.04106773983502066,0.11364297397342218,0.2,0.12,0.16,0.04,0.08,0.16,0.04,0.06,0.14,0.15384615384615385,0.15384615384615385,0.1282051282051282,0.02564102564102564,0.1282051282051282,0.07692307692307693,0.10256410256410256,0.10256410256410256,0.1282051282051282,6,10,0.375,372,434,-62,0.167,0.333
43,buffalo-bills,2012,2.0718059750106796,0.7997537872068454,0.5528770335300567,2.1398197202514675,1.1006673344178945,0.6333191386964767,0.6282138777611694,0.3207919224963084,1.0012816202842156,1.6903527529478564,1.772264587905879,0.4540391267444225,0.20670369375892925,1.094826901476119,0.8130471183868663,1.108438310432001,0.7397729621632885,1.211531338522113,24399023.0,8241148.0,7324946.0,9450000.0,4860833.0,10255307.0,3699141.0,944467.0,10317813.0,15876929.0,7566500.0,5815419.0,353000.0,3739400.0,8330929.0,1892945.0,3158384.0,6207009.0,8,7,9,3,3,11,4,2,7,11,5,15,2,4,12,2,5,6,0.30693421852010067,0.10367178723051701,0.09214617225500944,0.11887887334730377,0.06114818524543858,0.12900945417891194,0.046534361315642175,0.01188118231467809,0.12979576559239833,0.29990129487784545,0.1429245635407967,0.1098481758252635,0.006667861088997718,0.07063399364362058,0.15736395839745798,0.03575607453006455,0.05965910985187809,0.11724496824407545,0.14814814814814814,0.12962962962962962,0.16666666666666666,0.05555555555555555,0.05555555555555555,0.2037037037037037,0.07407407407407407,0.037037037037037035,0.12962962962962962,0.1774193548387097,0.08064516129032258,0.24193548387096775,0.03225806451612903,0.06451612903225806,0.1935483870967742,0.03225806451612903,0.08064516129032258,0.0967741935483871,6,10,0.375,344,435,-91,0.333,0.417
44,buffalo-bills,2013,2.444986563336157,0.6381613173947315,0.9217721040723019,0.7241388912580295,0.9859100387071738,1.0419003550938768,0.3946280764839631,0.5436759638033983,0.661608191267596,1.104939567954008,0.7774021659265958,0.4179299760460416,2.887058442564031,0.35438568366996287,1.3377039345206787,0.8941939300716933,1.1307627668229572,0.8359222976648985,29035039.0,5413129.0,14073884.0,4913939.0,8362867.0,15908037.0,2008432.0,4611668.0,8979223.0,3848068.0,1969007.0,1455485.0,3656176.0,673192.0,6352765.0,1415511.0,358000.0,2117227.0,7,5,9,4,5,9,3,5,8,11,8,11,4,6,15,5,1,8,0.31118010806096547,0.058014665217702856,0.1508354352118312,0.0526646466369476,0.0896281853370158,0.170492785378998,0.02152516780821617,0.049425087618490765,0.09623391872983213,0.17614978619556648,0.09013358445525749,0.06662651792038345,0.16736570681530613,0.030816146406083725,0.29080520315666925,0.06479666159939806,0.01638786618583996,0.09691852726549548,0.12727272727272726,0.09090909090909091,0.16363636363636364,0.07272727272727272,0.09090909090909091,0.16363636363636364,0.05454545454545454,0.09090909090909091,0.14545454545454545,0.15942028985507245,0.11594202898550725,0.15942028985507245,0.057971014492753624,0.08695652173913043,0.21739130434782608,0.07246376811594203,0.014492753623188406,0.11594202898550725,6,10,0.375,339,388,-49,0.5,0.417
45,buffalo-bills,2014,2.9260545603938306,0.6177549130761737,0.9988495176562128,1.4465292371175351,1.364169591109633,0.7540683405411446,0.4670058915012178,0.393258057685015,0.4736677969161314,0.7099900811110011,0.45221482548794767,0.6573860727069426,3.508316852638262,0.2688383833739875,0.6289685320229189,1.2938151979575878,0.08084423783864234,1.9887857722053421,36528232.0,11567878.0,16625895.0,6019386.0,11353332.0,14120439.0,3886667.0,3272899.0,6898694.0,4234483.0,1716320.0,2851451.0,7608766.0,728814.0,5797400.0,1403000.0,131500.0,12939714.0,6,9,8,2,4,9,4,4,7,11,7,8,4,5,17,2,3,12,0.3312514596672261,0.10490177769218044,0.15076973851414532,0.054586008947831506,0.102956195555444,0.12804934084660943,0.03524572766046927,0.02967985341018981,0.06255989770590414,0.1131868245249422,0.045876866353849764,0.0762186750964571,0.20338068710946447,0.01948104227347736,0.15496326151289305,0.03750188979587211,0.0035149668625496667,0.3458757864704943,0.11320754716981132,0.16981132075471697,0.1509433962264151,0.03773584905660377,0.07547169811320754,0.16981132075471697,0.07547169811320754,0.07547169811320754,0.1320754716981132,0.15942028985507245,0.10144927536231885,0.11594202898550725,0.057971014492753624,0.07246376811594203,0.2463768115942029,0.028985507246376812,0.043478260869565216,0.17391304347826086,9,7,0.563,343,289,54,0.667,0.417
46,buffalo-bills,2015,2.2487807613852016,0.5894803750950307,0.9966826108692493,0.7162105020574754,1.060303664758947,0.7844444378322258,0.6137646598336145,0.2028008409782933,0.5158959134047575,1.2512083563662018,0.8937901526320484,0.7531695537914884,0.8331147589585088,0.6885271089028937,1.0953006261401312,0.11151685422196665,1.4201007811587172,1.02702878285964,35036175.0,6122766.0,13803014.0,3719538.0,9177562.0,13579671.0,4250000.0,702145.0,5358465.0,9517934.0,4249410.0,2864678.0,2376562.0,2946162.0,9373438.0,212077.0,6751686.0,8300889.0,9,6,8,3,5,10,4,2,6,16,10,8,6,9,18,4,10,17,0.3818684311786191,0.06673362736924876,0.15044265824441497,0.040540217097592944,0.1000286476187686,0.14800838449664638,0.046321861119518075,0.007652861923709181,0.05840331095148198,0.20427891532509418,0.09120307679918861,0.06148322888093783,0.051007026058684214,0.06323208142985759,0.2011776660257384,0.004551708335590475,0.1449082429753793,0.1781580541695294,0.16981132075471697,0.11320754716981132,0.1509433962264151,0.05660377358490566,0.09433962264150944,0.18867924528301888,0.07547169811320754,0.03773584905660377,0.11320754716981132,0.16326530612244897,0.10204081632653061,0.08163265306122448,0.061224489795918366,0.09183673469387756,0.1836734693877551,0.04081632653061224,0.10204081632653061,0.17346938775510204,8,8,0.5,379,359,20,0.667,0.583
47,buffalo-bills,2016,1.790266252751212,0.3548128347379785,0.8694185888275824,1.6163466002484745,1.047600082319911,0.9869656605932858,0.6666358986280359,0.8120767713172284,0.7314554432518194,1.9474231474185695,0.695763139490428,1.1924378598208953,0.0,0.3262949591737755,1.2064215723106095,0.08795657474204371,0.49071972253412793,1.0161903566762123,30400124.0,4518750.0,14763409.0,10292562.0,11118169.0,20949313.0,4245000.0,6894850.0,9315515.0,8952802.0,3198601.0,7766084.0,0.0,1125046.0,10630271.0,235876.0,1315979.0,6618223.0,8,6,8,3,5,10,3,4,6,12,12,17,0,9,23,7,7,17,0.2702288683398056,0.04016749072505416,0.13123299454001244,0.09149131699519666,0.09883019644527463,0.1862199359609973,0.03773410746951146,0.06128881292960215,0.0828062765945456,0.22470267085598877,0.08028036224889555,0.19491772708610788,0.0,0.02823706377465365,0.26680477079946174,0.00592015406917602,0.03302921209364323,0.16610803907207314,0.1509433962264151,0.11320754716981132,0.1509433962264151,0.05660377358490566,0.09433962264150944,0.18867924528301888,0.05660377358490566,0.07547169811320754,0.11320754716981132,0.11538461538461539,0.11538461538461539,0.16346153846153846,0.0,0.08653846153846154,0.22115384615384615,0.0673076923076923,0.0673076923076923,0.16346153846153846,7,9,0.438,399,378,21,0.167,0.333
48,buffalo-bills,2017,1.5359615678215763,0.5004590986837135,1.1754705550419917,1.7924084169156416,1.6047853487264154,0.6620082662835032,0.6961076833042755,1.3603207530051968,0.24395299373276325,1.5974770404505179,0.1911444176115777,3.196138432504742,0.15542398261934892,0.5189645579403511,0.49460489799108787,0.30287699939799895,0.153428371440145,1.2997046441064424,21700927.0,7070767.0,21352767.0,10853208.0,12956176.0,13361749.0,4215000.0,10982500.0,2461932.0,13986251.0,1004106.0,14924198.0,181436.0,2726187.0,5773828.0,707134.0,447766.0,9861965.0,7,7,9,3,4,10,3,4,5,15,9,8,2,9,20,4,5,13,0.20676405720675065,0.06736949405357681,0.20344682683419085,0.10340817789897933,0.12344502682510888,0.12730928197759678,0.04016005865216974,0.10464005792347666,0.02345701862815031,0.28190771302067963,0.020238820688284698,0.3008130289416228,0.003657034885161151,0.054949188487801885,0.11637762305672655,0.014253035265788186,0.009025198320008532,0.19877835733392651,0.1346153846153846,0.1346153846153846,0.17307692307692307,0.057692307692307696,0.07692307692307693,0.19230769230769232,0.057692307692307696,0.07692307692307693,0.09615384615384616,0.17647058823529413,0.10588235294117647,0.09411764705882353,0.023529411764705882,0.10588235294117647,0.23529411764705882,0.047058823529411764,0.058823529411764705,0.15294117647058825,9,7,0.563,302,359,-57,0.5,0.583
49,buffalo-bills,2018,1.83525512296284,0.8256271143849584,0.6443404961943439,0.8446928381096376,1.718661103916071,0.8533087209570751,0.6353192752735105,1.7176052234304944,0.22213145999779801,1.6720228188121231,0.36910753250130396,2.7821520438356733,2.6959405752734047,0.3163645520428996,0.38604580175333725,0.2759754532050096,0.06055898303065778,0.9351552688820549,32413909.0,8101145.0,11380213.0,4972932.0,13490955.0,16745520.0,3740294.0,10112000.0,3051410.0,14398313.0,2825334.0,23957984.0,10318040.0,1513508.0,6648723.0,1320284.0,289718.0,14316294.0,9,5,9,3,4,10,3,3,7,9,8,9,4,5,18,5,5,16,0.3116470963521804,0.07788935041367533,0.10941631067451124,0.0478128021571493,0.12971027199366575,0.1610016454635991,0.03596146841170814,0.09722293717531101,0.02933811735819974,0.19048361226973554,0.03737797797481559,0.31695403031039315,0.13650332026700782,0.02002307291410757,0.08795980293114013,0.0174668008357601,0.0038328470272568213,0.18939853546978325,0.16981132075471697,0.09433962264150944,0.16981132075471697,0.05660377358490566,0.07547169811320754,0.18867924528301888,0.05660377358490566,0.05660377358490566,0.1320754716981132,0.11392405063291139,0.10126582278481013,0.11392405063291139,0.05063291139240506,0.06329113924050633,0.22784810126582278,0.06329113924050633,0.06329113924050633,0.20253164556962025,6,10,0.375,269,374,-105,0.333,0.333
50,buffalo-bills,2019,1.7634402840944408,0.6542643844738344,1.1192739155826803,1.1426294068799654,0.4655739795660461,0.7099238276678534,0.7450682641736426,0.8524723399418882,1.0711315233299263,0.6685708837729499,0.5243027829170417,1.0619180489487658,1.3965735736634537,2.1578347473119517,0.6362933121451085,0.0019099559881585867,2.8888621630347653,0.4859171136550607,45762408.0,9432545.0,29045877.0,6589326.0,6712191.0,20469977.0,6445000.0,9832091.0,18531034.0,2099746.0,2012573.0,3705679.0,2436748.0,3765000.0,888166.0,1333.0,5040500.0,2034793.0,9,5,9,2,5,10,3,4,6,9,11,10,5,5,4,2,5,12,0.2994521237141503,0.06172305513904098,0.19006538189139857,0.043118090825659074,0.04392207354396662,0.13394789201280255,0.04217367533058354,0.06433753508995384,0.1212601724524445,0.09551012625327855,0.09154493035059459,0.16855842046805805,0.11083917251297253,0.17125672597713903,0.040399575374292604,6.063352343360593e-05,0.22927477484402903,0.09255564069620204,0.16981132075471697,0.09433962264150944,0.16981132075471697,0.03773584905660377,0.09433962264150944,0.18867924528301888,0.05660377358490566,0.07547169811320754,0.11320754716981132,0.14285714285714285,0.1746031746031746,0.15873015873015872,0.07936507936507936,0.07936507936507936,0.06349206349206349,0.031746031746031744,0.07936507936507936,0.19047619047619047,10,6,0.625,314,259,55,0.5,0.583
51,buffalo-bills,2020,1.3331986541217948,0.6946718773411875,1.1772654671899723,0.7428059701580028,0.33410768584350337,1.0560704405684256,0.2061873809043921,0.8149699168289624,1.4914839908418724,0.7757194496517834,0.6099347129023407,2.1021703608771376,0.35572246720797407,1.0000717619963084,0.4284529888360464,1.4814148286091935,0.6836467960074809,1.074439569949525,51319306.0,16044156.0,36253530.0,8577931.0,5144372.0,36586537.0,2381054.0,9411281.0,34447345.0,1539776.0,1331769.0,7093649.0,211829.0,1588086.0,1615882.0,882167.0,814209.0,2985815.0,10,6,8,3,4,9,3,3,6,10,11,17,3,8,19,3,6,14,0.25638435656188363,0.08015444738552163,0.18111776418307265,0.04285419058603862,0.025700591218731028,0.18278142240607362,0.011895425821407237,0.04701749520167091,0.17209430663560063,0.08524389556613005,0.07372837188929392,0.392713144339685,0.011727114303559584,0.08791839665901612,0.0894572174492844,0.04883785149261077,0.045075612923570166,0.16529839537684998,0.19230769230769232,0.11538461538461539,0.15384615384615385,0.057692307692307696,0.07692307692307693,0.17307692307692307,0.057692307692307696,0.057692307692307696,0.11538461538461539,0.10989010989010989,0.12087912087912088,0.18681318681318682,0.03296703296703297,0.08791208791208792,0.2087912087912088,0.03296703296703297,0.06593406593406594,0.15384615384615385,13,3,0.813,501,375,126,1.0,0.833
52,buffalo-bills,2021,1.313180675072053,1.094137873660323,1.2471677068505762,2.109840525293881,0.3671791539229783,0.7263131783295584,0.40802718402260507,0.32548531654575413,1.029155783800281,1.6854280290042971,0.38970903624241565,0.6277783658455165,1.5580810078859078,0.6862030624695481,2.007612448101677,0.8618661325182295,0.45707004035263793,1.0673189440851527,43483171.0,23055478.0,33788694.0,12702338.0,5526524.0,19677525.0,3684804.0,1959591.0,21686187.0,3642542.0,561492.0,6482263.0,1122440.0,823900.0,7713504.0,827850.0,548788.0,2050388.0,11,7,9,2,5,9,3,2,7,9,6,43,3,5,16,4,5,8,0.2626361350144106,0.13925391119313202,0.20408198839373065,0.07672147364705022,0.033379923083907116,0.11885124736301866,0.02225602821941482,0.011835829692572878,0.13098346339276304,0.15322072990948157,0.023618729469237314,0.27267141142785056,0.047214575996542656,0.034656720326744855,0.3244626178750185,0.03482287404114059,0.02308434547235545,0.08624799548162851,0.2,0.12727272727272726,0.16363636363636364,0.03636363636363636,0.09090909090909091,0.16363636363636364,0.05454545454545454,0.03636363636363636,0.12727272727272726,0.09090909090909091,0.06060606060606061,0.43434343434343436,0.030303030303030304,0.050505050505050504,0.16161616161616163,0.04040404040404041,0.050505050505050504,0.08080808080808081,11,6,0.647,483,289,194,0.833,0.583
53,buffalo-bills,2022,0.9170853851452948,1.1058907208272135,0.918010458873937,3.2255408701587602,0.5294774476932271,1.1136128626916901,0.3271758955814551,0.46471359750183283,1.2545245841664152,1.2633332147441438,0.4732679933765059,1.2312034983580578,0.46280179509492086,0.6568504138992978,1.0147326851351641,0.6820011699264876,1.0208645013739075,0.8512119642445535,22600338.0,23846543.0,28278919.0,19872281.0,8155163.0,37734804.0,3023554.0,4294591.0,15458037.0,13860142.0,1081722.0,7879459.0,634680.0,1501326.0,7885679.0,935287.0,1866666.0,7782269.0,8,7,10,2,5,11,3,3,4,24,5,14,3,5,17,3,4,20,0.13842798266344072,0.14606103859982067,0.17320952054225228,0.12171852340221738,0.04995070261256859,0.23112719791714328,0.01851939031593142,0.026304543254820727,0.09468110069180494,0.31915786477746794,0.024908841756658206,0.18144051554750326,0.01461479352931329,0.034571074415752516,0.1815837436557662,0.02153687905031014,0.04298376847890137,0.17920251878832705,0.1509433962264151,0.1320754716981132,0.18867924528301888,0.03773584905660377,0.09433962264150944,0.20754716981132076,0.05660377358490566,0.05660377358490566,0.07547169811320754,0.25263157894736843,0.05263157894736842,0.14736842105263157,0.031578947368421054,0.05263157894736842,0.17894736842105263,0.031578947368421054,0.042105263157894736,0.21052631578947367,13,3,0.813,455,286,169,0.667,0.818
54,buffalo-bills,2023,1.0503429368926853,0.3944926987164079,1.123778931506575,2.87234457766844,0.3692905180115228,0.9774180952301937,0.46817945557744867,0.9372484757645686,1.4340039496196182,0.5997395350338606,4.718101212902631,0.6668301233042558,0.42582958618612327,1.2313146454853323,2.230066271116408,0.4833156365500039,0.41200868546957853,0.2053437491258997,39678708.0,6773961.0,34734185.0,19728781.0,5072965.0,36923833.0,4823556.0,9656277.0,24623743.0,5401506.0,7498800.0,6005752.0,451200.0,5871037.0,17721982.0,512111.0,1309667.0,1849412.0,11,5,9,2,4,11,3,3,5,17,3,17,2,9,15,2,6,17,0.21799570388338754,0.0372162923317366,0.1908303845954561,0.10839036142145057,0.027870982491435686,0.20286035938739871,0.026500723900610302,0.05305180051497558,0.1352833914735489,0.1158587738133594,0.16084435953077153,0.12881945563832214,0.00967794514059371,0.12592990692463624,0.38012493257666047,0.010984446285227361,0.028091501282016717,0.03966867880841244,0.20754716981132076,0.09433962264150944,0.16981132075471697,0.03773584905660377,0.07547169811320754,0.20754716981132076,0.05660377358490566,0.05660377358490566,0.09433962264150944,0.19318181818181818,0.03409090909090909,0.19318181818181818,0.022727272727272728,0.10227272727272728,0.17045454545454544,0.022727272727272728,0.06818181818181818,0.19318181818181818,11,6,0.647,451,311,140,0.667,0.583
55,buffalo-bills,2024,1.1213604392242447,1.0129410195056168,0.8513718024948392,3.2707274652103133,0.4501222665621896,0.753510872749022,0.7750866311561262,1.1869288747872224,0.5808314282703415,0.3994128606534349,1.3308909406359986,0.9432412009721952,0.3695111228218598,0.28586732522664826,0.9800230984300236,0.0764117460050266,0.14459249686587738,1.9778190340669561,40753882.0,16733440.0,25315869.0,32418781.0,5948693.0,24895485.0,7682500.0,11764596.0,9595137.0,6063002.0,7696244.0,12272743.0,1068400.0,1239830.0,16293355.0,165702.0,418073.0,35741513.0,11,5,9,3,4,10,3,3,5,21,8,18,4,6,23,3,4,25,0.23273518549937156,0.09556047353826573,0.1445725702349727,0.18513551689869695,0.03397149181601431,0.14217186278283434,0.04387282817864865,0.06718465328984279,0.05479541776135298,0.07488991137251905,0.09506363861685704,0.1515923358705314,0.013196825815066423,0.015314320994284727,0.20125474342759414,0.0020467431965632125,0.005164017745209907,0.44147746296137413,0.20754716981132076,0.09433962264150944,0.16981132075471697,0.05660377358490566,0.07547169811320754,0.18867924528301888,0.05660377358490566,0.05660377358490566,0.09433962264150944,0.1875,0.07142857142857142,0.16071428571428573,0.03571428571428571,0.05357142857142857,0.20535714285714285,0.026785714285714284,0.03571428571428571,0.22321428571428573,13,4,0.765,525,368,157,0.833,0.75
56,carolina-panthers,2011,0.7903689621389527,0.7433878854740379,1.5032085956044041,0.9977861914257,1.4960622336916978,0.9063996208311182,0.9412375592932094,0.8832159196571563,0.9197764732628017,0.8194498880831325,1.332943378751036,1.2823847848577334,0.06741441247896365,1.5885073422169607,0.4068913631299164,1.329279551985875,1.1171132426934096,0.0,15879020.0,16292880.0,30200426.0,5467136.0,10929764.0,14899214.0,5157291.0,6452500.0,13439200.0,739754.0,802205.0,1157666.0,20286.0,956011.0,367319.0,400000.0,672312.0,0.0,11,12,11,3,4,9,3,4,8,3,2,3,1,2,3,1,2,0,0.13375474743889967,0.137240840395207,0.25438914694843756,0.04605167037349385,0.0920653682271814,0.12550148596123176,0.043441733505840435,0.05435174890197885,0.11320325824772944,0.14460880377937635,0.1568168680883572,0.22630319732783533,0.003965553675233157,0.18688321673140715,0.07180435819939701,0.07819291482269854,0.13142508737569525,0.0,0.16923076923076924,0.18461538461538463,0.16923076923076924,0.046153846153846156,0.06153846153846154,0.13846153846153847,0.046153846153846156,0.06153846153846154,0.12307692307692308,0.17647058823529413,0.11764705882352941,0.17647058823529413,0.058823529411764705,0.11764705882352941,0.17647058823529413,0.058823529411764705,0.11764705882352941,0.0,6,10,0.375,406,429,-23,0.333,0.25
57,carolina-panthers,2012,1.5318341503240036,0.8810183601476098,1.0376870149850974,1.2535036891905698,2.1040525246389805,0.4627868393740326,0.2616133660298185,0.6851861520952109,1.1069747498064644,0.8104497568914526,1.5379697944012494,1.11511141225574,0.044940756728542704,0.1167389656924764,1.750101835559363,0.7226841874484827,0.0,0.1454413128645041,18173013.0,10452018.0,15828000.0,6373295.0,14263750.0,7058959.0,1773524.0,4645000.0,11256571.0,2926659.0,8330769.0,10067098.0,40572.0,526953.0,12639775.0,1957293.0,0.0,525211.0,7,7,9,3,4,9,4,4,6,4,6,10,1,5,8,3,0,4,0.20231771796732126,0.11636091549119373,0.17621100254463917,0.07095303901078696,0.15879641695388533,0.07858644442200553,0.01974440498338253,0.05171216242228007,0.1253178962045054,0.07906826896501977,0.22506875040018284,0.2719783932331073,0.0010961160177693342,0.014236459230789806,0.3414832849871928,0.052879330788913374,0.0,0.01418939637702479,0.1320754716981132,0.1320754716981132,0.16981132075471697,0.05660377358490566,0.07547169811320754,0.16981132075471697,0.07547169811320754,0.07547169811320754,0.11320754716981132,0.0975609756097561,0.14634146341463414,0.24390243902439024,0.024390243902439025,0.12195121951219512,0.1951219512195122,0.07317073170731707,0.0,0.0975609756097561,7,9,0.438,357,363,-6,0.5,0.417
58,carolina-panthers,2013,0.70402179853657,1.2893525314754926,0.9688244166111635,2.40050000402403,1.613482402916617,0.4576264352272207,0.5071911855694868,0.892603027972862,1.2573170889337468,1.9987159858948107,1.7275575110606025,0.7627801165121295,0.8135275104150949,0.3724644911589261,1.1340309002760383,1.1569416323802226,0.0,0.1937905159080315,7697994.0,12335910.0,11917607.0,6561954.0,11026450.0,5629309.0,2079670.0,4880000.0,10310923.0,10541734.0,7086781.0,6705159.0,953500.0,654824.0,8639462.0,2034001.0,0.0,1476367.0,8,7,9,2,5,9,3,4,6,9,7,15,2,3,13,3,0,13,0.10626744128853888,0.17029184377978204,0.16451735376415985,0.09058490581222754,0.15221532102986954,0.07771014937820729,0.028708935032235105,0.06736626626210279,0.14233778365287697,0.2767452903546661,0.18604465503729567,0.17602618073356838,0.025031615705079842,0.017190668822719666,0.22680618005520764,0.05339730610985642,0.0,0.0387581031816063,0.1509433962264151,0.1320754716981132,0.16981132075471697,0.03773584905660377,0.09433962264150944,0.16981132075471697,0.05660377358490566,0.07547169811320754,0.11320754716981132,0.13846153846153847,0.1076923076923077,0.23076923076923078,0.03076923076923077,0.046153846153846156,0.2,0.046153846153846156,0.0,0.2,12,4,0.75,366,241,125,0.833,0.75
59,carolina-panthers,2014,1.1998661904682268,0.8265799675485461,0.8396063910010884,1.7548495744507198,2.172207944640875,0.3939203217345607,0.6662983180952621,1.7923600781374924,0.5943088680140107,2.5614391083264,1.8133984166357513,0.6338595580584948,0.21806341779394608,0.1220762839460563,0.682357700815283,0.002263531347335313,0.2698288299634038,0.9973242417167415,19926809.0,8236469.0,13943785.0,8743113.0,14430000.0,6542042.0,3319670.0,8930000.0,3948000.0,13586133.0,12824599.0,5229864.0,257029.0,647505.0,4825726.0,1334.0,954133.0,7053212.0,10,6,10,3,4,10,3,3,4,9,12,14,2,9,12,1,6,12,0.22638984725815603,0.09357509066587315,0.15841630018888458,0.09933110798777658,0.16394022223704716,0.07432458900652089,0.03771499913746766,0.10145434404551844,0.04485349947275552,0.2993889866875013,0.2826075454497275,0.11524719237427179,0.005663984877764834,0.014268656565123463,0.10634145986731684,2.9396511004354717e-05,0.02102562311403147,0.15542715455325842,0.18867924528301888,0.11320754716981132,0.18867924528301888,0.05660377358490566,0.07547169811320754,0.18867924528301888,0.05660377358490566,0.05660377358490566,0.07547169811320754,0.11688311688311688,0.15584415584415584,0.18181818181818182,0.025974025974025976,0.11688311688311688,0.15584415584415584,0.012987012987012988,0.07792207792207792,0.15584415584415584,7,8,0.469,339,374,-35,0.667,0.5
60,carolina-panthers,2015,1.4310480057919275,1.2879415262086802,0.9718527886461266,2.2526394398267287,1.1626646972816845,0.3571475954642726,0.6971035034128905,1.1894161082828087,0.4693033143055206,0.43843759391960097,0.10086680494961654,0.8906209618828363,0.0,1.7359260065549766,1.5684945556421748,0.053780677616724684,0.45723438389192894,2.2886545748132265,29405025.0,17642992.0,17750693.0,15429000.0,13272396.0,8154035.0,4774670.0,8146666.0,6428797.0,2124333.0,293234.0,4027583.0,0.0,4485850.0,5573131.0,34744.0,1033857.0,6653441.0,9,6,8,3,5,10,3,3,6,15,9,14,0,8,11,2,7,9,0.24300815192693112,0.14580470108022797,0.14669476055035874,0.12750789282038089,0.10968534880015891,0.06738633876684388,0.03945868887242776,0.06732544009147974,0.05312867709119101,0.08768751878392018,0.012104016593953985,0.16624924621812945,0.0,0.18516544069919752,0.23004586816085232,0.0014341514031126583,0.042675209163246706,0.27463854897758716,0.16981132075471697,0.11320754716981132,0.1509433962264151,0.05660377358490566,0.09433962264150944,0.18867924528301888,0.05660377358490566,0.05660377358490566,0.11320754716981132,0.2,0.12,0.18666666666666668,0.0,0.10666666666666667,0.14666666666666667,0.02666666666666667,0.09333333333333334,0.12,15,1,0.938,500,308,192,0.833,0.917
61,carolina-panthers,2016,0.8159200414426189,1.1954184065106972,0.35273355015702285,3.981264491124462,1.6484366290205301,0.4259553049920891,0.9030189552573824,1.42009188224975,0.6376670880322821,0.7344608004028598,0.04001223061748089,2.864670485352491,0.0,0.9025791382965763,0.4280746246325451,2.8173009466383596,0.10941439808472607,0.6789584455201676,15240699.0,17863527.0,5929889.0,22310000.0,12316563.0,6365189.0,5060290.0,7957836.0,5955542.0,5909819.0,60367.0,20169182.0,0.0,2723467.0,4736175.0,2833667.0,385175.0,3414513.0,10,8,9,3,4,8,3,3,5,16,3,14,0,6,22,2,7,10,0.1539471776306828,0.18044051419029392,0.059898150026664265,0.2253545938372337,0.12441031162419096,0.06429514037616439,0.05111428048626693,0.08038255937262735,0.060157272455875675,0.14689216008057196,0.0015004586481555335,0.501317334936686,0.0,0.06769343537224322,0.1177205217739499,0.07043252366595898,0.009573759832413532,0.08486980569002096,0.18867924528301888,0.1509433962264151,0.16981132075471697,0.05660377358490566,0.07547169811320754,0.1509433962264151,0.05660377358490566,0.05660377358490566,0.09433962264150944,0.2,0.0375,0.175,0.0,0.075,0.275,0.025,0.0875,0.125,6,10,0.375,369,402,-33,0.167,0.417
62,carolina-panthers,2017,1.1960999066208133,1.204332864919236,0.8505027217095312,2.674453077504171,0.8285482683046116,0.48733343421328756,0.6570935538505865,2.6171873742860923,0.32101104434616057,0.6021089192430662,4.065580320596919,1.425016292263618,0.23067983739112408,0.20828291025991508,0.3757379558474777,1.4146965450492912,0.4275902897658463,0.9423968675103278,33857368.0,17045207.0,21667258.0,22711299.0,11726639.0,12415221.0,5580000.0,14816668.0,4543345.0,2406438.0,10832555.0,5062522.0,307318.0,462467.0,2502842.0,2512930.0,1139295.0,5858939.0,10,5,9,3,5,9,3,2,5,9,6,8,3,5,15,4,6,14,0.23452939345506144,0.11807184950188589,0.15008871559579964,0.15732076926495123,0.08123022238280507,0.08600001780234486,0.038652561991210976,0.10263479899161146,0.03147167101432947,0.07741400390267994,0.3484783131940216,0.16285900483012777,0.009886278745333888,0.014877350732851078,0.08051527625303094,0.08083980257424521,0.036650596265643966,0.18847937350206556,0.19607843137254902,0.09803921568627451,0.17647058823529413,0.058823529411764705,0.09803921568627451,0.17647058823529413,0.058823529411764705,0.0392156862745098,0.09803921568627451,0.12857142857142856,0.08571428571428572,0.11428571428571428,0.04285714285714286,0.07142857142857142,0.21428571428571427,0.05714285714285714,0.08571428571428572,0.2,11,5,0.688,363,327,36,0.5,0.583
63,carolina-panthers,2018,1.6510605667078218,0.9263270304050591,1.060216243405261,2.762014477113587,0.5257625152528687,0.5413366793728827,0.3161135240148717,0.17428550811300075,0.7761942094587138,0.08228586603729884,1.2245162935971725,1.2531576784897305,0.2720576359523579,0.8948387635251537,0.8491997885636522,1.7496384108511327,5.5696186248281645,0.5155194716884025,43018046.0,14481157.0,24861346.0,21589117.0,5479454.0,12693975.0,2470882.0,1362292.0,12134149.0,416983.0,3545844.0,12700734.0,787800.0,5182387.0,9221386.0,3799834.0,8064000.0,2612391.0,10,6,9,3,4,9,3,3,6,7,4,14,4,8,15,3,2,7,0.31152086164298526,0.10486721098925199,0.18003672057825185,0.15634044210076908,0.03968018983040518,0.09192509649728195,0.017893218340464433,0.009865217440358533,0.08787104258023175,0.009000016597829561,0.07653226834982328,0.27412824216962856,0.017003602247022367,0.11185484544064421,0.19903120044460598,0.08201430050864686,0.17405058202588014,0.056384942215919026,0.18867924528301888,0.11320754716981132,0.16981132075471697,0.05660377358490566,0.07547169811320754,0.16981132075471697,0.05660377358490566,0.05660377358490566,0.11320754716981132,0.109375,0.0625,0.21875,0.0625,0.125,0.234375,0.046875,0.03125,0.109375,7,9,0.438,376,382,-6,0.333,0.417
64,carolina-panthers,2019,0.7872494355040816,2.011475905954925,1.08768048406232,0.2704777545473525,0.7074391036568476,0.7077348420194725,0.46227972329921246,1.3305810095876691,0.6784391578828325,2.2258643281464168,0.07163560913908866,0.5281430663578214,25.242961998038474,0.20961750202877613,0.48462624427824685,1.9375605421554747,0.24943745853665172,0.16564238532692388,13918958.0,40009371.0,19230727.0,1195545.0,6253936.0,15641376.0,3065000.0,8821998.0,8996354.0,20457208.0,263352.0,9222589.0,23200000.0,770611.0,5344854.0,3561500.0,917000.0,2435786.0,8,9,8,2,4,10,3,3,6,10,4,19,1,4,12,2,4,16,0.11883010347231421,0.34157138025649675,0.16417818627355774,0.01020670771876802,0.053391630464667744,0.13353487585273066,0.026166776790521463,0.07531590620307561,0.07680443296786783,0.30914782335366897,0.003979756063282703,0.13937108695553618,0.350596694417201,0.011645416779376451,0.08077104071304114,0.0538211261709854,0.013857636585369539,0.03680941896153864,0.1509433962264151,0.16981132075471697,0.1509433962264151,0.03773584905660377,0.07547169811320754,0.18867924528301888,0.05660377358490566,0.05660377358490566,0.11320754716981132,0.1388888888888889,0.05555555555555555,0.2638888888888889,0.013888888888888888,0.05555555555555555,0.16666666666666666,0.027777777777777776,0.05555555555555555,0.2222222222222222,5,11,0.313,340,470,-130,0.167,0.167
65,carolina-panthers,2020,0.5582953535367287,1.1177914197530716,1.788343023711258,2.2982287120036444,1.1246445639182818,0.5395711392916063,0.3665337340254686,0.31909316175972374,1.3381958253144737,2.1191594166434964,0.5649436603246563,1.8679518176015069,2.5487913295216553,0.09984833393593763,0.9178312273217308,0.2957872337909881,0.7498717045150071,0.4970218759809823,10052961.0,15095657.0,32201849.0,15518670.0,12656840.0,13359229.0,2475000.0,2872880.0,15060163.0,28268858.0,7092851.0,23452080.0,2000000.0,705146.0,10082926.0,2785200.0,4118895.0,6240095.0,8,6,8,3,5,11,3,4,5,17,16,16,1,9,14,12,7,16,0.08427099676026092,0.1265424248777062,0.26993856961679363,0.13008841766058363,0.10609854376587563,0.11198646287184282,0.020747192492007658,0.02408250277431877,0.12624488918061072,0.3335713896568467,0.08369535708513427,0.27673360260763064,0.023599919717793103,0.008320694494661468,0.11897812206022437,0.03286524819899868,0.048602795663009714,0.07363287051570108,0.1509433962264151,0.11320754716981132,0.1509433962264151,0.05660377358490566,0.09433962264150944,0.20754716981132076,0.05660377358490566,0.07547169811320754,0.09433962264150944,0.1574074074074074,0.14814814814814814,0.14814814814814814,0.009259259259259259,0.08333333333333333,0.12962962962962962,0.1111111111111111,0.06481481481481481,0.14814814814814814,5,11,0.313,350,402,-52,0.167,0.333
66,carolina-panthers,2021,1.2415813420000972,1.1276612974985876,0.7455923060994089,2.248635874936952,0.3176189961409261,0.9014380457802156,0.29374827567795775,0.9450357494291669,1.2309787999978543,1.2981857011140832,0.9738021385371569,0.8898335758062501,3.695883435823393,1.0612984173587634,1.1672458093548077,0.4034866913078146,0.5298005609194002,0.22870617659874107,19305357.0,13637566.0,11593220.0,11654685.0,2194960.0,18688622.0,1522498.0,3265415.0,14887054.0,16660387.0,8591949.0,11419762.0,17786799.0,8512670.0,13107463.0,3883638.0,2124764.0,2935122.0,9,7,9,3,4,12,3,2,7,16,11,16,6,10,14,12,5,16,0.1995398585357299,0.14095766218732345,0.11982733490883357,0.1204626361573367,0.022687071152923288,0.1931652955243319,0.015736514768462023,0.03375127676532739,0.1538723499997318,0.19595255865872954,0.1010549389047993,0.1343145020084906,0.20920094919755056,0.10012249220365693,0.15416454085818218,0.04567773863862053,0.024990592496198127,0.03452168703377224,0.16071428571428573,0.125,0.16071428571428573,0.05357142857142857,0.07142857142857142,0.21428571428571427,0.05357142857142857,0.03571428571428571,0.125,0.1509433962264151,0.10377358490566038,0.1509433962264151,0.05660377358490566,0.09433962264150944,0.1320754716981132,0.11320754716981132,0.04716981132075472,0.1509433962264151,5,12,0.294,304,404,-100,0.333,0.25
67,carolina-panthers,2022,1.011827858274188,1.3623698522691245,1.1931794922909118,4.084722845724415,0.4606205864625232,0.5167054346758765,0.5141028217046772,0.8729246897121921,0.68581980638666,0.4782652687486538,0.6585140267736503,2.1002176226546845,0.7521472331474397,1.3586992045988837,0.9245249293789504,0.6495188004758992,0.5054506278836141,1.5018081224009532,19572085.0,23058632.0,28850029.0,19753000.0,4454960.0,11244134.0,3729166.0,4221310.0,13266015.0,4476546.0,7190946.0,14743472.0,4693381.0,8478251.0,18028168.0,2026491.0,1577000.0,12885465.0,8,7,10,2,4,9,3,2,8,12,14,9,8,8,25,4,4,11,0.15272873332440573,0.17993564086573344,0.22512820609262485,0.15414048474431755,0.034763817846228166,0.08774243230345073,0.029100159719132674,0.032940554328761966,0.1035199707753449,0.06041245499982996,0.09704417236664323,0.19896798530412801,0.06333871437031072,0.11441677512411653,0.2432960340470922,0.027348160020037864,0.0212821317003627,0.1738935720674788,0.1509433962264151,0.1320754716981132,0.18867924528301888,0.03773584905660377,0.07547169811320754,0.16981132075471697,0.05660377358490566,0.03773584905660377,0.1509433962264151,0.12631578947368421,0.14736842105263157,0.09473684210526316,0.08421052631578947,0.08421052631578947,0.2631578947368421,0.042105263157894736,0.042105263157894736,0.11578947368421053,7,10,0.412,347,374,-27,0.667,0.5
68,carolina-panthers,2023,0.9661540920222944,1.3978023642619946,0.9946644077060229,1.7542214201837916,0.588214507848254,1.0823764238369473,0.6209535247440577,0.9927668104123786,0.571584831985802,0.7054129624326448,1.353730748722173,0.8406535841137242,0.0798702591939159,2.788847778397365,0.1621290499389792,0.2401779212957499,1.3488440277212672,1.7377852787542287,19899870.0,25191711.0,25608871.0,9032922.0,4543294.0,33440551.0,4796166.0,5112003.0,8829697.0,7796756.0,18168693.0,13937306.0,378337.0,19815717.0,3455947.0,758465.0,3194666.0,28810970.0,8,7,10,2,3,12,3,2,6,14,17,21,6,9,27,4,3,21,0.14583457992789348,0.1846154066006408,0.18767252975585336,0.06619703472391666,0.033295160821599286,0.2450663601140258,0.035148312721361756,0.037462898506127496,0.06470771682858135,0.08094902847587727,0.18863461252686017,0.14470266611793614,0.0039280455341270115,0.20573467217685476,0.03588101924879048,0.007874685944122948,0.033168295763637716,0.29912697421179346,0.1509433962264151,0.1320754716981132,0.18867924528301888,0.03773584905660377,0.05660377358490566,0.22641509433962265,0.05660377358490566,0.03773584905660377,0.11320754716981132,0.11475409836065574,0.13934426229508196,0.1721311475409836,0.04918032786885246,0.07377049180327869,0.22131147540983606,0.03278688524590164,0.02459016393442623,0.1721311475409836,2,15,0.118,236,416,-180,0.167,0.083
69,carolina-panthers,2024,0.5382676526442354,0.6850396597256155,1.9988973183927379,1.6062315679555157,1.033723085498551,0.7876357367467319,0.7550307546390074,0.615282546653155,0.7410925078638267,0.7783705335836725,0.609949007858319,1.802426152279793,0.22965654923526485,0.8981595645302317,1.2800611415830014,0.0014421042833970578,4.01438655895496,0.7504667015639992,9169664.0,11670000.0,51078353.0,13681487.0,8805000.0,26835553.0,6431167.0,5240826.0,14729037.0,15112898.0,14803517.0,18747876.0,955506.0,6228118.0,25741393.0,1000.0,13918503.0,18213894.0,6,6,9,3,3,12,3,3,7,28,35,15,6,10,29,1,5,35,0.06210780607433485,0.07904303766064795,0.34596299741412767,0.09266720584358742,0.0596378703172241,0.18176209309539965,0.043559466613788886,0.035497069999220476,0.09976245298166898,0.13289253012404162,0.1301720443600071,0.16485605051339572,0.008402068874460909,0.05476582710550193,0.22635227503601854,8.793318801201572e-06,0.12238983411448048,0.1601605765532925,0.11538461538461539,0.11538461538461539,0.17307692307692307,0.057692307692307696,0.057692307692307696,0.23076923076923078,0.057692307692307696,0.057692307692307696,0.1346153846153846,0.17073170731707318,0.21341463414634146,0.09146341463414634,0.036585365853658534,0.06097560975609756,0.17682926829268292,0.006097560975609756,0.03048780487804878,0.21341463414634146,5,12,0.294,341,534,-193,0.333,0.333
70,chicago-bears,2011,0.8497766740856827,1.6269130532331118,0.898288267137783,2.8549618445643854,0.5103980746626128,0.88475570586209,1.1710292737276071,0.7070291048383625,0.786079607501547,2.2356440080666515,0.4629621056257303,0.39949833426234393,0.1495441675108009,1.388886316877191,0.09240723628289577,0.0,1.2372662272847643,0.8333317901263145,14759248.0,19779796.0,15601816.0,9917215.0,4432395.0,16903455.0,6101666.0,3683986.0,9557053.0,3621750.0,250000.0,431459.0,80754.0,750000.0,99800.0,0.0,1336250.0,450000.0,10,7,10,2,5,11,3,3,7,3,1,2,1,1,2,0,2,1,0.1465132196699453,0.19635157539020315,0.15487728743754878,0.0984469601573926,0.04399983402263903,0.16779849593936189,0.06057047967556588,0.0365704709399153,0.0948716767674281,0.5159178480153812,0.035612469663517714,0.06146128219420676,0.011503397500830839,0.10683740899055315,0.014216497889676273,0.0,0.1903486503515022,0.0641024453943319,0.1724137931034483,0.1206896551724138,0.1724137931034483,0.034482758620689655,0.08620689655172414,0.1896551724137931,0.05172413793103448,0.05172413793103448,0.1206896551724138,0.23076923076923078,0.07692307692307693,0.15384615384615385,0.07692307692307693,0.07692307692307693,0.15384615384615385,0.0,0.15384615384615385,0.07692307692307693,8,8,0.5,353,341,12,0.5,0.583
71,chicago-bears,2012,1.1043534007189557,1.3798147535129,0.6024001928380806,2.3783486195263372,0.9254949586326615,0.6295974927554194,0.4973418154206302,0.6362171047843246,1.357901455026825,1.3067638191716027,0.3997460249369427,0.8685734240567914,0.0725299019958311,1.180876489696067,0.4862457623867381,4.853653278176545,2.06172882612809,1.2667565440030386,19000638.0,21102231.0,10364425.0,13640000.0,8846300.0,12035956.0,2852291.0,4865001.0,18171212.0,2281750.0,465333.0,3033245.0,42215.0,3436562.0,2547112.0,2825000.0,1200000.0,2211893.0,9,8,9,3,5,10,3,4,7,3,2,6,1,5,9,1,1,3,0.17136518287018276,0.19031927634660686,0.09347589199211595,0.12301803204446572,0.07978404815798805,0.10855129185438266,0.02572457665968777,0.043877041709263764,0.16388465836530644,0.12646101475854218,0.025790066124964043,0.16811098530131446,0.0023396742579300353,0.1904639499509785,0.1411681245638917,0.15656946058634016,0.0665073814880029,0.122589342968036,0.15517241379310345,0.13793103448275862,0.15517241379310345,0.05172413793103448,0.08620689655172414,0.1724137931034483,0.05172413793103448,0.06896551724137931,0.1206896551724138,0.0967741935483871,0.06451612903225806,0.1935483870967742,0.03225806451612903,0.16129032258064516,0.2903225806451613,0.03225806451612903,0.03225806451612903,0.0967741935483871,10,6,0.625,375,277,98,0.5,0.583
72,chicago-bears,2013,1.2674619488806664,1.0042986306374695,0.5177162043804159,2.0288065245116207,1.478215462284926,0.5762608157673547,1.1316654864077684,0.6908736832759668,1.370957477169208,1.8540319887024952,0.588898346790463,0.4295954044254115,0.09349214851707226,0.09654100927655258,1.8276030954801679,0.06330474276961233,0.6522354719904443,0.14410375420916194,18786083.0,13024835.0,10551052.0,11276471.0,10954916.0,10676537.0,6290000.0,2560000.0,17780065.0,10517607.0,1518509.0,1107737.0,96430.0,149362.0,9425164.0,65294.0,2018193.0,371580.0,8,7,11,3,4,10,3,2,7,11,5,5,2,3,10,2,6,5,0.18435810165536964,0.12781982571749612,0.10354324087608317,0.11066217406427023,0.10750657907526734,0.10477469377588268,0.061727208349514645,0.025122679391853336,0.1744854970942628,0.4162112627699479,0.06009166803984317,0.04383626575769505,0.003816006061921317,0.0059106740373399535,0.3729802235673812,0.0025838670518209114,0.0798655679988299,0.014704464715220605,0.14545454545454545,0.12727272727272726,0.2,0.05454545454545454,0.07272727272727272,0.18181818181818182,0.05454545454545454,0.03636363636363636,0.12727272727272726,0.22448979591836735,0.10204081632653061,0.10204081632653061,0.04081632653061224,0.061224489795918366,0.20408163265306123,0.04081632653061224,0.12244897959183673,0.10204081632653061,8,8,0.5,445,478,-33,0.333,0.333
73,chicago-bears,2014,0.5683821564906768,0.6480584218899138,1.061237645223393,4.237429569523716,1.4885251036733378,0.7786994148164231,0.6201733881116536,1.4976423346159222,0.3464446998854141,1.2834934704374235,2.2176169966685055,0.6234109071716739,0.12490829955318626,0.6688972509145945,0.513776805209453,0.6525980387431376,0.28921781687866627,1.2915391938072678,8593105.0,5878616.0,12835486.0,19219117.0,9001727.0,12950073.0,3750445.0,6792647.0,2618868.0,8678922.0,14995421.0,4981925.0,153568.0,2467119.0,4737456.0,802334.0,1066733.0,11909082.0,10,6,8,3,4,11,4,3,5,11,11,13,2,6,15,2,6,15,0.10525595490568089,0.07200649132110153,0.1572203918849471,0.23541275386242866,0.1102611187906176,0.15862395487001213,0.04593876948975212,0.0832023519231068,0.03207821295235316,0.1743015824050822,0.30115786374510567,0.10005360238557728,0.0030841555445231175,0.04954794451219218,0.09514385281656537,0.01611353182081821,0.02142354199101231,0.23917392477912364,0.18518518518518517,0.1111111111111111,0.14814814814814814,0.05555555555555555,0.07407407407407407,0.2037037037037037,0.07407407407407407,0.05555555555555555,0.09259259259259259,0.13580246913580246,0.13580246913580246,0.16049382716049382,0.024691358024691357,0.07407407407407407,0.18518518518518517,0.024691358024691357,0.07407407407407407,0.18518518518518517,5,11,0.313,319,442,-123,0.167,0.333
74,chicago-bears,2015,0.21012814436198898,1.2899668954428398,1.0793421819119506,4.912603186672609,2.040389651387221,0.47601828988328715,0.8423005697828381,0.24941847931299338,0.8915241468639183,1.6834627649786056,0.1901871978925119,0.1569588298601102,0.29185655337729793,0.35756185696396414,1.3268498341411572,0.4354403472043383,2.2104326506415166,1.9522199339832247,2497104.0,21899436.0,16491343.0,16680000.0,10391751.0,8889364.0,4289856.0,1270294.0,7567588.0,16207711.0,1184795.0,1244466.0,1157009.0,1417485.0,12022949.0,986411.0,6259167.0,11055999.0,7,10,9,2,3,11,3,3,5,17,11,14,7,7,16,4,5,10,0.027752773783658924,0.24338998027223394,0.18328452145674634,0.18538125232726824,0.11549375385210683,0.09879624884370111,0.047677390742424795,0.014118027130924153,0.08410605159093569,0.31449304400699224,0.022989661283710227,0.0241475122861708,0.022450504105945995,0.02750475822799724,0.23329227853031334,0.019140235041948936,0.12145234344184158,0.21452966307507965,0.1320754716981132,0.18867924528301888,0.16981132075471697,0.03773584905660377,0.05660377358490566,0.20754716981132076,0.05660377358490566,0.05660377358490566,0.09433962264150944,0.18681318681318682,0.12087912087912088,0.15384615384615385,0.07692307692307693,0.07692307692307693,0.17582417582417584,0.04395604395604396,0.054945054945054944,0.10989010989010989,6,10,0.375,335,397,-62,0.167,0.25
75,chicago-bears,2016,1.050385887404788,1.554592012819763,1.5480304432739243,0.2911987673706838,0.3779093110598263,0.617742140164047,0.4211168227844422,0.27629224796244634,1.5817462351181024,0.551668797271287,1.5834938244118217,0.8500672562132809,4.576256973005252,0.07508632380940389,0.4262222648070015,0.5211350955095491,0.7537265040321172,1.295221287558325,7280518.0,21550623.0,15021764.0,807352.0,2095516.0,10276184.0,1751327.0,1532047.0,13156230.0,3895614.0,14536412.0,15607169.0,19389167.0,583245.0,5417590.0,1104000.0,4257957.0,10060838.0,5,10,7,2,4,12,3,4,6,10,13,26,6,11,18,3,8,11,0.0990930082457347,0.2933192477018421,0.2044568509984428,0.010988632730969198,0.028521457438477452,0.1398661449428031,0.023836801289685405,0.02085224512924123,0.17906561152280404,0.05204422615766859,0.19420207280522342,0.20850706284476705,0.259033413566335,0.007791976999089082,0.07237736572194364,0.01474910647668535,0.056885019172235256,0.13440975625605261,0.09433962264150944,0.18867924528301888,0.1320754716981132,0.03773584905660377,0.07547169811320754,0.22641509433962265,0.05660377358490566,0.07547169811320754,0.11320754716981132,0.09433962264150944,0.12264150943396226,0.24528301886792453,0.05660377358490566,0.10377358490566038,0.16981132075471697,0.02830188679245283,0.07547169811320754,0.10377358490566038,3,13,0.188,279,399,-120,0.333,0.25
76,chicago-bears,2017,1.152437294888301,0.6318870793658438,1.199459552136051,3.3830691570337623,0.28753489315365993,0.9007779070746199,0.262154870354606,0.8715742664284365,1.1167357587627535,0.3459908590199967,1.7577415505667764,1.6957344216553898,3.0476511288596115,0.20755037526481504,0.8826544722555065,0.8736180342758814,0.6007386230226277,0.5541810717079206,14433188.0,10551718.0,22533146.0,21184872.0,3000919.0,20682552.0,1641621.0,7277096.0,9324040.0,2043487.0,23070115.0,10015326.0,2000000.0,544814.0,5792359.0,2866529.0,2759614.0,8000905.0,6,8,9,3,5,11,3,4,4,9,20,9,1,4,10,5,7,22,0.13046459942131708,0.09537918179107077,0.20368181074008412,0.19149448058681676,0.027125933316383008,0.18695390524190225,0.014838954925732414,0.06577918991912729,0.08428194405756631,0.035792157829654836,0.4040785173716727,0.17542080224021275,0.035030472745512777,0.009542545989186899,0.10145453704086282,0.050207933004360994,0.04833529150756775,0.14013774227096845,0.11320754716981132,0.1509433962264151,0.16981132075471697,0.05660377358490566,0.09433962264150944,0.20754716981132076,0.05660377358490566,0.07547169811320754,0.07547169811320754,0.10344827586206896,0.22988505747126436,0.10344827586206896,0.011494252873563218,0.04597701149425287,0.11494252873563218,0.05747126436781609,0.08045977011494253,0.25287356321839083,5,11,0.313,264,320,-56,0.0,0.083
77,chicago-bears,2018,0.8968584108504268,1.5243820068269864,1.0023680811312392,1.8483519968791537,0.2405684045812645,0.78114276519986,0.690919269555197,0.7683072272453523,1.5095547190193594,0.31053454384787105,1.2500684851620085,0.34434877380393214,2.61999118316009,0.13256568405800273,0.830437862704669,0.0,5.378473193597312,0.40621182681411894,20570010.0,30592325.0,25863683.0,10598278.0,3448492.0,20155499.0,5942500.0,8810804.0,25966938.0,582533.0,6253356.0,1722574.0,4914852.0,331574.0,5712013.0,0.0,6726333.0,1270024.0,8,7,9,2,5,9,3,4,6,3,8,8,3,4,11,0,2,5,0.13537485446798897,0.20133347259979067,0.17021344773926703,0.06974913195770391,0.02269513250766646,0.13264688465658,0.039108637899350776,0.05798545111285677,0.1708929870587954,0.02117280980780939,0.2272851791203652,0.06260886796435129,0.17863576248818797,0.012051425823454793,0.20760946567616725,0.0,0.2444760542544233,0.04616043486524079,0.1509433962264151,0.1320754716981132,0.16981132075471697,0.03773584905660377,0.09433962264150944,0.16981132075471697,0.05660377358490566,0.07547169811320754,0.11320754716981132,0.06818181818181818,0.18181818181818182,0.18181818181818182,0.06818181818181818,0.09090909090909091,0.25,0.0,0.045454545454545456,0.11363636363636363,12,4,0.75,421,283,138,0.833,0.833
78,chicago-bears,2019,0.9786947301385389,0.9711795129186801,0.5724821926400746,2.6168137794146062,0.22479399694593025,1.3708613299836814,0.3703943067872775,0.15751497340536239,1.5794044069885285,0.07165044097841038,7.0237267406189225,1.0446477230802473,0.15702478446694865,0.5642732837145397,0.40645295175869867,3.542526471885248,2.446798224553145,0.12016436538507644,18218693.0,23244165.0,13701762.0,13917933.0,1793403.0,36455701.0,2955000.0,1256652.0,29401082.0,822853.0,12099356.0,6598359.0,360663.0,1944080.0,3034080.0,4068333.0,12644861.0,345000.0,7,9,9,2,3,10,3,3,7,20,3,11,4,6,13,2,9,5,0.12926156813150513,0.1649172757786438,0.0972139572407674,0.09874768978923042,0.012724188506373411,0.2586530811289965,0.020965715478525142,0.00891594189086957,0.20860058205508866,0.01963025780230421,0.28864630440899686,0.15741267060113315,0.008604097779010885,0.04637862605872929,0.07238203250497374,0.09705551977767803,0.30166005508189464,0.008230435985279208,0.1320754716981132,0.16981132075471697,0.16981132075471697,0.03773584905660377,0.05660377358490566,0.18867924528301888,0.05660377358490566,0.05660377358490566,0.1320754716981132,0.273972602739726,0.0410958904109589,0.1506849315068493,0.0547945205479452,0.0821917808219178,0.1780821917808219,0.0273972602739726,0.1232876712328767,0.0684931506849315,8,8,0.5,280,298,-18,0.667,0.583
79,chicago-bears,2020,0.7422304024776246,1.8267294319726803,0.6864116680038957,2.5872957895210664,0.22895361094982522,0.8848402301649714,0.3875834285879416,0.7847803329050432,1.1430171977021146,1.0445581516571396,0.14905567053488225,1.5518881889124363,0.28800201240720347,1.2891027737894476,0.4665347602035615,0.7571306826694153,2.0698835188226474,0.9091742425376167,16059232.0,45170220.0,19094802.0,15994257.0,2123033.0,27349718.0,3593970.0,9702778.0,24730836.0,7926770.0,502724.0,12430974.0,485676.0,4347791.0,3343675.0,1915196.0,6108507.0,3832995.0,7,8,9,2,3,10,3,4,7,18,8,19,4,8,17,6,7,10,0.09803043051591268,0.2757327444487065,0.11656047192518985,0.09763380337815346,0.012959638355650486,0.1669509868235795,0.0219386846370533,0.05922870437019194,0.15096453554556233,0.19383553329720116,0.01229325117813462,0.30397809885913707,0.011876371645657875,0.1063177545393359,0.0817638239532015,0.04683282573212878,0.1493730374408096,0.09372930335439347,0.1320754716981132,0.1509433962264151,0.16981132075471697,0.03773584905660377,0.05660377358490566,0.18867924528301888,0.05660377358490566,0.07547169811320754,0.1320754716981132,0.18556701030927836,0.08247422680412371,0.1958762886597938,0.041237113402061855,0.08247422680412371,0.17525773195876287,0.061855670103092786,0.07216494845360824,0.10309278350515463,8,8,0.5,372,370,2,0.333,0.5
80,chicago-bears,2021,1.2370895774546637,1.2825555145422034,0.7461487328259198,2.4037189154226817,0.36500199105685893,0.5925266818818756,0.49963017454172454,0.9348463787170366,1.7176711804700808,0.14378704445602006,4.547416464176277,0.9071578308394,1.7440086147756708,0.6589096612713446,1.304939027178952,0.08262201840202564,0.8962358585879584,0.4411251546607076,27019465.0,21787495.0,18107500.0,11666666.0,3543140.0,12941467.0,3637500.0,9074722.0,20842179.0,2017355.0,21266991.0,7272896.0,3495531.0,3521755.0,15693001.0,55200.0,1796333.0,5010188.0,9,7,10,2,4,9,3,4,5,21,7,12,3,8,18,1,3,17,0.2100718150394712,0.1693941245621778,0.14078277977847542,0.09070637416689366,0.02754732007976294,0.10061773843277134,0.028280953275946673,0.07055444367675748,0.16204445098774348,0.033550310373071345,0.35368794721371044,0.12095437744525335,0.05813362049252236,0.058569747668563966,0.2609878054357904,0.0009180224266891737,0.029874528619598616,0.08332364032480033,0.16981132075471697,0.1320754716981132,0.18867924528301888,0.03773584905660377,0.07547169811320754,0.16981132075471697,0.05660377358490566,0.07547169811320754,0.09433962264150944,0.23333333333333334,0.07777777777777778,0.13333333333333333,0.03333333333333333,0.08888888888888889,0.2,0.011111111111111112,0.03333333333333333,0.18888888888888888,6,11,0.353,311,407,-96,0.333,0.333
81,chicago-bears,2022,1.2478621845733975,0.5033443199159607,1.7124968210031548,1.0958249479462543,0.7660607558772572,0.45084402916385974,1.1095082229840134,1.4374365993894955,1.0668370036823973,1.2213988989523983,1.9941186568816898,0.5850732599557545,2.4927142770575434,0.8092741169793018,0.8167440181032616,0.025680950370499323,0.6357532924721407,0.16263601344808296,16690813.0,5236385.0,20360485.0,4885745.0,6830977.0,6030276.0,4946752.0,4272549.0,9513004.0,24902679.0,38265783.0,11928856.0,14947967.0,4852944.0,22529597.0,61600.0,6099837.0,2340656.0,9,7,8,3,6,9,3,2,6,17,16,17,5,5,23,2,8,12,0.21190112568227507,0.06647943847946651,0.2584900861891554,0.062027827242240804,0.0867238591559159,0.07655842004669317,0.06280235224437812,0.05424289054299983,0.12077400041687517,0.1977502979256264,0.3038657000962575,0.0947261468499793,0.11870067985988302,0.038536862713300084,0.17890583253690492,0.0004891609594380824,0.04843834609311549,0.018586972965495198,0.16981132075471697,0.1320754716981132,0.1509433962264151,0.05660377358490566,0.11320754716981132,0.16981132075471697,0.05660377358490566,0.03773584905660377,0.11320754716981132,0.1619047619047619,0.1523809523809524,0.1619047619047619,0.047619047619047616,0.047619047619047616,0.21904761904761905,0.01904761904761905,0.0761904761904762,0.11428571428571428,3,14,0.176,326,463,-137,0.0,0.083
82,chicago-bears,2023,1.0614865197396415,1.6297017778068728,1.1791249959085193,0.6670559184634113,0.4726323278421764,0.8211359311083897,0.713420025967265,1.2168462553988064,1.1955253260993726,2.4049098226828485,0.8682450795374227,1.0664012323449328,1.3398043244922397,0.7318491017892758,0.19624040963232436,0.043687646999372595,0.19672141672203827,0.36557918628105657,27939501.0,21447778.0,31035876.0,6584119.0,7775129.0,29718160.0,7041752.0,12010778.0,27534107.0,28332270.0,6460298.0,11240834.0,3323000.0,2268927.0,2190231.0,81266.0,487911.0,2040107.0,8,4,8,3,5,11,3,3,7,19,12,17,4,5,18,3,4,9,0.1633056184214833,0.1253616752159133,0.18140384552438757,0.038483995295966036,0.045445416138670806,0.17370183158062089,0.0411588476519576,0.07020266858070037,0.16093610159030014,0.5021240289118034,0.1144938566422975,0.19921781263586658,0.058892497779878664,0.04021148910930086,0.03881678432287735,0.001440252098880415,0.008647095240529154,0.03615618325856603,0.15384615384615385,0.07692307692307693,0.15384615384615385,0.057692307692307696,0.09615384615384616,0.21153846153846154,0.057692307692307696,0.057692307692307696,0.1346153846153846,0.2087912087912088,0.13186813186813187,0.18681318681318682,0.04395604395604396,0.054945054945054944,0.1978021978021978,0.03296703296703297,0.04395604395604396,0.0989010989010989,7,10,0.412,360,379,-19,0.333,0.5
83,chicago-bears,2024,1.000259121278042,1.599358739121364,0.5698247945098416,1.047675769949701,0.5902417989812824,0.6867414679145725,0.5377508372544124,1.6429837948008645,1.8579440192167918,0.689526761819723,0.2654777989585163,2.188051364441781,1.5285975683765627,0.49783756417787545,1.1225546281255405,0.3817487718929963,0.2682137133728037,0.48527214913888495,42547453.0,37107825.0,17627864.0,8102616.0,9129738.0,29211531.0,6238364.0,19060000.0,35922867.0,4733588.0,607500.0,22531396.0,3497931.0,2563234.0,10275088.0,1310349.0,920641.0,3331384.0,11,6,8,2,4,11,3,3,5,12,4,18,4,9,16,6,6,12,0.20760094969921628,0.18105947990053178,0.08601128973733459,0.03953493471508306,0.04454655086651188,0.14253124805774148,0.030438726637042213,0.09299908272457724,0.1752777376619615,0.09510713956134112,0.012205875814184659,0.4527002822982995,0.07028034797133623,0.05150043767357333,0.20644682816101895,0.026327501509861816,0.018497497473986466,0.06693408953639793,0.20754716981132076,0.11320754716981132,0.1509433962264151,0.03773584905660377,0.07547169811320754,0.20754716981132076,0.05660377358490566,0.05660377358490566,0.09433962264150944,0.13793103448275862,0.04597701149425287,0.20689655172413793,0.04597701149425287,0.10344827586206896,0.1839080459770115,0.06896551724137931,0.06896551724137931,0.13793103448275862,5,12,0.294,310,370,-60,0.167,0.25
84,cincinnati-bengals,2011,1.0201733807655005,1.0798831320933773,1.5968914041586115,0.8224935447042062,1.0030374150412262,1.099368566673313,0.3457239274371013,0.576826539321754,0.535772990408677,1.5280715919877705,0.0,0.9991058404186618,0.0,0.37526687770354067,0.25432734594135015,0.0038201789799694264,1.3533620733038354,2.672877360845142,18282866.0,13547061.0,22894737.0,2948036.0,5392730.0,25612794.0,1858750.0,3101250.0,6721236.0,500000.0,0.0,2942255.0,0.0,368373.0,416092.0,1250.0,1328500.0,2623775.0,10,7,8,2,3,13,3,3,7,1,0,9,0,3,5,1,3,3,0.18217381799383933,0.13498539151167213,0.2281273434512302,0.029374769453721652,0.0537341472343514,0.2552105601205905,0.018520924684130424,0.030901421749379678,0.06697162380108462,0.06112286367951082,0.0,0.35967810255071825,0.0,0.04503202532442488,0.050865469188270035,0.00015280715919877705,0.16240344879646026,0.320745283301417,0.17857142857142858,0.125,0.14285714285714285,0.03571428571428571,0.05357142857142857,0.23214285714285715,0.05357142857142857,0.05357142857142857,0.125,0.04,0.0,0.36,0.0,0.12,0.2,0.04,0.12,0.12,9,7,0.563,344,323,21,0.333,0.5
85,cincinnati-bengals,2012,1.1194700360403163,0.5121683135707763,1.542362175477628,0.9475786553273681,0.5534197674026154,1.3397846464411352,0.5299374042758813,0.7814066483259521,0.6847327770632856,1.4507990743519703,1.483766660716662,1.040950659321195,0.0,0.4611381626723741,0.5834166728137534,1.7555441560725613,0.0,1.4550290833845902,16932664.0,6025333.0,20737035.0,3185045.0,4650450.0,27020075.0,2671875.0,2626500.0,6904666.0,4546742.0,4650061.0,4893442.0,0.0,1806484.0,4571007.0,2750900.0,0.0,3419999.0,9,7,8,2,5,12,3,2,6,4,4,6,0,5,10,2,0,3,0.18657833934005272,0.06639218879621174,0.22849810007075969,0.03509550575286548,0.05124257105579773,0.29772992143136334,0.029440966904215625,0.028940986975035263,0.07608141967369839,0.17068224404140828,0.17456078361372496,0.18369717517432857,0.0,0.06781443568711384,0.17159313906286866,0.10326730329838597,0.0,0.12838491912216973,0.16666666666666666,0.12962962962962962,0.14814814814814814,0.037037037037037035,0.09259259259259259,0.2222222222222222,0.05555555555555555,0.037037037037037035,0.1111111111111111,0.11764705882352941,0.11764705882352941,0.17647058823529413,0.0,0.14705882352941177,0.29411764705882354,0.058823529411764705,0.0,0.08823529411764706,10,6,0.625,391,320,71,0.5,0.583
86,cincinnati-bengals,2013,1.945280749796904,0.5596751442704774,1.2814453843190645,0.6555481186483925,0.7092348805517055,0.8024184727408397,0.548317381163882,1.0624603220391933,0.7340156929381347,2.0062327127395783,0.5805911233732791,0.6636890762354163,0.6973626242701203,0.34482261759922855,1.438604683320025,1.5463806456114069,0.5261172916015125,0.06050710733035955,27814185.0,7002097.0,20612785.0,2343304.0,6338028.0,12907362.0,2940000.0,3797841.0,9183272.0,12011833.0,3128534.0,3576310.0,417529.0,1032271.0,10335957.0,2777574.0,630000.0,217363.0,8,7,9,2,5,9,3,2,7,10,9,9,1,5,12,3,2,6,0.299273961507216,0.07534088480564118,0.22178862420906886,0.025213389178784327,0.06819566159151014,0.1388801202820684,0.031633695067147034,0.04086385853996897,0.09880980481859507,0.3519706513578207,0.09167228263788617,0.10479301203717098,0.012234432004738952,0.030247598035020043,0.30286414385684735,0.0813884550321793,0.018460255845667104,0.0063691691926694265,0.15384615384615385,0.1346153846153846,0.17307692307692307,0.038461538461538464,0.09615384615384616,0.17307692307692307,0.057692307692307696,0.038461538461538464,0.1346153846153846,0.17543859649122806,0.15789473684210525,0.15789473684210525,0.017543859649122806,0.08771929824561403,0.21052631578947367,0.05263157894736842,0.03508771929824561,0.10526315789473684,11,5,0.688,430,305,125,0.5,0.667
87,cincinnati-bengals,2014,1.6164383938188416,0.5805772290262569,0.8426525815383576,1.7299922356448332,0.3676157612596138,1.1527840050973521,0.7092128461300127,0.9346038547589081,0.8424134035356188,0.4876629804527354,2.7967150763723128,0.6985474276608838,0.3173759645781897,0.6482164281336287,0.18375316050494475,0.007054209772691228,1.4318804545901733,0.7140451401465943,30632457.0,7334853.0,19517375.0,10928123.0,3870297.0,24273260.0,4480000.0,5903764.0,8869016.0,806687.0,7269895.0,2145984.0,75000.0,919091.0,390809.0,1667.0,2030230.0,2193594.0,9,6,11,3,5,10,3,3,5,7,11,13,1,6,9,1,6,13,0.26450810080671955,0.06333569771195531,0.16853051630767155,0.09436321285335454,0.033419614659964895,0.2095970918358822,0.038684337061637056,0.05097839207775862,0.07658303668505627,0.05094986362939027,0.45916217671784243,0.1355390531282312,0.004736954695196861,0.0580492323701757,0.024683260366335866,0.00010528671302524222,0.1282281004110603,0.13854607196874216,0.16363636363636364,0.10909090909090909,0.2,0.05454545454545454,0.09090909090909091,0.18181818181818182,0.05454545454545454,0.05454545454545454,0.09090909090909091,0.1044776119402985,0.16417910447761194,0.19402985074626866,0.014925373134328358,0.08955223880597014,0.13432835820895522,0.014925373134328358,0.08955223880597014,0.19402985074626866,10,5,0.656,365,344,21,0.5,0.583
88,cincinnati-bengals,2015,1.1019746818238265,1.1985637690146822,1.1249460049459992,1.3480047416087226,0.3422415488174713,1.0136056640461164,0.7403885456478149,0.4395919978380436,1.2247861048662216,1.2664469496299837,3.5252440081957306,0.32873436817055685,0.33442881274238656,0.2542756613308541,1.3661577675822,0.004668925156666056,0.16726018014723903,0.7205474285447577,25093977.0,18195658.0,25617076.0,10232177.0,4329703.0,23081653.0,5620000.0,3336771.0,18593745.0,1581660.0,3773710.0,586507.0,179000.0,362930.0,2437412.0,833.0,119366.0,771333.0,9,6,9,3,5,9,3,3,6,7,6,10,3,8,10,1,4,6,0.187127776158763,0.13568646441675647,0.19102856687762246,0.0763021551853994,0.03228693856768597,0.17212171653613298,0.0419087856027065,0.024882565915360956,0.13865503073957225,0.16118415722563428,0.3845720736213525,0.05976988512191943,0.018241571604130178,0.03698555073903333,0.2483923213785818,8.48895483030192e-05,0.012164376737981021,0.07860517402306448,0.16981132075471697,0.11320754716981132,0.16981132075471697,0.05660377358490566,0.09433962264150944,0.16981132075471697,0.05660377358490566,0.05660377358490566,0.11320754716981132,0.12727272727272726,0.10909090909090909,0.18181818181818182,0.05454545454545454,0.14545454545454545,0.18181818181818182,0.01818181818181818,0.07272727272727272,0.10909090909090909,12,4,0.75,419,279,140,0.833,0.75
89,cincinnati-bengals,2016,1.4149496561082777,0.8321189620906192,1.0908665563415725,2.0671273421154353,0.34416245149370134,1.390360317845836,0.5976390025384097,0.28191199826984387,0.348231799830953,0.40677786989994474,0.1352598818248822,1.0841162257175998,0.007555151752493001,1.4320793168911183,0.4236894349100014,0.8112580922327604,1.0145726404177697,3.3660240948329494,29150301.0,15238245.0,19976581.0,14195413.0,3939064.0,28643720.0,4104117.0,1290634.0,4782767.0,2153645.0,537090.0,7174682.0,5000.0,4738751.0,2803977.0,1610672.0,2685777.0,13365810.0,9,8,8,3,5,9,3,2,6,8,6,10,1,5,10,3,4,6,0.2402744699051792,0.1256028622023576,0.16465910284401092,0.11700720804426992,0.03246815580129257,0.2360989218983495,0.033828622785193004,0.010638188613956372,0.0394224679053909,0.06140043319244448,0.015312439451873456,0.20455023126747165,0.00014255003306590567,0.13510182234821871,0.0799414028132078,0.045920269371665684,0.07657152003152978,0.3810593314905225,0.16981132075471697,0.1509433962264151,0.1509433962264151,0.05660377358490566,0.09433962264150944,0.16981132075471697,0.05660377358490566,0.03773584905660377,0.11320754716981132,0.1509433962264151,0.11320754716981132,0.18867924528301888,0.018867924528301886,0.09433962264150944,0.18867924528301888,0.05660377358490566,0.07547169811320754,0.11320754716981132,6,9,0.406,325,315,10,0.5,0.417
90,cincinnati-bengals,2017,1.313178514317977,0.8895433902352964,0.5192876599438196,3.336069704156582,0.5857589291743758,1.046603242521122,0.6752487377405259,0.26204346641807275,1.4341465854463287,0.3705203042374673,1.0448409657428406,1.0385965944011595,0.6049911231957222,0.6742641543979727,2.187430126893277,0.04627140441064362,1.7470856990104284,1.1011695096259453,25877914.0,13147219.0,11512404.0,16435413.0,7214470.0,25780871.0,4990000.0,1936467.0,21196312.0,2000839.0,5642224.0,6231671.0,363000.0,2831951.0,7874864.0,111053.0,5241334.0,3303557.0,8,6,9,2,5,10,3,3,6,9,9,10,1,7,6,4,5,5,0.20202746374122724,0.10263962195022651,0.08987671037489187,0.1283103732367916,0.05632297395907459,0.201269854330985,0.038956657946568794,0.015117892293350348,0.1654784521668841,0.05954790603816438,0.1679208694943851,0.18546367757163562,0.010803412914209325,0.08428301929974659,0.23436751359570826,0.003305100315045973,0.15598979455450251,0.09831870621660224,0.15384615384615385,0.11538461538461539,0.17307692307692307,0.038461538461538464,0.09615384615384616,0.19230769230769232,0.057692307692307696,0.057692307692307696,0.11538461538461539,0.16071428571428573,0.16071428571428573,0.17857142857142858,0.017857142857142856,0.125,0.10714285714285714,0.07142857142857142,0.08928571428571429,0.08928571428571429,7,9,0.438,290,349,-59,0.5,0.5
91,cincinnati-bengals,2018,2.1026937565137143,0.8059129765789016,1.1761076142039684,0.1977776429937724,0.7225460905592241,0.917263653052779,0.7440106805975295,0.23387082144453733,0.5639937141533099,0.4010946481690108,0.8771812427635907,0.30468503371241407,2.949623168201692,0.1584939908597867,0.8869637498970424,0.18003839526604673,0.9636780611259774,2.0583204660137273,35609625.0,11942289.0,24897082.0,837353.0,6118246.0,19417601.0,4725000.0,1485247.0,7163527.0,3705342.0,7090532.0,2462865.0,17030523.0,915112.0,12290755.0,207901.0,7789713.0,16638052.0,8,7,10,2,4,10,3,3,6,8,7,7,5,5,12,1,7,7,0.3173877368322588,0.10644133652928889,0.22190709701961667,0.007463307282783865,0.05453178041956409,0.1730686137835432,0.04211381210929412,0.01323797102516249,0.06384834499848792,0.05438571500596757,0.10407235083635821,0.036149071796388106,0.2499680651018383,0.013431694140659887,0.1803994067587205,0.0030514982248482495,0.11433468521833628,0.2442075129168829,0.1509433962264151,0.1320754716981132,0.18867924528301888,0.03773584905660377,0.07547169811320754,0.18867924528301888,0.05660377358490566,0.05660377358490566,0.11320754716981132,0.13559322033898305,0.11864406779661017,0.11864406779661017,0.0847457627118644,0.0847457627118644,0.2033898305084746,0.01694915254237288,0.11864406779661017,0.11864406779661017,6,10,0.375,368,455,-87,0.167,0.333
92,cincinnati-bengals,2019,1.4069362132026524,0.30101406790129104,1.2733578132268877,2.277226510195692,0.961694168865219,0.6845424806042141,0.7444921013913623,0.85314811099182,0.8502240576958663,0.63978440038639,1.1260531367735187,0.6121330533914242,0.16609974422769475,0.34289212633315425,1.6756603063194442,0.02311951458145503,0.44837878206549286,1.4984568389463433,28649267.0,4597134.0,29170380.0,17389080.0,7343572.0,15681660.0,5685000.0,10857843.0,12984755.0,3984900.0,7013627.0,5507195.0,344851.0,1661104.0,16235112.0,16000.0,1241213.0,16592258.0,8,6,9,3,3,9,3,5,6,9,9,13,3,7,14,1,4,16,0.21645172510810037,0.03473239245014897,0.22038885228926902,0.13137845251128993,0.055482355896070326,0.11847850625842167,0.04295146738796321,0.08203347221075191,0.09810277588798456,0.07576394215101986,0.13334839777581142,0.10470696965905942,0.006556568851093215,0.03158216953068526,0.30867426695358186,0.00030420413922967144,0.02359888326660489,0.3154645976729144,0.15384615384615385,0.11538461538461539,0.17307692307692307,0.057692307692307696,0.057692307692307696,0.17307692307692307,0.057692307692307696,0.09615384615384616,0.11538461538461539,0.11842105263157894,0.11842105263157894,0.17105263157894737,0.039473684210526314,0.09210526315789473,0.18421052631578946,0.013157894736842105,0.05263157894736842,0.21052631578947367,2,14,0.125,279,420,-141,0.167,0.167
93,cincinnati-bengals,2020,0.42834405627040506,0.4492808854066035,1.010035402541947,0.2834437758653531,0.9840320866460904,1.4322761948926275,0.7822358567270603,0.4824393979374086,2.4080695627423574,1.976526844855593,0.28343563382816134,0.6030574057422341,1.2479060080031161,0.8922473196477735,0.7966805842036868,0.04651064248562706,1.3401563237053584,0.8347760874327279,8242954.0,5763905.0,21596542.0,1212117.0,6312162.0,30624880.0,6690296.0,4126201.0,30893556.0,32127148.0,2559478.0,8713158.0,6761298.0,4028582.0,15107774.0,42000.0,6050934.0,6784369.0,9,6,10,2,3,10,4,4,6,18,10,16,6,5,21,1,5,9,0.0713906760450675,0.049920098378511496,0.18704359306332344,0.010497917624642706,0.054668449258116134,0.2652363323875236,0.057943396794597056,0.0357362516990673,0.2675632847491508,0.39096135392748,0.031146772948149604,0.1060320713392939,0.08227951701119447,0.04902457800262492,0.18384936558546622,0.0005111059613805172,0.07363496284095376,0.08256027238345662,0.16666666666666666,0.1111111111111111,0.18518518518518517,0.037037037037037035,0.05555555555555555,0.18518518518518517,0.07407407407407407,0.07407407407407407,0.1111111111111111,0.1978021978021978,0.10989010989010989,0.17582417582417584,0.06593406593406594,0.054945054945054944,0.23076923076923078,0.01098901098901099,0.054945054945054944,0.0989010989010989,4,11,0.281,311,424,-113,0.167,0.333
94,cincinnati-bengals,2021,1.1900821074249583,0.24056226710133866,0.7407689840908088,1.2860441061237864,1.0437106409947121,1.3935522726154477,0.4177504449628877,1.09592223363614,1.1186517276801304,2.9713686729366784,0.7283984805627508,2.207383846115687,0.43428535484948894,0.3605052165753474,0.4618325465244747,0.04154989967549552,0.1597059208491814,0.4743497819884866,36133196.0,3651968.0,20616915.0,9761697.0,10563025.0,42310944.0,3170928.0,8318580.0,19812585.0,14726909.0,3938335.0,10940393.0,587028.0,1299463.0,3537495.0,131048.0,503711.0,1282367.0,12,6,11,3,4,12,3,3,7,11,12,11,3,8,17,7,7,6,0.23411451293605737,0.023661862337836587,0.13358129221309667,0.06324807079297311,0.06844004203244013,0.2741414306784487,0.02054510385063382,0.05389781476899049,0.12836987038952316,0.39859823661345684,0.1065948995945489,0.29611246716186046,0.015888488592054474,0.035171240641497306,0.09574577184043988,0.003546942655225227,0.013633432267613045,0.034708520633303895,0.19672131147540983,0.09836065573770492,0.18032786885245902,0.04918032786885246,0.06557377049180328,0.19672131147540983,0.04918032786885246,0.04918032786885246,0.11475409836065574,0.13414634146341464,0.14634146341463414,0.13414634146341464,0.036585365853658534,0.0975609756097561,0.2073170731707317,0.08536585365853659,0.08536585365853659,0.07317073170731707,10,7,0.588,460,376,84,0.667,0.667
95,cincinnati-bengals,2022,1.6641718174189775,0.3815342812787951,0.80794516165554,1.7070048164000209,1.1645073147901681,1.12333179772518,0.18222341440119919,0.5457119387343061,1.1305165215172008,0.26710754571828293,0.15681872333656455,1.7904710768635077,0.39463236654527645,0.247598211234517,2.3880674027110906,0.887037178339505,0.820772675721006,0.34937033299076364,48565180.0,8659961.0,26197884.0,11070037.0,15103811.0,36424398.0,1772596.0,5308466.0,21994419.0,1584737.0,387666.0,10622784.0,585334.0,489663.0,14168296.0,3508501.0,2029003.0,1727332.0,9,7,10,2,4,10,3,3,6,12,5,12,3,4,12,8,5,10,0.2773619695698296,0.049458147573177146,0.14961947438065556,0.06322240060740818,0.08625980109556801,0.20802440698614444,0.010123523022288843,0.030317329929683674,0.12561294683524454,0.04514493730449853,0.01104357206595525,0.30261482989242383,0.016674607037124357,0.013949194999127718,0.40361702581032516,0.0999478510805076,0.05780089265640887,0.049207089153628675,0.16666666666666666,0.12962962962962962,0.18518518518518517,0.037037037037037035,0.07407407407407407,0.18518518518518517,0.05555555555555555,0.05555555555555555,0.1111111111111111,0.16901408450704225,0.07042253521126761,0.16901408450704225,0.04225352112676056,0.056338028169014086,0.16901408450704225,0.11267605633802817,0.07042253521126761,0.14084507042253522,12,4,0.75,418,322,96,0.5,0.727
96,cincinnati-bengals,2023,1.4879011098730244,0.6308034957220384,1.3829552452479847,0.16490268462687485,0.9057196969240328,0.9246947986610311,0.2770019126160472,0.34154438737369336,1.3027145425046036,2.1873811943065387,0.08219556424346254,0.4484312056909201,3.866432921180396,0.003409821120167538,0.3379913688216736,0.009207437768229175,0.16436626840495086,0.2139453027933743,43174542.0,14236502.0,44588133.0,1063332.0,11680595.0,23850614.0,2679262.0,4404720.0,25200646.0,17104807.0,428500.0,2629970.0,20156398.0,6666.0,2422762.0,6000.0,535544.0,1673002.0,9,7,10,2,4,8,3,4,6,12,8,9,8,3,11,1,5,12,0.2526624526199475,0.08331366924630695,0.260934951933582,0.0062227428161084845,0.06835620354143643,0.13957657338279714,0.015679353544304553,0.0257769348961278,0.14747711801938906,0.38041412074896325,0.009529920491995657,0.05849102682925045,0.44828207781801693,0.0001482530921811973,0.0538826819860639,0.00013344112707578516,0.011910599159779047,0.037207878746673785,0.16981132075471697,0.1320754716981132,0.18867924528301888,0.03773584905660377,0.07547169811320754,0.1509433962264151,0.05660377358490566,0.07547169811320754,0.11320754716981132,0.17391304347826086,0.11594202898550725,0.13043478260869565,0.11594202898550725,0.043478260869565216,0.15942028985507245,0.014492753623188406,0.07246376811594203,0.17391304347826086,9,8,0.529,366,384,-18,0.167,0.333
97,cincinnati-bengals,2024,1.3996300825119958,0.7487869111665786,0.8045414072884619,4.287421062129192,0.17799789365851537,0.619335126868101,0.18142845574837493,0.5457282722145468,1.6365180960024532,1.0889628525031698,1.3088998479257858,1.7403650885562358,0.1293894617690514,0.7524418999560352,0.7992400077951092,0.6730781454013016,0.36810352082194664,0.3196138484300542,49994238.0,10698550.0,22990323.0,30629000.0,2543206.0,22122408.0,1944166.0,9746600.0,35073471.0,14805843.0,10468334.0,26446312.0,413933.0,7221466.0,8309822.0,2691576.0,1177609.0,2044969.0,10,4,8,2,4,10,3,5,6,17,10,19,4,12,13,5,4,8,0.2691596312523069,0.05759899316665988,0.12377560112130181,0.164900810081892,0.013692145666039643,0.11910290901309635,0.010467026293175476,0.052473872328321805,0.18882901107720612,0.2012213966581944,0.1422717226006289,0.35942322481052696,0.0056256287725674516,0.09814459564643936,0.11293608805800456,0.03658033398920118,0.016004500905302026,0.027792508559135145,0.19230769230769232,0.07692307692307693,0.15384615384615385,0.038461538461538464,0.07692307692307693,0.19230769230769232,0.057692307692307696,0.09615384615384616,0.11538461538461539,0.18478260869565216,0.10869565217391304,0.20652173913043478,0.043478260869565216,0.13043478260869565,0.14130434782608695,0.05434782608695652,0.043478260869565216,0.08695652173913043,9,8,0.529,472,434,38,0.5,0.5
98,cleveland-browns,2011,0.5843533537837863,1.1595046623082017,1.984365851995237,0.7973541387228646,0.2526019612800921,1.0243933695376162,0.7611543094505199,0.8713435807459473,0.46828022900603866,1.3358206092130591,0.057853668452174524,0.17120582104839652,1.4134639508639548,3.9753673618048726,0.09413198758103651,0.0,0.0,1.9882720352719834,4770100.0,14197625.0,32396917.0,3254417.0,2062000.0,20905411.0,4660000.0,8891016.0,4778238.0,2268165.0,98233.0,96900.0,800000.0,2250000.0,159832.0,0.0,0.0,2250666.0,4,6,8,2,4,10,3,5,5,3,3,1,1,1,3,0,0,2,0.04973220032202436,0.14802187178402573,0.3377644003396148,0.03392996334990914,0.02149803925788018,0.21795603607183323,0.04858431762450128,0.092696125611271,0.04981704563894029,0.2862472734027984,0.012397214668323112,0.012228987217742607,0.10096171077599676,0.28395481155749086,0.020171140195936393,0.0,0.0,0.28403886218171187,0.0851063829787234,0.1276595744680851,0.1702127659574468,0.0425531914893617,0.0851063829787234,0.2127659574468085,0.06382978723404255,0.10638297872340426,0.10638297872340426,0.21428571428571427,0.21428571428571427,0.07142857142857142,0.07142857142857142,0.07142857142857142,0.21428571428571427,0.0,0.0,0.14285714285714285,4,12,0.25,218,307,-89,0.0,0.25
99,cleveland-browns,2012,1.1356557583226268,0.7339684827591163,1.2760198207322249,0.590561754140734,0.9190064911707767,1.3726707897006891,0.8135919909690471,0.8247256889641622,0.6139135086694935,1.0528031170118564,1.7340544673116116,1.1394379664795145,0.3054060610577315,0.6891074947713969,0.8306023195103048,0.0,0.1136638148250758,0.4967941826055741,19332580.0,8746183.0,21722036.0,4021318.0,7822250.0,23367352.0,5540000.0,7019766.0,6270491.0,3300000.0,10870750.0,2678667.0,478646.0,540000.0,3905271.0,0.0,178139.0,1557196.0,10,7,10,4,5,10,4,5,6,4,8,3,2,1,6,0,2,4,0.18617307513485684,0.08422589146416089,0.2091835771692172,0.03872536092726125,0.07532840091563743,0.22502799831158837,0.053350294489773575,0.06760046630853789,0.06038493527896657,0.14037374893491417,0.4624145246164298,0.11394379664795144,0.020360404070515432,0.02297024982571323,0.16612046390206098,0.0,0.007577587655005054,0.06623922434740989,0.16393442622950818,0.11475409836065574,0.16393442622950818,0.06557377049180328,0.08196721311475409,0.16393442622950818,0.06557377049180328,0.08196721311475409,0.09836065573770492,0.13333333333333333,0.26666666666666666,0.1,0.06666666666666667,0.03333333333333333,0.2,0.0,0.06666666666666667,0.13333333333333333,5,11,0.313,302,368,-66,0.333,0.417
100,cleveland-browns,2013,0.9729683071223876,2.029167060194655,1.4051028829955694,0.7407021859764209,0.2645403218678348,0.9283902093975803,0.43182471671785483,0.3167204454937535,0.4713384998906364,12.129445857357373,0.5552166239651923,0.2548340419788852,0.809673361561135,1.3939176507054891,0.45036716700630824,0.4312685121812701,0.06005692958839547,0.6722898669158799,13620326.0,18937182.0,24040700.0,3456298.0,1645880.0,12996289.0,2015000.0,1970527.0,2199381.0,12000000.0,2471811.0,1134515.0,1602065.0,4826646.0,2673365.0,426666.0,59416.0,3990691.0,9,6,11,3,4,9,3,4,3,2,9,9,4,7,12,2,2,12,0.16839836084810555,0.23413466079169098,0.2972333021721397,0.0427328184217166,0.020349255528294988,0.16068292085727354,0.02491296442603009,0.024363111191827193,0.027192605762921332,0.4111676561816059,0.08469406128282596,0.03887298945440622,0.05489310925838204,0.16538006025319363,0.0916001017639949,0.014619271599365088,0.002035828121640525,0.13673692208458577,0.17307692307692307,0.11538461538461539,0.21153846153846154,0.057692307692307696,0.07692307692307693,0.17307692307692307,0.057692307692307696,0.07692307692307693,0.057692307692307696,0.03389830508474576,0.15254237288135594,0.15254237288135594,0.06779661016949153,0.11864406779661017,0.2033898305084746,0.03389830508474576,0.03389830508474576,0.2033898305084746,4,12,0.25,308,406,-98,0.333,0.25
101,cleveland-browns,2014,1.3506171222894836,1.4745201656664702,1.2679193133450612,0.39759111786127455,0.21653869083253371,1.3134478895173243,0.18315508808861342,0.8213074336086776,0.7001887625281178,0.6930880261498502,1.019631686671868,1.327221013228607,2.2788643879126584,3.7539992361353676,0.29237267216407836,0.4489236363873773,0.1475954651250094,0.44135140259056077,14308058.0,20827536.0,20147971.0,2807979.0,1529300.0,23190496.0,1293529.0,4350350.0,8653870.0,3980972.0,4880483.0,10799699.0,4363128.0,8984288.0,1539391.0,644634.0,353234.0,2746296.0,6,8,9,4,4,10,4,3,7,12,10,17,4,5,11,3,5,13,0.14734004970430728,0.21447566046057748,0.20747770582010094,0.02891571766263815,0.01574826842418427,0.23880870718496802,0.013320370042808248,0.04479858728774605,0.08911493341266954,0.10396320392247753,0.1274539608339835,0.28203446531107895,0.11394321939563291,0.23462495225846045,0.040201242422560776,0.01683463636452665,0.009224716570313086,0.07171960292096613,0.10909090909090909,0.14545454545454545,0.16363636363636364,0.07272727272727272,0.07272727272727272,0.18181818181818182,0.07272727272727272,0.05454545454545454,0.12727272727272726,0.15,0.125,0.2125,0.05,0.0625,0.1375,0.0375,0.0625,0.1625,7,9,0.438,299,337,-38,0.333,0.333
102,cleveland-browns,2015,1.1285571566618093,1.3492917006168506,1.6617141828704225,0.49780758655936136,0.2142365659297506,1.0932998312608306,0.5054660902458883,0.7525732285424656,0.5289483656819056,0.3032725477801007,0.09874082834467261,0.5593153277697944,2.0356936466430553,0.5315375174496255,1.892005771503421,0.0,1.4064763446410486,1.4899894889427725,15212170.0,23383953.0,22398758.0,2875758.0,1650149.0,23158026.0,2920000.0,4347500.0,6111307.0,1108333.0,360856.0,5548166.0,4251200.0,1942545.0,12841180.0,0.0,2202890.0,9334769.0,7,9,7,3,4,11,3,3,6,7,7,19,4,7,13,0,3,12,0.14905471880438992,0.22912500576512557,0.21947168453005583,0.02817778791845442,0.016168797428660422,0.22691128573337996,0.028611288127125753,0.04259848463447918,0.05988094705832894,0.02948483103417646,0.00959980275573206,0.14759710038369575,0.11309409148016973,0.05167725864093581,0.3416121531881177,0.0,0.05860318102671037,0.2483315814904621,0.1320754716981132,0.16981132075471697,0.1320754716981132,0.05660377358490566,0.07547169811320754,0.20754716981132076,0.05660377358490566,0.05660377358490566,0.11320754716981132,0.09722222222222222,0.09722222222222222,0.2638888888888889,0.05555555555555555,0.09722222222222222,0.18055555555555555,0.0,0.041666666666666664,0.16666666666666666,3,13,0.188,278,432,-154,0.167,0.167
103,cleveland-browns,2016,0.6878573955777069,0.6820079535117426,1.4294495261865454,1.884858424329376,0.25606744532481485,1.6834018236371102,0.6095993294708137,0.8043342826075456,0.6521830050882512,1.040122707329009,2.0534425988925,0.7339361677577572,1.6586954735809514,0.5160397034805442,0.9341194660057603,0.27636209899234476,0.14938846832270675,1.1088915330811084,8181832.0,7098223.0,14877468.0,11209878.0,2284377.0,25029372.0,2719117.0,3587732.0,6787810.0,6678210.0,10787179.0,6854268.0,4840826.0,1506038.0,9814264.0,322620.0,523180.0,7119747.0,8,7,7,4,6,10,3,3,7,11,9,16,5,5,18,2,6,11,0.10005198481130281,0.08680101226513087,0.1819299396964694,0.13708061267850008,0.02793463039907071,0.3060730588431109,0.03325087251658984,0.043872779051320664,0.0830051097385047,0.13784758771830238,0.22266245048231928,0.14148167089306163,0.09992141407114165,0.031086729125333987,0.20258012515787574,0.006659327686562524,0.01079916638477398,0.14696152848062882,0.14545454545454545,0.12727272727272726,0.12727272727272726,0.07272727272727272,0.10909090909090909,0.18181818181818182,0.05454545454545454,0.05454545454545454,0.12727272727272726,0.13253012048192772,0.10843373493975904,0.1927710843373494,0.060240963855421686,0.060240963855421686,0.21686746987951808,0.024096385542168676,0.07228915662650602,0.13253012048192772,1,15,0.063,264,452,-188,0.0,0.083
104,cleveland-browns,2017,1.105808727716712,0.8157803542161481,2.153793282949474,0.5008894538289197,0.6288811086544552,0.720616683426519,1.1564395117406328,0.5532634277990822,0.55829009631813,0.5024608305476662,1.512262842583215,1.1783521082070552,4.863963685902793,0.11189287712524615,0.6534484200130438,0.0,0.6101326342870002,0.5693498722110939,11384106.0,8398315.0,28508043.0,2209958.0,4624443.0,9538228.0,5102289.0,3254714.0,4926427.0,5518950.0,16610455.0,17257110.0,17808335.0,512089.0,12560404.0,0.0,1675400.0,6774786.0,7,7,9,3,5,9,3,4,6,12,12,16,4,5,21,0,3,13,0.14605020932107518,0.10774457508515164,0.365738482010288,0.028352233235599232,0.059328406476835405,0.12236887077054098,0.06545884028720562,0.04175573039993073,0.06320265241337321,0.07011081356479064,0.21101341989533234,0.2192282992013126,0.22623086911175783,0.006505399832863148,0.15956298628225488,0.0,0.021283696544895356,0.08606451556679326,0.1320754716981132,0.1320754716981132,0.16981132075471697,0.05660377358490566,0.09433962264150944,0.16981132075471697,0.05660377358490566,0.07547169811320754,0.11320754716981132,0.13953488372093023,0.13953488372093023,0.18604651162790697,0.046511627906976744,0.05813953488372093,0.2441860465116279,0.0,0.03488372093023256,0.1511627906976744,0,16,0.0,234,410,-176,0.0,0.0
105,cleveland-browns,2018,0.638109355471466,0.9208620960881531,1.435134980937648,3.002231694189403,0.6914914773308276,0.6647360640880248,0.4562046924514721,0.80495799745567,1.106479017756445,0.4598011775291753,1.5975297751671056,0.6657601460216915,1.0913525167105531,0.9623221170076295,1.2248152541466928,0.17518374012558235,0.16872108567956248,1.3676301865037939,15435859.0,14850430.0,34715901.0,24207985.0,5575724.0,19653283.0,3678529.0,6490642.0,17843811.0,2988405.0,7986840.0,3661310.0,1636863.0,2886674.0,11022221.0,87583.0,337408.0,8888696.0,9,6,9,3,3,11,3,3,6,13,10,11,3,6,18,1,4,13,0.10835819243855081,0.1042485391797909,0.24370216657431754,0.1699376430673247,0.03914102701872609,0.13796408877298627,0.02582290711989465,0.045563660233339805,0.12526177559506924,0.07566348490986428,0.2022189588819121,0.09270077982580514,0.04144376645736277,0.07308775572209844,0.27907183005874014,0.0022175156977921814,0.00854283978124367,0.2250530686651813,0.16981132075471697,0.11320754716981132,0.16981132075471697,0.05660377358490566,0.05660377358490566,0.20754716981132076,0.05660377358490566,0.05660377358490566,0.11320754716981132,0.16455696202531644,0.12658227848101267,0.13924050632911392,0.0379746835443038,0.0759493670886076,0.22784810126582278,0.012658227848101266,0.05063291139240506,0.16455696202531644,7,8,0.469,359,392,-33,0.583,0.458
106,cleveland-browns,2019,1.192753959204777,0.33327731840003666,1.1654022035940255,1.3679119202279892,0.31332903776998755,1.1376645350743673,0.2108262246742292,0.4454671111981717,1.9820019742496913,1.4920019765362904,1.519946672600021,1.0414009655869867,1.4294910217646368,0.8792525118393686,0.5949155749320043,0.06615576994945077,0.5849668652442905,0.47381805820556283,28113312.0,5891531.0,34335786.0,8060450.0,2769447.0,33518562.0,1863447.0,6562311.0,35036966.0,14075061.0,12290299.0,10525969.0,3852958.0,4147291.0,7215737.0,44578.0,1576682.0,2873472.0,8,6,10,2,3,10,3,5,6,14,12,15,4,7,18,1,4,9,0.180038333464872,0.03772950774340038,0.21988720822528784,0.05161931774445243,0.01773560591150873,0.21465368586308817,0.01193355988722052,0.04202519916963884,0.22437758199053112,0.24866699608938173,0.21713523894286013,0.18596445814053333,0.06807100103641128,0.07327104265328072,0.12748190891400094,0.0007875686898744139,0.027855565011632884,0.050766220522024584,0.1509433962264151,0.11320754716981132,0.18867924528301888,0.03773584905660377,0.05660377358490566,0.18867924528301888,0.05660377358490566,0.09433962264150944,0.11320754716981132,0.16666666666666666,0.14285714285714285,0.17857142857142858,0.047619047619047616,0.08333333333333333,0.21428571428571427,0.011904761904761904,0.047619047619047616,0.10714285714285714,6,10,0.375,335,393,-58,0.5,0.5
107,cleveland-browns,2020,1.4224180372019917,0.3548747346280361,1.5385482160933543,2.1427268184206305,0.7227341958764296,0.8539792598678624,0.3059023199518471,0.7700622297816742,1.0190013222055234,0.3644568164226413,2.943578391749354,0.7689124356113448,0.10342941724565974,0.5317008936824956,0.6325968918078787,0.16341923570962577,0.4824933433907233,2.2569634064821997,31430944.0,6861409.0,33997054.0,11836873.0,7985071.0,23587804.0,2534803.0,8507971.0,16887532.0,2707669.0,14579205.0,9520837.0,256137.0,2370108.0,7832949.0,242819.0,1194867.0,16767720.0,8,7,8,2,4,10,3,4,6,15,10,25,5,9,25,3,5,15,0.2188335441849218,0.047771598892235624,0.23669972555282373,0.08241256993925501,0.05559493814434074,0.1642267807438197,0.01764821076645271,0.05923555613705186,0.11757707563909886,0.04881118077088946,0.2628194992633352,0.17163224009181807,0.004617384698466952,0.04272596467091483,0.14120466334997292,0.004377300956507834,0.02153988140137158,0.3022718847967232,0.15384615384615385,0.1346153846153846,0.15384615384615385,0.038461538461538464,0.07692307692307693,0.19230769230769232,0.057692307692307696,0.07692307692307693,0.11538461538461539,0.13392857142857142,0.08928571428571429,0.22321428571428573,0.044642857142857144,0.08035714285714286,0.22321428571428573,0.026785714285714284,0.044642857142857144,0.13392857142857142,11,5,0.688,408,419,-11,0.5,0.583
108,cleveland-browns,2021,0.9320838180743259,0.41078325576093766,1.4550189802842683,1.634838758311705,1.0615798220943595,0.5976362284837917,0.329296297465034,2.2486178274617754,1.3596063801274916,0.8985019618805749,0.4948356661415702,2.3436301553517445,2.9603688308173264,0.13075442497702566,0.6505374395623125,0.33810616268862764,0.21657003012769868,1.6409500271628181,18945687.0,6494170.0,29574952.0,7384444.0,11987691.0,16196868.0,2231110.0,15235257.0,18423720.0,10735481.0,2586673.0,19251486.0,11053462.0,1171710.0,11659127.0,1262425.0,1293811.0,17155599.0,9,7,9,2,5,12,3,3,6,16,7,11,5,12,24,5,8,14,0.14979918504765952,0.05134790697011721,0.23384233611711458,0.05838709851113232,0.09478391268699639,0.12806490610366966,0.017640873078483964,0.12046166932830939,0.145672112156517,0.14094148421656075,0.03395931042148031,0.2527444285183254,0.14511611915771208,0.015382873526708902,0.15306763283819116,0.016573831504344494,0.016985884715897934,0.22522843510077895,0.16071428571428573,0.125,0.16071428571428573,0.03571428571428571,0.08928571428571429,0.21428571428571427,0.05357142857142857,0.05357142857142857,0.10714285714285714,0.1568627450980392,0.06862745098039216,0.10784313725490197,0.049019607843137254,0.11764705882352941,0.23529411764705882,0.049019607843137254,0.0784313725490196,0.13725490196078433,8,9,0.471,349,371,-22,0.5,0.417
109,cleveland-browns,2022,1.0616086321105331,0.2249744446863011,1.4759186050046336,1.9969190809115844,1.3419143389122343,0.9626000571015724,0.4985927255162636,0.6830644100007469,0.5743979057451689,0.8944660438651793,0.8692018162545534,0.7427740164822332,6.354353520261664,0.23990936043545377,0.4365038882138386,0.0,1.2935105794760084,0.800426254200811,26480027.0,2805803.0,33132858.0,14942928.0,13388711.0,24010426.0,3730965.0,5111365.0,8596429.0,8744841.0,8969945.0,7261808.0,13805334.0,260611.0,4267526.0,0.0,4917944.0,6086462.0,10,5,9,3,4,10,3,3,6,18,19,18,4,2,18,0,7,14,0.2003035154925534,0.021224004215688784,0.2506276876422963,0.11303315552329724,0.10127655388016864,0.18162265228331553,0.0282222297462036,0.03866402320758945,0.06502617800888705,0.16100388789573225,0.16514834508836512,0.13369932296680198,0.2541741408104665,0.004798187208709075,0.07857069987849094,0.0,0.0905457405633206,0.11205967558811353,0.18867924528301888,0.09433962264150944,0.16981132075471697,0.05660377358490566,0.07547169811320754,0.18867924528301888,0.05660377358490566,0.05660377358490566,0.11320754716981132,0.18,0.19,0.18,0.04,0.02,0.18,0.0,0.07,0.14,7,10,0.412,361,381,-20,0.5,0.333
110,cleveland-browns,2023,1.3923507968288327,0.5557497878907585,0.8579187934776078,0.35442426948435685,0.39831054473234195,0.9347710470540244,0.7265801170835544,1.1913832689955615,1.9162533500965062,0.31272752631672107,1.0144087720081636,1.1037351424371538,2.4983840507828017,1.6729578477975398,0.8218688129646604,0.09014331471896073,1.8672889669894217,0.3891041402395085,32200488.0,9996515.0,19840836.0,2732222.0,3070537.0,24020195.0,5601135.0,9184257.0,29544419.0,4245907.0,5164742.0,14985431.0,21200377.0,15615722.0,11158527.0,458954.0,7922567.0,4952694.0,9,7,9,3,3,10,3,3,6,16,6,16,10,11,16,6,5,15,0.23643692776338668,0.0734009153817983,0.14568432342072585,0.020061751102888124,0.02254587989050992,0.17637189567057063,0.041127176438691765,0.06743678881106951,0.2169343415203592,0.049540994267995415,0.06026190724800971,0.17484913147519265,0.24736475750324768,0.18220332995814792,0.13019703967757,0.005355048399146182,0.09244004787076346,0.05778774359992701,0.16981132075471697,0.1320754716981132,0.16981132075471697,0.05660377358490566,0.05660377358490566,0.18867924528301888,0.05660377358490566,0.05660377358490566,0.11320754716981132,0.15841584158415842,0.0594059405940594,0.15841584158415842,0.09900990099009901,0.10891089108910891,0.15841584158415842,0.0594059405940594,0.04950495049504951,0.1485148514851485,11,6,0.647,396,362,34,0.5,0.667
111,cleveland-browns,2024,1.5197208135008704,0.38749314747586083,2.077410267761768,0.4057447232887048,0.23679280979439757,0.9069346742767822,0.8332484682836386,0.3671093358466982,0.6081529465305558,0.8459778517761254,0.5230955811459563,0.7076045895092109,10.863326202875804,0.8008278957918002,0.9670525554466629,0.41631551694914465,1.0027298447417932,0.6482730811223457,34183522.0,6779108.0,41535816.0,3042178.0,1183611.0,27199927.0,4165000.0,2752499.0,9119574.0,18651572.0,5074464.0,11856614.0,28740910.0,10593681.0,16203921.0,1835731.0,11495920.0,13720997.0,9,7,8,3,2,12,2,3,6,25,11,19,3,15,19,5,13,24,0.26302860233668907,0.05216253908328895,0.31960157965565655,0.023408349420502197,0.009107415761322983,0.20929261714079586,0.032048018010909174,0.021179384760386433,0.07017149383044875,0.1578316887642025,0.04294068203436954,0.1003319940348881,0.24320879558677172,0.08964491370803734,0.13711939219019847,0.015534161080191965,0.09727976105703963,0.11610861154430072,0.17307692307692307,0.1346153846153846,0.15384615384615385,0.057692307692307696,0.038461538461538464,0.23076923076923078,0.038461538461538464,0.057692307692307696,0.11538461538461539,0.1865671641791045,0.08208955223880597,0.1417910447761194,0.022388059701492536,0.11194029850746269,0.1417910447761194,0.03731343283582089,0.09701492537313433,0.1791044776119403,3,14,0.176,258,435,-177,0.333,0.25
112,dallas-cowboys,2011,0.7891843991977626,1.226085749676903,0.7780305994284393,2.0659869921142477,0.4060904610786468,1.5150416480552584,0.47013995418075194,1.5606650351417306,0.5702253988579037,0.8793086749581954,0.0,1.9082214433266644,0.0,0.008088640595212035,0.09055880137666052,0.0,0.07172004125042547,2.665768420499683,10414039.0,18201789.0,10266854.0,10223499.0,2679375.0,19992416.0,4652958.0,10297230.0,5643500.0,1232000.0,0.0,6684026.0,0.0,11333.0,380646.0,0.0,100487.0,5602515.0,8,9,8,3,4,8,6,4,6,2,0,5,0,2,6,0,2,3,0.11274062845682323,0.197049495483788,0.11114722848977705,0.110677874577549,0.029006461505617632,0.2164345211507512,0.05037213794793771,0.11147607393869505,0.061095578449061105,0.08793086749581953,0.0,0.4770553608316661,0.0,0.0008088640595212036,0.027167640412998153,0.0,0.007172004125042547,0.3998652630749524,0.14285714285714285,0.16071428571428573,0.14285714285714285,0.05357142857142857,0.07142857142857142,0.14285714285714285,0.10714285714285714,0.07142857142857142,0.10714285714285714,0.1,0.0,0.25,0.0,0.1,0.3,0.0,0.1,0.15,8,8,0.5,369,347,22,0.333,0.5
113,dallas-cowboys,2012,1.103464023275959,1.4056121415497722,0.7981352174101211,2.9841589841904423,0.4310142047040493,0.7870384934227458,0.46754135694335963,1.8259132062692562,0.7915147644483604,1.8722118886109025,0.7707804955144516,0.5456609409199351,1.015601235816601,1.2540482538886648,0.7474268914888392,0.2567360687438797,0.02301216783691269,2.8262791179080127,12890963.0,21112378.0,14652047.0,9960499.0,4315906.0,13134850.0,2340833.0,9141775.0,9246688.0,6143303.0,3540835.0,3939059.0,1333000.0,4114918.0,5886090.0,505458.0,45306.0,9273891.0,7,9,11,2,6,10,3,3,7,5,7,11,2,5,12,3,3,5,0.13317669246433986,0.21811222886117154,0.15137047226743675,0.10290203393760146,0.04458767634869475,0.13569629196943891,0.02418317363500136,0.09444378653116842,0.09552764398514695,0.1766237630765002,0.10180119752077664,0.11325038396451484,0.03832457493647551,0.11830643904610047,0.16922873014841644,0.014532230306257343,0.001302575537938454,0.2666301054630201,0.1206896551724138,0.15517241379310345,0.1896551724137931,0.034482758620689655,0.10344827586206896,0.1724137931034483,0.05172413793103448,0.05172413793103448,0.1206896551724138,0.09433962264150944,0.1320754716981132,0.20754716981132076,0.03773584905660377,0.09433962264150944,0.22641509433962265,0.05660377358490566,0.05660377358490566,0.09433962264150944,8,8,0.5,376,400,-24,0.5,0.417
114,dallas-cowboys,2013,0.6273732595994473,1.004798547181065,1.5397505374859808,0.7496578271754256,0.36529003143028727,1.0165984185769992,0.5236807137683893,1.4051945359291391,1.1082528567707133,0.780978066885811,1.7410188680444754,0.6106806991079191,7.711774054999242,0.1573686775940044,0.7422021934484524,0.006806738827767502,0.1593424775944743,0.06272833904667455,4184705.0,16085297.0,16432710.0,2000147.0,1949246.0,16274195.0,2095833.0,5623757.0,7392268.0,6422463.0,14317469.0,5022003.0,11890999.0,566186.0,5340637.0,6997.0,409491.0,225686.0,5,12,8,2,4,12,3,3,5,16,16,16,3,7,14,2,5,7,0.05809011662957845,0.2232885660402366,0.22811119073866382,0.027765104710200945,0.027058520846687945,0.22591075968377758,0.029093372987132736,0.0780663631071744,0.10261600525654752,0.14529824500201133,0.32391048707804193,0.11361501378751983,0.2690153740116014,0.012809078408814312,0.12082361288695737,0.00015829625180854655,0.009264097534562461,0.005105795038682812,0.09259259259259259,0.2222222222222222,0.14814814814814814,0.037037037037037035,0.07407407407407407,0.2222222222222222,0.05555555555555555,0.05555555555555555,0.09259259259259259,0.18604651162790697,0.18604651162790697,0.18604651162790697,0.03488372093023256,0.08139534883720931,0.16279069767441862,0.023255813953488372,0.05813953488372093,0.08139534883720931,8,8,0.5,439,432,7,0.833,0.583
115,dallas-cowboys,2014,0.4351885882198049,0.4136512742850701,1.34614195991821,3.589031351230197,0.40445286578474454,1.4918335985806184,0.6493966905193853,1.9317405626126625,0.6431191762543806,1.660634371159317,1.6536916757654008,0.6881932857737475,1.2198363371082943,0.14756228019226414,0.6646690532245758,0.0013216838683231182,0.16851361163683723,0.6460438337635256,5986610.0,5690335.0,20832762.0,12343000.0,3477374.0,20522197.0,3350000.0,9965143.0,5529361.0,13818476.0,14525188.0,4135875.0,1127834.0,477515.0,5223577.0,1833.0,233706.0,2986590.0,8,8,9,2,5,8,3,3,5,18,19,13,2,7,17,3,3,10,0.06826487658349881,0.06488647439765806,0.23755446351497825,0.14074632749922342,0.03965224174360241,0.2340131135028421,0.038199805324669725,0.11363179780074484,0.06305089963278242,0.3249067247920403,0.3415232808645936,0.09724470342455127,0.02651818124148466,0.01122756479723749,0.12281928157410639,4.3098387010536465e-05,0.005495009075114258,0.07022215584386148,0.1568627450980392,0.1568627450980392,0.17647058823529413,0.0392156862745098,0.09803921568627451,0.1568627450980392,0.058823529411764705,0.058823529411764705,0.09803921568627451,0.1956521739130435,0.20652173913043478,0.14130434782608695,0.021739130434782608,0.07608695652173914,0.18478260869565216,0.03260869565217391,0.03260869565217391,0.10869565217391304,12,4,0.75,467,352,115,0.667,0.667
116,dallas-cowboys,2015,0.9964139561966718,0.9357492961629366,1.2187628777153245,0.4431982608518835,0.3753920129423738,1.5694765823131267,0.9993918286389457,1.5676382349342557,0.4069212954545622,0.5251281666896236,0.8428450811941965,0.5192654539612437,3.9489095140207024,0.35315036293830476,0.7598938672716152,0.002306173548131505,0.5690423945347441,1.885924457002387,10747879.0,10093516.0,16902333.0,2048822.0,2313822.0,21766183.0,4620000.0,7246896.0,4389281.0,3985983.0,4691582.0,4992544.0,17984508.0,2859292.0,9613285.0,2334.0,1151817.0,12406421.0,7,7,9,3,4,9,3,3,7,15,11,19,9,16,25,2,4,13,0.134132647949552,0.12596625140654916,0.2109397288353446,0.02556913043376251,0.028876308687874906,0.2716401777080411,0.05765722088301609,0.0904406674000532,0.05477786669580644,0.06909581140652941,0.08132715695733476,0.08654424232687395,0.31175601426479227,0.0495649632194112,0.16664339194552966,4.0459185054938685e-05,0.019966399808236637,0.21506156088623712,0.1346153846153846,0.1346153846153846,0.17307692307692307,0.057692307692307696,0.07692307692307693,0.17307692307692307,0.057692307692307696,0.057692307692307696,0.1346153846153846,0.13157894736842105,0.09649122807017543,0.16666666666666666,0.07894736842105263,0.14035087719298245,0.21929824561403508,0.017543859649122806,0.03508771929824561,0.11403508771929824,4,12,0.25,275,374,-99,0.5,0.25
117,dallas-cowboys,2016,0.5329437686106143,0.6363027123227402,1.0320887509740795,2.8520751258393218,0.7007957529114475,1.056865454508142,0.7221416753134353,1.3177322304551842,1.4188035330838868,0.6723145477896598,2.985833077607314,0.6149642492033611,0.8445108783755086,0.8166352467621497,0.26579191781789596,0.0,2.2867093579572066,0.4224419995441796,13106959.0,12171381.0,19742090.0,23380848.0,9575016.0,28880037.0,5920000.0,7201703.0,19385201.0,1438612.0,4791792.0,1644868.0,903538.0,873714.0,521344.0,0.0,2446539.0,753281.0,9,7,7,3,5,10,3,2,5,12,9,15,6,6,11,0,6,10,0.09404890034304958,0.08733566639723885,0.14165924032977564,0.1677691250493719,0.06870546597171054,0.20722852049179255,0.04247892207726091,0.05167577374334056,0.13909838559645948,0.10757032764634557,0.35829996931287766,0.12299284984067223,0.0675608702700407,0.06533081974097198,0.038982814613291415,0.0,0.18293674863657652,0.056325599939223946,0.17647058823529413,0.13725490196078433,0.13725490196078433,0.058823529411764705,0.09803921568627451,0.19607843137254902,0.058823529411764705,0.0392156862745098,0.09803921568627451,0.16,0.12,0.2,0.08,0.08,0.14666666666666667,0.0,0.08,0.13333333333333333,13,3,0.813,421,306,115,0.5,0.75
118,dallas-cowboys,2017,0.8867171351290407,0.9163301637002177,0.8738977845380763,0.26005342369056217,0.868927253740201,0.473690554271969,1.064574042225378,1.9073973507673976,1.7499651637856937,0.7186062670185243,0.39136002126110647,1.6895482987737689,2.3347441395015482,0.35247824472965145,1.5565269288480568,0.23936779968333874,0.16387309174012232,0.05834535057019792,18796485.0,13596952.0,14819794.0,1102514.0,9209689.0,8032972.0,6770000.0,16173079.0,25966833.0,7059338.0,2070161.0,11490601.0,12350000.0,799067.0,10585924.0,180882.0,495333.0,308627.0,10,7,8,2,5,8,3,4,7,13,7,9,7,3,9,1,4,7,0.16420687687574828,0.1187835397389171,0.12946633845008537,0.009631608284835634,0.08045622719816675,0.07017637841066207,0.05914300234585434,0.14128869264943686,0.22684733604629362,0.15569802452068027,0.045658669147129086,0.25343224481606536,0.27238681627518063,0.01762391223648257,0.23347903932720854,0.0039894633280556455,0.010924872782674823,0.006806957566523091,0.18518518518518517,0.12962962962962962,0.14814814814814814,0.037037037037037035,0.09259259259259259,0.14814814814814814,0.05555555555555555,0.07407407407407407,0.12962962962962962,0.21666666666666667,0.11666666666666667,0.15,0.11666666666666667,0.05,0.15,0.016666666666666666,0.06666666666666667,0.11666666666666667,9,7,0.563,354,332,22,0.833,0.583
119,dallas-cowboys,2018,1.617827784455057,1.030526700207756,1.8890030925612038,0.2599188464414682,0.9888644473020626,0.4534752728984908,0.4148625818455028,0.23656050946687662,0.662510107839319,0.41533413452063067,0.08525678638433128,1.0896508217482694,5.435679808090611,0.13400802132513315,0.544518171891534,0.9389061527523456,0.5784776852010842,1.9618749206259907,33927142.0,19209750.0,35212360.0,1816902.0,9216568.0,9509739.0,2900000.0,1653621.0,7718537.0,5308315.0,145287.0,9284428.0,9263000.0,456729.0,6031475.0,800000.0,1478685.0,20059512.0,9,8,8,3,4,9,3,3,5,15,2,10,2,4,13,1,3,12,0.2800086550018368,0.15854256926273172,0.29061586039403137,0.014995318063930858,0.07606649594631251,0.0784861049247388,0.02393437972185593,0.013647721700012114,0.06370289498454991,0.10048406480337838,0.0027502189156235896,0.17575013254004346,0.1753445099384068,0.00864567879516988,0.11417316507403133,0.015143647625037834,0.027990855735536335,0.3797177265727724,0.17307692307692307,0.15384615384615385,0.15384615384615385,0.057692307692307696,0.07692307692307693,0.17307692307692307,0.057692307692307696,0.057692307692307696,0.09615384615384616,0.24193548387096775,0.03225806451612903,0.16129032258064516,0.03225806451612903,0.06451612903225806,0.20967741935483872,0.016129032258064516,0.04838709677419355,0.1935483870967742,10,6,0.625,339,324,15,0.833,0.75
120,dallas-cowboys,2019,1.046290209325105,0.6689122400087681,1.9085894640100287,0.48340973249544167,1.0132881154918134,0.5309482922456806,0.37253232005238385,0.650592664551783,1.303802275851227,3.086769126635986,0.7692996788443888,0.6051268481723153,0.1374447103204869,0.1474355237337032,1.0320176671442396,0.9103065758553658,0.14803249673277183,0.9900625446324455,29950017.0,13403311.0,49169970.0,2767517.0,8701600.0,13678537.0,3199117.0,5586957.0,22392774.0,12733714.0,3966948.0,4056493.0,212623.0,456157.0,5853839.0,469406.0,152668.0,5615860.0,10,7,9,2,3,9,3,3,6,8,10,13,3,6,11,1,2,11,0.20120965563944326,0.09004587846271879,0.3303327918478896,0.01859268201905545,0.05845892973991231,0.09189489673482934,0.02149224923379138,0.03753419218567979,0.15043872413668005,0.37991004635519826,0.11835379674529058,0.12102536963446307,0.006343602014791704,0.01360943296003414,0.17464914367056364,0.014004716551621011,0.004554846053316056,0.16754904601472154,0.19230769230769232,0.1346153846153846,0.17307692307692307,0.038461538461538464,0.057692307692307696,0.17307692307692307,0.057692307692307696,0.057692307692307696,0.11538461538461539,0.12307692307692308,0.15384615384615385,0.2,0.046153846153846156,0.09230769230769231,0.16923076923076924,0.015384615384615385,0.03076923076923077,0.16923076923076924,8,8,0.5,434,321,113,0.833,0.583
121,dallas-cowboys,2020,1.1977365289829074,1.6335206115991465,0.7719443781516105,0.6642926933074105,1.4871728176315975,0.6252719251753487,0.4856739526390698,0.5044529314614435,1.4191345620764435,0.7618746546945504,0.22126495133200336,1.1360532352661235,7.673402504359032,0.11925999696609392,0.5419182832960242,1.0301358888091736,1.389135201183486,0.07617056978996625,25021171.0,17062433.0,12900969.0,4163198.0,12427042.0,13062168.0,3043774.0,3161464.0,17787756.0,10705047.0,2560335.0,21596464.0,31711305.0,492857.0,8958183.0,2554300.0,3444466.0,629569.0,10,5,8,3,4,10,3,3,6,17,14,23,5,5,20,3,3,10,0.23033394788132833,0.15706928957684102,0.11876067356178624,0.03832457846004291,0.11439790904858442,0.12024460099525937,0.028019651113792485,0.029103053738160207,0.163746295624205,0.12951869129807358,0.03097709318648047,0.2612922441112084,0.3836701252179516,0.0059629998483046965,0.10838365665920482,0.03090407666427521,0.041674056035504586,0.007617056978996625,0.19230769230769232,0.09615384615384616,0.15384615384615385,0.057692307692307696,0.07692307692307693,0.19230769230769232,0.057692307692307696,0.057692307692307696,0.11538461538461539,0.17,0.14,0.23,0.05,0.05,0.2,0.03,0.03,0.1,6,10,0.375,395,473,-78,0.333,0.417
122,dallas-cowboys,2021,1.2955062104881683,0.7166087283584404,1.2082046562711948,3.134728355457722,0.6072046327739226,0.46913090577581934,0.5211430531507306,0.6995173139933216,1.7255402293022253,1.022550141570159,3.113887093718707,2.186494514392929,0.5859096858834929,0.5483575927038332,0.47406492782655385,0.5593033143856919,0.23158357673471117,0.5881228192285748,37442754.0,10355722.0,31427606.0,18120000.0,8774722.0,18982367.0,4518627.0,8086987.0,29922965.0,6037218.0,11313624.0,7944147.0,1064387.0,2739463.0,2583616.0,1270066.0,736232.0,4006528.0,10,5,9,2,5,14,3,4,6,13,8,8,4,11,12,5,7,15,0.22336313973933936,0.06177661451365866,0.1874800328696682,0.10809408122268008,0.05234522696326919,0.11323849449761159,0.026955675162968828,0.04824257337884977,0.17850416165195435,0.1601584559085791,0.30013369578011634,0.21074645921859556,0.028236611367879177,0.07267389782821887,0.06853950763757405,0.03369297074612602,0.019531145025819013,0.10628725648709185,0.1724137931034483,0.08620689655172414,0.15517241379310345,0.034482758620689655,0.08620689655172414,0.2413793103448276,0.05172413793103448,0.06896551724137931,0.10344827586206896,0.1566265060240964,0.0963855421686747,0.0963855421686747,0.04819277108433735,0.13253012048192772,0.14457831325301204,0.060240963855421686,0.08433734939759036,0.18072289156626506,12,5,0.706,530,358,172,1.0,0.833
123,dallas-cowboys,2022,0.9659260651194163,0.5808044899436453,1.7985153383196053,2.271640647130209,2.161614408213504,0.46137428147196236,0.41060240678006316,1.0710259339243517,0.6466772677156436,0.41648774992135157,2.270353700812654,0.8564817890698269,0.12551793530143288,0.3878878022013781,1.6470258982849872,0.39746505825832124,0.7688001716713049,1.096356166966223,26520041.0,10630875.0,38406080.0,20789722.0,19782778.0,16889719.0,3757773.0,13069163.0,11836591.0,2689926.0,11279459.0,8935774.0,311796.0,1541668.0,15547078.0,1579733.0,3055612.0,8714980.0,9,6,7,3,3,12,3,4,6,13,10,21,5,8,19,8,8,16,0.16402518086933485,0.06575145169173344,0.2375397616648535,0.12858343285642693,0.12235553254038703,0.10446210146534997,0.023241645666796026,0.08083214595655484,0.07320874728856343,0.050132784712755285,0.21021793526043095,0.1665381256524663,0.005811015523214485,0.028732429792694674,0.28975455617976625,0.029441856167283054,0.0569481608645411,0.16242313584684784,0.16981132075471697,0.11320754716981132,0.1320754716981132,0.05660377358490566,0.05660377358490566,0.22641509433962265,0.05660377358490566,0.07547169811320754,0.11320754716981132,0.12037037037037036,0.09259259259259259,0.19444444444444445,0.046296296296296294,0.07407407407407407,0.17592592592592593,0.07407407407407407,0.07407407407407407,0.14814814814814814,12,5,0.706,467,342,125,0.667,0.667
124,dallas-cowboys,2023,0.9925855072787246,0.7983917273107345,0.9700082281093784,2.8473842996332226,1.1321544310053453,0.9042184742446301,0.47452203422304534,0.265348531077014,0.962640684244556,0.3230295332755447,0.9082843146616539,1.2897374141900924,0.0,2.551365468326335,1.5212269587354503,0.008380274203660432,0.5303775726460082,0.2674139272444863,38214685.0,5588763.0,33950415.0,29897647.0,11887666.0,37977318.0,4982500.0,2786170.0,20215530.0,1542165.0,5420264.0,10775265.0,0.0,7105229.0,8472848.0,3334.0,1899044.0,1383040.0,11,2,10,3,3,12,3,3,6,12,15,21,0,7,14,1,9,13,0.2060083128314334,0.030127989709839036,0.18302042039799593,0.16117269620565408,0.06408421307577426,0.20472871114972757,0.026859737786210116,0.015019728174170605,0.10897819066919502,0.042134286948984086,0.1480898339122262,0.2943965836738255,0.0,0.19412563345961248,0.23149105893800334,9.108993699630906e-05,0.05188476254145733,0.0377867505888948,0.20754716981132076,0.03773584905660377,0.18867924528301888,0.05660377358490566,0.05660377358490566,0.22641509433962265,0.05660377358490566,0.05660377358490566,0.11320754716981132,0.13043478260869565,0.16304347826086957,0.22826086956521738,0.0,0.07608695652173914,0.15217391304347827,0.010869565217391304,0.09782608695652174,0.14130434782608695,12,5,0.706,509,315,194,0.833,0.75
125,dallas-cowboys,2024,0.9652611889653564,0.6171662470292133,1.112641543666859,1.4945354550656986,0.5662344959866837,1.162858480281655,1.0631618896645973,0.4963116929363576,1.3342409016757428,0.8993681760045523,0.2145468206370762,1.340217955205705,15.346279840822218,0.861641519416336,0.5061703714789871,0.0,0.15076857985674716,0.8627498846276667,19533046.0,6812176.0,18421722.0,8248214.0,3125000.0,17113912.0,5867500.0,3652136.0,14727124.0,26231113.0,4067379.0,23453404.0,44759200.0,8795770.0,20668262.0,0.0,1099335.0,13839704.0,11,6,9,3,3,8,3,4,6,20,13,12,2,7,28,0,5,11,0.2003372278984702,0.06986787702217509,0.18893913005663643,0.08459634651315276,0.03205100920679342,0.17552580834440076,0.06017897488667533,0.03745748625934774,0.15104613981234827,0.1835445257152148,0.0284602925334897,0.16410832104559656,0.3131893845065759,0.06154582281545258,0.14462010613685347,0.0,0.0076922744824871,0.09683927276432994,0.20754716981132076,0.11320754716981132,0.16981132075471697,0.05660377358490566,0.05660377358490566,0.1509433962264151,0.05660377358490566,0.07547169811320754,0.11320754716981132,0.20408163265306123,0.1326530612244898,0.12244897959183673,0.02040816326530612,0.07142857142857142,0.2857142857142857,0.0,0.05102040816326531,0.11224489795918367,7,10,0.412,350,468,-118,0.5,0.417
126,denver-broncos,2011,0.7588889434519288,2.3370350466035408,0.7701668533138794,0.4224011612494584,0.6171596761008474,1.3060867778448717,0.5864738408833552,0.5278673391931263,0.5232894660363803,1.821237302327051,0.005901257355098633,0.17016020590825143,0.0,0.6556952616776258,0.6478025121027541,0.0,1.0438009956444965,1.0816815308820198,12576250.0,30983334.0,11486832.0,700000.0,6136514.0,21644371.0,3887600.0,3499111.0,5203148.0,6249525.0,4050.0,233560.0,0.0,450000.0,1778333.0,0.0,3581774.0,742352.0,10,8,9,1,6,10,4,4,6,5,1,2,0,1,4,0,5,1,0.1308429212848153,0.3223496616004884,0.11950864965215369,0.007282778642232043,0.0638441044242256,0.22518737549049514,0.04044647178505898,0.03640464408228458,0.05413339303824624,0.4792729742965924,0.00031059249237361226,0.017911600621921205,0.0,0.03451027693040136,0.13637947623215876,0.0,0.27468447253802536,0.05693060688852736,0.1724137931034483,0.13793103448275862,0.15517241379310345,0.017241379310344827,0.10344827586206896,0.1724137931034483,0.06896551724137931,0.06896551724137931,0.10344827586206896,0.2631578947368421,0.05263157894736842,0.10526315789473684,0.0,0.05263157894736842,0.21052631578947367,0.0,0.2631578947368421,0.05263157894736842,8,8,0.5,309,390,-81,0.5,0.5
127,denver-broncos,2012,0.5917809958313098,1.8793316526227983,0.8152688244898088,3.1854514073885007,0.4078686692107598,1.039533106145835,0.3788127173366641,0.508765337407488,0.6704677086609192,1.0300450593578976,1.8823558583032143,0.32605625010460926,0.0,2.407137736518041,1.091372539164218,0.3944058375473166,0.2528927638420179,0.27329415816976665,9791344.0,31094582.0,15175208.0,19764396.0,4217758.0,21499563.0,3133833.0,4208902.0,6933287.0,2384425.0,3485934.0,1056691.0,0.0,3343333.0,6063337.0,182600.0,234166.0,379585.0,8,8,9,3,5,10,4,4,5,5,4,7,0,3,12,1,2,3,0.08454014226161569,0.26847595037468547,0.13102534679300498,0.17064918253866967,0.036416845465246414,0.18563091181175628,0.02705805123833315,0.036340381243392,0.059863188273296356,0.13919527829160777,0.2034979306273745,0.06168631758735851,0.0,0.19517332998794926,0.35395866135055715,0.010659617231008557,0.013669879126595563,0.02215898579754865,0.14285714285714285,0.14285714285714285,0.16071428571428573,0.05357142857142857,0.08928571428571429,0.17857142857142858,0.07142857142857142,0.07142857142857142,0.08928571428571429,0.13513513513513514,0.10810810810810811,0.1891891891891892,0.0,0.08108108108108109,0.32432432432432434,0.02702702702702703,0.05405405405405406,0.08108108108108109,13,3,0.813,481,289,192,1.0,0.833
128,denver-broncos,2013,0.6317000591523381,0.5981585207869301,0.7313979270069699,3.425212053185013,0.6884106903232098,1.0748678337473738,0.8611163250829688,1.0999498775015295,1.2694442891475013,0.6980994602404501,1.8718789871774597,1.9072914045314797,0.08419069708342644,0.2536117795412461,0.5902823590162414,0.12247741885231798,0.0028958927076156364,0.05582148670407439,9204751.0,6537003.0,11989674.0,18716294.0,5015552.0,21535695.0,6273833.0,8013902.0,9248787.0,3134332.0,14007293.0,15699513.0,126000.0,569334.0,2650254.0,183300.0,4334.0,292399.0,8,6,9,3,4,11,4,4,4,6,10,11,2,3,6,2,2,7,0.09535095232488122,0.06771605895701095,0.12419964798231564,0.1938799275387743,0.05195552379797809,0.22308577681549266,0.06498991132701651,0.08301508509445506,0.09580711616207556,0.08548156656005512,0.3820161198321346,0.4281674581601281,0.0034363549829969976,0.015527251808647719,0.07227947253260099,0.004999078320502775,0.00011819970235165863,0.007974498100582057,0.1509433962264151,0.11320754716981132,0.16981132075471697,0.05660377358490566,0.07547169811320754,0.20754716981132076,0.07547169811320754,0.07547169811320754,0.07547169811320754,0.12244897959183673,0.20408163265306123,0.22448979591836735,0.04081632653061224,0.061224489795918366,0.12244897959183673,0.04081632653061224,0.04081632653061224,0.14285714285714285,13,3,0.813,606,399,207,0.833,0.75
129,denver-broncos,2014,0.6127945713718401,1.016979592164044,1.2035711513763554,3.9841087737873115,0.20819563406926486,0.9341433135247948,0.4462228262044834,0.3959801282553033,1.5688020870261257,0.8192598078225561,1.2310068786067583,1.0605074806600006,0.295688478501166,1.3463995641180402,1.5837531521374233,1.3563237426084938,1.2642853968324692,0.3939151940834683,8517564.0,18847401.0,25093632.0,18459096.0,1929216.0,21640274.0,4134862.0,3669295.0,18171359.0,1863021.0,1781402.0,2630864.0,183383.0,2226729.0,2946683.0,1121571.0,784097.0,1140077.0,6,8,9,2,4,10,4,4,5,11,7,12,3,8,9,4,3,14,0.07070706592752002,0.15645839879446832,0.2083103915843692,0.15323495283797353,0.016015048774558838,0.1796429449086144,0.03432483278496026,0.030460009865792562,0.15084635452174286,0.12692757585983266,0.1213668753555959,0.17924070095661981,0.012493879373288703,0.15170699314006086,0.20075744182023675,0.07641260521737993,0.053420509725315604,0.0776734185516698,0.11538461538461539,0.15384615384615385,0.17307692307692307,0.038461538461538464,0.07692307692307693,0.19230769230769232,0.07692307692307693,0.07692307692307693,0.09615384615384616,0.15492957746478872,0.09859154929577464,0.16901408450704225,0.04225352112676056,0.11267605633802817,0.1267605633802817,0.056338028169014086,0.04225352112676056,0.19718309859154928,12,4,0.75,482,354,128,1.0,0.833
130,denver-broncos,2015,0.6083039737429784,1.0588662153530082,0.8569880004316821,2.501339815223767,0.268018175009611,0.9778418671234886,0.48604376437409175,0.9744411350036858,1.4839011236119475,0.6447643584391812,0.3010284579751412,1.352444823353042,0.19857386422978837,1.0386297753454432,1.469057092219117,5.063540057120088,0.9928578957252234,0.42751947234621945,9273923.0,24214482.0,23952950.0,19067139.0,2043041.0,22361592.0,3705000.0,7427941.0,22622875.0,931135.0,338123.0,2821188.0,95590.0,1166616.0,2828714.0,812500.0,955889.0,480201.0,6,9,11,3,3,9,3,3,6,9,7,13,3,7,12,1,6,7,0.0688646008010919,0.17980747053164292,0.17786543405185856,0.14158527255983586,0.015170840094883644,0.16604861894549808,0.027511911190986327,0.05515704537756712,0.16798880644663558,0.08927506501465586,0.03241844932039982,0.2704889646706084,0.009164947579836387,0.11185243734489388,0.27121054010199086,0.07790061626338596,0.09164842114386676,0.04604055856036209,0.11320754716981132,0.16981132075471697,0.20754716981132076,0.05660377358490566,0.05660377358490566,0.16981132075471697,0.05660377358490566,0.05660377358490566,0.11320754716981132,0.13846153846153847,0.1076923076923077,0.2,0.046153846153846156,0.1076923076923077,0.18461538461538463,0.015384615384615385,0.09230769230769231,0.1076923076923077,12,4,0.75,355,296,59,0.667,0.667
131,denver-broncos,2016,0.9640821675383169,0.9918120206925383,0.7019184110092926,0.5314846212270856,0.17347047584446945,1.7211967627470213,0.2008525180495294,0.45985614822290416,1.6377124867157293,0.5332793602243452,2.16949916042563,0.7640499092178615,3.3071240848621963,1.8376245008926044,0.2511882583866491,0.9168564636782913,0.7505463572057215,0.12132967971547592,12304827.0,21097917.0,13438146.0,2261158.0,1107024.0,32952111.0,1281766.0,3912841.0,24386300.0,2808467.0,8309432.0,4023799.0,4750000.0,7918103.0,1322860.0,1755833.0,3234014.0,348530.0,6,10,9,2,3,9,3,4,7,11,8,11,3,9,11,4,9,6,0.10914137745716795,0.18713434352689398,0.11919369243554026,0.020056023442531535,0.009819083538366195,0.2922786955608149,0.01136901045563374,0.03470612439418144,0.21630164918886993,0.08147323558983051,0.2410554622695145,0.11672984724161774,0.1377968368692582,0.22970306261157555,0.0383759839201825,0.05093647020434952,0.09381829465071519,0.010110806642956327,0.11320754716981132,0.18867924528301888,0.16981132075471697,0.03773584905660377,0.05660377358490566,0.16981132075471697,0.05660377358490566,0.07547169811320754,0.1320754716981132,0.1527777777777778,0.1111111111111111,0.1527777777777778,0.041666666666666664,0.125,0.1527777777777778,0.05555555555555555,0.125,0.08333333333333333,9,7,0.563,333,297,36,0.333,0.5
132,denver-broncos,2017,0.534090685589671,1.5822231557933963,0.5438847612922123,0.6375281236776034,0.5400783813707659,1.4275247635606758,0.48615826644964655,0.47441011383284276,1.7726494573314642,1.4875509176175779,0.9321127149740382,2.1143362003200883,0.6971813051505963,1.0265445157297342,0.42130828542304105,0.0035102558107107007,0.4154264566634227,0.14741064387751346,7360586.0,29073938.0,11243345.0,2928704.0,6202588.0,32789122.0,3350002.0,4358731.0,24429819.0,11302868.0,3983894.0,13053117.0,993262.0,975000.0,2600999.0,1667.0,986418.0,770049.0,6,8,9,2,5,10,3,4,6,16,9,13,3,2,13,1,5,11,0.060463096481849554,0.23882613672353153,0.09235778965339456,0.024057665044437865,0.05095079069535527,0.26934429501144824,0.027518392440546036,0.03580453689304474,0.20067729705639217,0.3260385572860445,0.11491800595570335,0.37652562471453627,0.028651286513038204,0.028124507280266685,0.07502750288355525,4.808569603713289e-05,0.02845386689475498,0.022212562776063673,0.11320754716981132,0.1509433962264151,0.16981132075471697,0.03773584905660377,0.09433962264150944,0.18867924528301888,0.05660377358490566,0.07547169811320754,0.11320754716981132,0.2191780821917808,0.1232876712328767,0.1780821917808219,0.0410958904109589,0.0273972602739726,0.1780821917808219,0.0136986301369863,0.0684931506849315,0.1506849315068493,5,11,0.313,289,382,-93,0.333,0.333
133,denver-broncos,2018,1.5249857709011154,1.4194571687038797,0.7925551558694055,3.6101448351460887,0.32739679017235707,0.7583409938372275,0.692472590386773,0.18097581376555139,0.3035892746863019,0.17827704756625523,0.24570020086369176,1.7696260590395971,0.8940033197017238,0.14128619709309473,1.0639526516874742,0.7261419449313113,0.4690339577087116,1.4920965049903017,19807123.0,33800205.0,13725363.0,15630000.0,2126180.0,21340876.0,4497055.0,1175293.0,2628759.0,1122334.0,1546793.0,22281180.0,3517595.0,667095.0,14233376.0,1714271.0,1845487.0,19961011.0,6,11,8,2,3,13,3,3,4,8,8,16,5,6,17,3,5,17,0.1726398985925791,0.2946043180328807,0.11963096692368384,0.13623188057155053,0.018531893783340966,0.1860081682996973,0.039196561720006025,0.010243913986729324,0.02291239808953222,0.016779016241529904,0.023124724787170987,0.33310608170157124,0.05258843057068963,0.009973143324218451,0.21279053033749484,0.025628539232869813,0.027590232806394797,0.29841930099806036,0.11320754716981132,0.20754716981132076,0.1509433962264151,0.03773584905660377,0.05660377358490566,0.24528301886792453,0.05660377358490566,0.05660377358490566,0.07547169811320754,0.09411764705882353,0.09411764705882353,0.18823529411764706,0.058823529411764705,0.07058823529411765,0.2,0.03529411764705882,0.058823529411764705,0.2,6,10,0.375,329,349,-20,0.333,0.333
134,denver-broncos,2019,0.4289723767895234,2.342502584976443,1.160903119946807,0.4740112398458101,0.37879271733034986,1.042647460900623,0.9168970353056832,0.830228701104552,0.37218697626206,1.3445864531187466,0.978946577685424,0.19007916122433954,1.7447835520627755,0.6214346883934634,1.4049031549698,0.372622196904761,0.6144900359355695,0.8855980019483163,6949166.0,33204083.0,25858423.0,1919694.0,2301104.0,19001740.0,5570000.0,6724672.0,3768292.0,13230989.0,11384481.0,2210491.0,14047368.0,3891387.0,18851614.0,333334.0,1099400.0,11883347.0,8,7,11,2,3,9,3,4,5,11,13,13,9,7,15,1,2,15,0.06599575027531128,0.31533688643913654,0.24557565998874767,0.018231201532531157,0.021853425999827876,0.1804582143866463,0.05289790588302019,0.06386374623881169,0.0357872092559673,0.1719819881896071,0.1479802966268664,0.028732896464144352,0.18259362754145322,0.05058189324132842,0.2450412479598488,0.004332816243078616,0.014290465951989987,0.15446476778168305,0.15384615384615385,0.1346153846153846,0.21153846153846154,0.038461538461538464,0.057692307692307696,0.17307692307692307,0.057692307692307696,0.07692307692307693,0.09615384615384616,0.12790697674418605,0.1511627906976744,0.1511627906976744,0.10465116279069768,0.08139534883720931,0.1744186046511628,0.011627906976744186,0.023255813953488372,0.1744186046511628,7,9,0.438,282,316,-34,0.5,0.5
135,denver-broncos,2020,0.4173496779357128,0.8040906445484702,1.356305935536991,0.6797414928891732,1.4069571969576202,1.4828247667155539,1.1895746195826922,0.6850477782612311,0.594005244973284,1.0276071336370414,2.4713171403767453,0.1610460530562269,2.3044321328275688,0.24659022910162143,1.4003699907134457,0.030408396828758,0.3894461259469713,0.311232794103057,4836906.0,13978605.0,23578517.0,3938958.0,8153019.0,28642185.0,6893333.0,6616178.0,5736891.0,19609677.0,29785127.0,1940980.0,13886887.0,2724321.0,19690673.0,61082.0,1955722.0,3751080.0,6,9,9,3,3,10,3,5,5,19,12,12,6,11,14,2,5,12,0.04724713335121277,0.13654369435728742,0.23031610226099852,0.038475933559764516,0.07963908662024265,0.2797782578708592,0.067334412429209,0.06462714889256897,0.05603823065785698,0.20994124235595468,0.3188796310163543,0.020780135878222823,0.1486730408275851,0.02916658623782619,0.21080838569879826,0.0006539440178227527,0.020937963760589855,0.04015907020684606,0.11320754716981132,0.16981132075471697,0.16981132075471697,0.05660377358490566,0.05660377358490566,0.18867924528301888,0.05660377358490566,0.09433962264150944,0.09433962264150944,0.20430107526881722,0.12903225806451613,0.12903225806451613,0.06451612903225806,0.11827956989247312,0.15053763440860216,0.021505376344086023,0.053763440860215055,0.12903225806451613,5,11,0.313,323,446,-123,0.167,0.333
136,denver-broncos,2021,0.7052855380686368,0.8395085649938596,0.7621344553651326,0.6717685492571553,2.1112646238906865,1.3474076341815686,1.003166156409267,0.8877759069945304,0.975448041874494,0.27251894727483583,3.1309787321242766,1.2472511354254414,1.0656746024502053,0.25759229577809317,1.2112173792155578,0.0,0.31524874493144917,0.24008613212965071,12379999.0,14736039.0,11891447.0,2620371.0,12353131.0,28907119.0,5869583.0,5194428.0,13317273.0,2254523.0,28492514.0,20636777.0,5289734.0,1704829.0,17034484.0,0.0,2086418.0,3575177.0,9,9,8,2,3,11,3,3,7,10,11,20,6,8,17,0,8,18,0.11541036077486784,0.137374128817177,0.11085592078038292,0.02442794724571474,0.11515988857585562,0.2694815268363137,0.05471815398596002,0.048424140381519834,0.12414793260220833,0.027808055844371005,0.3514363882996637,0.25454104804600847,0.06524538382348197,0.0210279425124974,0.21010913721086208,0.0,0.025734591422975444,0.04409745284013993,0.16363636363636364,0.16363636363636364,0.14545454545454545,0.03636363636363636,0.05454545454545454,0.2,0.05454545454545454,0.05454545454545454,0.12727272727272726,0.10204081632653061,0.11224489795918367,0.20408163265306123,0.061224489795918366,0.08163265306122448,0.17346938775510204,0.0,0.08163265306122448,0.1836734693877551,7,10,0.412,335,322,13,0.167,0.25
137,denver-broncos,2022,0.7020266437983097,0.714837090965139,0.8076103355841134,2.933671776226038,0.3784878075447873,1.5238231142513239,0.9655198779342089,0.5134450164941726,0.8337398427014321,0.8952910444477445,1.1150098863972457,2.426619318327054,0.28835771020960127,0.7858559624297957,1.0003399809128537,0.26960640485308845,0.4236336116066167,0.47742016400323484,11539030.0,8812194.0,14933792.0,18082501.0,3110553.0,31308357.0,5951250.0,3164761.0,11990970.0,11289801.0,14060500.0,36720192.0,1212083.0,7927842.0,18501251.0,906611.0,3917544.0,8027153.0,8,6,9,3,4,10,3,3,7,15,15,18,5,12,22,4,11,20,0.10596628585634862,0.08092495369416669,0.1371413777406985,0.16605689299392667,0.028565117550549985,0.2875137951417592,0.05465206856231371,0.0290629254619343,0.11011658299830233,0.1100767677599686,0.13709137947507122,0.3580258010646473,0.011817938943016446,0.07729730777997991,0.18038917688592443,0.00883955425747831,0.03819647317764577,0.078265600656268,0.1509433962264151,0.11320754716981132,0.16981132075471697,0.05660377358490566,0.07547169811320754,0.18867924528301888,0.05660377358490566,0.05660377358490566,0.1320754716981132,0.12295081967213115,0.12295081967213115,0.14754098360655737,0.040983606557377046,0.09836065573770492,0.18032786885245902,0.03278688524590164,0.09016393442622951,0.16393442622950818,5,12,0.294,287,359,-72,0.167,0.25
138,denver-broncos,2023,1.2243720828009264,0.5955991180644287,1.11226365513204,3.8215684373311314,0.555306912295512,0.9774964280448762,0.41120076385682974,0.3909465275703435,1.307714223046881,0.6277031440256491,2.26282400699133,1.551506338026867,0.1575174451717874,0.40143149205837064,0.8348450608679421,1.9812646445393394,0.3790796890275146,0.8739376833119413,24028853.0,17533351.0,32743012.0,25000000.0,7265432.0,31973012.0,4035000.0,5115001.0,25664480.0,5461175.0,16874689.0,9641782.0,293666.0,1247341.0,10376231.0,1231250.0,1884622.0,11405216.0,6,9,9,2,4,10,3,4,6,14,12,10,3,5,20,1,8,21,0.138608160317086,0.10113947287886527,0.18887496030544074,0.14421012971060876,0.0419099556449443,0.184433288310354,0.02327551493529225,0.029505398307195736,0.14804311959021296,0.09348770230169243,0.2888711498286804,0.16505386574753905,0.005027152505482576,0.021352738939275032,0.17762660869530683,0.021077283452546162,0.03226210119383103,0.1952413973356465,0.11320754716981132,0.16981132075471697,0.16981132075471697,0.03773584905660377,0.07547169811320754,0.18867924528301888,0.05660377358490566,0.07547169811320754,0.11320754716981132,0.14893617021276595,0.1276595744680851,0.10638297872340426,0.031914893617021274,0.05319148936170213,0.2127659574468085,0.010638297872340425,0.0851063829787234,0.22340425531914893,8,9,0.471,357,413,-56,0.5,0.417
139,denver-broncos,2024,1.755075757906395,0.4793463956394771,1.6531374023505077,1.509639721477683,0.3505861814373649,0.8493233709320928,0.677048569645549,0.556530815352148,0.9503423336794682,0.2495993750782697,0.8273432974673767,0.17127266494350965,50.07688494690019,0.31238785423522125,0.4097278791447343,0.58261621095061,0.3992779637573269,0.669449799404788,30484801.0,12489016.0,43071273.0,13110849.0,5074591.0,24587214.0,5880000.0,4833333.0,11004652.0,2113353.0,18388386.0,2537784.0,53000000.0,3636850.0,8239250.0,1233250.0,2535509.0,9919382.0,6,9,9,3,5,10,3,3,4,8,21,14,1,11,19,2,6,14,0.20250874129689173,0.08296379924529412,0.2861199350222033,0.08709459931602019,0.03371020975359278,0.1633314174869409,0.03906049440262783,0.032107547039547005,0.07310325643688217,0.020799947923189146,0.18098134632098867,0.024977263637595157,0.521634218196877,0.0357944416311191,0.08109197608072866,0.01213783772813771,0.024954872734832934,0.0976280957465316,0.11538461538461539,0.17307692307692307,0.17307692307692307,0.057692307692307696,0.09615384615384616,0.19230769230769232,0.057692307692307696,0.057692307692307696,0.07692307692307693,0.08333333333333333,0.21875,0.14583333333333334,0.010416666666666666,0.11458333333333333,0.19791666666666666,0.020833333333333332,0.0625,0.14583333333333334,10,7,0.588,425,311,114,0.5,0.5
140,detroit-lions,2011,1.6973449648108638,0.5430343394689795,1.1728466947158005,1.4996462607993377,0.5983928351609292,0.5455082212727912,0.7318400063478762,0.9342079407690984,1.3622742833208918,0.0,1.6131351800440776,0.0,0.0,2.4197048741573117,0.004208182389838802,2.8755941051781084,0.009817689515493926,0.038769984357584886,27305706.0,8735959.0,23584928.0,9046975.0,7219896.0,12066666.0,4415000.0,5635833.0,24654737.0,0.0,383333.0,0.0,0.0,575000.0,1000.0,683334.0,2333.0,18426.0,8,8,10,3,6,11,3,3,9,0,1,0,0,1,1,1,1,2,0.22260261833585102,0.07121761829101371,0.19226994995340996,0.07375309479341005,0.05885831165517337,0.09837033498361808,0.03599213145973161,0.04594465282470976,0.20099128770308244,0.0,0.23044788286343967,0.0,0.0,0.3456721248796159,0.0006011689128341146,0.4107991578825869,0.0014025270736419894,0.011077138387881397,0.13114754098360656,0.13114754098360656,0.16393442622950818,0.04918032786885246,0.09836065573770492,0.18032786885245902,0.04918032786885246,0.04918032786885246,0.14754098360655737,0.0,0.14285714285714285,0.0,0.0,0.14285714285714285,0.14285714285714285,0.14285714285714285,0.14285714285714285,0.2857142857142857,10,6,0.625,474,387,87,0.5,0.5
141,detroit-lions,2012,1.5545741297373494,0.7650400282766949,1.366839391059247,1.9871304451368188,0.33036781896997536,0.5570265336070421,0.8158416299197001,0.6138947298769485,1.1708191394679068,2.712301783340941,0.0289107611561667,0.17224405486140337,0.0,1.2297921433069192,0.9707995350982032,0.04228704202199998,0.002214511282835083,1.6358784661555572,24161552.0,10404126.0,23899202.0,11581666.0,1925495.0,14068333.0,4755000.0,5963309.0,15922500.0,8573500.0,45693.0,635201.0,0.0,1943667.0,3580111.0,66834.0,3500.0,5170960.0,8,7,9,3,3,13,3,5,7,6,3,7,0,3,7,3,3,6,0.2144240178948068,0.092332417205808,0.21209576757815898,0.10278260923121477,0.017087990636378038,0.12485077477399222,0.042198704995846555,0.05292195947215073,0.1413057582116439,0.42825817631699065,0.00228242851232895,0.03172916800078484,0.0,0.09708885341896732,0.17883149330756376,0.0033384506859473672,0.00017482983811855922,0.25829659991929854,0.13793103448275862,0.1206896551724138,0.15517241379310345,0.05172413793103448,0.05172413793103448,0.22413793103448276,0.05172413793103448,0.08620689655172414,0.1206896551724138,0.15789473684210525,0.07894736842105263,0.18421052631578946,0.0,0.07894736842105263,0.18421052631578946,0.07894736842105263,0.07894736842105263,0.15789473684210525,4,12,0.25,372,437,-65,0.0,0.25
142,detroit-lions,2013,1.7489164449885295,0.8018440709345213,0.7627814229991478,4.068610373938303,0.5657971951755337,0.5463617716265361,0.31804146456896837,0.12258367345867667,1.1571286803135952,2.1200789960491235,0.25127589054264865,0.2155793579910255,0.005817641186006887,0.9923346043715797,0.11136128758254382,0.0042678215740546525,1.6324650226406485,1.2722444926641232,18532523.0,11329067.0,13471450.0,21556666.0,3997008.0,10614199.0,1685075.0,432989.0,10218000.0,9110561.0,755861.0,1019044.0,2500.0,2132167.0,239275.0,3668.0,7015150.0,7654057.0,6,8,10,3,4,11,3,2,5,10,7,11,1,5,5,2,10,14,0.2017980513448303,0.12336062629761865,0.1466887351921438,0.23472752157336363,0.04352286116734875,0.11557652861330572,0.0183485460328251,0.004714756671487564,0.11126237310707647,0.32616599939217283,0.02706048051997755,0.03648266058309663,8.950217209241364e-05,0.07633343110550612,0.00856625289096491,0.0001313175868939893,0.25114846502163823,0.2740218907276573,0.11538461538461539,0.15384615384615385,0.19230769230769232,0.057692307692307696,0.07692307692307693,0.21153846153846154,0.057692307692307696,0.038461538461538464,0.09615384615384616,0.15384615384615385,0.1076923076923077,0.16923076923076924,0.015384615384615385,0.07692307692307693,0.07692307692307693,0.03076923076923077,0.15384615384615385,0.2153846153846154,7,9,0.438,395,376,19,0.667,0.5
143,detroit-lions,2014,1.5591316510207054,0.58958942028318,0.5922635684503814,2.7300777010134762,0.6533627106305943,0.43285227617238387,0.2520510979458511,0.7257650388291341,1.7457219132759187,0.2891731832334557,1.9581261305082,1.005046461784164,0.0022533291684624273,1.3187553374373508,0.845275663636985,0.2788850100570885,0.38924550900083904,1.2342804124610929,38906750.0,7356341.0,9852942.0,17031668.0,6793370.0,8101084.0,1572428.0,4527706.0,18151227.0,427344.0,5787490.0,2673488.0,666.0,2728424.0,3997311.0,164856.0,1035418.0,3283265.0,12,6,8,3,5,9,3,3,5,5,10,9,1,7,16,2,9,9,0.34647370022682344,0.06550993558702001,0.08774275088153799,0.15167098338963755,0.060496547280610574,0.07214204602873063,0.014002838774769507,0.0403202799349519,0.16164091789591842,0.021262734061283508,0.28795972507473533,0.13302085523613932,3.313719365385922e-05,0.13575422591266847,0.1988883914439965,0.008202500295796722,0.05151778795599341,0.1633606428257329,0.2222222222222222,0.1111111111111111,0.14814814814814814,0.05555555555555555,0.09259259259259259,0.16666666666666666,0.05555555555555555,0.05555555555555555,0.09259259259259259,0.07352941176470588,0.14705882352941177,0.1323529411764706,0.014705882352941176,0.10294117647058823,0.23529411764705882,0.029411764705882353,0.1323529411764706,0.1323529411764706,11,5,0.688,321,282,39,0.833,0.75
144,detroit-lions,2015,0.9067641905165125,0.9041759752393547,0.5147872272743188,4.550960459388483,0.5618201868217614,0.6030692802857753,0.4500858331639691,0.5729625700067262,2.511414841433275,2.46066752119982,1.9257919389087257,0.33462033141650477,0.12383031628819903,1.3957306448516946,0.9183730981374089,0.049471753066309423,1.1283491751218087,0.15566385692660942,21980406.0,9132361.0,9359020.0,18386250.0,5674498.0,10964020.0,2727575.0,3472223.0,25365800.0,12876092.0,4580552.0,1910170.0,294534.0,3983743.0,7426882.0,47068.0,4294098.0,740502.0,12,5,9,2,5,9,3,3,5,11,5,12,5,6,17,2,8,10,0.20530509973958772,0.0852996203055995,0.08741669897111073,0.17173435695805594,0.0530019044171473,0.1024079909919241,0.02547655659418693,0.03243184358528639,0.2369259284371014,0.3561492464894476,0.12669683808610038,0.05283478917102706,0.008146731334749935,0.1101892614356601,0.20542556142547302,0.00130188823858709,0.11877359738124302,0.020482086437711766,0.22641509433962265,0.09433962264150944,0.16981132075471697,0.03773584905660377,0.09433962264150944,0.16981132075471697,0.05660377358490566,0.05660377358490566,0.09433962264150944,0.14473684210526316,0.06578947368421052,0.15789473684210525,0.06578947368421052,0.07894736842105263,0.2236842105263158,0.02631578947368421,0.10526315789473684,0.13157894736842105,7,9,0.438,358,400,-42,0.5,0.5
145,detroit-lions,2016,0.7686318697917142,1.1295525421802577,0.8002214646052582,3.5510190019552037,0.1991865206962213,0.8770615500286614,0.7714157213748608,0.6825438588249101,1.3083397475640473,1.3622853007171314,0.7713645931198412,0.11873415330260434,0.17371072243036448,1.133968806774125,0.4221695678857574,0.44838130120439484,1.0394805445245425,2.319198291356301,15155335.0,12373173.0,17531329.0,23338820.0,1745519.0,19214749.0,5070075.0,4485971.0,17197940.0,3861017.0,4060118.0,432667.0,281334.0,4591311.0,2563975.0,363089.0,3366991.0,14085256.0,9,5,10,3,4,10,3,3,6,7,13,9,4,10,15,2,8,15,0.13052239298349863,0.10656156058304317,0.15098518200099212,0.20100107558237,0.015032944958205379,0.1654833113261625,0.04366504083253928,0.03863455804669302,0.1481139336864959,0.11489153138578216,0.12081614109105945,0.012874787707511314,0.00837160108098142,0.13662274780411143,0.07629570503959471,0.010804368703720356,0.10019089585778723,0.41913222132945194,0.16981132075471697,0.09433962264150944,0.18867924528301888,0.05660377358490566,0.07547169811320754,0.18867924528301888,0.05660377358490566,0.05660377358490566,0.11320754716981132,0.08433734939759036,0.1566265060240964,0.10843373493975904,0.04819277108433735,0.12048192771084337,0.18072289156626506,0.024096385542168676,0.0963855421686747,0.18072289156626506,9,7,0.563,346,358,-12,0.5,0.583
146,detroit-lions,2017,0.9905459862808449,0.6846184728028725,0.9476817353794944,3.4030126493691664,0.41345517282041205,1.0745766135790344,1.2308627520899038,0.5511925891011853,1.1888507901952476,1.7319881471630674,1.0585562970098084,1.2895239874179514,0.14326239835263244,0.730598328061755,0.876657416414387,0.6444545482356304,0.20389754194615528,0.34619669994188923,19839954.0,11998382.0,16608736.0,17040000.0,5175764.0,26903787.0,9245000.0,5520004.0,17858897.0,11146244.0,4087416.0,8713695.0,230492.0,470178.0,3667135.0,622110.0,393656.0,1559569.0,8,7,7,2,5,10,3,4,6,20,12,21,5,2,13,3,6,14,0.15239169019705306,0.0921601790311559,0.12757254130108578,0.13088510189881408,0.03975530507888577,0.20664934876519891,0.07101131262057137,0.042399429930860405,0.13717509117637472,0.36083086399230574,0.13231953712622604,0.2820833722476768,0.0074615832475329385,0.015220798501286562,0.11871402513944823,0.02013920463236345,0.012743596371634705,0.05048701874152551,0.15384615384615385,0.1346153846153846,0.1346153846153846,0.038461538461538464,0.09615384615384616,0.19230769230769232,0.057692307692307696,0.07692307692307693,0.11538461538461539,0.20833333333333334,0.125,0.21875,0.052083333333333336,0.020833333333333332,0.13541666666666666,0.03125,0.0625,0.14583333333333334,9,7,0.563,410,376,34,0.833,0.667
147,detroit-lions,2018,0.5361540640456259,0.7714398636887371,0.8382863020913607,6.582938541520411,1.0726402577360115,0.9778386874788872,1.1036055429024543,0.49894127515607134,0.33293949291761216,1.6883256657325318,0.8126664861665415,1.6165750060288182,0.14461948710909978,0.43491599801282993,0.31770742149213693,0.03273096426001952,0.203469514715173,1.4185809602069284,6650881.0,12759404.0,15598154.0,27220000.0,6652941.0,26281424.0,6845000.0,4126176.0,3441705.0,25882771.0,6852193.0,12391401.0,221708.0,2666981.0,3896475.0,25089.0,935783.0,13048480.0,6,8,9,2,3,13,3,4,5,20,11,10,2,8,16,1,6,12,0.06069668649573124,0.1164437530096207,0.14235050412872163,0.24841277515171364,0.060715486286944044,0.23984722523067048,0.06246823827749742,0.037655945294797835,0.03140938612430303,0.39263387575175157,0.10394571334688321,0.18797383791032768,0.0033632438862581343,0.04045730214072837,0.059108357486909194,0.0003805926076746456,0.014195547538267883,0.19794152933119932,0.11320754716981132,0.1509433962264151,0.16981132075471697,0.03773584905660377,0.05660377358490566,0.24528301886792453,0.05660377358490566,0.07547169811320754,0.09433962264150944,0.23255813953488372,0.12790697674418605,0.11627906976744186,0.023255813953488372,0.09302325581395349,0.18604651162790697,0.011627906976744186,0.06976744186046512,0.13953488372093023,6,10,0.375,324,360,-36,0.333,0.333
148,detroit-lions,2019,0.9587327488225628,0.8244598468916139,1.4376393421119869,0.18328509091024975,0.3431557667892118,1.2747967884811786,1.215734085392773,0.6165963346024584,0.7896633552808527,0.6190499597376776,0.7773770164478457,1.0600742845284745,6.4861765355292915,0.2577504779178592,0.8505275169565232,0.028971524360335694,0.6787026225742524,0.8181976497067428,15224000.0,7273245.0,22828699.0,646764.0,3027262.0,29239707.0,6435000.0,3263705.0,5573021.0,10170945.0,8264395.0,7171682.0,31343353.0,3736607.0,6576049.0,56000.0,3935659.0,11861406.0,9,5,9,2,5,13,3,3,4,17,11,7,5,15,8,2,6,15,0.1628036743283597,0.0777792308388315,0.24412743545297894,0.006916418524915084,0.03237318554615205,0.31268600472179847,0.06881513690902488,0.034901679317120286,0.059597234360819075,0.12237034087837811,0.09943194396425935,0.08628511618255025,0.3771032869493774,0.04495647870660335,0.07911883878665331,0.0006737563804729231,0.047351345760994354,0.14270889239071094,0.16981132075471697,0.09433962264150944,0.16981132075471697,0.03773584905660377,0.09433962264150944,0.24528301886792453,0.05660377358490566,0.05660377358490566,0.07547169811320754,0.19767441860465115,0.12790697674418605,0.08139534883720931,0.05813953488372093,0.1744186046511628,0.09302325581395349,0.023255813953488372,0.06976744186046512,0.1744186046511628,3,12,0.219,341,423,-82,0.0,0.208
149,detroit-lions,2020,0.8086990148196556,0.9991282978497538,0.8699858124564152,3.0233086529686424,0.46026442798297784,0.7823559538550914,0.6802818051972654,1.3199355279669414,1.2201169521797421,2.6053677370008286,0.5731148639238657,0.5828671138763676,0.07574118056300268,0.19460587938143104,1.9804552395299362,0.19052579611117246,0.14229709356678824,0.5409592140208379,16959794.0,15715065.0,22806353.0,23776472.0,4826264.0,20509169.0,5350000.0,10380485.0,15992455.0,23693548.0,2605990.0,7193764.0,98400.0,1896183.0,24442840.0,866333.0,647034.0,3513966.0,8,6,10,3,4,10,3,3,5,14,7,19,2,15,19,7,7,10,0.12441523304917776,0.11528403436727927,0.167304963933926,0.17442165305588322,0.035404955998690604,0.15045306804905603,0.03924702722291916,0.07615012661347738,0.11731893770959059,0.364751483180116,0.040118040474670595,0.11074475163650982,0.0015148236112600534,0.029190881907214652,0.3762864955106878,0.013336805727782071,0.009960796549675176,0.05409592140208379,0.15384615384615385,0.11538461538461539,0.19230769230769232,0.057692307692307696,0.07692307692307693,0.19230769230769232,0.057692307692307696,0.057692307692307696,0.09615384615384616,0.14,0.07,0.19,0.02,0.15,0.19,0.07,0.07,0.1,5,11,0.313,377,519,-142,0.167,0.333
150,detroit-lions,2021,1.0894790979386235,0.6101727037177117,1.7923887687610853,3.3850995932086136,0.7836689891869033,0.6022958381673259,0.42283718300547024,0.15205645935756862,0.5241330207645046,0.41483102080563694,3.607292105116492,0.47563410192689004,6.891791923887325,0.14711078422753585,0.9615509232802183,0.19313281762111825,0.6830619495662166,0.4438205673456212,10420853.0,6670050.0,24491678.0,13876471.0,5354131.0,9052924.0,1733328.0,623322.0,4297136.0,4447309.0,38672958.0,8158664.0,22165600.0,1261713.0,23709708.0,2070533.0,12449018.0,7137149.0,7,8,10,3,5,11,3,3,6,10,10,16,3,8,23,10,17,15,0.13618488724232794,0.08716752910253024,0.32006942299305097,0.18134462106474716,0.06997044546311637,0.11830811106858187,0.022651991946721618,0.00814588175129832,0.05615710936762549,0.037038484000503295,0.322079652242544,0.06794772884669859,0.18460156938983907,0.010507913159109704,0.19746135031647338,0.01724400157331413,0.10367904591630074,0.05944025455521712,0.125,0.14285714285714285,0.17857142857142858,0.05357142857142857,0.08928571428571429,0.19642857142857142,0.05357142857142857,0.05357142857142857,0.10714285714285714,0.08928571428571429,0.08928571428571429,0.14285714285714285,0.026785714285714284,0.07142857142857142,0.20535714285714285,0.08928571428571429,0.15178571428571427,0.13392857142857142,3,13,0.206,325,467,-142,0.333,0.25
151,detroit-lions,2022,0.9061750366018034,0.9009093681939186,1.1604680902238067,5.430985412322973,0.6678209651392506,0.7853502455935047,0.29439332664067747,0.22534300582908348,0.8230945339422029,4.087975788501277,1.572979554877318,0.9808722974576669,0.7202939663050262,0.24251647666435383,0.7142714186354288,0.181230529692159,1.241354298305313,0.34455356359287287,18795549.0,24025282.0,34385717.0,32185000.0,9894069.0,20943573.0,2616942.0,2003135.0,12194517.0,17537826.0,9278830.0,8416081.0,2317600.0,780315.0,7277703.0,680310.0,6656918.0,4434508.0,7,9,10,2,5,9,3,3,5,8,11,16,6,6,19,7,10,24,0.11968349540023819,0.15298460969330693,0.21895624343845407,0.20494284574803673,0.06300197784332552,0.1333613624592744,0.016663773206076083,0.01275526448089152,0.07765042773039652,0.30564304960757205,0.1617081785387897,0.146672493077782,0.04039031586757156,0.013599054766225449,0.12683324256143128,0.011856202877057131,0.11601442040236569,0.07728304230120514,0.1320754716981132,0.16981132075471697,0.18867924528301888,0.03773584905660377,0.09433962264150944,0.16981132075471697,0.05660377358490566,0.05660377358490566,0.09433962264150944,0.07476635514018691,0.102803738317757,0.14953271028037382,0.056074766355140186,0.056074766355140186,0.17757009345794392,0.06542056074766354,0.09345794392523364,0.22429906542056074,9,8,0.529,453,427,26,0.833,0.583
152,detroit-lions,2023,0.8580089234615261,0.6544866798248696,1.8990014213658413,3.414171970583917,0.6971410129220058,0.6001004728291438,0.2502809280302909,0.3591771890241374,0.7889210599960941,0.7902642048111723,0.5669563178815432,0.7781554162406195,1.428171226707518,0.6585941527864546,1.8609719423370756,0.9346540706119648,0.40154123132849046,1.3494339260436248,22879952.0,17452760.0,50639405.0,34141293.0,6971323.0,22003409.0,2502778.0,3591727.0,13148520.0,6720202.0,1339236.0,7720104.0,2024133.0,4667095.0,14066865.0,2649352.0,1327901.0,9562697.0,8,8,8,3,3,11,3,3,5,18,5,21,3,15,16,6,7,15,0.13200137284023478,0.10069025843459532,0.29215406482551404,0.19697145984137981,0.040219673822423405,0.1269443307907804,0.01443928430943986,0.0207217609052387,0.07585779423039365,0.13419580836416134,0.026743222541582228,0.15416286548163216,0.04041994037851466,0.09319728577166811,0.2809014252584265,0.05290494739313008,0.026516873766975785,0.19095763104390917,0.15384615384615385,0.15384615384615385,0.15384615384615385,0.057692307692307696,0.057692307692307696,0.21153846153846154,0.057692307692307696,0.057692307692307696,0.09615384615384616,0.16981132075471697,0.04716981132075472,0.19811320754716982,0.02830188679245283,0.14150943396226415,0.1509433962264151,0.05660377358490566,0.0660377358490566,0.14150943396226415,12,5,0.706,461,395,66,0.667,0.667
153,detroit-lions,2024,0.4747996145898809,0.7863363323173147,1.438325837894309,3.2710318171181934,0.9572952661716216,0.6421210232294735,0.6474961828587376,0.5037783087206934,0.9954478361772785,1.6803626119512116,0.5046430997912571,0.8395784901933884,0.4050635943093753,0.13153110848136146,1.5878323235820078,0.47415315560797605,0.5291165899598183,0.25802675367052186,13847690.0,16053634.0,46144181.0,28620222.0,11167935.0,11236605.0,5665333.0,4407859.0,14516285.0,33168134.0,6105121.0,7484205.0,1031667.0,335000.0,28308640.0,1207633.0,1684526.0,3450169.0,10,7,11,3,4,6,3,3,5,31,19,14,4,4,28,4,5,21,0.0913076181903617,0.1058529678119462,0.30426123493918067,0.18871337406451114,0.07363809739781706,0.07409088729570848,0.03735554901108101,0.02906413319542462,0.09571613809396909,0.4007018536191351,0.07375552996949143,0.0904161450977495,0.01246349520951924,0.004047111030195737,0.3419946543099709,0.014589327864860802,0.020350638075377625,0.04168124482369969,0.19230769230769232,0.1346153846153846,0.21153846153846154,0.057692307692307696,0.07692307692307693,0.11538461538461539,0.057692307692307696,0.057692307692307696,0.09615384615384616,0.23846153846153847,0.14615384615384616,0.1076923076923077,0.03076923076923077,0.03076923076923077,0.2153846153846154,0.03076923076923077,0.038461538461538464,0.16153846153846155,15,2,0.882,564,342,222,1.0,0.917
154,green-bay-packers,2011,1.0006206438080236,0.7256302957127673,1.104371133953095,1.5420236131204763,0.8687435306060848,1.0979768512536214,0.5911994544885059,0.3277641259678894,1.9584126652177094,5.16101389578647,2.0291779868150703,0.20235556464413348,0.0,0.12107446466653034,0.3635106579805829,0.0,0.0,0.05550524378487336,9534565.0,16594267.0,18941701.0,8816043.0,8277954.0,25109372.0,3380000.0,3123150.0,18661031.0,1060000.0,1667059.0,124683.0,0.0,49734.0,373300.0,0.0,0.0,11400.0,5,12,9,3,5,12,3,5,5,1,4,3,0,2,5,0,0,1,0.08479835964474777,0.14758582285683403,0.16846339331487892,0.07840798032815981,0.07362233310221057,0.22331732567870266,0.030060989211279955,0.027776620844736387,0.16596717501844993,0.3225633684866544,0.5072944967037676,0.03794166837077503,0.0,0.015134308083316292,0.11359708061893216,0.0,0.0,0.003469077736554585,0.0847457627118644,0.2033898305084746,0.15254237288135594,0.05084745762711865,0.0847457627118644,0.2033898305084746,0.05084745762711865,0.0847457627118644,0.0847457627118644,0.0625,0.25,0.1875,0.0,0.125,0.3125,0.0,0.0,0.0625,15,1,0.938,560,359,201,1.0,1.0
155,green-bay-packers,2012,1.0249778208986178,0.6949802860854701,0.894820377741096,2.444232425993481,0.4447828147594055,1.3245919552790442,0.7320530191789103,0.5115981252374211,1.445134190552194,0.6801046878288016,2.589018767052803,1.0396779739212796,0.027703989307349502,0.506394762792526,0.9642656354510931,0.0,0.7079788994863488,0.003218530394517769,13268091.0,12851932.0,13237982.0,9040000.0,4112576.0,24495034.0,4061250.0,3784294.0,18706914.0,1408375.0,6433673.0,3444779.0,11474.0,1468114.0,2795550.0,0.0,586439.0,3999.0,7,10,8,2,5,10,3,4,7,5,6,8,1,7,7,0,2,3,0.12812222761232725,0.12410362251526252,0.1278314825344423,0.08729401521405289,0.03971275131780407,0.23653427772840077,0.03921712602744163,0.03654272323124437,0.18064177381902424,0.08719290869600022,0.3983105795465851,0.21326727670180096,0.0007103587001884487,0.0908913676807098,0.17307331918352953,0.0,0.036306610230069175,0.0002475792611167515,0.125,0.17857142857142858,0.14285714285714285,0.03571428571428571,0.08928571428571429,0.17857142857142858,0.05357142857142857,0.07142857142857142,0.125,0.1282051282051282,0.15384615384615385,0.20512820512820512,0.02564102564102564,0.1794871794871795,0.1794871794871795,0.0,0.05128205128205128,0.07692307692307693,11,5,0.688,433,336,97,0.833,0.667
156,green-bay-packers,2013,1.2712568916893574,1.0597435573786727,0.8634435983061832,2.1007646754633647,0.5166631722358527,0.9316981906030875,0.7360067326088848,0.4033342711945421,1.172141431059034,0.6665212775736121,0.7017973200945149,1.0297573023474331,0.4060647528175144,0.5183370491661454,0.6919708272579316,0.0,4.158939716995925,0.25092366040363,17234211.0,18471550.0,15050001.0,12205588.0,4002465.0,18044103.0,4276250.0,2343400.0,9080297.0,739616.0,2076695.0,3428060.0,600795.0,1342089.0,1535713.0,0.0,9230068.0,1020952.0,7,9,9,3,4,10,3,3,4,3,8,9,4,7,6,0,6,11,0.17113073541972118,0.18341715416169332,0.14944216124530096,0.12119796204596334,0.039743320941219434,0.1791727289621322,0.042461926881281815,0.023269284876608197,0.09016472546607954,0.03702895986520068,0.10396997334733554,0.1716262170579055,0.030078870579075146,0.06719183970672256,0.07688564747310352,0.0,0.4621044129995472,0.051114078971109825,0.1346153846153846,0.17307692307692307,0.17307692307692307,0.057692307692307696,0.07692307692307693,0.19230769230769232,0.057692307692307696,0.057692307692307696,0.07692307692307693,0.05555555555555555,0.14814814814814814,0.16666666666666666,0.07407407407407407,0.12962962962962962,0.1111111111111111,0.0,0.1111111111111111,0.2037037037037037,8,7,0.531,417,428,-11,0.583,0.542
157,green-bay-packers,2014,0.6517361770635814,1.4908505063554658,0.9785785077671234,2.8066139876749983,0.4207193911614103,1.0612749688543237,0.7974431467672463,0.2691515328694096,0.756999742732613,1.6588507962808319,1.6825999579622086,1.3157773407736986,0.01316351172377361,0.3365792938775812,0.29521703270591804,0.0,0.4704619588577838,0.6046651797253338,11935046.0,27301491.0,17920410.0,19273750.0,3852253.0,26722857.0,5476250.0,2464445.0,8664191.0,2551882.0,3163620.0,2698823.0,4500.0,345183.0,353224.0,0.0,482488.0,826829.0,8,8,8,3,4,11,3,4,5,9,11,12,2,6,7,0,6,8,0.09655350771312317,0.2208667416822912,0.14497459374327754,0.15592299931527767,0.03116439934528965,0.2161856418036585,0.044302397042624786,0.01993715058291923,0.07009256877153823,0.24474847813979486,0.30341966455056224,0.25884144408662924,0.0004315905483204462,0.03310616005353258,0.03387736440887584,0.0,0.046274946772896765,0.07930035143938804,0.14814814814814814,0.14814814814814814,0.14814814814814814,0.05555555555555555,0.07407407407407407,0.2037037037037037,0.05555555555555555,0.07407407407407407,0.09259259259259259,0.14754098360655737,0.18032786885245902,0.19672131147540983,0.03278688524590164,0.09836065573770492,0.11475409836065574,0.0,0.09836065573770492,0.13114754098360656,12,4,0.75,486,348,138,0.833,0.75
158,green-bay-packers,2015,1.579421311187485,1.1413712130977967,0.963771292952831,2.761650593078262,0.33132007817388703,0.8911397319159367,0.6843119496315853,0.20311541485841095,0.6406658417567326,0.41461496499218986,1.343724516234781,0.16691478824785838,0.008805895701740512,0.5633042629142148,1.7096378630638365,3.68327149906777,1.1853122963282539,1.6695685338023214,22808892.0,21977174.0,20877161.0,19940908.0,3987243.0,21448689.0,4941176.0,1466625.0,7710038.0,1538510.0,3205384.0,309685.0,2334.0,1194429.0,2718834.0,976250.0,1885000.0,4867705.0,6,8,9,3,5,10,3,3,5,14,9,7,1,8,6,1,6,11,0.18224092052163288,0.17559557124581487,0.16680656993414383,0.1593259957545151,0.03185769982441221,0.17137302536844937,0.039479535555668376,0.01171819701106217,0.0616024847843012,0.0921366588871533,0.1919606451763973,0.018546087583095377,0.0001397761222498494,0.0715307000525987,0.16282265362512727,0.058464626969329685,0.1128868853645956,0.29151196621945297,0.11538461538461539,0.15384615384615385,0.17307692307692307,0.057692307692307696,0.09615384615384616,0.19230769230769232,0.057692307692307696,0.057692307692307696,0.09615384615384616,0.2222222222222222,0.14285714285714285,0.1111111111111111,0.015873015873015872,0.12698412698412698,0.09523809523809523,0.015873015873015872,0.09523809523809523,0.1746031746031746,10,6,0.625,368,323,45,0.5,0.583
159,green-bay-packers,2016,1.4400226378476322,1.0274663209907173,0.9912492374040408,2.5178752076263557,0.30234400343306916,0.6101534497451333,0.44577440234168547,0.6618334778160638,1.2587333695834524,0.36471994369917626,0.2391832335669645,0.49095485608141237,0.27341181060348696,0.6629601623703416,5.446112169439723,1.2721179008578252,0.4060450678608665,0.16300345081362372,26569911.0,21666079.0,20902373.0,19910318.0,3984686.0,14474525.0,3525000.0,3489004.0,19907088.0,1072269.0,639267.0,1443397.0,146150.0,1949089.0,13100282.0,340000.0,434096.0,653491.0,7,8,8,3,5,9,3,2,6,11,10,11,2,11,9,1,4,15,0.19765016597908677,0.16117118760638702,0.1554900764555358,0.1481103063309621,0.02964156896402639,0.10767413819031765,0.02622202366715797,0.025954254032002504,0.1480862787745238,0.05421512676609377,0.032322058590130334,0.07297977590399372,0.007389508394688837,0.09854813224423996,0.6623649935805068,0.017190782444024662,0.021948382046533325,0.033041240029788595,0.13725490196078433,0.1568627450980392,0.1568627450980392,0.058823529411764705,0.09803921568627451,0.17647058823529413,0.058823529411764705,0.0392156862745098,0.11764705882352941,0.14864864864864866,0.13513513513513514,0.14864864864864866,0.02702702702702703,0.14864864864864866,0.12162162162162163,0.013513513513513514,0.05405405405405406,0.20270270270270271,10,6,0.625,432,388,44,0.833,0.667
160,green-bay-packers,2017,0.9905663724368623,1.4334740746624728,1.0828201089600484,0.120597585685735,0.20897673468286174,0.8003994019575821,0.6781045277850056,0.5693882977128326,2.030858153154774,0.237950636385482,1.5507827079622984,1.173330656207396,5.704388984608725,0.3445576177197976,0.7005906268864509,0.4470337307846837,1.478688723093556,0.08214235704778708,15124395.0,21886901.0,18894817.0,789144.0,2279105.0,17458348.0,4437254.0,3725857.0,31008019.0,1896314.0,6741133.0,10200756.0,20663783.0,1747393.0,6090827.0,1619351.0,3213873.0,714133.0,7,7,8,3,5,10,3,3,7,11,6,12,5,7,12,5,3,12,0.13082952088788746,0.18932676457806247,0.16344454474868655,0.006826278435041604,0.019714786290836013,0.15101875508633622,0.038383275157641825,0.03222952628563203,0.2682265485298758,0.03585557534575756,0.12746159243525743,0.1928762722532706,0.39071157428826886,0.033039771562172374,0.11516558250188234,0.03061874868388245,0.06076802971617354,0.013502853213334862,0.1320754716981132,0.1320754716981132,0.1509433962264151,0.05660377358490566,0.09433962264150944,0.18867924528301888,0.05660377358490566,0.05660377358490566,0.1320754716981132,0.1506849315068493,0.0821917808219178,0.1643835616438356,0.0684931506849315,0.0958904109589041,0.1643835616438356,0.0684931506849315,0.0410958904109589,0.1643835616438356,7,9,0.438,320,384,-64,0.333,0.417
161,green-bay-packers,2018,0.18761597174231595,0.9067005260604446,1.345753713896876,3.140188174071429,0.1089655395344634,0.46705913026562645,0.8939895352023911,1.4570887715830458,1.3695836968818933,2.4563761607961285,2.385321971580266,0.3968234929502252,0.04650716110738364,0.22315893126111483,0.6545908604837227,0.03170999896375118,2.2100361221685025,0.5204358211329864,2637451.0,14870489.0,31530360.0,22071928.0,1021204.0,9848673.0,6283723.0,10241666.0,25670948.0,17209468.0,13673176.0,2780161.0,59242.0,1705593.0,7921427.0,40393.0,4222800.0,3977666.0,6,7,10,3,4,9,3,3,8,11,9,11,2,12,19,2,3,12,0.02123954397082822,0.1197528996683606,0.2539157950748822,0.17774650041913748,0.008223814304487802,0.07931192778095543,0.05060318123787119,0.08247672291979505,0.206729614623682,0.33358194776243716,0.2650357746200295,0.05388961015373428,0.0011483249656144107,0.033060582409054046,0.1535460043109967,0.0007829629373765723,0.08185318970994454,0.07710160313081278,0.11320754716981132,0.1320754716981132,0.18867924528301888,0.05660377358490566,0.07547169811320754,0.16981132075471697,0.05660377358490566,0.05660377358490566,0.1509433962264151,0.13580246913580246,0.1111111111111111,0.13580246913580246,0.024691358024691357,0.14814814814814814,0.2345679012345679,0.024691358024691357,0.037037037037037035,0.14814814814814814,6,9,0.406,376,400,-24,0.25,0.292
162,green-bay-packers,2019,0.5588775073970428,0.9109306318303487,1.255412058836127,4.8907876785073645,0.18809642108462307,0.7427862926013229,0.6537138327002978,1.2909630592807957,0.8481887827225959,1.5087633431281922,2.846817139491911,1.6635467502242145,0.14386941249782673,0.2193820845446207,0.3748433716086152,0.0,0.07723503160889225,0.3080705686966564,8640066.0,22532310.0,38816531.0,30244000.0,2907910.0,22966473.0,6063723.0,15966298.0,15735270.0,3626757.0,12317694.0,7997649.0,138333.0,949229.0,1261465.0,0.0,259920.0,1332969.0,5,8,10,2,5,10,3,4,6,5,9,10,2,9,7,0,7,9,0.05272429315066442,0.13749896329514696,0.23687019978040133,0.1845580256040515,0.017744945385341798,0.14014835709458925,0.03700266977548856,0.09743117428534308,0.09602137162897312,0.13006580544208554,0.44174748716253787,0.28681840521107144,0.00496101422406299,0.03404204760175148,0.04523971726310873,0.0,0.009321469332107686,0.04780405376327427,0.09433962264150944,0.1509433962264151,0.18867924528301888,0.03773584905660377,0.09433962264150944,0.18867924528301888,0.05660377358490566,0.07547169811320754,0.11320754716981132,0.08620689655172414,0.15517241379310345,0.1724137931034483,0.034482758620689655,0.15517241379310345,0.1206896551724138,0.0,0.1206896551724138,0.15517241379310345,13,3,0.813,376,313,63,1.0,0.833
163,green-bay-packers,2020,0.7364693317460991,1.4631690944585447,1.0896726616431947,2.5773249600513686,0.5667005729330048,0.7132242076768728,0.5828761373027658,0.32476630070028856,1.0138780959699416,0.3950397871944977,0.23711245141738135,3.232280750748233,0.010255602129988935,0.6040019559804037,0.5697181630351321,0.0802173664127487,1.6830160987460943,0.22925138587614297,14084900.0,41974437.0,27786503.0,24645537.0,5419045.0,22733899.0,5573723.0,4140748.0,19390314.0,2696359.0,728289.0,19855849.0,7000.0,2267451.0,2722043.0,82129.0,4594996.0,1173573.0,6,9,8,3,3,10,3,4,6,20,9,18,2,11,14,3,8,15,0.08497723058608835,0.2532408048101327,0.16764194794510687,0.14869182461834818,0.03269426382305796,0.1371585014763217,0.03362746945977495,0.024982023130791425,0.11698593415037786,0.07900795743889955,0.02134012062756432,0.581810535134682,0.00020511204259977874,0.06644021515784442,0.0797605428249185,0.002406520992382461,0.13464128789968755,0.034387707881421446,0.11538461538461539,0.17307692307692307,0.15384615384615385,0.057692307692307696,0.057692307692307696,0.19230769230769232,0.057692307692307696,0.07692307692307693,0.11538461538461539,0.2,0.09,0.18,0.02,0.11,0.14,0.03,0.08,0.15,13,3,0.813,509,369,140,0.833,0.833
164,green-bay-packers,2021,0.61604056115335,1.3093267699341424,0.845698706365796,5.334093955911859,0.7177683302734433,0.6710220564526547,0.5409607547288188,0.4204543819507633,1.2360414493775065,0.7377486043238787,1.8837878006200088,1.154947839752364,0.265571623023433,0.6120527399003796,0.7114879715681178,0.6756759817655865,2.7566189416407827,0.7798009417850392,13807191.0,33013882.0,23693090.0,29887989.0,6032698.0,22559220.0,4546666.0,4711779.0,24240251.0,2075243.0,4483755.0,4498338.0,287322.0,794616.0,2309277.0,731014.0,1789432.0,1856067.0,8,9,10,2,3,12,3,4,7,13,11,18,5,6,15,5,3,11,0.08497111188322069,0.20317139533460832,0.1458101217872062,0.18393427434178825,0.03712594811759189,0.13883214961089407,0.027980728692869935,0.028996853927638847,0.14917741630418183,0.11023829719782095,0.23818006674505862,0.23895472546600638,0.015262736955369713,0.04221053378623308,0.12267033992553757,0.03883195297503371,0.0950558255738201,0.0985955213751199,0.13793103448275862,0.15517241379310345,0.1724137931034483,0.034482758620689655,0.05172413793103448,0.20689655172413793,0.05172413793103448,0.06896551724137931,0.1206896551724138,0.14942528735632185,0.12643678160919541,0.20689655172413793,0.05747126436781609,0.06896551724137931,0.1724137931034483,0.05747126436781609,0.034482758620689655,0.12643678160919541,13,4,0.765,450,371,79,0.667,0.75
165,green-bay-packers,2022,1.0237459953618153,0.7648124327176794,0.8878988203102366,5.202857437126312,0.8180282010941627,0.861763354377417,0.7679344203754785,0.7406497593325582,0.744484670567116,1.0725534839571094,3.4964433706145814,0.8862689112945393,0.3693861532550624,0.32472294579608113,0.8207362105828426,0.15373780319508884,0.6953001364223744,0.452988619428107,15697446.0,23454259.0,29951801.0,31910874.0,7525863.0,26427422.0,7065000.0,9085308.0,11415437.0,8414663.0,17634321.0,6953177.0,207000.0,1637741.0,8738702.0,344612.0,2337832.0,3046199.0,5,10,11,2,3,10,3,4,5,14,9,14,1,9,19,4,6,12,0.0965798108831901,0.1443042325882414,0.18428088723420002,0.19633424291042684,0.04630348308080166,0.16259685931649376,0.04346798605898935,0.05589809504396665,0.07023440288369019,0.1706335088113583,0.35759079926740034,0.14099732679685853,0.004197569923352982,0.0332103012745992,0.17720440910311375,0.006988081963413129,0.04740682748334371,0.061771175376560045,0.09433962264150944,0.18867924528301888,0.20754716981132076,0.03773584905660377,0.05660377358490566,0.18867924528301888,0.05660377358490566,0.07547169811320754,0.09433962264150944,0.1590909090909091,0.10227272727272728,0.1590909090909091,0.011363636363636364,0.10227272727272728,0.2159090909090909,0.045454545454545456,0.06818181818181818,0.13636363636363635,8,9,0.471,370,371,-1,0.5,0.5
166,green-bay-packers,2023,1.6321249564576286,1.5182789070367462,0.8780718300607091,1.1506212122300559,1.161175219755109,0.891202690650709,0.3980373571070516,0.5093833276688168,0.4440540141356579,0.5049091652217406,0.1472529292030663,2.232422199721252,18.525508705423547,0.08060301322688568,0.7185681979326903,0.481464195137226,0.333901513811149,0.3086119365683831,18583115.0,34573764.0,17995655.0,5240316.0,10576765.0,20294184.0,2719194.0,4639806.0,6067114.0,4970815.0,1932934.0,21978127.0,40529568.0,1146216.0,19650782.0,1580000.0,2191500.0,3375861.0,5,10,9,2,4,10,3,4,6,9,12,9,2,13,25,3,6,10,0.1539740524960027,0.28646771830882006,0.14910653718012043,0.04341966838603985,0.08763586564189503,0.16815145106617155,0.022530416440021794,0.038444024729722026,0.050270265751206564,0.05105823019096253,0.0198543275329977,0.22575055952237383,0.41630356641401234,0.01177347384212937,0.201844999419295,0.01622913017316492,0.02251021441423476,0.034675498490829564,0.09433962264150944,0.18867924528301888,0.16981132075471697,0.03773584905660377,0.07547169811320754,0.18867924528301888,0.05660377358490566,0.07547169811320754,0.11320754716981132,0.10112359550561797,0.1348314606741573,0.10112359550561797,0.02247191011235955,0.14606741573033707,0.2808988764044944,0.033707865168539325,0.06741573033707865,0.11235955056179775,9,8,0.529,383,350,33,0.667,0.583
167,green-bay-packers,2024,1.9513933896314393,0.5342124620816034,0.9362171100688944,3.6897809662590975,0.7891149440757574,0.779686268622721,0.3024556885359616,0.40472432808083736,0.4560328168839101,1.2707987067780564,0.3778415729727837,1.7758733087935459,0.11625137882510037,0.9751371890143106,1.8509870026489843,0.12284005878892758,0.13927957520717954,0.0757232207243974,52195330.0,9525978.0,25041676.0,21931831.0,7035676.0,23172036.0,2696667.0,4811313.0,8131893.0,12906013.0,4263660.0,24047285.0,524724.0,15405173.0,37596611.0,831695.0,785833.0,683584.0,9,6,9,2,3,10,3,4,6,9,10,12,4,14,18,6,5,8,0.33774116359005685,0.06163989947095425,0.16203757674269326,0.14191465254842683,0.04552586215821677,0.14993966704283096,0.01744936664630548,0.031132640621602873,0.05261917117891271,0.13299056233723847,0.043935066624742294,0.24779627564561102,0.005407040875586063,0.15874326332791103,0.38741588427536877,0.00857023665969262,0.008097649721347647,0.007044020532502084,0.17307692307692307,0.11538461538461539,0.17307692307692307,0.038461538461538464,0.057692307692307696,0.19230769230769232,0.057692307692307696,0.07692307692307693,0.11538461538461539,0.10465116279069768,0.11627906976744186,0.13953488372093023,0.046511627906976744,0.16279069767441862,0.20930232558139536,0.06976744186046512,0.05813953488372093,0.09302325581395349,11,6,0.647,460,338,122,0.167,0.5
168,houston-texans,2011,1.7687079336217222,0.5942160004509075,0.9319491583446935,1.5908292783711988,0.5009519796405255,0.8060633211953026,0.6479169989132527,0.8637886140175187,1.1952148137511707,1.2254904284502777,0.4826305158535088,0.1866014895239847,5.866227264517787,0.0,1.5121534007763804,0.26437344189448564,0.0209616298962851,0.3589053833241765,28390307.0,8345769.0,18698906.0,9575662.0,4020500.0,19407714.0,2600000.0,6932525.0,14388688.0,1723475.0,226250.0,174952.0,2750000.0,0.0,2835500.0,371803.0,19653.0,336499.0,8,7,10,3,4,12,2,4,6,3,1,2,1,0,4,3,2,2,0.25267256194596033,0.07427700005636344,0.16641949256155242,0.08522299705559994,0.03578228426003754,0.17272785454185055,0.023139892818330454,0.06169918671553705,0.1280587300447683,0.20424840474171296,0.026812806436306045,0.020733498835998298,0.3259015146954326,0.0,0.33603408906141785,0.04406224031574761,0.0023290699884761226,0.0398783759249085,0.14285714285714285,0.125,0.17857142857142858,0.05357142857142857,0.07142857142857142,0.21428571428571427,0.03571428571428571,0.07142857142857142,0.10714285714285714,0.16666666666666666,0.05555555555555555,0.1111111111111111,0.05555555555555555,0.0,0.2222222222222222,0.16666666666666666,0.1111111111111111,0.1111111111111111,10,6,0.625,381,278,103,0.667,0.667
169,houston-texans,2012,1.3802125835491692,0.41806557111534504,0.8495132341830124,2.292644203263605,1.0440743830724806,0.873018816555799,0.41330062889122127,1.7171297358613988,1.3877020267625646,0.8375270140651593,4.042235114921753,1.7057398780470616,0.6157534213496837,0.20778684342339415,0.42179689192336134,0.2111824654260604,0.060733347083556787,0.6519581288026857,16626477.0,6475050.0,16081222.0,11836250.0,10780500.0,18028561.0,2133750.0,5910025.0,11940498.0,3231925.0,12478834.0,3949358.0,1900900.0,481096.0,1627668.0,651944.0,140618.0,1006334.0,7,9,11,3,6,12,3,2,5,5,4,3,4,3,5,4,3,2,0.1665773807731756,0.06487224379376044,0.16111457889677822,0.11858504499639339,0.10800769480060145,0.18062458273568258,0.021377618735752824,0.059211370202117204,0.11962948506573833,0.12689803243411504,0.48996789271778823,0.15506726164064194,0.07463677834541621,0.018889713038490377,0.0639086199883881,0.02559787459709823,0.005521213371232436,0.03951261386682944,0.1206896551724138,0.15517241379310345,0.1896551724137931,0.05172413793103448,0.10344827586206896,0.20689655172413793,0.05172413793103448,0.034482758620689655,0.08620689655172414,0.15151515151515152,0.12121212121212122,0.09090909090909091,0.12121212121212122,0.09090909090909091,0.15151515151515152,0.12121212121212122,0.09090909090909091,0.06060606060606061,12,4,0.75,416,331,85,0.833,0.833
170,houston-texans,2013,1.4686166011670523,0.5033607091112345,1.2281022288936467,2.682039619630657,0.1804832834752087,0.5198764838032954,0.5650072210418697,0.1534770009731435,2.055803165064697,0.18318490439785395,0.5970982200599809,0.23101926184485325,0.010347485819632974,1.0579779331241992,2.1678274893032867,0.0,1.2393985696325436,0.5613329976149045,15020654.0,6619180.0,17943902.0,11756250.0,1318528.0,6836362.0,2476610.0,448493.0,15018754.0,708133.0,5539648.0,893045.0,8000.0,9815513.0,20112271.0,0.0,6707554.0,2603916.0,7,9,10,3,5,9,3,2,5,5,12,5,1,12,12,0,7,6,0.19396823034281824,0.08547634683020963,0.23171740167804655,0.1518135633753202,0.017026724856151764,0.08828091234395584,0.03198154081369074,0.005791584942382774,0.19394369481742424,0.01526540869982116,0.11941964401199619,0.01925160515373777,0.0001724580969938829,0.21159558662483982,0.4335654978606573,0.0,0.1445964997904634,0.05613329976149045,0.1320754716981132,0.16981132075471697,0.18867924528301888,0.05660377358490566,0.09433962264150944,0.16981132075471697,0.05660377358490566,0.03773584905660377,0.09433962264150944,0.08333333333333333,0.2,0.08333333333333333,0.016666666666666666,0.2,0.2,0.0,0.11666666666666667,0.1,2,14,0.125,276,428,-152,0.167,0.167
171,houston-texans,2014,0.5720698860999591,0.8199016233970376,1.4135557228692315,0.13408457901225404,1.3105773538613872,0.994427068032249,0.6300361693329928,0.5971455822291897,2.1027464053428853,0.37647137647752826,0.9828790789590862,0.5583070855069815,7.412263336004988,0.26692307121441505,0.9826977577117311,0.009195527557874113,1.1546263405139887,0.0959119686482694,8454308.0,10602268.0,20890167.0,743086.0,9684153.0,20207129.0,3491610.0,4412444.0,19422087.0,2092070.0,4681635.0,2659320.0,14710826.0,635702.0,7021157.0,7300.0,1833233.0,494917.0,8,7,8,3,4,11,3,4,5,14,12,12,5,6,18,2,4,13,0.0863501714867863,0.10828889365621251,0.213366901565167,0.0075896931516370204,0.098911498404633,0.206390523553863,0.03566242467922601,0.04506759111163696,0.19837230239083822,0.06128603803122554,0.1371459179942911,0.0779033142567881,0.4309455427909876,0.018622539852168492,0.20568092603268792,0.00021384947809009568,0.05370355072158087,0.014498320842180256,0.1509433962264151,0.1320754716981132,0.1509433962264151,0.05660377358490566,0.07547169811320754,0.20754716981132076,0.05660377358490566,0.07547169811320754,0.09433962264150944,0.16279069767441862,0.13953488372093023,0.13953488372093023,0.05813953488372093,0.06976744186046512,0.20930232558139536,0.023255813953488372,0.046511627906976744,0.1511627906976744,9,7,0.563,372,307,65,0.667,0.667
172,houston-texans,2015,1.728283756334586,1.157475279698481,0.8327772306291735,1.3907818810965533,0.26149013773774565,1.251903192436787,0.5916978886999645,0.8501486883725824,0.5330150052329675,0.13508144282865414,0.2500803496607985,1.8366734775440452,1.6526777733258542,3.350425802272406,0.36252406079906885,0.1844757538941008,0.1768977729732438,1.22084271835899,20468701.0,20562609.0,11506702.0,5490514.0,2580770.0,27182376.0,3503848.0,5034312.0,6312693.0,895153.0,1325779.0,13794031.0,4380763.0,8880994.0,1761732.0,162997.0,468904.0,8090238.0,6,9,7,2,5,11,3,3,6,15,12,17,6,6,11,2,6,15,0.19941735650014455,0.20033225994781403,0.11210462720008106,0.053491610811405896,0.025143282474783233,0.2648256753231665,0.034136416655767186,0.04904703971380283,0.06150173137303471,0.02251357380477569,0.033344046621439805,0.34692721242498636,0.11017851822172361,0.22336172015149372,0.04430849631988619,0.004099461197646685,0.011793184864882919,0.20347378639316502,0.11538461538461539,0.17307692307692307,0.1346153846153846,0.038461538461538464,0.09615384615384616,0.21153846153846154,0.057692307692307696,0.057692307692307696,0.11538461538461539,0.16666666666666666,0.13333333333333333,0.18888888888888888,0.06666666666666667,0.06666666666666667,0.12222222222222222,0.022222222222222223,0.06666666666666667,0.16666666666666666,9,7,0.563,339,313,26,0.833,0.583
173,houston-texans,2016,0.6113796610781503,1.4268148501732767,1.2515536246140238,2.2097695540020372,0.6503211940862296,0.9965412527732727,0.514393876993637,0.3077412348537415,0.5658380176617599,1.859453831220456,0.19524975232393166,0.9962794671317514,0.0,0.9988228557829607,0.9486903382157804,0.9040378974858488,0.3475796692899059,0.40842770239750625,7975129.0,27918084.0,24488797.0,14412646.0,8483101.0,21665602.0,3355000.0,2007162.0,4920708.0,16660337.0,583133.0,6942807.0,0.0,2485904.0,6611171.0,450000.0,865068.0,2236319.0,6,9,9,3,6,10,3,3,4,18,6,14,0,5,14,1,5,11,0.06921279182016796,0.24228931418036773,0.21252797399106066,0.1250812955095493,0.07362126725504485,0.18802665146665523,0.029116634546809652,0.017419315180400463,0.04270475604994415,0.452299580567138,0.015831060999237704,0.18848530459249352,0.0,0.067488030796146,0.17948195587866117,0.012216728344403363,0.023485112789858507,0.06071222603206174,0.11320754716981132,0.16981132075471697,0.16981132075471697,0.05660377358490566,0.11320754716981132,0.18867924528301888,0.05660377358490566,0.05660377358490566,0.07547169811320754,0.24324324324324326,0.08108108108108109,0.1891891891891892,0.0,0.06756756756756757,0.1891891891891892,0.013513513513513514,0.06756756756756757,0.14864864864864866,9,7,0.563,279,328,-49,0.833,0.583
174,houston-texans,2017,0.24115031211132915,1.0125007553353569,0.7521921396128388,0.10123902081597225,1.043016887068017,1.6478268651826629,0.6051174149449514,0.1583943304984128,1.923608502891992,1.7125149297282423,1.1456110357011264,1.0006662669974988,3.438082357092934,0.41233642241565205,0.1333005800442749,0.41629892207553587,1.5442644845934292,0.14762188741205642,2723872.0,17154793.0,12744386.0,571764.0,9817682.0,31021243.0,3417500.0,596372.0,21727790.0,16454666.0,7567712.0,9013952.0,12388030.0,1238102.0,1520969.0,250000.0,10201149.0,1418422.0,6,9,9,3,5,10,3,2,6,16,11,15,6,5,19,1,11,16,0.027300035333358015,0.17193409052864553,0.1277307406889726,0.005730510612224845,0.09839781953471859,0.3109107292797477,0.03425192914782744,0.005977144547109918,0.21776700032739532,0.2740023887565188,0.12601721392712392,0.15009994004962482,0.20628494142557602,0.020616821120782603,0.02532711020841223,0.004162989220755359,0.16986909330527722,0.02361950198592903,0.11320754716981132,0.16981132075471697,0.16981132075471697,0.05660377358490566,0.09433962264150944,0.18867924528301888,0.05660377358490566,0.03773584905660377,0.11320754716981132,0.16,0.11,0.15,0.06,0.05,0.19,0.01,0.11,0.16,4,12,0.25,338,436,-98,0.167,0.25
175,houston-texans,2018,0.9543504063980772,1.3858550378624455,0.8645813638677533,0.5655270418387964,0.8185065827264559,1.4273640935599086,0.2518159784586779,0.48617726339271167,0.9839129028997206,0.05759714981733305,0.8411724372907994,1.4644985341620702,0.2481578007247856,0.6118165138335773,0.9956315226202017,1.6543853381652374,0.8733703551705437,1.4932840512436034,20244649.0,29398163.0,18340377.0,4498700.0,8681496.0,37848369.0,2003166.0,3867482.0,15653819.0,208889.0,3965911.0,7435866.0,90000.0,1553223.0,5416322.0,600000.0,2533979.0,9748314.0,8,8,8,3,4,10,3,3,6,10,13,14,1,7,15,1,8,18,0.14405289153178524,0.2091856660924446,0.13050284737626466,0.0320109646323847,0.061774081715204224,0.2693139799169639,0.014253734629736486,0.027519467739210095,0.1113863663660061,0.006620362047969315,0.1256924331583953,0.23566643078470095,0.002852388514077995,0.04922661605557518,0.17166060734831062,0.019015923427186634,0.0803099177168316,0.30895532094695244,0.1509433962264151,0.1509433962264151,0.1509433962264151,0.05660377358490566,0.07547169811320754,0.18867924528301888,0.05660377358490566,0.05660377358490566,0.11320754716981132,0.11494252873563218,0.14942528735632185,0.16091954022988506,0.011494252873563218,0.08045977011494253,0.1724137931034483,0.011494252873563218,0.09195402298850575,0.20689655172413793,11,5,0.688,402,316,86,0.667,0.75
176,houston-texans,2019,1.2763085382805446,1.2321500909017427,0.9312073489084827,1.2318373357464532,0.4307545314729038,0.7457848314168316,0.6005066171993274,0.33625292320673245,1.8546036029822726,0.16195390482273642,1.6368165362365188,1.2425905188353248,0.5429032756142849,1.7255546275296467,1.508989376602249,0.0780181719668954,0.531415774816013,0.17521804943037098,24581032.0,27120644.0,20496645.0,6778440.0,5925790.0,22571095.0,4956618.0,2775452.0,30616021.0,1365763.0,8281999.0,13273159.0,1220886.0,7760887.0,17815505.0,87724.0,1493816.0,985080.0,7,8,8,2,5,11,3,3,6,15,9,19,4,8,21,2,5,10,0.1685690522257323,0.1859849193813951,0.14055959983524266,0.0464844277640171,0.040637219950273945,0.15478553104877635,0.033990940596188346,0.019033184332456553,0.20995512486591764,0.02612159755205426,0.15840160028095346,0.2538625791168943,0.023350678521044513,0.14843480666921693,0.34073953665212076,0.0016778101498257075,0.028570740581506077,0.018840650476383978,0.1320754716981132,0.1509433962264151,0.1509433962264151,0.03773584905660377,0.09433962264150944,0.20754716981132076,0.05660377358490566,0.05660377358490566,0.11320754716981132,0.16129032258064516,0.0967741935483871,0.20430107526881722,0.043010752688172046,0.08602150537634409,0.22580645161290322,0.021505376344086023,0.053763440860215055,0.10752688172043011,10,6,0.625,378,385,-7,0.667,0.667
177,houston-texans,2020,1.2281825482464501,1.0291061368139034,1.6300290438797664,1.85970864197129,1.2559755095336962,0.3866459859731287,1.027068217074725,0.5864899378344354,0.6315739010515595,0.5193021937883097,1.2403912753796749,0.40046465213315674,0.06045984375218628,0.24205530302214576,1.4933686171863179,0.08599944929719462,0.09479191804286229,2.2004491289883,18933720.0,23797123.0,33504806.0,14334678.0,16135148.0,10927680.0,7916666.0,6027571.0,9736373.0,5771948.0,10340040.0,5007477.0,42000.0,1681500.0,18673331.0,238967.0,197549.0,27514784.0,6,9,8,3,5,11,3,4,6,16,12,18,1,10,18,4,3,18,0.13398355071779455,0.16839918602409326,0.23709513365523877,0.101438653198434,0.11417959177579057,0.07732919719462573,0.05602190274953045,0.042653813660686206,0.06889897102380649,0.08308835100612953,0.14884695304556098,0.0720836373839682,0.0006045984375218627,0.024205530302214576,0.2688063510935372,0.003439977971887785,0.002843757541285868,0.396080843217894,0.10909090909090909,0.16363636363636364,0.14545454545454545,0.05454545454545454,0.09090909090909091,0.2,0.05454545454545454,0.07272727272727272,0.10909090909090909,0.16,0.12,0.18,0.01,0.1,0.18,0.04,0.03,0.18,4,12,0.25,384,464,-80,0.333,0.25
178,houston-texans,2021,0.6202889153966337,0.7054000192626487,0.6956437909594274,3.582630641371982,1.1147186580883508,1.2591072725709465,1.2129997896926121,0.6497089922172558,0.8412525811371826,0.697813256824108,1.7219726124430907,1.573467606928305,1.2627623319886967,0.7368613872207311,0.7383661049989806,0.2728937321099116,0.3634023994988226,0.7081655534509048,14101674.0,11662977.0,11501669.0,22213002.0,6911471.0,26022361.0,7520833.0,5371095.0,10431857.0,5314989.0,18580486.0,21971636.0,1603000.0,5144704.0,7498487.0,1039266.0,1845269.0,8090758.0,11,8,8,3,3,10,3,4,6,12,17,22,2,11,16,6,8,18,0.12184246552433878,0.10077143132323553,0.09937768442277534,0.19192664150207048,0.0597170709690188,0.22484058438766902,0.06498213159067565,0.04640778515837541,0.090134205121841,0.07476570608829729,0.261370842960112,0.30907399421805987,0.022549327356941012,0.0723703148163218,0.1054808721427115,0.014619307077316693,0.025957314249915896,0.11381232109032398,0.19642857142857142,0.14285714285714285,0.14285714285714285,0.05357142857142857,0.05357142857142857,0.17857142857142858,0.05357142857142857,0.07142857142857142,0.10714285714285714,0.10714285714285714,0.15178571428571427,0.19642857142857142,0.017857142857142856,0.09821428571428571,0.14285714285714285,0.05357142857142857,0.07142857142857142,0.16071428571428573,4,13,0.235,280,452,-172,0.5,0.333
179,houston-texans,2022,1.0046018145886386,0.8865238864951761,1.7037591831695498,0.5873814520045612,0.5527899884500517,0.8937458236794127,0.7422030422899087,0.3714347699643272,1.4140635079395976,0.7422352540942525,2.337803011898741,0.38965045306997964,4.733266594381306,0.5067032960231158,0.8731293765958061,3.230980248231521,0.6132738210968879,0.4619300626557714,17587000.0,15519876.0,33555100.0,3856109.0,4838692.0,19557883.0,3248333.0,3251250.0,12377608.0,7688304.0,28618545.0,5136881.0,17828600.0,4771446.0,16443902.0,3042500.0,5774983.0,9569631.0,8,8,9,3,4,10,2,4,4,11,13,14,4,10,20,1,10,22,0.15455412532132903,0.1363882902300271,0.2948813970870375,0.0338873914618016,0.04252230680385013,0.17187419686142552,0.028546270857304185,0.028571905381871324,0.10877411599535365,0.07775797900035027,0.28944227766365366,0.05195339374266395,0.1803149178811926,0.04825745676410626,0.1663103574468202,0.03077124045934782,0.05840703058065599,0.09678534646120925,0.15384615384615385,0.15384615384615385,0.17307692307692307,0.057692307692307696,0.07692307692307693,0.19230769230769232,0.038461538461538464,0.07692307692307693,0.07692307692307693,0.10476190476190476,0.12380952380952381,0.13333333333333333,0.0380952380952381,0.09523809523809523,0.19047619047619047,0.009523809523809525,0.09523809523809523,0.20952380952380953,3,13,0.206,289,420,-131,0.583,0.292
180,houston-texans,2023,0.9706040448368218,0.7236328606355923,1.784210564163841,1.338077725577114,0.7627413708721843,0.694238720738465,1.0658383043024264,0.5558070099010043,0.9031375737062188,0.6486817326707928,0.6605433533573509,1.0960683185276412,0.07292134878640635,0.4864171013395854,0.9622178913439658,0.1691261973861452,0.47651887119047953,2.564513192358664,20832721.0,15531814.0,43082662.0,10770020.0,8185613.0,18626135.0,8578799.0,4473621.0,12115402.0,9022843.0,7437769.0,19601704.0,48300.0,2255274.0,18482634.0,560110.0,1893755.0,25479367.0,8,8,9,3,4,10,3,3,5,21,17,27,1,7,29,5,6,15,0.14650627091876556,0.10922760160537243,0.3029791524051806,0.07574024861757249,0.05756538648091957,0.13098843787518208,0.060330470054854334,0.03146077414533987,0.0852016578968131,0.10642434676630194,0.08772841411777317,0.23120191093942427,0.0005696980373937996,0.026600935229508575,0.21800249100761726,0.006606492085396297,0.022336822087053728,0.30052888972953096,0.1509433962264151,0.1509433962264151,0.16981132075471697,0.05660377358490566,0.07547169811320754,0.18867924528301888,0.05660377358490566,0.05660377358490566,0.09433962264150944,0.1640625,0.1328125,0.2109375,0.0078125,0.0546875,0.2265625,0.0390625,0.046875,0.1171875,10,7,0.588,377,353,24,0.667,0.583
181,houston-texans,2024,1.0720707563696161,0.43902379217162174,1.4740720389152693,1.710245394129567,0.7938601865602143,0.7731275680556026,0.7596039445531557,0.7606768718902276,1.1501239512182444,2.0238754376693047,0.7261798138463711,0.24912292386029408,2.73569898306928,0.4035960882599822,1.1682567576326837,0.0,1.1130620467548282,1.286152248756838,40257168.0,8992209.0,50320598.0,11676576.0,8130034.0,23753125.0,7779211.0,10386932.0,19630969.0,19525861.0,6071873.0,3204637.0,3519115.0,4153384.0,18785098.0,0.0,5011325.0,12408486.0,11,6,10,2,3,9,3,4,5,15,13,20,2,16,25,0,7,15,0.2225052513219958,0.04970080666093831,0.27812679979533383,0.06453756204262516,0.04493548225812533,0.1312858134434042,0.04299644969168806,0.05740957523699831,0.10850225954889099,0.26865603154902273,0.08354281044250286,0.04409255289562727,0.04841945102777486,0.057146348780174466,0.2584638844320096,0.0,0.06895074625914864,0.17072817461373954,0.20754716981132076,0.11320754716981132,0.18867924528301888,0.03773584905660377,0.05660377358490566,0.16981132075471697,0.05660377358490566,0.07547169811320754,0.09433962264150944,0.13274336283185842,0.11504424778761062,0.17699115044247787,0.017699115044247787,0.1415929203539823,0.22123893805309736,0.0,0.061946902654867256,0.13274336283185842,10,7,0.588,372,372,0,0.833,0.667
182,indianapolis-colts,2011,0.4530320543322236,1.7869327482386335,0.7718043651440639,2.866744347412859,0.8839879453397665,0.5565034144090049,0.7882277109922429,1.0431884332473003,1.2837189087187655,0.24886156225029746,0.32523360952979935,0.3917500189777733,6.707004215961877,0.399191135291555,1.2419225566612289,0.0,0.0,1.0975097807937617,8094028.0,28378632.0,15321472.0,17072750.0,8774242.0,13256911.0,3129500.0,10354426.0,12741871.0,408152.0,266704.0,321250.0,2750000.0,327352.0,2036848.0,0.0,0.0,450000.0,9,8,10,3,5,12,2,5,5,4,2,2,1,2,4,0,0,1,0.06910658455915274,0.24229596586286556,0.13081429917696,0.14576666173285724,0.07491423265591242,0.11318713513403489,0.026719583423465858,0.0884057994277373,0.10878973802701401,0.062215390562574364,0.04065420119122492,0.04896875237222166,0.4191877634976173,0.04989889191144437,0.3104806391653072,0.0,0.0,0.06859436129961011,0.15254237288135594,0.13559322033898305,0.1694915254237288,0.05084745762711865,0.0847457627118644,0.2033898305084746,0.03389830508474576,0.0847457627118644,0.0847457627118644,0.25,0.125,0.125,0.0625,0.125,0.25,0.0,0.0,0.0625,2,14,0.125,243,430,-187,0.333,0.167
183,indianapolis-colts,2012,0.6914806631245948,2.3174365833814785,0.6514437947813875,1.5771954662306127,0.3530120634348531,0.8842370006051117,1.1713699615807873,0.45949535143304476,0.6696813276262766,0.4357698504694836,0.5023569194450039,0.3766327476396411,2.1040226178899823,1.7755128945187086,1.1017267963602961,0.0,1.2991077489219882,0.5356589016986227,6766519.0,29156648.0,9106766.0,4409636.0,2467441.0,11124959.0,4912500.0,1927035.0,5617029.0,2940290.0,3389576.0,1694181.0,11830474.0,5990000.0,11150598.0,0.0,7304608.0,1807138.0,7,9,10,2,5,9,3,3,6,6,6,4,5,3,9,0,5,3,0.08963638225689191,0.3862394305635798,0.12063773977433102,0.0584146468974301,0.0326863021698938,0.1473728334341853,0.06507610897671041,0.025527519524058045,0.07440903640291963,0.06377119762968053,0.07351564674804933,0.036744658306306445,0.2565881241329247,0.1299155776477104,0.24184246749372354,0.0,0.15842777425877905,0.03919455378282605,0.12962962962962962,0.16666666666666666,0.18518518518518517,0.037037037037037035,0.09259259259259259,0.16666666666666666,0.05555555555555555,0.05555555555555555,0.1111111111111111,0.14634146341463414,0.14634146341463414,0.0975609756097561,0.12195121951219512,0.07317073170731707,0.21951219512195122,0.0,0.12195121951219512,0.07317073170731707,11,5,0.688,357,387,-30,0.667,0.667
184,indianapolis-colts,2013,0.9500785667780571,0.9844993764780287,1.19582412917038,2.288074873887718,0.6237222408139899,1.1776068303003318,1.226992518681688,0.43455907495917123,0.3908060642069623,0.9090215902689031,1.6396271605577615,1.3168595619519183,0.04019014706001197,0.569676293340063,0.3696554607670604,0.005079010513569575,0.539906001790772,2.7719694313916245,12388780.0,18339455.0,20048450.0,8524545.0,4647530.0,21936700.0,6857000.0,1619011.0,4368009.0,2922859.0,7531487.0,3629329.0,36922.0,3663463.0,2377173.0,2333.0,1240006.0,8912963.0,7,10,9,2,4,10,3,2,6,7,10,6,2,14,14,1,5,7,0.12548207485747925,0.1857545993354771,0.2030644747647815,0.08634244807123465,0.047073376665206786,0.22218996798119467,0.06945240671783139,0.01639845565883665,0.044242195947957995,0.09641138078609578,0.2484283576602669,0.11971450563199257,0.001217883244242787,0.12084042586001335,0.07841176440513403,7.695470475105417e-05,0.040901969832634236,0.2939967578748693,0.1320754716981132,0.18867924528301888,0.16981132075471697,0.03773584905660377,0.07547169811320754,0.18867924528301888,0.05660377358490566,0.03773584905660377,0.11320754716981132,0.10606060606060606,0.15151515151515152,0.09090909090909091,0.030303030303030304,0.21212121212121213,0.21212121212121213,0.015151515151515152,0.07575757575757576,0.10606060606060606,11,5,0.688,391,336,55,1.0,0.75
185,indianapolis-colts,2014,1.3267592938013746,0.8266403973401605,0.49345233963815904,2.6597086805759025,0.5386696698742904,1.2604921731600076,1.0461742265585894,0.5054343283794731,1.1061127572327603,0.6898592589997719,2.2487034007466598,2.3391406694965924,0.012536040672519117,0.41852882172731815,0.38064678503708704,0.01426968337040164,0.1190832136762444,0.20061004884239778,17074214.0,13677593.0,8164663.0,9779454.0,2970943.0,23173450.0,5770000.0,2787639.0,12201162.0,2933103.0,10296359.0,10710453.0,12300.0,1916359.0,1244932.0,4667.0,155788.0,852942.0,7,9,9,2,3,10,3,3,6,13,14,14,3,14,10,1,4,13,0.17860221262710813,0.14307237646272009,0.08540521262968137,0.10229648771445779,0.03107709633890137,0.24240234099230915,0.060356205378380164,0.02915967279112345,0.12762839506531848,0.1042810507790353,0.3660679954703865,0.3807903415459569,0.0004373037443902018,0.0681325988858425,0.044261254074079895,0.00016592655081862373,0.005538754124476485,0.03032477482501362,0.1346153846153846,0.17307692307692307,0.17307692307692307,0.038461538461538464,0.057692307692307696,0.19230769230769232,0.057692307692307696,0.057692307692307696,0.11538461538461539,0.1511627906976744,0.16279069767441862,0.16279069767441862,0.03488372093023256,0.16279069767441862,0.11627906976744186,0.011627906976744186,0.046511627906976744,0.1511627906976744,11,5,0.688,458,369,89,1.0,0.75
186,indianapolis-colts,2015,0.14793980511082422,1.454052391245618,0.9124289685948723,0.9772146674714238,0.7662969191485315,1.1176097049742006,1.16127023311237,0.3700372381168133,1.252036203723824,4.001978602134825,0.39927405506425373,1.1402015899387241,0.43936965670780137,0.44061008953421116,0.7956241525716833,0.0,0.7445023376588092,0.2600509779908923,1539354.0,30259623.0,13291701.0,10168185.0,4784117.0,25583874.0,7250000.0,2310203.0,13027778.0,14954229.0,2735280.0,6035852.0,1094531.0,1509229.0,6193783.0,0.0,1854659.0,809779.0,5,10,7,5,3,11,3,3,5,12,22,17,8,11,25,0,8,10,0.014224981260656175,0.27962545985492654,0.12282697654161742,0.09396294879532922,0.0442094376431845,0.23641743759069633,0.06699635960263674,0.021348302199046924,0.12038809651190616,0.4249888781028132,0.07773477178242108,0.17153475246865763,0.03110581640409213,0.042891247653772765,0.17602304260435472,0.0,0.05270813009973871,0.02301336088414976,0.09615384615384616,0.19230769230769232,0.1346153846153846,0.09615384615384616,0.057692307692307696,0.21153846153846154,0.057692307692307696,0.057692307692307696,0.09615384615384616,0.10619469026548672,0.19469026548672566,0.1504424778761062,0.07079646017699115,0.09734513274336283,0.22123893805309736,0.0,0.07079646017699115,0.08849557522123894,8,8,0.5,333,408,-75,0.667,0.5
187,indianapolis-colts,2016,0.2779770636121068,0.8269656669713131,0.829978120729809,4.625240776080582,0.6569855857377378,0.7491299811150546,1.0459087182091769,1.7086662093143918,1.3160525298247119,1.808931199818066,1.0936699022220726,1.345482813397404,0.14601949943297649,0.06482809254778756,1.006089020161019,0.0,0.11051846798124412,0.6752325786979617,2989976.0,19569012.0,17854816.0,19900000.0,5653333.0,16115579.0,6750000.0,11027250.0,14155720.0,7731504.0,6544195.0,9776176.0,312049.0,83124.0,10320235.0,0.0,236182.0,3463192.0,5,11,10,2,4,10,3,3,5,10,14,17,5,3,24,0,5,12,0.02622425128416102,0.17163438371102727,0.1565996454207187,0.17453738777662575,0.04958381779152739,0.14134527945567069,0.059202380275991145,0.09671695524421087,0.12415589904006717,0.20099235553534064,0.1701264292345446,0.25414675364173184,0.008112194412943136,0.002160936418259585,0.2682904053762717,0.0,0.006139914887846896,0.09003101049306156,0.09433962264150944,0.20754716981132076,0.18867924528301888,0.03773584905660377,0.07547169811320754,0.18867924528301888,0.05660377358490566,0.05660377358490566,0.09433962264150944,0.1111111111111111,0.15555555555555556,0.18888888888888888,0.05555555555555555,0.03333333333333333,0.26666666666666666,0.0,0.05555555555555555,0.13333333333333333,8,8,0.5,411,392,19,0.5,0.417
188,indianapolis-colts,2017,1.196255094960241,1.1149177357117825,1.0659181924795673,0.5103231257498867,0.6699602427088535,0.4723951671292754,0.9450424630150706,1.290482933222317,1.7861149888020942,0.44640296798849494,0.7892775996081954,0.5131749762902317,10.94451021601017,0.3873908493013463,1.6309805833743383,1.3872802001658617,0.8335001781106692,0.21992735181336498,16298718.0,15190514.0,16338269.0,2607391.0,4564032.0,8045353.0,3219000.0,8791276.0,15209645.0,3451121.0,9387491.0,5188050.0,19525733.0,2534147.0,17458666.0,1650000.0,4461059.0,2354190.0,8,8,9,3,4,10,2,4,5,13,20,17,3,11,18,2,9,18,0.18056680678645148,0.16828946954140112,0.18100497608143595,0.028886214665087923,0.05056303718557384,0.08913116360929724,0.03566197973641776,0.09739493835640128,0.1685014140379334,0.052281428683337246,0.14221218010958475,0.07859436573814357,0.29579757340568025,0.038390084164998284,0.2644833378444873,0.024996039642628136,0.06758109552248669,0.03566389488865378,0.1509433962264151,0.1509433962264151,0.16981132075471697,0.05660377358490566,0.07547169811320754,0.18867924528301888,0.03773584905660377,0.07547169811320754,0.09433962264150944,0.11711711711711711,0.18018018018018017,0.15315315315315314,0.02702702702702703,0.0990990990990991,0.16216216216216217,0.018018018018018018,0.08108108108108109,0.16216216216216217,4,12,0.25,263,404,-141,0.333,0.25
189,indianapolis-colts,2018,1.1407023588830367,0.3134786267527654,1.1285604882785554,5.625245933932728,0.27153239453740535,0.3674709498894798,0.935451426600402,1.5849060186217643,1.4629908073735902,1.641605776872185,0.5773898941103366,1.2681578807368783,0.3088092024426598,0.8140056040844331,0.5403933961683081,0.005483150726178117,2.2999126452781287,0.8013294833556907,20408109.0,4206294.0,22714741.0,25160076.0,3036212.0,9861539.0,4184000.0,7088820.0,19630587.0,5188146.0,2105525.0,5549397.0,675667.0,1978916.0,3021606.0,1333.0,6709537.0,2727339.0,8,6,9,2,5,12,2,2,6,13,15,18,9,10,23,1,12,14,0.17549267059739027,0.03617061077916524,0.1953277768174423,0.21635561284356647,0.026108884090135127,0.0848009884360338,0.03597890102309238,0.060957923793144776,0.16880663162002965,0.1855728269507687,0.07531172531873954,0.1984942769849027,0.024167676712903808,0.070783096007342,0.10807867923366159,4.767957153198362e-05,0.23999088472467425,0.09755315449547537,0.15384615384615385,0.11538461538461539,0.17307692307692307,0.038461538461538464,0.09615384615384616,0.23076923076923078,0.038461538461538464,0.038461538461538464,0.11538461538461539,0.11304347826086956,0.13043478260869565,0.1565217391304348,0.0782608695652174,0.08695652173913043,0.2,0.008695652173913044,0.10434782608695652,0.12173913043478261,10,6,0.625,433,344,89,0.667,0.583
190,indianapolis-colts,2019,1.4835033612507211,0.2585274447544152,1.185145689257321,1.572556200816096,0.26530536712347935,1.1001176653960731,0.5819013795446082,1.238897733377965,1.02815001697567,0.2553813710122969,0.17570662415535576,0.16437615223156654,13.683251345779322,0.2243399112338878,0.2639090275140845,2.8524593230639135,1.6275763481971313,1.3440863736243975,35873749.0,4862397.0,28658930.0,12675735.0,2851358.0,29558668.0,4690470.0,6657500.0,16574997.0,2256595.0,716573.0,1005547.0,18601174.0,914911.0,3049469.0,3877667.0,7743913.0,15530919.0,9,7,9,3,4,10,3,2,6,13,6,9,2,6,17,2,7,17,0.25191566511804697,0.03414513421284729,0.20125115477954508,0.08901261514053374,0.020023046575356935,0.2075693708294478,0.03293781393648726,0.04675085786331944,0.11639434154441548,0.04202478257164379,0.01334480689787512,0.018726397089672137,0.34641142647542583,0.017038474270928188,0.056790550224549825,0.07221416007756742,0.14421562578961922,0.28923377660271843,0.16981132075471697,0.1320754716981132,0.16981132075471697,0.05660377358490566,0.07547169811320754,0.18867924528301888,0.05660377358490566,0.03773584905660377,0.11320754716981132,0.16455696202531644,0.0759493670886076,0.11392405063291139,0.02531645569620253,0.0759493670886076,0.21518987341772153,0.02531645569620253,0.08860759493670886,0.21518987341772153,7,9,0.438,361,373,-12,0.5,0.417
191,indianapolis-colts,2020,1.5179048136288231,0.3185247520913488,1.1460041013877673,4.43596314517975,0.22144216531957983,0.47843398120062236,0.3316684725076175,0.7517608266800563,0.8637576889752872,0.40665230240837164,0.02355725803154226,2.7497598463050283,5.8916062043182515,0.7518310932696202,0.6724153775969944,0.1169372637190535,0.07685384497351265,0.4425442240750789,48420128.0,7902784.0,32494888.0,47168066.0,2354618.0,16957464.0,3526666.0,10658070.0,18368854.0,3238389.0,62533.0,18978096.0,9383600.0,3592339.0,5354802.0,248329.0,326415.0,2349477.0,9,7,8,3,3,10,3,4,6,15,5,13,3,9,15,4,8,10,0.257757421182253,0.04206930687998945,0.1729817511528705,0.25109225350074055,0.012534462187900745,0.09027056249068346,0.018773687123072688,0.056736666164532545,0.09778388931795703,0.07438761629421431,0.0014364181726550158,0.43593753660933365,0.21554656845066772,0.08251804682227538,0.12300281297505994,0.005704256766783097,0.007497936094976843,0.053968807814034,0.16981132075471697,0.1320754716981132,0.1509433962264151,0.05660377358490566,0.05660377358490566,0.18867924528301888,0.05660377358490566,0.07547169811320754,0.11320754716981132,0.18292682926829268,0.06097560975609756,0.15853658536585366,0.036585365853658534,0.10975609756097561,0.18292682926829268,0.04878048780487805,0.0975609756097561,0.12195121951219512,11,5,0.688,451,362,89,0.667,0.583
192,indianapolis-colts,2021,1.288867560953118,0.7134885069251613,1.3485973712859283,2.4509203722519772,0.5849687069690838,0.6389984640042098,0.40108252367466196,1.1041672763019785,0.7295787410642968,1.149489144528032,0.8590025902098815,1.9386107349736,1.1123117964618334,1.137359456311619,0.818793582157848,0.7612410434166537,0.334599028455208,0.8058231802276014,38597358.0,12819985.0,40386070.0,22019109.0,7007158.0,21049500.0,3603332.0,9919857.0,15293944.0,3770952.0,751466.0,3815821.0,973064.0,497488.0,4297744.0,665943.0,439067.0,1409888.0,10,6,10,3,4,11,3,3,7,15,4,9,4,2,24,4,6,8,0.22611711595668735,0.0751040533605433,0.23659603005016283,0.12899580906589353,0.04105043557677781,0.12331549305344398,0.021109606509192733,0.05811406717378834,0.08959738925351012,0.22687285747263788,0.04521066264262534,0.2295723238784526,0.05854272612957018,0.029930512008200495,0.2585663943656362,0.04006531807456072,0.02641571277277958,0.08482349265553699,0.17543859649122806,0.10526315789473684,0.17543859649122806,0.05263157894736842,0.07017543859649122,0.19298245614035087,0.05263157894736842,0.05263157894736842,0.12280701754385964,0.19736842105263158,0.05263157894736842,0.11842105263157894,0.05263157894736842,0.02631578947368421,0.3157894736842105,0.05263157894736842,0.07894736842105263,0.10526315789473684,9,8,0.529,451,365,86,0.5,0.583
193,indianapolis-colts,2022,1.2891540200406135,0.5438795311891366,1.662152699148482,2.6608099897706374,0.1698254588877047,0.7062286463370431,0.3218095460805569,0.6126175898992946,0.6018655138752296,2.748655028617183,1.7555522688860152,0.593420896461186,0.3459977159446313,0.8082537072064122,0.9162056467209895,0.8021882058554982,0.3179658762434799,0.38314349065957404,35793914.0,9060629.0,41535344.0,22163559.0,1414583.0,17647867.0,2680554.0,8504795.0,8355527.0,16793837.0,11798754.0,3263135.0,422798.0,6419789.0,11755523.0,2940744.0,1748448.0,3511417.0,10,6,9,3,3,9,3,5,5,10,11,9,2,13,21,6,9,15,0.24323660755483276,0.061571267681789055,0.2822523451384215,0.1506118862134323,0.009612761823832342,0.1199256191893092,0.018215634683805104,0.057794112254650434,0.05677976545992732,0.28631823214762325,0.20115703080985592,0.055633209043236195,0.007208285748846486,0.10945102285086833,0.20041998522021648,0.05013676286596864,0.029809300897826244,0.059866170415558445,0.18867924528301888,0.11320754716981132,0.16981132075471697,0.05660377358490566,0.05660377358490566,0.16981132075471697,0.05660377358490566,0.09433962264150944,0.09433962264150944,0.10416666666666667,0.11458333333333333,0.09375,0.020833333333333332,0.13541666666666666,0.21875,0.0625,0.09375,0.15625,4,12,0.265,289,427,-138,0.25,0.375
194,indianapolis-colts,2023,1.6366619471238664,0.5186013154372947,1.8777867993192077,0.7719289355368895,0.625396388259001,0.5324234236606568,0.8514325422221758,0.8340863300511738,0.46270355928297435,0.41078087273161534,2.9021649551816378,0.2742172020901041,8.045769778357748,0.45380961128259945,0.6139275960638134,0.0,0.7012514712649747,0.32572761671246314,42673839.0,10517000.0,48960857.0,4472677.0,7247289.0,15424723.0,7400000.0,7249240.0,6702442.0,2374700.0,20505521.0,3346604.0,25840067.0,4372411.0,8675527.0,0.0,2252163.0,5858260.0,9,7,9,2,4,10,3,3,5,9,11,19,5,15,22,0,5,28,0.28326841392528457,0.06981171553963583,0.3250015614206321,0.029689574443726517,0.048107414481461615,0.10238911993474167,0.049121108205125524,0.04812036519526002,0.044490726854132155,0.03243006889986437,0.2800334605877019,0.04570286701501735,0.3528846394016556,0.05971179095823677,0.11847725538073593,0.0,0.030756643476533976,0.08000327428025411,0.17307692307692307,0.1346153846153846,0.17307692307692307,0.038461538461538464,0.07692307692307693,0.19230769230769232,0.057692307692307696,0.057692307692307696,0.09615384615384616,0.07894736842105263,0.09649122807017543,0.16666666666666666,0.043859649122807015,0.13157894736842105,0.19298245614035087,0.0,0.043859649122807015,0.24561403508771928,9,8,0.529,396,415,-19,0.5,0.583
195,indianapolis-colts,2024,1.1211942526289194,0.9052383784615134,1.3767435963035481,1.2241404334848078,1.1197838619911584,0.5084393779141068,0.8734509084317391,0.7417230167295065,1.1946269594815153,1.1663041276508685,1.3835235503288623,2.5446505323160653,0.16281864372391167,0.1769418806351568,0.40737793680637097,0.044634215520865266,1.2248622092596637,0.2626995334083389,42173051.0,17025000.0,46606848.0,13813593.0,12636000.0,19124643.0,9856300.0,11159787.0,26961107.0,9809591.0,8898567.0,22661613.0,241666.0,700343.0,5441911.0,88332.0,1818020.0,1299719.0,10,5,9,3,3,10,3,4,6,17,13,18,3,8,27,4,3,10,0.21154608540168293,0.08539984702467109,0.2337866484289044,0.06929096793310234,0.06338399218817879,0.09593195809700128,0.04944061745840033,0.05597909560222691,0.13524078786583194,0.19249679776761908,0.1746194772259729,0.4446962095309629,0.00474229059390034,0.013743058690109267,0.10678839120167005,0.0017333675930433113,0.03567559832795138,0.02550480906877077,0.18867924528301888,0.09433962264150944,0.16981132075471697,0.05660377358490566,0.05660377358490566,0.18867924528301888,0.05660377358490566,0.07547169811320754,0.11320754716981132,0.1650485436893204,0.1262135922330097,0.17475728155339806,0.02912621359223301,0.07766990291262135,0.2621359223300971,0.038834951456310676,0.02912621359223301,0.0970873786407767,8,9,0.471,377,427,-50,0.5,0.583
196,jacksonville-jaguars,2011,1.0811943022090762,1.4401392381833005,1.0416022493737795,1.151199629427016,1.3424967762424518,0.729506228637691,1.2749060401204193,0.959258816786079,0.644016808371329,2.2731100597994764,1.2086019114976911,1.8465244168304844,0.0,0.0,0.0,0.029449967427419295,0.14932470384352634,0.6054237214331019,15314513.0,9272167.0,13412467.0,4447118.0,13829612.0,15969256.0,3283333.0,4940860.0,5804997.0,1983667.0,2636766.0,1611400.0,0.0,0.0,0.0,25700.0,195466.0,528333.0,11,5,10,3,8,17,2,4,7,2,5,2,0,0,0,2,3,2,0.17750951230298267,0.10747307747636571,0.15546302229459397,0.05154625206389623,0.16029812253641212,0.1850985953259813,0.038056896720012515,0.057269183091706206,0.0672853381880493,0.28413875747493456,0.3776880973430285,0.23081555210381055,0.0,0.0,0.0,0.003681245928427412,0.027998381970661186,0.07567796517913773,0.16417910447761194,0.07462686567164178,0.14925373134328357,0.04477611940298507,0.11940298507462686,0.2537313432835821,0.029850746268656716,0.05970149253731343,0.1044776119402985,0.125,0.3125,0.125,0.0,0.0,0.0,0.125,0.1875,0.125,5,11,0.313,243,329,-86,0.5,0.333
197,jacksonville-jaguars,2012,1.0191667438778937,1.5672550188759522,1.1729445640398954,0.9741372422786247,0.7261661813275618,0.9797637728040458,0.7123388431584022,2.0007940663078854,0.4480594997956361,1.6692337772566876,0.26398719033985235,0.7939380361356717,1.835677873003871,1.789044324679421,1.1183241839790232,0.06811668616806493,0.14452609232933344,0.8018657371883937,16818067.0,15517500.0,15484540.0,3215000.0,8388125.0,14551063.0,3526458.0,9905000.0,6654402.0,7719234.0,813858.0,3671501.0,2829647.0,8273288.0,6033531.0,105000.0,445566.0,5562243.0,10,6,8,2,7,9,3,3,9,6,4,6,2,6,7,2,4,9,0.1788011831364726,0.16497421251325814,0.16462379846173972,0.034180254115039464,0.08917830297005146,0.15469954307432301,0.03749151806096854,0.10530495085830976,0.07074623680983728,0.21772614485956793,0.022955407855639334,0.10355713514813109,0.0798120814349509,0.233353607566881,0.17017976712724264,0.002961595050785432,0.012567486289507254,0.15688677466729442,0.17543859649122806,0.10526315789473684,0.14035087719298245,0.03508771929824561,0.12280701754385964,0.15789473684210525,0.05263157894736842,0.05263157894736842,0.15789473684210525,0.13043478260869565,0.08695652173913043,0.13043478260869565,0.043478260869565216,0.13043478260869565,0.15217391304347827,0.043478260869565216,0.08695652173913043,0.1956521739130435,2,14,0.125,255,444,-189,0.333,0.167
198,jacksonville-jaguars,2013,0.8999119863056811,1.4311497964746314,1.0107505819595628,2.207512978756708,1.3314506903045562,0.4679539980480354,1.155344584610355,1.4202673138667463,0.24645838136143045,1.0883980270178937,1.1263838529273447,1.0434157587296204,0.06523730193410894,0.5044123877061331,0.9479187258353413,0.27130103088272406,0.08808767148660386,1.704006475385712,11343223.0,10823626.0,8918226.0,8347587.0,8391344.0,5898473.0,4368871.0,7160882.0,1553281.0,9561426.0,6850472.0,9166263.0,132254.0,2045166.0,8967899.0,183334.0,357156.0,16120958.0,10,6,7,3,5,10,3,4,5,13,9,13,3,6,14,1,6,14,0.16979471439729832,0.16201695809146768,0.1334953598814517,0.12495356483528537,0.12560855568910906,0.0882932071788746,0.06539686327983141,0.10718998595220727,0.023250790694474572,0.1791034728004129,0.12832221109298864,0.1717013273858869,0.0024773658962319854,0.03830980159793416,0.16798559698347817,0.0034341902643382793,0.006690202897716749,0.3019758310810122,0.18867924528301888,0.11320754716981132,0.1320754716981132,0.05660377358490566,0.09433962264150944,0.18867924528301888,0.05660377358490566,0.07547169811320754,0.09433962264150944,0.16455696202531644,0.11392405063291139,0.16455696202531644,0.0379746835443038,0.0759493670886076,0.17721518987341772,0.012658227848101266,0.0759493670886076,0.17721518987341772,4,12,0.25,247,449,-202,0.5,0.333
199,jacksonville-jaguars,2014,1.7403588391785265,0.3811897144481626,1.1759680388538243,1.9227938929574881,0.8528484313834127,0.2917586603351473,1.0975223957252154,2.031673846834071,0.42496392298491326,1.1657670040407555,2.8740314907433477,1.2507352829268765,0.7296536396729549,0.39066373787318026,0.6303853150270273,0.0,0.13637269697055893,0.7919299723735619,28827556.0,3788449.0,15583124.0,9554831.0,5650682.0,5316006.0,5453856.0,10095882.0,3519582.0,4669958.0,16630051.0,5567037.0,1948618.0,1391079.0,5050534.0,0.0,849795.0,5287334.0,10,6,8,3,4,11,3,3,5,9,13,10,6,8,18,0,14,15,0.3283695922978352,0.043153552579037274,0.1775046096383131,0.108837390167405,0.06436591934969153,0.06055368422050228,0.06212390919199333,0.11500040642457006,0.0400909361306522,0.11281616168136342,0.4017463374157368,0.13448766483084695,0.04707442836599709,0.03360548282780045,0.12201006097297301,0.0,0.020529223199869082,0.12773064070541318,0.18867924528301888,0.11320754716981132,0.1509433962264151,0.05660377358490566,0.07547169811320754,0.20754716981132076,0.05660377358490566,0.05660377358490566,0.09433962264150944,0.0967741935483871,0.13978494623655913,0.10752688172043011,0.06451612903225806,0.08602150537634409,0.1935483870967742,0.0,0.15053763440860216,0.16129032258064516,3,13,0.188,249,412,-163,0.167,0.167
200,jacksonville-jaguars,2015,1.3174360023590699,0.9342900946435662,1.4635146652232702,2.019113803544433,0.2688483993327006,0.7015097362593503,0.31150803646485364,1.6205069528450873,0.3458301107688152,3.35439186931742,0.12009206526572316,0.42698289641748005,0.049230777842343657,1.4581382067504232,0.18915318917145107,4.754396417305163,0.062089898324486324,0.6966641809331461,24059787.0,13270874.0,23757832.0,8194275.0,2182163.0,14234868.0,1896314.0,16441470.0,3508751.0,15980362.0,429090.0,1356101.0,58634.0,4052176.0,750940.0,1887500.0,197198.0,3872069.0,9,7,8,2,4,10,3,5,5,12,9,8,3,7,10,1,8,14,0.22371554757040812,0.12339680495292382,0.22090787399596531,0.07619297371865785,0.02029044523265665,0.13236032759610383,0.017632530365935112,0.15287801441934784,0.032625482148001435,0.5590653115529034,0.015011508158215397,0.047442544046386675,0.002051282410097652,0.14176343676740227,0.026271276273812653,0.06603328357368282,0.006898877591609592,0.13546247962588953,0.16981132075471697,0.1320754716981132,0.1509433962264151,0.03773584905660377,0.07547169811320754,0.18867924528301888,0.05660377358490566,0.09433962264150944,0.09433962264150944,0.16666666666666666,0.125,0.1111111111111111,0.041666666666666664,0.09722222222222222,0.1388888888888889,0.013888888888888888,0.1111111111111111,0.19444444444444445,5,11,0.313,376,448,-72,0.333,0.417
201,jacksonville-jaguars,2016,1.4576725060693203,0.8760380726462851,1.0145877955188878,1.7169310615969886,0.38755875311199633,1.3570862378166333,0.5294195720981808,0.17918402962279384,0.8662797185296082,2.041672634946148,0.2194497482586347,1.0964593119791117,0.0,0.8388254713114257,0.2894508895224503,0.0,2.475642790360112,0.26956201451883127,27671075.0,11086585.0,14979980.0,10864198.0,4904699.0,22899236.0,3350000.0,1133820.0,12790271.0,13083414.0,1022745.0,9581336.0,0.0,1466004.0,2360724.0,0.0,11537727.0,1727403.0,9,6,7,3,6,8,3,3,7,11,8,15,0,3,14,0,8,11,0.2522894722043054,0.10108131607457135,0.13657912631985028,0.09905371509213395,0.04471831766676881,0.2087824981256359,0.030543436851818123,0.010337540170545799,0.11661457749437035,0.3208342712058232,0.025079971229558254,0.23495556685266683,0.0,0.03594966305620396,0.057890177904490046,0.0,0.28293060461258424,0.04235974513867349,0.17307692307692307,0.11538461538461539,0.1346153846153846,0.057692307692307696,0.11538461538461539,0.15384615384615385,0.057692307692307696,0.057692307692307696,0.1346153846153846,0.15714285714285714,0.11428571428571428,0.21428571428571427,0.0,0.04285714285714286,0.2,0.0,0.11428571428571428,0.15714285714285714,3,13,0.188,318,400,-82,0.333,0.167
202,jacksonville-jaguars,2017,1.9253767761645424,0.6359978268855037,0.8316780567232336,1.7576752508711966,0.9672136930974113,1.1370832848012635,0.2896203586232351,0.6288224039888077,0.5812872694959739,0.8627699272594651,0.21243475976659518,0.5232780050544409,0.17821731935620433,0.6269643742330163,0.7849087204514812,1.3908605460915529,6.286772566789417,0.9792623616300065,44131852.0,12755577.0,23828773.0,10071985.0,13856032.0,29321165.0,2489412.0,5405000.0,9992830.0,2503363.0,369833.0,1518313.0,103421.0,1091498.0,2505190.0,1614256.0,5472400.0,4262056.0,8,7,10,2,5,9,3,3,6,10,6,10,2,6,11,4,3,15,0.2906229096097423,0.08399971298487785,0.1569203880609875,0.06632736795740364,0.09124657482051052,0.19308961440021458,0.01639360520508878,0.03559372098049855,0.0658061059806763,0.12877163093424854,0.01902400833730703,0.07810119478424492,0.0053199199807822195,0.05614606336415071,0.12886561082039244,0.08303645051292853,0.28149727910997396,0.21923784215597164,0.1509433962264151,0.1320754716981132,0.18867924528301888,0.03773584905660377,0.09433962264150944,0.16981132075471697,0.05660377358490566,0.05660377358490566,0.11320754716981132,0.14925373134328357,0.08955223880597014,0.14925373134328357,0.029850746268656716,0.08955223880597014,0.16417910447761194,0.05970149253731343,0.04477611940298507,0.22388059701492538,10,6,0.625,417,268,149,0.667,0.75
203,jacksonville-jaguars,2018,2.1338655107123587,0.7211318115662164,0.2619878701502394,1.3541425010804882,0.656269685216535,1.2831207379125533,0.13583967575487535,0.17947408298790277,0.914837887066541,0.9948826464105957,0.14561510561103302,2.174736969239114,0.12283867741880466,1.1841959561546525,0.5864969562720349,0.8747122131433294,1.153336131589043,0.8453916514939523,50991496.0,11488256.0,4869310.0,10786333.0,10454946.0,37475584.0,1082022.0,1429589.0,12145135.0,6687811.0,1076741.0,23390465.0,330299.0,6368332.0,6308090.0,1764000.0,6202375.0,5682901.0,9,6,7,3,6,11,3,3,5,10,11,16,4,8,16,3,8,10,0.3623545206870043,0.08163756357353394,0.0346021715292769,0.07664957553285781,0.0742946813452681,0.2663080776799639,0.007689038250275963,0.010158910357805815,0.08630546104401329,0.11568402865239485,0.0186251879269926,0.40460222683518404,0.005713426856688589,0.11015776336322348,0.1091157127947972,0.030513216737558004,0.10728708200828306,0.09830135482487817,0.16981132075471697,0.11320754716981132,0.1320754716981132,0.05660377358490566,0.11320754716981132,0.20754716981132076,0.05660377358490566,0.05660377358490566,0.09433962264150944,0.11627906976744186,0.12790697674418605,0.18604651162790697,0.046511627906976744,0.09302325581395349,0.18604651162790697,0.03488372093023256,0.09302325581395349,0.11627906976744186,5,11,0.313,245,316,-71,0.167,0.333
204,jacksonville-jaguars,2019,1.415813813161853,0.13586839717659313,1.454979092229899,1.8566837185769565,1.2207131681002616,1.2915970399701726,0.4617183739536633,0.1760195466114135,0.3517098500624407,1.6880739535074514,0.8520857187746651,0.28047220727676947,5.758741596418614,0.27304857632781004,0.5823560126130076,0.036506287245539566,1.162298438120696,1.1104091556257103,29510172.0,1887960.0,30326504.0,12899779.0,8481213.0,29912322.0,3207905.0,1630587.0,4887186.0,12716175.0,11086877.0,2304854.0,15774657.0,2056861.0,8374911.0,25000.0,5571704.0,9885502.0,9,6,9,3,3,10,3,4,6,11,19,12,4,11,21,1,7,13,0.24042121355578638,0.015381327982255829,0.24707192132205835,0.10509530482511076,0.06909697177926011,0.24369755471135332,0.02613500229926396,0.013284494083880265,0.03981620944103102,0.18756377261193902,0.16353160259311755,0.033996631185062964,0.2326764281381258,0.03033873070309,0.12353006328154706,0.00036875037621757136,0.08218271784691789,0.14581130326398214,0.16981132075471697,0.11320754716981132,0.16981132075471697,0.05660377358490566,0.05660377358490566,0.18867924528301888,0.05660377358490566,0.07547169811320754,0.11320754716981132,0.1111111111111111,0.1919191919191919,0.12121212121212122,0.04040404040404041,0.1111111111111111,0.21212121212121213,0.010101010101010102,0.0707070707070707,0.13131313131313133,6,10,0.375,300,397,-97,0.333,0.5
205,jacksonville-jaguars,2020,0.5598016312705729,2.0077965850792525,1.7347339770306136,0.5560778040779613,0.3144078844685838,0.4809474790951224,0.3220594213406363,0.8232422809786011,1.186195099821114,1.2738516947022427,1.257249074016526,0.7137566522939887,11.984701341934922,0.7064136782193625,0.8822106292727246,0.46693834175245635,0.2861319935593463,0.6036663605813442,6377134.0,26139847.0,25407898.0,2714877.0,2046665.0,8609614.0,1572355.0,5358966.0,9652048.0,21966119.0,7883573.0,8391763.0,18787500.0,7751735.0,17978664.0,4757893.0,1794189.0,7097412.0,7,8,9,3,4,11,3,4,5,22,8,15,2,14,26,13,8,15,0.07256687812766686,0.29745134593766703,0.28912232950510225,0.03089321133766451,0.0232894729235988,0.09797078277863605,0.017892190074479796,0.0609809097021186,0.1098328796130661,0.22784339254836858,0.08177229749700982,0.08704349418219373,0.19487319255178737,0.08040480890301686,0.18648354765114505,0.049351206851885626,0.018610210963209518,0.07361784885138344,0.12962962962962962,0.14814814814814814,0.16666666666666666,0.05555555555555555,0.07407407407407407,0.2037037037037037,0.05555555555555555,0.07407407407407407,0.09259259259259259,0.17886178861788618,0.06504065040650407,0.12195121951219512,0.016260162601626018,0.11382113821138211,0.21138211382113822,0.10569105691056911,0.06504065040650407,0.12195121951219512,1,15,0.063,306,492,-186,0.167,0.083
206,jacksonville-jaguars,2021,1.1030893112621318,1.2213747608202203,1.9903044710225708,1.53709198272922,0.12663601434337218,0.7429538717438796,0.1693940976195954,0.49622854395614846,0.5856959605218298,0.9553172038379903,1.3371073951314412,1.3479063024272682,0.8664658894314659,0.7278061875104977,1.0247676877996914,1.817218548312937,0.8016502262633046,0.7060942691116197,16895108.0,29396382.0,43548357.0,6726391.0,1108331.0,14630414.0,1482554.0,5428802.0,7689104.0,4220558.0,5168882.0,8188129.0,2392510.0,5626989.0,11884393.0,6021306.0,2656247.0,7408812.0,7,11,10,2,4,9,4,5,6,8,7,11,5,14,21,6,6,19,0.1331314686006021,0.23164004084521417,0.3431559432797536,0.05300317181824896,0.008733518230577391,0.1152859456154296,0.011682351559972097,0.04277832275484039,0.06058923729536171,0.0787890477392157,0.09649228624659885,0.15285535388350463,0.04466319017687968,0.10504419201182441,0.2218569221009641,0.1124052710296662,0.04958661193381266,0.13830712487753377,0.1206896551724138,0.1896551724137931,0.1724137931034483,0.034482758620689655,0.06896551724137931,0.15517241379310345,0.06896551724137931,0.08620689655172414,0.10344827586206896,0.08247422680412371,0.07216494845360824,0.1134020618556701,0.05154639175257732,0.14432989690721648,0.21649484536082475,0.061855670103092786,0.061855670103092786,0.1958762886597938,3,14,0.176,253,457,-204,0.167,0.25
207,jacksonville-jaguars,2022,1.0069421944442454,1.0706764930715884,0.7984660594232236,1.7673755996070768,0.49016152546243286,0.8274870593529203,0.4792573682254531,1.3105625242915864,1.4609875357183435,0.9852303218766708,2.1551941792214406,0.9584295629374968,0.1690738904241775,0.3133901155087305,1.804579666541042,0.2975842427371888,0.15313312332834836,0.26040226925343113,22111654.0,30228697.0,17533683.0,11088620.0,4612954.0,25958516.0,4510334.0,16445095.0,27498969.0,12242860.0,16068775.0,11115835.0,560261.0,1298103.0,25414340.0,1232633.0,507438.0,2804413.0,7,9,7,2,3,10,3,4,6,15,9,14,4,5,17,5,4,13,0.1382077521786219,0.188942910542045,0.10959338070514833,0.06930884704341478,0.028833030909554875,0.162252364579004,0.028191609895614887,0.10278921759149696,0.17188088655509925,0.17184249800174492,0.22554357689526702,0.1560234172223832,0.007863901880194302,0.01822035555283317,0.3567192364092758,0.017301409461464464,0.007122470852481319,0.03936313372435587,0.13725490196078433,0.17647058823529413,0.13725490196078433,0.0392156862745098,0.058823529411764705,0.19607843137254902,0.058823529411764705,0.0784313725490196,0.11764705882352941,0.1744186046511628,0.10465116279069768,0.16279069767441862,0.046511627906976744,0.05813953488372093,0.19767441860465115,0.05813953488372093,0.046511627906976744,0.1511627906976744,9,8,0.529,404,350,54,0.667,0.667
208,jacksonville-jaguars,2023,0.8573153332083563,1.2009848520584332,1.2316160956918674,1.0955503119998344,0.509038668994124,0.8473950971064697,0.5208120254541501,0.6502139646498648,1.3824446695547168,0.3795136174739372,0.54459564072177,0.7046001744245447,0.229884762723439,1.1491355923508448,1.5451384346321957,0.02077374251630008,0.4194015145406471,2.3937471017341068,25108707.0,39570707.0,40579962.0,12032264.0,5590695.0,27920438.0,5720000.0,7141202.0,30366363.0,1339787.0,1398234.0,3165822.0,442667.0,1106390.0,7934199.0,6667.0,673001.0,7682348.0,8,9,9,3,3,9,3,3,6,11,8,14,6,3,16,1,5,10,0.12940608803145,0.2039408239344509,0.20914235587220387,0.06201228181131138,0.028813509565705133,0.14389728064072124,0.029479925969102833,0.0368045640367848,0.1565031701382698,0.056414186381260945,0.05887520440235352,0.1333027357019409,0.018639305085684246,0.04658657806827749,0.3340839858664207,0.0002807262502202714,0.028337940171665344,0.3234793380721766,0.1509433962264151,0.16981132075471697,0.16981132075471697,0.05660377358490566,0.05660377358490566,0.16981132075471697,0.05660377358490566,0.05660377358490566,0.11320754716981132,0.14864864864864866,0.10810810810810811,0.1891891891891892,0.08108108108108109,0.04054054054054054,0.21621621621621623,0.013513513513513514,0.06756756756756757,0.13513513513513514,9,8,0.529,377,371,6,0.667,0.5
209,jacksonville-jaguars,2024,0.7977093951245934,1.877299990759272,1.1902952909052438,0.6079828959790798,0.6613693264083002,0.9190691272790549,0.5829715862687959,0.4292751461369858,0.5842185472846725,1.255788565250978,0.10899620053211627,1.390572003240111,2.930237779470834,0.0628767315665172,0.537128360921582,0.016485069402616043,1.0409651157328912,1.7178314893289248,17203255.0,45546197.0,28878402.0,3277912.0,7131485.0,24775596.0,4714597.0,3471626.0,7874469.0,13578609.0,1649978.0,22553996.0,15842059.0,611887.0,9873378.0,71300.0,7879034.0,37149187.0,8,9,9,2,4,10,3,3,5,10,14,15,5,9,17,4,7,20,0.12040896530182542,0.3187867908836499,0.2021256154367395,0.02294275079166339,0.04991466614402265,0.17340926929793488,0.032998391675592216,0.02429859317756523,0.055114957291006836,0.12433550150999784,0.015108384232174534,0.20652059454061053,0.14506127621142745,0.005602877070283712,0.09040774391749401,0.0006528740357471701,0.07214609713000236,0.34016465135226237,0.1509433962264151,0.16981132075471697,0.16981132075471697,0.03773584905660377,0.07547169811320754,0.18867924528301888,0.05660377358490566,0.05660377358490566,0.09433962264150944,0.09900990099009901,0.13861386138613863,0.1485148514851485,0.04950495049504951,0.0891089108910891,0.16831683168316833,0.039603960396039604,0.06930693069306931,0.19801980198019803,4,13,0.235,320,435,-115,0.5,0.333
210,kansas-city-chiefs,2011,1.5269266680781248,0.7964074219178878,0.7069555877591261,2.724421396433349,1.0954720315159112,0.9836498730969031,0.5995546716612082,0.2629347493034597,0.7241073674343456,0.4544136001173718,0.23013774433188874,1.2539634740700198,0.0,1.7886919815394058,0.0,0.0,0.0,0.0,21423051.0,12769985.0,8501753.0,16381763.0,10978333.0,17743862.0,3605082.0,2108012.0,8708018.0,96900.0,98150.0,534795.0,0.0,762848.0,0.0,0.0,0.0,0.0,7,8,6,3,5,9,3,4,6,1,2,2,0,2,0,0,0,0,0.20957817012837007,0.1249266544184922,0.08317124561872072,0.16026008214313817,0.10739921877606973,0.1735852717229829,0.035267921862424015,0.020622333278702724,0.08518910205109949,0.06491622858819597,0.0657536412376825,0.3582752783057199,0.0,0.5110548518684016,0.0,0.0,0.0,0.0,0.13725490196078433,0.1568627450980392,0.11764705882352941,0.058823529411764705,0.09803921568627451,0.17647058823529413,0.058823529411764705,0.0784313725490196,0.11764705882352941,0.14285714285714285,0.2857142857142857,0.2857142857142857,0.0,0.2857142857142857,0.0,0.0,0.0,0.0,7,9,0.438,212,338,-126,0.5,0.333
211,kansas-city-chiefs,2012,1.0985736454964963,1.2524603689527103,0.6871919704656136,1.665943689166406,0.7687792038645487,1.379129106197644,0.9545883043334784,0.30246872747309,0.6619522392323476,1.8690500086515718,0.3225605623659612,0.23198791847225914,0.38790099265115313,0.03833655348909242,0.757293637554232,0.0,0.8014029535083174,2.0706284288049437,14760102.0,24039539.0,13189861.0,9592763.0,10329084.0,26470800.0,5496668.0,1741662.0,7623248.0,9395819.0,648612.0,932973.0,390000.0,77088.0,6091132.0,0.0,3222958.0,10409165.0,7,10,10,3,7,10,3,3,6,5,2,4,1,2,8,0,4,5,0.13033924607585548,0.21228141846656107,0.11647321533315483,0.08470900114405454,0.09121109198392949,0.23375069596570236,0.04853838835593957,0.015379765803716439,0.0673171768710862,0.30145967881476965,0.020810358862320077,0.029933924964162473,0.012512935246811392,0.00247332603155435,0.1954306161430276,0.0,0.10340683271075063,0.33397232722660386,0.11864406779661017,0.1694915254237288,0.1694915254237288,0.05084745762711865,0.11864406779661017,0.1694915254237288,0.05084745762711865,0.05084745762711865,0.1016949152542373,0.16129032258064516,0.06451612903225806,0.12903225806451613,0.03225806451612903,0.06451612903225806,0.25806451612903225,0.0,0.12903225806451613,0.16129032258064516,2,14,0.125,211,425,-214,0.0,0.0
212,kansas-city-chiefs,2013,0.8213735125216571,1.3779588807019794,0.9084467989935039,1.8055080713210532,0.6644551219804191,1.3088449213254507,0.5871361428344357,0.42959175683444883,0.7825609825442217,0.9322214055489921,0.21664827610953932,1.3435240292257178,6.621259207502008,0.02602591596743984,0.3784648216937241,0.0,1.012410550001017,1.2632382996054243,14507101.0,21295324.0,20056237.0,11958333.0,7334755.0,26006425.0,3888750.0,2845294.0,6910797.0,3391483.0,722499.0,4480510.0,4014763.0,23671.0,1147400.0,0.0,3069347.0,4978723.0,8,7,10,3,5,9,3,3,4,12,11,11,2,3,10,0,10,13,0.12636515577256263,0.18549446470988185,0.17470130749875074,0.10416392719159921,0.0638899155750403,0.22653085176786644,0.03387323900967898,0.024784139817372045,0.06019699865724782,0.15537023425816537,0.03309904218340184,0.20526061557615136,0.18392386687505577,0.0010844131653099936,0.05256455856857279,0.0,0.14061257638903013,0.22808469298431272,0.15384615384615385,0.1346153846153846,0.19230769230769232,0.057692307692307696,0.09615384615384616,0.17307692307692307,0.057692307692307696,0.057692307692307696,0.07692307692307693,0.16666666666666666,0.1527777777777778,0.1527777777777778,0.027777777777777776,0.041666666666666664,0.1388888888888889,0.0,0.1388888888888889,0.18055555555555555,11,5,0.688,430,305,125,0.333,0.583
213,kansas-city-chiefs,2014,0.818316690908097,1.3062851262180004,0.6589259380666146,1.5495683356600145,1.5921674319134094,0.6192027738819015,0.8814730509209288,0.9408107717697669,1.2904616372404425,1.1436169492797967,0.8974541932428917,0.24010239197281275,0.4391844475070048,0.5486880014191727,2.78288414641069,0.8981599952023919,0.17021426231540998,0.5109322285046531,8941260.0,19030668.0,10799538.0,8465606.0,11597778.0,11276101.0,4815666.0,5139840.0,16450125.0,5844777.0,5733366.0,1636148.0,374096.0,1168427.0,17778393.0,765050.0,507458.0,2393658.0,6,8,9,3,4,10,3,3,7,12,15,16,2,5,15,2,7,11,0.09263962538582231,0.19717511339139632,0.11189308382263267,0.08771141522603856,0.12016357976704976,0.11683071205318896,0.049894700995524274,0.053253439911496246,0.17043832944685092,0.16145180460420658,0.1583742693958044,0.045195744371352986,0.01033375170604717,0.0322757647893631,0.4910972023077688,0.02113317635770334,0.014017645131857291,0.06612064133589629,0.11320754716981132,0.1509433962264151,0.16981132075471697,0.05660377358490566,0.07547169811320754,0.18867924528301888,0.05660377358490566,0.05660377358490566,0.1320754716981132,0.1411764705882353,0.17647058823529413,0.18823529411764706,0.023529411764705882,0.058823529411764705,0.17647058823529413,0.023529411764705882,0.08235294117647059,0.12941176470588237,9,7,0.563,353,281,72,0.5,0.583
214,kansas-city-chiefs,2015,0.8030912887453315,1.181713664254509,0.7426829702320656,3.479261651315396,0.38668229013860556,1.1884013942088283,0.7876227841599069,0.298545313205613,0.5348883779900239,0.51232494112933,0.38973414019294794,0.6131676702636785,1.0681252998525037,2.417087327155653,0.9539895130733124,1.0620546800176212,1.4207362385907423,1.3040554309100139,11290693.0,21360549.0,11933040.0,20963606.0,3106504.0,23868262.0,4745666.0,1798826.0,5371441.0,2215980.0,1685733.0,5009634.0,513334.0,8131454.0,5043292.0,1020833.0,2731186.0,10654248.0,7,9,8,3,4,10,3,3,5,9,9,17,1,7,11,2,4,17,0.1081084427157177,0.20452736496712656,0.11425891849724087,0.2007266337297344,0.029744791549123507,0.2285387296555439,0.0454397760092254,0.0172237680695546,0.05143157480673307,0.05988213597615545,0.045553341061513396,0.13537468044782514,0.013871757140941608,0.21973521155960485,0.13628421615333036,0.027585835844613535,0.0738044799267918,0.2879083418892239,0.1346153846153846,0.17307692307692307,0.15384615384615385,0.057692307692307696,0.07692307692307693,0.19230769230769232,0.057692307692307696,0.057692307692307696,0.09615384615384616,0.11688311688311688,0.11688311688311688,0.22077922077922077,0.012987012987012988,0.09090909090909091,0.14285714285714285,0.025974025974025976,0.05194805194805195,0.22077922077922077,11,5,0.688,405,287,118,0.833,0.833
215,kansas-city-chiefs,2016,0.6547912566382751,1.2425696610532333,0.8112298809757319,3.0714885402139362,0.48813574520332503,0.9376164188139388,0.6881916387324724,0.562346113829875,1.1825887206824564,1.0603364099734784,1.6340592897665218,1.385041403635598,0.12449686671586163,2.348698715220707,0.12736982092424365,0.014979167029710642,0.0,0.18865589091868373,8599830.0,21759378.0,14205930.0,20170000.0,4274018.0,20523950.0,6025667.0,4923789.0,15531762.0,9438793.0,11636720.0,7397531.0,166235.0,6272221.0,907046.0,6667.0,0.0,671743.0,6,8,8,3,4,10,4,4,6,20,16,12,3,6,16,1,0,8,0.07412731207225756,0.1875576846872805,0.12244979335482746,0.17385784189890208,0.036840433600250945,0.17690875826678093,0.051938991602450746,0.042441216138103775,0.133877968379146,0.25861863657889717,0.318840837027614,0.20268898589789242,0.004554763416433963,0.17185600355273464,0.024852647985218274,0.00018267276865500782,0.0,0.018405452772554513,0.11320754716981132,0.1509433962264151,0.1509433962264151,0.05660377358490566,0.07547169811320754,0.18867924528301888,0.07547169811320754,0.07547169811320754,0.11320754716981132,0.24390243902439024,0.1951219512195122,0.14634146341463414,0.036585365853658534,0.07317073170731707,0.1951219512195122,0.012195121951219513,0.0,0.0975609756097561,12,4,0.75,389,311,78,1.0,0.75
216,kansas-city-chiefs,2017,0.952182929453697,1.6209048035688365,1.1384186360768198,2.661653130634745,0.35433992149966087,0.49831445707749344,0.7541080839259305,1.3119952672711301,0.2734897476184349,1.4959086404917987,1.1932429945817218,0.5729131709501903,0.24756844444728915,0.6189807170941819,1.1712508174207215,4.111782679400707,0.26885979058534787,1.107709372471035,17700651.0,38741000.0,24185930.0,21205256.0,3764011.0,13233487.0,6007941.0,6968400.0,3631465.0,6537670.0,4171928.0,2754225.0,216393.0,2705173.0,9213833.0,1797000.0,587508.0,4356987.0,7,9,8,3,4,10,3,2,5,10,8,11,2,10,18,1,5,9,0.13069177463089957,0.2860420241592064,0.17857547232577564,0.15656783121380852,0.027791366392130264,0.09770871707401832,0.0443592990544665,0.05145079479494628,0.02681272035474852,0.20214981628267548,0.12899924265748344,0.08516276865475803,0.006691039039115923,0.08364604285056512,0.28489884748071603,0.05556463080271226,0.01816620206657756,0.13472141016539615,0.13725490196078433,0.17647058823529413,0.1568627450980392,0.058823529411764705,0.0784313725490196,0.19607843137254902,0.058823529411764705,0.0392156862745098,0.09803921568627451,0.13513513513513514,0.10810810810810811,0.14864864864864866,0.02702702702702703,0.13513513513513514,0.24324324324324326,0.013513513513513514,0.06756756756756757,0.12162162162162163,10,6,0.625,415,339,76,0.833,0.667
217,kansas-city-chiefs,2018,0.7612405043734103,1.8543643750999146,1.1249373172467954,1.143840701738962,0.45423187740774773,0.9944146275790258,0.3714584979622484,1.4927946545098363,0.6378568703316311,0.5084448102901304,0.9383640117550057,1.3725481154394676,3.2834663816681275,0.6691982187571055,0.6351582545394069,0.0,0.32910243767931513,2.0816599268349787,14751750.0,35934924.0,28028151.0,6333141.0,6287402.0,24776139.0,3085000.0,12397809.0,12360752.0,866200.0,5328739.0,7794364.0,3729200.0,1520085.0,6853125.0,0.0,934446.0,5910618.0,7,7,9,2,5,9,3,3,7,3,10,10,2,4,19,0,5,5,0.102474683281036,0.24962597357114236,0.19470068952348382,0.043993873143806234,0.04367614205843729,0.17211022400406215,0.021430297959360484,0.08612276852941364,0.08586534792925804,0.02629886949776537,0.16178689857844925,0.2366462267999082,0.1132229786782113,0.04615160129359348,0.20806908338359884,0.0,0.02837089979994096,0.17945344196853263,0.1346153846153846,0.1346153846153846,0.17307692307692307,0.038461538461538464,0.09615384615384616,0.17307692307692307,0.057692307692307696,0.057692307692307696,0.1346153846153846,0.05172413793103448,0.1724137931034483,0.1724137931034483,0.034482758620689655,0.06896551724137931,0.3275862068965517,0.0,0.08620689655172414,0.08620689655172414,12,4,0.75,565,421,144,0.833,0.833
218,kansas-city-chiefs,2019,0.8398158294875336,0.5938975685901278,1.2252998450764576,1.2055898135411725,0.5876455024486256,0.7965021147717872,0.7089955071495352,1.571343148509073,1.9545038718589252,1.1107264019555987,2.9884868720730577,0.9171447505050676,0.11016180198285914,0.5553121715145388,2.3500951720038854,0.056643206972534346,0.424122711395008,0.31866500476099424,14993986.0,12118156.0,28126772.0,9224776.0,5995293.0,22346763.0,5425000.0,12023400.0,24925366.0,6627861.0,7430301.0,3648488.0,219117.0,2209084.0,8180287.0,56333.0,1054500.0,1901519.0,7,8,9,3,4,11,3,3,5,12,5,8,4,8,7,2,5,12,0.1109190718191082,0.08964491601360419,0.20806978501298332,0.06824093284195315,0.04435060395838683,0.1653117596696162,0.040131821159407645,0.08894395180240035,0.18438715772254008,0.21156693370582833,0.23718149778357603,0.11646282546096097,0.0069944001258958185,0.0705158313034335,0.2611216857782095,0.001798197046747122,0.033660532650397465,0.06069809614495129,0.1320754716981132,0.1509433962264151,0.16981132075471697,0.05660377358490566,0.07547169811320754,0.20754716981132076,0.05660377358490566,0.05660377358490566,0.09433962264150944,0.19047619047619047,0.07936507936507936,0.12698412698412698,0.06349206349206349,0.12698412698412698,0.1111111111111111,0.031746031746031744,0.07936507936507936,0.19047619047619047,12,4,0.75,451,308,143,1.0,0.75
219,kansas-city-chiefs,2020,1.2467729156644265,0.9882043864251774,0.7929854940498442,0.9728736604359944,0.2809084868741798,0.8105298056905814,0.44911828696218603,1.6506527432947242,2.030982482556241,0.44693379691590995,0.44381943625868586,2.2327241054937783,0.520748975110362,0.17265367276552165,1.7497747379550577,0.5888915083316407,2.092573850403494,0.16766251380474093,44671203.0,21244099.0,22729795.0,6971508.0,5032400.0,29040847.0,4827500.0,11828400.0,36384505.0,1073244.0,1598648.0,16084649.0,1250500.0,483702.0,9804246.0,707067.0,1675000.0,1342054.0,10,6,8,2,5,10,3,2,5,6,9,18,6,7,14,3,2,20,0.24446527758126013,0.11625933957943264,0.1243898814195834,0.03815190825239194,0.027540047732762724,0.15892741288050616,0.02641872276248153,0.06473148012920488,0.1991159296623766,0.03154826801759364,0.04699264619209615,0.4728121635163295,0.03675875118426085,0.014218537757160608,0.28819819213377423,0.020784406176410846,0.04923703177419986,0.03945000324817433,0.19607843137254902,0.11764705882352941,0.1568627450980392,0.0392156862745098,0.09803921568627451,0.19607843137254902,0.058823529411764705,0.0392156862745098,0.09803921568627451,0.07058823529411765,0.10588235294117647,0.21176470588235294,0.07058823529411765,0.08235294117647059,0.16470588235294117,0.03529411764705882,0.023529411764705882,0.23529411764705882,14,2,0.875,473,362,111,0.667,0.833
220,kansas-city-chiefs,2021,1.7364284837097355,0.7857672011866678,0.537389014849843,1.0496643577314766,0.41958048860073904,1.1669144972464722,0.6702726285203833,1.047432629132482,1.1888383900470245,1.0470437412753124,0.4799908074903698,3.791621474980057,0.8620023574032873,0.5402064796908349,0.3579324476152359,0.09793872893224373,0.5007657910243238,0.30295427003886927,46410761.0,16334702.0,14363179.0,9351709.0,6230237.0,31188955.0,5971618.0,9331826.0,21183287.0,3121688.0,1717271.0,14695792.0,257000.0,805294.0,1600726.0,116799.0,895799.0,1535503.0,9,7,9,3,5,9,3,3,6,10,12,13,1,5,15,4,6,17,0.28940474728495597,0.10185871126493841,0.08956483580830718,0.05831468654063759,0.03885004524080917,0.1944857495410787,0.037237368251132406,0.05819070161847122,0.13209315444966938,0.1261498483464232,0.06939626132390889,0.5938684237920571,0.010385570571123943,0.03254255901752017,0.06468658691841613,0.0047199387437225895,0.036199936700553534,0.06205087458627443,0.16666666666666666,0.12962962962962962,0.16666666666666666,0.05555555555555555,0.09259259259259259,0.16666666666666666,0.05555555555555555,0.05555555555555555,0.1111111111111111,0.12048192771084337,0.14457831325301204,0.1566265060240964,0.012048192771084338,0.060240963855421686,0.18072289156626506,0.04819277108433735,0.07228915662650602,0.20481927710843373,12,5,0.706,480,364,116,0.833,0.583
221,kansas-city-chiefs,2022,1.5982666040611682,0.29306212544101923,1.0327159500406955,3.7603537510127456,0.31546939355423625,0.481198358682999,0.4780021869007234,1.0122750421713613,0.7386376134192556,0.7388732742832779,1.521924463898893,1.8099120427850899,0.37359438105988607,2.211722121028455,0.4831104462341404,0.23712534639467775,0.7902295894308189,0.7392862510213274,54713353.0,5016188.0,31817606.0,38618381.0,4319777.0,16472831.0,4909025.0,10395943.0,15171439.0,1931265.0,7514004.0,3679467.0,217000.0,3211663.0,2104588.0,344332.0,1377000.0,3435279.0,10,5,9,3,4,10,3,3,6,9,17,7,2,5,15,5,6,16,0.30155973661531477,0.027647370324624457,0.17536685944087285,0.2128502123214762,0.023809010834281982,0.09079214314773565,0.027056727560418305,0.05729858729271856,0.08361935246255725,0.08109584717743293,0.3155209254424534,0.15450468657921498,0.009112058074631366,0.13486110494075945,0.08837386211600129,0.014458862585041326,0.05782167727542577,0.14425097580903948,0.18867924528301888,0.09433962264150944,0.16981132075471697,0.05660377358490566,0.07547169811320754,0.18867924528301888,0.05660377358490566,0.05660377358490566,0.11320754716981132,0.10975609756097561,0.2073170731707317,0.08536585365853659,0.024390243902439025,0.06097560975609756,0.18292682926829268,0.06097560975609756,0.07317073170731707,0.1951219512195122,14,3,0.824,496,369,127,1.0,0.75
222,kansas-city-chiefs,2023,1.2146912761029705,0.4062574484056035,0.864401902879119,5.199414558399182,0.40711317414238507,0.7039069334833888,0.8229725780416343,1.5117669615739124,0.7103526899597937,2.110987428903571,0.3399109211696379,1.1614614840706616,0.3956753522376256,0.7312692971007205,0.6039296292113594,0.0,1.0854187539958697,0.8136912793501838,44652319.0,8960468.0,28598044.0,38226325.0,4489671.0,25875774.0,9075796.0,16671866.0,18278905.0,9622845.0,885411.0,2647236.0,257667.0,1904834.0,3146271.0,0.0,1413667.0,2914353.0,10,6,9,2,3,10,3,3,7,14,8,7,2,8,16,0,4,11,0.22918703322697553,0.04599140925346455,0.14678522879079378,0.1962043229584597,0.023044141932587834,0.13281262895912999,0.04658335347405477,0.08557171480607052,0.09382016659846333,0.4221974857807142,0.03884696241938719,0.11614614840706618,0.011305010063932162,0.08357363395436807,0.13804105810545358,0.0,0.06202392879976399,0.1278657724693146,0.18867924528301888,0.11320754716981132,0.16981132075471697,0.03773584905660377,0.05660377358490566,0.18867924528301888,0.05660377358490566,0.05660377358490566,0.1320754716981132,0.2,0.11428571428571428,0.1,0.02857142857142857,0.11428571428571428,0.22857142857142856,0.0,0.05714285714285714,0.15714285714285714,11,6,0.647,371,294,77,0.667,0.75
223,kansas-city-chiefs,2024,0.849795257806851,0.47188171741610796,1.3241771130386897,4.721616004510904,0.24713685183623132,0.6724218803793147,0.4267314447476705,1.8142828480571227,0.7283452288717371,1.712352762413617,0.7919839348334006,0.33658377540020074,0.43142536676749416,0.817589234576077,0.5487291581477294,0.38343350685576527,0.8972963474927821,1.8073667901438437,35422427.0,9834837.0,60715947.0,39362681.0,4120610.0,25225998.0,5336296.0,22687689.0,18215980.0,6148734.0,2585331.0,659241.0,422500.0,2135133.0,3224262.0,625835.0,3222021.0,10029863.0,10,5,11,2,4,9,3,3,6,11,10,6,3,8,18,5,11,17,0.1603387278880851,0.044517143152463017,0.27482921214010536,0.17817418884946806,0.01865183787443255,0.11418484761158174,0.02415461008005682,0.10269525555040317,0.0824541768534042,0.21163910546685152,0.08898695897004501,0.02269104103821578,0.014542428093286321,0.0734911671529058,0.11097893086133855,0.021541208250323893,0.11090179575753487,0.34522736440949825,0.18867924528301888,0.09433962264150944,0.20754716981132076,0.03773584905660377,0.07547169811320754,0.16981132075471697,0.05660377358490566,0.05660377358490566,0.11320754716981132,0.12359550561797752,0.11235955056179775,0.06741573033707865,0.033707865168539325,0.0898876404494382,0.20224719101123595,0.056179775280898875,0.12359550561797752,0.19101123595505617,15,2,0.882,385,326,59,0.833,0.833
224,las-vegas-raiders,2011,1.775425435182365,0.8030413725554476,0.6629401971280037,1.3702513119485704,1.5084333290954004,0.582644861207233,1.4741824944815431,0.6203592918229426,0.91060842727468,0.0,0.6203328301026845,0.15572938755702806,0.0,0.20871615012829903,1.7407525714195864,0.0,0.0,0.0,21638078.0,11418287.0,9426216.0,8350000.0,15320083.0,10651516.0,8983333.0,5040438.0,14797442.0,0.0,288000.0,216900.0,0.0,96900.0,4040869.0,0.0,0.0,0.0,6,7,7,3,5,9,3,4,8,0,1,3,0,1,5,0,0,0,0.2048567809825806,0.10810172322861795,0.08924194961338511,0.07905296030472521,0.1450416662591731,0.1008423798243288,0.08504899006624288,0.04771994552484174,0.14009360419610462,0.0,0.06203328301026845,0.04671881626710842,0.0,0.020871615012829903,0.8703762857097932,0.0,0.0,0.0,0.11538461538461539,0.1346153846153846,0.1346153846153846,0.057692307692307696,0.09615384615384616,0.17307692307692307,0.057692307692307696,0.07692307692307693,0.15384615384615385,0.0,0.1,0.3,0.0,0.1,0.5,0.0,0.0,0.0,8,8,0.5,359,433,-74,0.5,0.5
225,las-vegas-raiders,2012,0.9944855596690013,0.6606416009306365,0.6391551841788361,1.3723941264696549,1.1677597765277479,0.9996036624674044,2.6417555784359346,0.38462594149328055,1.169184734938907,2.9693996381281957,1.2131857287250305,0.26242147116413855,0.0,0.0,0.9884289615836659,0.3037355002488189,0.5836084194434347,0.31018683740810654,10724606.0,8014959.0,7754284.0,3700000.0,12593208.0,14822225.0,10683333.0,1555438.0,11032503.0,11448000.0,7795375.0,1686200.0,0.0,0.0,11432144.0,390333.0,750000.0,1195871.0,8,9,9,2,8,11,3,3,7,3,5,5,0,0,9,1,1,3,0.1325980746225335,0.09909624013959548,0.09587327762682542,0.04574647088232183,0.15570130353703304,0.18326067145235747,0.13208777892179674,0.019231297074664026,0.1364048857428725,0.3299332931253551,0.22466402383796863,0.04859656873409973,0.0,0.0,0.32947632052788867,0.011249462972178478,0.021615126646053136,0.034465204156456285,0.13333333333333333,0.15,0.15,0.03333333333333333,0.13333333333333333,0.18333333333333332,0.05,0.05,0.11666666666666667,0.1111111111111111,0.18518518518518517,0.18518518518518517,0.0,0.0,0.3333333333333333,0.037037037037037035,0.037037037037037035,0.1111111111111111,4,12,0.25,290,443,-153,0.333,0.333
226,las-vegas-raiders,2013,0.7825621217988248,0.8551183177388841,0.9214669237337464,0.3859889028631658,2.190259719172335,0.8145306201978622,2.0621547676071477,0.47537408448974106,0.5811566011615924,1.8682836550405713,0.9626640656270677,0.13059718173405166,2.5767696444029005,0.10423905217842436,0.8578832152425461,0.07246378330690516,0.500069965778426,0.956296524166204,6568845.0,6280648.0,9668519.0,405000.0,13788819.0,7691838.0,6491166.0,1496363.0,4268462.0,21503954.0,10072971.0,1366522.0,13481196.0,327216.0,9874240.0,151647.0,2093021.0,6003806.0,8,7,10,1,6,9,3,3,7,11,10,10,5,3,11,2,4,6,0.11593512915538144,0.1108486708180035,0.17064202291365674,0.007147942645614181,0.24336219101914836,0.13575510336631036,0.11456415375595265,0.02640967136054117,0.07533511496539161,0.3314696807330046,0.15526839768178513,0.02106406157000833,0.20780400358087905,0.005043825105407631,0.15220508657529044,0.0023375413969969404,0.03226257843731781,0.09254482491931007,0.14814814814814814,0.12962962962962962,0.18518518518518517,0.018518518518518517,0.1111111111111111,0.16666666666666666,0.05555555555555555,0.05555555555555555,0.12962962962962962,0.1774193548387097,0.16129032258064516,0.16129032258064516,0.08064516129032258,0.04838709677419355,0.1774193548387097,0.03225806451612903,0.06451612903225806,0.0967741935483871,4,12,0.25,322,453,-131,0.167,0.333
227,las-vegas-raiders,2014,1.1485623905704598,0.19682043929913218,1.3409749864527922,2.223111500100036,1.095973980843533,0.6472293571211634,1.1049811386332127,0.21829404518306592,0.8989207080822345,0.08476775945522022,1.3802469811011246,0.7288266038049747,2.3343536554646596,0.5930775170640813,2.994500863155649,0.009926128581286867,0.2721026694604674,0.1194318093204297,17942886.0,1118086.0,17139897.0,9471691.0,9338917.0,10111042.0,4707834.0,620036.0,7659804.0,430409.0,13140404.0,4163201.0,2963175.0,2258517.0,20906329.0,6300.0,1554304.0,909624.0,11,4,9,3,6,11,3,2,6,8,15,9,2,6,11,1,9,12,0.22971247811409198,0.014314213767209615,0.21943227051045694,0.12126062727818378,0.1195607979102036,0.1294458714242327,0.06027169847090251,0.007937965279384215,0.09806407724533468,0.009289617474544681,0.2836123933769434,0.08985533471568181,0.06395489467026465,0.04874609729293818,0.45122615746181016,0.00013597436412721736,0.03354690445403023,0.019632626189659677,0.2,0.07272727272727272,0.16363636363636364,0.05454545454545454,0.10909090909090909,0.2,0.05454545454545454,0.03636363636363636,0.10909090909090909,0.1095890410958904,0.2054794520547945,0.1232876712328767,0.0273972602739726,0.0821917808219178,0.1506849315068493,0.0136986301369863,0.1232876712328767,0.1643835616438356,3,13,0.188,253,452,-199,0.167,0.167
228,las-vegas-raiders,2015,1.0648738529664645,1.002027596774874,1.6689984107048084,0.5167676503719307,0.9491828537990444,0.616173023842937,1.0025618182773208,0.6867208925303062,1.13381780937352,1.174437649665882,0.9479878230901386,1.6526539372511577,1.122494203754763,0.25993478013130855,1.4978477303548965,2.348995613741248,0.06084346563365402,0.1387872721076113,14884967.0,12255681.0,23329511.0,1805864.0,8292388.0,11842819.0,5255235.0,4799544.0,11886507.0,9019538.0,6825404.0,7932613.0,1616366.0,873367.0,14379110.0,1127500.0,146022.0,799402.0,8,7,8,2,5,11,3,4,6,16,15,10,3,7,20,1,5,12,0.15775908932836513,0.1298924662485948,0.24725902380811976,0.019139542606367806,0.0878873012776893,0.1255167270791168,0.05569787879318449,0.05086821426150417,0.1259797565970578,0.2111348583669001,0.1597732286106975,0.18569145362372558,0.03783688327263247,0.02044430854965348,0.33659499558537004,0.02639320914316009,0.0034181722266097762,0.018712890621250963,0.14814814814814814,0.12962962962962962,0.14814814814814814,0.037037037037037035,0.09259259259259259,0.2037037037037037,0.05555555555555555,0.07407407407407407,0.1111111111111111,0.1797752808988764,0.16853932584269662,0.11235955056179775,0.033707865168539325,0.07865168539325842,0.2247191011235955,0.011235955056179775,0.056179775280898875,0.1348314606741573,7,9,0.438,359,399,-40,0.5,0.583
229,las-vegas-raiders,2016,0.724678728824946,0.9405209819168477,1.512725889278832,0.5721552432307956,0.37194459008140596,1.0899098416429838,1.2608306711956931,0.4600882196054669,1.4203512028641598,0.11924713025558172,1.4688300743980793,0.3614823541252751,0.01968789539106181,2.4985988203493554,1.4838481383341529,0.0,1.2189287048488864,0.13027367459531294,17566192.0,17731935.0,36668433.0,4623009.0,5008848.0,29354871.0,10187500.0,2478339.0,19127374.0,353346.0,9326464.0,1071123.0,8334.0,3173014.0,3768729.0,0.0,3611857.0,275728.0,9,7,9,3,5,10,3,2,5,7,15,7,1,3,6,0,7,5,0.12305865206461347,0.12421975232864027,0.2568779811982922,0.03238614584325258,0.035089112271830744,0.20564336634773275,0.07136777384126565,0.017361819607753466,0.13399539649661885,0.016367253172334745,0.43200884541119977,0.04961522507601815,0.0003860371645306237,0.14697640119702093,0.17457036921578267,0.0,0.1673039398812197,0.012771928881893426,0.16981132075471697,0.1320754716981132,0.16981132075471697,0.05660377358490566,0.09433962264150944,0.18867924528301888,0.05660377358490566,0.03773584905660377,0.09433962264150944,0.13725490196078433,0.29411764705882354,0.13725490196078433,0.0196078431372549,0.058823529411764705,0.11764705882352941,0.0,0.13725490196078433,0.09803921568627451,12,4,0.75,416,385,31,0.5,0.75
230,las-vegas-raiders,2017,0.6326705202979144,0.5229399399161213,1.4132849145854833,2.088350707035849,0.5104701323734503,1.1507250321781235,0.4539716477147876,0.8387714763936498,1.3110132803710979,0.16252948071122864,0.3030594081875488,3.9765263426759447,0.0,0.10046930269936892,1.0033670424417935,4.07876949146207,0.8226690672132271,0.15221046729670631,13787690.0,9971805.0,34649435.0,17066663.0,5562298.0,31346964.0,3710000.0,6854706.0,21428031.0,475582.0,1773581.0,9973563.0,0.0,209990.0,2935980.0,3410000.0,1031672.0,254507.0,8,7,9,3,4,10,3,3,6,7,14,6,0,5,7,2,3,4,0.09549743702610028,0.06906753923420471,0.2399917779484783,0.11820853058693485,0.038526047726298134,0.21711793059964596,0.02569650836121439,0.04747763073926319,0.14841659777786015,0.02370221593705418,0.08839232738803506,0.4970657928344931,0.0,0.010465552364517596,0.14632436035609492,0.16994872881091957,0.05141681670082669,0.012684205608058859,0.1509433962264151,0.1320754716981132,0.16981132075471697,0.05660377358490566,0.07547169811320754,0.18867924528301888,0.05660377358490566,0.05660377358490566,0.11320754716981132,0.14583333333333334,0.2916666666666667,0.125,0.0,0.10416666666666667,0.14583333333333334,0.041666666666666664,0.0625,0.08333333333333333,6,10,0.375,301,373,-72,0.333,0.417
231,las-vegas-raiders,2018,0.6242175842817372,0.9338073723231013,0.8188097529646742,5.9551830287131615,0.494613359731015,0.7947435017595489,0.1944446201455537,1.0607519165845751,1.3603118785793407,1.4038326117565805,0.3114112196266969,2.2518975146096154,0.13448219194538943,1.0427964755464565,0.6549357213399065,0.7374172895175134,0.2334214670975489,0.9725523041794172,12216679.0,10153177.0,17805643.0,25900000.0,4302298.0,17282304.0,1268504.0,11533430.0,14790510.0,13161266.0,3753713.0,21112077.0,270172.0,4888233.0,6578763.0,2469094.0,312626.0,11071748.0,9,5,10,2,4,10,3,5,5,14,18,14,3,7,15,5,2,17,0.10599921242520068,0.08809503512482089,0.15449240621974986,0.2247238878759684,0.037329310168378496,0.1499516041055753,0.011006299253521907,0.10007093552684672,0.1283313092999378,0.2068805954167592,0.059004231087163614,0.33185858110036437,0.004246806061433351,0.07683763504026521,0.10341090336945892,0.03881143629039545,0.004914136149422082,0.1740356754847378,0.16981132075471697,0.09433962264150944,0.18867924528301888,0.03773584905660377,0.07547169811320754,0.18867924528301888,0.05660377358490566,0.09433962264150944,0.09433962264150944,0.14736842105263157,0.18947368421052632,0.14736842105263157,0.031578947368421054,0.07368421052631578,0.15789473684210525,0.05263157894736842,0.021052631578947368,0.17894736842105263,4,12,0.25,290,467,-177,0.167,0.25
232,las-vegas-raiders,2019,0.7006488116734404,0.5564381725752576,1.2887340153600644,3.60331554898083,0.5699203312331078,0.9654692781901276,0.23316101004707773,0.7336287840475966,1.0774974483777813,1.383390710885646,0.40887405700755375,1.866127269312485,0.48067608491926,0.5314168293516328,1.0498929798714738,0.057521773447010774,0.4689702289899366,1.029515940973575,14747034.0,6506519.0,24110991.0,25280481.0,6664168.0,22578768.0,1635833.0,5147062.0,12599347.0,8101196.0,4549330.0,19670620.0,562972.0,1556000.0,10451972.0,101055.0,1647786.0,7234668.0,9,5,8,3,5,10,3,3,5,10,19,18,2,5,17,3,6,12,0.12364390794237183,0.054552762017182115,0.20215435535059834,0.21195973817534292,0.05587454227775566,0.18930770160590737,0.013715353532181044,0.043154634355740976,0.10563700474291973,0.15036855553104847,0.08444138133851653,0.36511185703939925,0.010449480106940435,0.028881349421284393,0.19400196367190276,0.001875710003706873,0.0305850149341263,0.13428468795307502,0.17647058823529413,0.09803921568627451,0.1568627450980392,0.058823529411764705,0.09803921568627451,0.19607843137254902,0.058823529411764705,0.058823529411764705,0.09803921568627451,0.10869565217391304,0.20652173913043478,0.1956521739130435,0.021739130434782608,0.05434782608695652,0.18478260869565216,0.03260869565217391,0.06521739130434782,0.13043478260869565,7,9,0.438,313,419,-106,0.5,0.417
233,las-vegas-raiders,2020,0.8323657023827614,0.7011676361646766,1.6278962925157467,3.367386807787421,0.3733431869264167,0.7294317773710963,0.23167972617070445,1.200048653704239,0.44180464168091277,1.122725351933802,0.9797365025734439,0.9784583359652911,0.060611872624249205,1.8525346905621038,0.4544290966846662,0.11593599073570583,0.4792222388676328,1.7928435712112265,23451626.0,8780073.0,45865435.0,31625000.0,4675031.0,27401996.0,2175833.0,15027098.0,6915388.0,9958068.0,9776049.0,7593674.0,33600.0,4107787.0,3778670.0,257075.0,796966.0,11926286.0,9,4,9,3,4,12,3,4,5,16,18,14,1,4,15,4,3,12,0.1413451192725444,0.05291831216337182,0.27643521948380606,0.19060680044079745,0.028176844296333332,0.1651543646877954,0.013113946764379497,0.09056970971352747,0.041679683177444596,0.20647822564299811,0.2027041039807125,0.15745306555763305,0.0006966881910833242,0.08517400876147604,0.07834984425597692,0.005330390378653142,0.016524904788539064,0.2472887684429278,0.16981132075471697,0.07547169811320754,0.16981132075471697,0.05660377358490566,0.07547169811320754,0.22641509433962265,0.05660377358490566,0.07547169811320754,0.09433962264150944,0.1839080459770115,0.20689655172413793,0.16091954022988506,0.011494252873563218,0.04597701149425287,0.1724137931034483,0.04597701149425287,0.034482758620689655,0.13793103448275862,8,8,0.5,434,478,-44,0.667,0.5
234,las-vegas-raiders,2021,1.1830025878159913,0.7298479211588681,1.0932973721730506,5.342890020584964,0.9097074560465584,0.4254010493910924,0.8420589275265417,0.9058168938479592,0.461941538161104,0.4080831234414709,1.061174083877171,1.5903058467112758,1.2473995411709324,0.8928702518651135,1.1842159277370254,0.035310352168820856,0.294735056410494,1.0378245413157126,28368955.0,12251466.0,26217782.0,25625000.0,6544563.0,10201316.0,6057890.0,8688765.0,5538787.0,3559622.0,8595224.0,18826148.0,2331600.0,5006775.0,12543162.0,66001.0,1101819.0,8406099.0,10,7,10,2,3,10,3,4,5,14,13,19,3,9,17,3,6,13,0.21907455329925765,0.09460991570577919,0.20246247632834266,0.19788481557722085,0.05053930311369769,0.07877797210946155,0.04678105152925231,0.06709754769244142,0.042772364644546666,0.0588985951358824,0.14221920711755903,0.3115032070877757,0.03857936725270925,0.08284363161635074,0.20754299764463333,0.001092072747489305,0.01823103441714396,0.13908988698045632,0.18518518518518517,0.12962962962962962,0.18518518518518517,0.037037037037037035,0.05555555555555555,0.18518518518518517,0.05555555555555555,0.07407407407407407,0.09259259259259259,0.14432989690721648,0.13402061855670103,0.1958762886597938,0.030927835051546393,0.09278350515463918,0.17525773195876287,0.030927835051546393,0.061855670103092786,0.13402061855670103,10,7,0.588,374,439,-65,0.5,0.667
235,las-vegas-raiders,2022,1.0652370790103172,0.21476200168348267,0.6653926984926104,2.951678550320151,0.729337748725686,0.35559694086930915,1.0508724599779822,2.1282295060072576,2.0276180969389257,2.324983415307452,1.3833127100429425,0.6363728954637109,0.3704540823234909,1.6032618266183618,0.8134451287887338,0.0,0.2418090874664756,0.5900213483698458,27018980.0,1980831.0,13808628.0,20418334.0,10090436.0,8199512.0,7269445.0,14722098.0,18701487.0,20009574.0,17399974.0,9689785.0,981000.0,5307000.0,15617118.0,0.0,640335.0,7812182.0,11,4,9,3,6,10,3,3,4,13,19,23,4,5,29,0,4,20,0.22108694092666958,0.016208452957243977,0.11299121295157537,0.16707614435774443,0.08256653759158711,0.06709376242817154,0.05948334679120654,0.12046582109475044,0.153027780901051,0.2583314905897169,0.22464052556252911,0.125098945262097,0.012665096831572338,0.06851546267599837,0.20162315158011349,0.0,0.008266977349281217,0.1008583501486916,0.20754716981132076,0.07547169811320754,0.16981132075471697,0.05660377358490566,0.11320754716981132,0.18867924528301888,0.05660377358490566,0.05660377358490566,0.07547169811320754,0.1111111111111111,0.1623931623931624,0.19658119658119658,0.03418803418803419,0.042735042735042736,0.24786324786324787,0.0,0.03418803418803419,0.17094017094017094,6,11,0.353,395,418,-23,0.5,0.417
236,las-vegas-raiders,2023,1.0688393670325866,0.4400152812880151,1.200606567640232,0.9767762502220587,1.144292935968524,0.47099240924268276,0.9156917699132552,0.4761003421636196,1.9526782844520034,1.5085538221206787,1.2835304964944247,0.7927007148383469,4.543707975518904,1.9423210628744316,0.6082845799267214,0.048648719305586875,0.5346572584204675,0.28117706711212365,32040957.0,6595243.0,32391888.0,8784345.0,17151427.0,12707188.0,8235000.0,2854444.0,35121656.0,19644167.0,11938533.0,8356255.0,5635000.0,7226463.0,8675373.0,60333.0,4309951.0,1743546.0,10,5,9,3,5,9,3,2,6,21,15,17,2,6,23,2,13,10,0.2055460321216513,0.04230916166230914,0.2077972905531171,0.056352475974349545,0.1100281669200504,0.08151791698431048,0.052828371341149344,0.01831155162167768,0.22530903282138504,0.2906388097663693,0.1766326371322603,0.12363222158029263,0.08337078854163127,0.10691675575455586,0.1283536269570146,0.0008926370514786582,0.06376646201345026,0.02579606120294712,0.19230769230769232,0.09615384615384616,0.17307692307692307,0.057692307692307696,0.09615384615384616,0.17307692307692307,0.057692307692307696,0.038461538461538464,0.11538461538461539,0.1926605504587156,0.13761467889908258,0.1559633027522936,0.01834862385321101,0.05504587155963303,0.21100917431192662,0.01834862385321101,0.11926605504587157,0.09174311926605505,8,9,0.471,332,331,1,0.667,0.5
237,las-vegas-raiders,2024,0.8665044884496615,0.7952241552602417,1.7563517590200357,0.29303524126565744,0.5793616113445955,0.6588708686104893,1.49530354744263,1.10711907746487,1.3851215857655856,2.447103133626466,0.1500118944768298,0.22704815611952006,2.2070618890516616,0.20884542842455517,0.5424055913061734,0.0,0.11595287773009699,1.0003706457268768,14358841.0,13177655.0,32742557.0,1820957.0,4800299.0,15012450.0,9292000.0,9173032.0,11476421.0,58353509.0,1362734.0,2835999.0,15036999.0,2371485.0,11086439.0,0.0,921669.0,22718850.0,8,8,9,3,4,11,3,4,4,21,8,11,6,10,18,0,7,20,0.1283710353258758,0.11781098596448027,0.29272529317000595,0.01627973562586986,0.04291567491441449,0.134214436198433,0.08307241930236833,0.08200882055295333,0.10260159894559893,0.5088036218431266,0.011882130255590479,0.024728017003116044,0.13111258746841553,0.020677765190550017,0.09666634300506059,0.0,0.00803633806050177,0.19809319717363896,0.14814814814814814,0.14814814814814814,0.16666666666666666,0.05555555555555555,0.07407407407407407,0.2037037037037037,0.05555555555555555,0.07407407407407407,0.07407407407407407,0.2079207920792079,0.07920792079207921,0.10891089108910891,0.0594059405940594,0.09900990099009901,0.1782178217821782,0.0,0.06930693069306931,0.19801980198019803,4,13,0.235,309,434,-125,0.0,0.25
238,los-angeles-chargers,2011,0.7883408375065957,0.4149141456511532,1.3644313413365539,4.284589065366194,0.524776254630408,0.7497947604973927,0.6405028001109573,1.2511214166512779,1.3420751336365049,6.253992130757702,0.8045641570593707,0.28694763312681976,0.00868258317270155,0.3324113559615081,0.7040124382276464,0.0,0.11582682664975724,0.5833892798268625,11783008.0,7751940.0,28041196.0,16010000.0,5882712.0,12607735.0,3590000.0,7012500.0,17552017.0,6001470.0,2316233.0,413042.0,4166.0,478484.0,1351172.0,0.0,111150.0,839750.0,8,10,11,2,6,9,3,3,7,2,6,3,1,3,4,0,2,3,0.10689367288225027,0.07032443146629716,0.25438550431698465,0.14524030730054896,0.05336707674207539,0.11437547194028024,0.032567938988692736,0.0636163432195565,0.15922925314331413,0.5211660108964752,0.20114103926484267,0.03586845414085247,0.00036177429886256456,0.041551419495188514,0.11733540637127439,0.0,0.009652235554146436,0.0729236599783578,0.13559322033898305,0.1694915254237288,0.1864406779661017,0.03389830508474576,0.1016949152542373,0.15254237288135594,0.05084745762711865,0.05084745762711865,0.11864406779661017,0.08333333333333333,0.25,0.125,0.041666666666666664,0.125,0.16666666666666666,0.0,0.08333333333333333,0.125,8,8,0.5,406,377,29,0.5,0.583
239,los-angeles-chargers,2012,1.0202718260446948,0.7500266792404248,0.79583900313892,3.2151701470477554,0.5501804106524179,0.9626996207910142,0.8057340646285135,1.2326602675743812,0.8863560092880293,0.6718877138097155,0.6397430863957076,1.4135526517245651,0.008189321675199666,1.8534846928340138,0.5448741882436189,0.5307529650273428,0.0,0.9021613582862474,10509989.0,12876915.0,12297104.0,16560000.0,3778333.0,18181035.0,4150000.0,8465225.0,7608750.0,4101562.0,1952667.0,11505442.0,8332.0,7543108.0,2217469.0,540000.0,0.0,3671517.0,6,10,9,3,4,11,3,4,5,6,3,8,1,4,4,1,0,4,0.1113023810230576,0.13636848713462268,0.13022820051364142,0.17537291711169575,0.0400131207747213,0.19253992415820284,0.04394913079791892,0.08964801945995499,0.08057781902618448,0.13004278331800945,0.06191062126410074,0.3647877810902103,0.00026417166694192476,0.23915931520438888,0.07030634687014438,0.0171210633879788,0.0,0.11640791719822548,0.10909090909090909,0.18181818181818182,0.16363636363636364,0.05454545454545454,0.07272727272727272,0.2,0.05454545454545454,0.07272727272727272,0.09090909090909091,0.1935483870967742,0.0967741935483871,0.25806451612903225,0.03225806451612903,0.12903225806451613,0.12903225806451613,0.03225806451612903,0.0,0.12903225806451613,7,9,0.438,350,350,0,0.667,0.583
240,los-angeles-chargers,2013,0.5589241572023245,0.7151274031465579,0.9647467786380309,3.004435906586103,1.1427676967453417,0.8670900410057679,1.0616420451789594,1.4047010838308096,0.7817064676520123,0.25057042219256753,1.4705015861221564,0.5900751426770724,0.0007444960269293311,0.08014063763752353,0.3624105093353432,0.0007444960269293311,0.6629658869472532,3.078032468507367,5951759.0,11422657.0,17122002.0,15996516.0,8112583.0,15388823.0,5652500.0,7479049.0,6936732.0,896606.0,8550484.0,3167163.0,333.0,143382.0,1134699.0,333.0,1482665.0,11013999.0,6,9,10,3,4,10,3,3,5,8,13,12,1,4,7,1,5,8,0.06327443289082918,0.12143672883620796,0.18202769408264735,0.17006240980676054,0.08624661862228993,0.16360189452939017,0.060092945953526,0.07951138210363073,0.07374589317471815,0.03397565046678881,0.3240088240608141,0.1200152832563537,1.2618576727615782e-05,0.005433263568645663,0.04299785703978649,1.2618576727615782e-05,0.05618354974129265,0.4173603347128633,0.11320754716981132,0.16981132075471697,0.18867924528301888,0.05660377358490566,0.07547169811320754,0.18867924528301888,0.05660377358490566,0.05660377358490566,0.09433962264150944,0.13559322033898305,0.22033898305084745,0.2033898305084746,0.01694915254237288,0.06779661016949153,0.11864406779661017,0.01694915254237288,0.0847457627118644,0.13559322033898305,9,7,0.563,396,348,48,0.667,0.5
241,los-angeles-chargers,2014,0.5258187853801966,0.8439959364990608,0.5228962434108394,5.080826014311048,0.8923090627584712,1.1224600574985952,0.5017165561193636,1.3136009781575806,1.2115528650215748,0.22058027943935124,1.0513658714051755,1.710658657265729,0.05144116871224921,0.9654947943097458,0.8360633155005701,3.03809471225842,0.05111202923927226,0.9328609825291877,6463475.0,14820822.0,9182215.0,17844166.0,6267686.0,17739662.0,2643088.0,9226891.0,10637616.0,1172132.0,4655673.0,15150325.0,91117.0,3420334.0,6664081.0,4036000.0,90534.0,4130908.0,7,10,10,2,4,9,3,4,5,12,10,20,4,8,18,3,4,10,0.06816169440113659,0.15629554379612237,0.09683263766867395,0.18817874127077955,0.06609696761173861,0.18707667624976587,0.02787314200663131,0.09730377615982078,0.11218082083533099,0.029741161272721514,0.11813099678709837,0.3844176757900514,0.0023119626387527736,0.08678604892671872,0.169091457067531,0.1024076869300591,0.0022971698534504387,0.10481584073361659,0.12962962962962962,0.18518518518518517,0.18518518518518517,0.037037037037037035,0.07407407407407407,0.16666666666666666,0.05555555555555555,0.07407407407407407,0.09259259259259259,0.1348314606741573,0.11235955056179775,0.2247191011235955,0.0449438202247191,0.0898876404494382,0.20224719101123595,0.033707865168539325,0.0449438202247191,0.11235955056179775,9,7,0.563,348,348,0,0.333,0.5
242,los-angeles-chargers,2015,0.4132267255076764,0.8122577660054716,0.9679016161674273,6.665665583467978,0.9365891930084607,0.3488234535232398,1.0953593602345868,1.1452778302936395,0.8980944074733871,2.2622795735922394,1.0836800725259692,0.3794490986854173,0.05464903490132174,1.7193002120046357,1.8865651124254894,0.2913601481816396,0.3590616203854864,0.3250156712143834,3562937.0,14006951.0,16690946.0,22989168.0,4845294.0,6015274.0,5666666.0,9874852.0,7743579.0,9893767.0,3791460.0,3650830.0,167300.0,8271034.0,18976453.0,382267.0,1727337.0,2558540.0,5,10,10,2,3,10,3,5,5,10,8,22,7,11,23,3,11,18,0.038983653349780795,0.1532561822651833,0.1826229464466844,0.25153455031954636,0.05301448262312042,0.06581574594778108,0.062001473220825665,0.10804507832958865,0.08472588749748935,0.20020173217630438,0.07672071309918366,0.07387504576176267,0.0033853384452146207,0.16736550736328312,0.3839911290777545,0.007735225172963882,0.03495290109947213,0.05177240780406106,0.09433962264150944,0.18867924528301888,0.18867924528301888,0.03773584905660377,0.05660377358490566,0.18867924528301888,0.05660377358490566,0.09433962264150944,0.09433962264150944,0.08849557522123894,0.07079646017699115,0.19469026548672566,0.061946902654867256,0.09734513274336283,0.20353982300884957,0.02654867256637168,0.09734513274336283,0.1592920353982301,4,12,0.25,320,398,-78,0.0,0.25
243,los-angeles-chargers,2016,1.3987628989263385,0.6970080484161517,1.291153727454345,4.479241161627889,0.4185792202604046,0.7397962444036241,0.3324445164546005,1.0056737243288034,0.5186365075906872,0.8679965550310129,1.1995514478629414,0.2307228599259022,0.0,0.9184169552452461,1.4148649657573493,0.8241163730898962,0.1671431974268757,1.5129722867969686,16094744.0,12030094.0,24760914.0,17180000.0,3210897.0,12768602.0,1912622.0,7714465.0,5967646.0,7188398.0,10643788.0,1637789.0,0.0,5976111.0,13391248.0,975000.0,593234.0,13424815.0,6,9,10,2,4,9,3,4,6,14,15,12,0,11,16,2,6,15,0.15835051685958548,0.11835985727821445,0.24361391084044248,0.16902796836331654,0.03159088454795506,0.1256257773515588,0.01881761413893965,0.07589990372292857,0.058713566897058936,0.13353793154323276,0.1977282606367486,0.030424992517701387,0.0,0.11101743415052424,0.2487674665067867,0.018112447760217497,0.011020430599574221,0.2493910362852146,0.11320754716981132,0.16981132075471697,0.18867924528301888,0.03773584905660377,0.07547169811320754,0.16981132075471697,0.05660377358490566,0.07547169811320754,0.11320754716981132,0.15384615384615385,0.16483516483516483,0.13186813186813187,0.0,0.12087912087912088,0.17582417582417584,0.02197802197802198,0.06593406593406594,0.16483516483516483,5,11,0.313,410,423,-13,0.167,0.333
244,los-angeles-chargers,2017,1.3454386595829826,1.0356279058229318,0.8520624536743929,2.717430457040436,0.39891898579172635,0.6104626861062471,0.23477291889551158,0.7182490992998004,1.6452825944391378,0.20921535754756035,0.3203462456606118,1.8968551866984007,0.17775198631309705,0.3276064332028761,1.7916715875212876,0.496932896011167,0.8734671505180295,0.8490859659578807,22573911.0,22340409.0,16338278.0,19540000.0,4780789.0,13168809.0,1688162.0,6886205.0,19717660.0,659124.0,1585944.0,13659339.0,80000.0,1032110.0,8063692.0,894609.0,1572469.0,3057153.0,7,9,8,3,5,9,3,4,5,7,11,16,1,7,10,4,4,8,0.1776994456052996,0.17586134249823374,0.12861320055462536,0.15381681832304356,0.03763386658412513,0.10366347499917404,0.013289033145028958,0.05420747919243777,0.15521533909803187,0.021536875041660623,0.05182071620980485,0.44631886745844723,0.0026139997987220157,0.03372419165323724,0.2634811158119541,0.029231346824186294,0.05138042061870761,0.09989246658328008,0.1320754716981132,0.16981132075471697,0.1509433962264151,0.05660377358490566,0.09433962264150944,0.16981132075471697,0.05660377358490566,0.07547169811320754,0.09433962264150944,0.10294117647058823,0.16176470588235295,0.23529411764705882,0.014705882352941176,0.10294117647058823,0.14705882352941177,0.058823529411764705,0.058823529411764705,0.11764705882352941,9,7,0.563,355,272,83,0.5,0.5
245,los-angeles-chargers,2018,1.277885206813682,0.3222396040757257,1.1210285502794555,4.218777013021292,0.3903208090245199,0.7632060689084248,0.21737645980615172,0.6052186884221649,1.5242202895432146,1.3119697589141792,0.5145291841147862,2.0524607832448027,0.24411858255798569,0.07082273088251531,1.7081068860523854,0.9759334715302616,0.36447735739501114,0.25504804466143044,31350583.0,5270374.0,27502391.0,23000000.0,5319894.0,18723869.0,1777645.0,6599083.0,24929310.0,4860529.0,3540096.0,9776402.0,129200.0,262381.0,10848207.0,2066055.0,385800.0,944891.0,9,6,9,2,5,9,3,4,6,7,13,9,1,7,12,4,2,7,0.216999374741946,0.036479955178384045,0.1903633387267,0.15919913256684118,0.03682271783250187,0.12960103056935515,0.012304327913555757,0.04567688214506905,0.17255324032564695,0.14812561794192347,0.10788515150793905,0.29793785563231007,0.003937396492870737,0.00799611477705818,0.3306013327843327,0.0629634497761459,0.011757334109516489,0.028795746977903436,0.16981132075471697,0.11320754716981132,0.16981132075471697,0.03773584905660377,0.09433962264150944,0.16981132075471697,0.05660377358490566,0.07547169811320754,0.11320754716981132,0.11290322580645161,0.20967741935483872,0.14516129032258066,0.016129032258064516,0.11290322580645161,0.1935483870967742,0.06451612903225806,0.03225806451612903,0.11290322580645161,12,4,0.75,428,329,99,0.667,0.75
246,los-angeles-chargers,2019,1.6240586557268861,0.5933478119236288,0.9241774536602156,3.0769135460537274,0.4931793688109773,0.7118552202147806,0.1796280360701591,0.6706740149935011,1.2577821117027732,0.7731509784449896,0.2168282580831681,2.6263532883985183,0.0,0.12170109958672691,0.4768850813465346,0.4938184633030999,0.4184123873710736,1.0540222711543723,38093722.0,13917494.0,24387068.0,27064391.0,7229972.0,18784338.0,1580000.0,5899218.0,18438990.0,2536141.0,444534.0,13999599.0,0.0,99803.0,3128620.0,809928.0,1200941.0,6482763.0,8,8,9,3,5,9,3,3,5,8,5,13,0,2,16,4,7,15,0.2451409291663224,0.08956193387526473,0.15693579401777247,0.17416491770115436,0.04652635554820541,0.1208810751308118,0.010167624683216553,0.03796268009397176,0.1186586897832805,0.08836011182228452,0.015487732720226292,0.48775132498829626,0.0,0.0034771742739064834,0.10900230430777934,0.02821819790303428,0.041841238737107364,0.22586191524736546,0.1509433962264151,0.1509433962264151,0.16981132075471697,0.05660377358490566,0.09433962264150944,0.16981132075471697,0.05660377358490566,0.05660377358490566,0.09433962264150944,0.11428571428571428,0.07142857142857142,0.18571428571428572,0.0,0.02857142857142857,0.22857142857142856,0.05714285714285714,0.1,0.21428571428571427,5,11,0.313,337,345,-8,0.0,0.25
247,los-angeles-chargers,2020,1.2206411725247144,0.9395354446406304,0.9719889288201089,1.7865765036418384,0.7042194345567773,0.7319040166076939,0.2896362673730652,1.0312818719437382,1.3113443217954912,1.8626169910051145,0.7818426424021465,1.257436696985931,0.0,0.12616516037252426,1.604771928981038,0.06886135480197388,0.7544035754302764,0.2680683152141413,26803542.0,13753907.0,23714992.0,13076892.0,6872736.0,16071570.0,2120000.0,12580823.0,19196836.0,19638781.0,6975248.0,11218284.0,0.0,818610.0,16920153.0,223400.0,3671154.0,2174168.0,9,6,10,3,4,9,3,5,6,13,11,11,0,8,13,4,6,10,0.19974128277677142,0.10249477577897786,0.17672525978547432,0.097449627471373,0.05121595887685653,0.11976611180853172,0.015798341856712646,0.09375289744943073,0.14305574419587178,0.3186055379350854,0.1131614350845212,0.18199741666901634,0.0,0.013280543197107817,0.2745004615362302,0.003624281831682836,0.0595581770076534,0.03527214673870281,0.16363636363636364,0.10909090909090909,0.18181818181818182,0.05454545454545454,0.07272727272727272,0.16363636363636364,0.05454545454545454,0.09090909090909091,0.10909090909090909,0.17105263157894737,0.14473684210526316,0.14473684210526316,0.0,0.10526315789473684,0.17105263157894737,0.05263157894736842,0.07894736842105263,0.13157894736842105,7,9,0.438,384,426,-42,0.5,0.5
248,los-angeles-chargers,2021,0.9527556707905128,1.3143922969221964,0.7231088462248612,0.9906632688282762,0.6923317554555698,0.9207650095526811,0.2605952474738823,0.5862831674947643,2.246341395366093,0.27146823240384527,0.41221204000689565,3.9258154602904565,0.0,0.3368316150585245,1.058778294939416,0.22681614377149906,0.5910515699106875,0.32218617850057135,20106714.0,31701259.0,19620393.0,8960017.0,8349025.0,27759416.0,2356944.0,7070155.0,33861585.0,1082544.0,1232845.0,13045934.0,0.0,223866.0,4925818.0,376868.0,982066.0,1391860.0,7,8,9,3,4,10,3,4,5,12,9,10,0,2,14,5,5,13,0.12583565463270924,0.19839883727127494,0.12279206822686323,0.05607527936763827,0.0522514532419298,0.17372924708541151,0.014750674385314093,0.04424778622601995,0.21191899956283897,0.04653741126923062,0.05299869085802943,0.5608307800414938,0.0,0.009623760430243556,0.21175565898788318,0.016201153126535646,0.04221796927933482,0.059834576007248966,0.1320754716981132,0.1509433962264151,0.16981132075471697,0.05660377358490566,0.07547169811320754,0.18867924528301888,0.05660377358490566,0.07547169811320754,0.09433962264150944,0.17142857142857143,0.12857142857142856,0.14285714285714285,0.0,0.02857142857142857,0.2,0.07142857142857142,0.07142857142857142,0.18571428571428572,9,8,0.529,474,459,15,0.5,0.5
249,los-angeles-chargers,2022,0.40250962561213743,1.646674970566088,0.8996458397303427,1.036234771923313,0.7333737461005907,0.8045881057172233,0.2578880953922656,0.4846567258071663,2.173536681381861,1.1866734434479445,0.4170827948628273,1.8664112160322164,0.005576886118156784,0.5069219077499492,1.5767613343170597,0.6864037051750892,0.4349616590890312,0.4512249303800201,7988660.0,49022653.0,26783079.0,10283142.0,9703575.0,26614605.0,2559169.0,6412696.0,35948717.0,10424938.0,1046879.0,8588612.0,2333.0,1484438.0,9234576.0,2297167.0,1091755.0,2642677.0,6,9,9,3,4,10,3,4,5,21,6,11,1,7,14,8,6,14,0.04556712742778914,0.2796240516055621,0.15277004825609594,0.05865479841075356,0.0553489619698559,0.15180907655041948,0.014597439361826354,0.03657786609865406,0.20505063031904347,0.2831834353682595,0.028437463286101857,0.23330140200402708,6.337370588814528e-05,0.04032333357101869,0.2508483940958959,0.06240033683409902,0.029656476756070315,0.07178578437863956,0.11320754716981132,0.16981132075471697,0.16981132075471697,0.05660377358490566,0.07547169811320754,0.18867924528301888,0.05660377358490566,0.07547169811320754,0.09433962264150944,0.23863636363636365,0.06818181818181818,0.125,0.011363636363636364,0.07954545454545454,0.1590909090909091,0.09090909090909091,0.06818181818181818,0.1590909090909091,10,7,0.588,391,384,7,0.333,0.583
250,los-angeles-chargers,2023,0.9739366766121931,1.3123170508141964,0.771606037033102,0.2777411396338125,1.3341332261146097,1.0201722816529322,0.49650173815720816,1.085028374046375,1.0804689171833461,0.947397242918628,1.6894419633891562,1.4482425404536827,1.3245937067644462,0.10092609514767557,0.7212663346904509,0.4251635367087882,0.1982424343131314,1.4904123797762499,14613903.0,29536942.0,15437247.0,1389167.0,10009323.0,28064057.0,3725000.0,10853888.0,18914487.0,11635515.0,17556830.0,17786676.0,8759733.0,858136.0,11583898.0,803334.0,1498293.0,15488497.0,6,9,8,2,3,11,3,4,7,13,11,13,7,9,17,2,8,11,0.11025698225798412,0.22284629164769373,0.11646883577858144,0.010480797722030661,0.07551697506309112,0.21173386977702366,0.028103871971162726,0.08188893389029248,0.14270344189214007,0.13534246327408972,0.2042182593107771,0.20689179149338324,0.10189182359726509,0.00998170171790198,0.1347420625245897,0.0093442535540393,0.01742790631324232,0.1801597382147115,0.11320754716981132,0.16981132075471697,0.1509433962264151,0.03773584905660377,0.05660377358490566,0.20754716981132076,0.05660377358490566,0.07547169811320754,0.1320754716981132,0.14285714285714285,0.12087912087912088,0.14285714285714285,0.07692307692307693,0.0989010989010989,0.18681318681318682,0.02197802197802198,0.08791208791208792,0.12087912087912088,5,12,0.294,346,398,-52,0.167,0.25
251,los-angeles-chargers,2024,0.5543436197838639,1.8315194097749512,0.8599207885048457,2.1038842562746494,0.3564826325577148,1.0666872794777333,0.5349223467683537,0.3751315566669261,0.7162044967751113,0.7247665075246751,0.468626407356741,0.4939688746384742,0.053863201446759504,0.10824581870135584,1.3021864637137153,1.2673508082942193,0.28939590125434567,2.420824777824362,9594473.0,63399173.0,29766688.0,21848175.0,6169933.0,29539230.0,5555000.0,5194164.0,12395930.0,2745001.0,5916296.0,4365367.0,68001.0,546631.0,32057594.0,800000.0,2374810.0,27506099.0,5,10,10,3,5,8,3,4,5,6,20,14,2,8,39,1,13,18,0.05229656790413811,0.345569699957538,0.16224920537827278,0.11908778809101787,0.03363043703374667,0.1610094006758843,0.030278623401982285,0.028311815597503856,0.06756646195991615,0.035938835083868186,0.07745891030689935,0.057153423511889574,0.0008903008503596612,0.007156748343891295,0.419712992436652,0.010473973622266274,0.031092121622367717,0.36012269422180593,0.09433962264150944,0.18867924528301888,0.18867924528301888,0.05660377358490566,0.09433962264150944,0.1509433962264151,0.05660377358490566,0.07547169811320754,0.09433962264150944,0.049586776859504134,0.1652892561983471,0.11570247933884298,0.01652892561983471,0.06611570247933884,0.32231404958677684,0.008264462809917356,0.10743801652892562,0.1487603305785124,11,6,0.647,402,301,101,0.667,0.667
252,los-angeles-rams,2011,1.290253584011138,0.42899559175822793,1.5600680509520497,2.693771704089031,1.2672431046386399,0.8013445436579109,0.970791639369296,0.368812919190157,0.3430785061910146,0.6083339117892883,0.7451107384563487,2.6211963641766047,0.014134217905038786,0.5182508873933142,0.3003917062922083,0.0,0.4746270372512024,1.915019742361476,16333900.0,5430848.0,28213718.0,14615000.0,11459000.0,15941484.0,5267009.0,2667982.0,4963640.0,430398.0,263584.0,1390878.0,2500.0,91666.0,159396.0,0.0,167900.0,677441.0,7,7,10,3,5,11,3,4,8,4,2,3,1,1,3,0,2,2,0.15572026013927526,0.051775330039786134,0.2689772501641465,0.13933301917701882,0.10924509522746895,0.15197913759029344,0.05021336065703255,0.025435373737252208,0.04732117326772615,0.13518531373095297,0.08279008205070541,0.4368660606961008,0.0007852343280577103,0.02879171596629523,0.05006528438203472,0.0,0.05273633747235582,0.21277997137349733,0.1206896551724138,0.1206896551724138,0.1724137931034483,0.05172413793103448,0.08620689655172414,0.1896551724137931,0.05172413793103448,0.06896551724137931,0.13793103448275862,0.2222222222222222,0.1111111111111111,0.16666666666666666,0.05555555555555555,0.05555555555555555,0.16666666666666666,0.0,0.1111111111111111,0.1111111111111111,2,14,0.125,193,407,-214,0.0,0.083
253,los-angeles-rams,2012,1.7811778917175438,0.5102326377661419,0.5119974263423347,3.122491217232261,1.2440688650798197,0.8918151794949153,0.24212222048509047,0.415796032287729,0.7180507256930692,0.27846863142720046,0.02513249296884101,3.370428533192063,0.0,0.089331978644877,0.4818908362872522,1.3174755504274167,0.05148241568849885,0.21837267037963634,28279309.0,5400556.0,9032059.0,16525000.0,10973203.0,15732359.0,1281371.0,2200496.0,7600206.0,1352738.0,61044.0,18419382.0,0.0,162733.0,1755688.0,800000.0,125045.0,397802.0,9,6,10,3,5,10,3,3,6,8,4,9,0,3,6,1,4,3,0.29146547319014354,0.055661742301760936,0.09309044115315175,0.17031770275812333,0.11309716955271087,0.16214821445362096,0.013206666571914024,0.022679783579330672,0.07833280643924391,0.05862497503730536,0.0026455255756674748,0.7982593894402255,0.0,0.007052524629858711,0.07608802678219771,0.034670409221774126,0.005419201651420932,0.01723994766155024,0.16363636363636364,0.10909090909090909,0.18181818181818182,0.05454545454545454,0.09090909090909091,0.18181818181818182,0.05454545454545454,0.05454545454545454,0.10909090909090909,0.21052631578947367,0.10526315789473684,0.23684210526315788,0.0,0.07894736842105263,0.15789473684210525,0.02631578947368421,0.10526315789473684,0.07894736842105263,7,8,0.469,299,348,-49,0.75,0.542
254,los-angeles-rams,2013,1.9739840632001455,2.0198733174366987,0.6999861942445254,0.3032332159171615,0.39501835460146684,0.4532358319860722,0.41843077056969524,1.4462023595660314,0.6942382234421365,0.09029231631651882,0.12008555629878365,1.5873692156143122,9.91730049756526,0.0071739995897830144,1.7209912418618796,0.0,0.031675322357358544,0.05942637533826223,23371465.0,15943188.0,8287657.0,797823.0,3117944.0,5366196.0,1651371.0,5707555.0,5479735.0,458686.0,915054.0,18143671.0,12595000.0,27333.0,21856638.0,0.0,160911.0,452830.0,9,6,9,2,6,9,3,3,6,4,6,9,1,3,10,0,4,6,0.3352048409207794,0.22866490386075836,0.11886558015473073,0.011442762864798547,0.04471905901148681,0.07696457524291792,0.023684760598284633,0.08186051091883195,0.07859300642741167,0.008399285238745937,0.016756124134713998,0.3322400683843909,0.23063489529221534,0.0005005115992871871,0.40023052136322784,0.0,0.002946541614638004,0.008292052372780776,0.16981132075471697,0.11320754716981132,0.16981132075471697,0.03773584905660377,0.11320754716981132,0.16981132075471697,0.05660377358490566,0.05660377358490566,0.11320754716981132,0.09302325581395349,0.13953488372093023,0.20930232558139536,0.023255813953488372,0.06976744186046512,0.23255813953488372,0.0,0.09302325581395349,0.13953488372093023,7,9,0.438,348,364,-16,0.167,0.333
255,los-angeles-rams,2014,2.196456769853041,1.2422260198663393,1.0743561546800364,0.6720834023581644,0.29971762111947536,0.40263834251746505,0.4031805155456892,1.1573381925867015,0.8040550897625978,0.13830986592824662,0.07689770130958763,1.419509679158908,7.740589529979086,0.4848133099272425,0.893221571484028,0.0,0.058461887694707636,0.4130831279560866,30328258.0,17152421.0,16688819.0,2320000.0,3103833.0,6254498.0,2087640.0,7990153.0,5551120.0,643554.0,536706.0,9907440.0,18008431.0,1127915.0,6753741.0,0.0,170014.0,2402588.0,8,8,9,2,6,9,3,4,4,8,12,12,4,4,13,0,5,10,0.33154064450611936,0.18750581431944746,0.182437837587176,0.025361637824836393,0.03393029673050665,0.06837254872938085,0.022821538615793727,0.08734627868578879,0.06068340300095078,0.016271748932734895,0.013570182584044875,0.2505017080868661,0.4553287958811227,0.028518429995720143,0.1707629474895936,0.0,0.004298668212846149,0.06074751881707156,0.1509433962264151,0.1509433962264151,0.16981132075471697,0.03773584905660377,0.11320754716981132,0.16981132075471697,0.05660377358490566,0.07547169811320754,0.07547169811320754,0.11764705882352941,0.17647058823529413,0.17647058823529413,0.058823529411764705,0.058823529411764705,0.19117647058823528,0.0,0.07352941176470588,0.14705882352941177,6,10,0.375,324,354,-30,0.333,0.333
256,los-angeles-rams,2015,1.7990934476172853,1.0367289287478842,0.5295804722995795,0.9806906090474398,0.5584868195681808,0.5515287374451493,0.7417652810555336,3.918414825071013,0.9620328747853739,0.7393095194703697,3.3785220853968836,2.108235800284249,3.221924877359883,0.1822564745392428,0.163372062836088,0.13649401700638467,0.11083471009279386,0.26957650797911753,25528887.0,11033280.0,9393342.0,5218449.0,5943638.0,8804381.0,3947080.0,13900441.0,10238335.0,6236796.0,19000750.0,13042350.0,3624010.0,1127508.0,1653843.0,76764.0,249333.0,1667703.0,8,6,10,3,6,9,3,2,6,15,10,11,2,11,18,1,4,11,0.27156127511204303,0.11736553910353406,0.09992084383010935,0.05551078919136451,0.06322492296998272,0.09365582333974234,0.04198671402201134,0.14786471038003823,0.1089093820511744,0.13361015412115115,0.4070508536622751,0.27940474461598486,0.07763674403276827,0.024154472529297238,0.03543008591626005,0.0016445062289925866,0.005341431811700909,0.03572700708156979,0.1509433962264151,0.11320754716981132,0.18867924528301888,0.05660377358490566,0.11320754716981132,0.16981132075471697,0.05660377358490566,0.03773584905660377,0.11320754716981132,0.18072289156626506,0.12048192771084337,0.13253012048192772,0.024096385542168676,0.13253012048192772,0.21686746987951808,0.012048192771084338,0.04819277108433735,0.13253012048192772,7,9,0.438,280,330,-50,0.667,0.5
257,los-angeles-rams,2016,1.3288131546581519,0.7631790809960595,0.8089360624211891,1.523170613814228,0.7176747884894081,0.9810182309962643,0.7248675973762924,0.8999044832112894,1.2475148052481753,0.7862949795957834,1.760135386903425,0.24510619258007643,12.946001950947498,0.8607054870723992,0.566797434869133,0.0,1.7156516472133825,0.3352825452568499,21992168.0,9473094.0,18408611.0,9453311.0,4454132.0,20295101.0,4498773.0,5585111.0,15484996.0,2976089.0,13324057.0,1060246.0,7000000.0,4188509.0,7048847.0,0.0,2782997.0,1631608.0,8,6,11,3,3,10,3,3,6,7,14,8,1,9,23,0,3,9,0.20057557051443803,0.08639763181087466,0.1678923903138317,0.08621720455552234,0.040623101235249516,0.18509777943325742,0.04103024136092221,0.050937989615733356,0.1412280911601708,0.07437925482662816,0.3329985867114588,0.02649796676541367,0.17494597231010134,0.10468039707637289,0.176166770297163,0.0,0.06955344515729929,0.04077760685556283,0.1509433962264151,0.11320754716981132,0.20754716981132076,0.05660377358490566,0.05660377358490566,0.18867924528301888,0.05660377358490566,0.05660377358490566,0.11320754716981132,0.0945945945945946,0.1891891891891892,0.10810810810810811,0.013513513513513514,0.12162162162162163,0.3108108108108108,0.0,0.04054054054054054,0.12162162162162163,4,12,0.25,224,394,-170,0.333,0.25
258,los-angeles-rams,2017,1.2835130570854465,1.1824250528006526,0.8711126641667479,1.3990112475907999,0.6048221994492611,0.979973417277782,0.30306380473484495,0.3588688827792954,1.3875535778919643,1.2033031209426177,0.28065465347729357,1.0241341946801252,1.716150693164464,0.74132370809215,1.272990109169012,5.164342363689359,0.3640794627207375,0.3635817790197198,16596445.0,33636522.0,20275035.0,7235957.0,6256515.0,22808755.0,2351257.0,2784209.0,25118435.0,2650400.0,618171.0,4189272.0,1620000.0,1166316.0,6809454.0,1625000.0,572802.0,572019.0,5,11,9,2,4,9,3,3,7,7,7,13,3,5,17,1,5,5,0.1210861374608912,0.24540897322277697,0.1479247920283157,0.05279287726757736,0.04564695844900084,0.16641058029245356,0.017154554984991223,0.02031333298750729,0.18326179330648584,0.13370034677140197,0.031183850386365956,0.21132927826732745,0.08172146157926018,0.05883521492794841,0.34350526755354294,0.0819736883125295,0.028895195454026783,0.028855696747596807,0.09433962264150944,0.20754716981132076,0.16981132075471697,0.03773584905660377,0.07547169811320754,0.16981132075471697,0.05660377358490566,0.05660377358490566,0.1320754716981132,0.1111111111111111,0.1111111111111111,0.20634920634920634,0.047619047619047616,0.07936507936507936,0.2698412698412698,0.015873015873015872,0.07936507936507936,0.07936507936507936,11,5,0.688,478,329,149,0.667,0.583
259,los-angeles-rams,2018,1.256095105519741,0.7034507194225381,1.2265153972300111,1.4458438908830733,0.7024317331971859,1.1147986706192836,0.8441504521182361,0.29283118689837334,0.837265857537488,0.6494860017595502,2.7773815010468397,0.3324159720292358,0.20073512206673663,0.7294056678051447,0.4093681593675129,0.3072959931893476,0.18195477063718554,2.049723216165859,41348549.0,14735904.0,29363516.0,8653593.0,8408319.0,33361188.0,7578551.0,2628958.0,12527905.0,1096405.0,8439355.0,1683466.0,203318.0,738791.0,1796754.0,207500.0,184296.0,6920324.0,11,7,8,2,4,10,3,3,5,5,9,15,3,3,13,2,3,10,0.2606989841644745,0.09290858558410882,0.18513439958188846,0.05456014682577635,0.05301371571299516,0.21033937181495915,0.04778210106329638,0.016575350201794715,0.07898734505070641,0.051546508076154775,0.39676878586383424,0.07914666000696091,0.009558815336511269,0.03473360322881642,0.08447279479012171,0.009755428355217383,0.008664512887485027,0.32535289145489826,0.20754716981132076,0.1320754716981132,0.1509433962264151,0.03773584905660377,0.07547169811320754,0.18867924528301888,0.05660377358490566,0.05660377358490566,0.09433962264150944,0.07936507936507936,0.14285714285714285,0.23809523809523808,0.047619047619047616,0.047619047619047616,0.20634920634920634,0.031746031746031744,0.047619047619047616,0.15873015873015872,13,3,0.813,527,384,143,1.0,0.75
260,los-angeles-rams,2019,1.6569099724968428,0.794142878162198,1.0899772834914496,1.8984610014378733,1.3173985473997143,0.5899229287727723,0.6542827562655973,0.33303253484639966,1.4280350733963891,0.4168443478503402,1.3508691002087547,1.1123136922142816,0.3574363276313729,0.17937469024687996,2.1193632494952768,0.0,0.1540971085417842,0.33883222671461094,30449657.0,21891393.0,30046383.0,11629577.0,12105164.0,19875598.0,6012000.0,4080176.0,26243537.0,793020.0,5139886.0,2962549.0,136000.0,341249.0,8063909.0,0.0,175896.0,1031371.0,6,9,9,2,3,11,3,4,6,5,10,7,1,5,10,0,3,8,0.18757471386756713,0.13485445100867513,0.18509048210232165,0.07164003779010843,0.07456972909809705,0.12243683427359427,0.03703487299616589,0.02513453093180375,0.16166434793166673,0.042535137535748994,0.27568757147117445,0.15890195603061166,0.0072946189312525075,0.018303539821110198,0.4325231121418932,0.0,0.009434516849496992,0.05531954721871198,0.11320754716981132,0.16981132075471697,0.16981132075471697,0.03773584905660377,0.05660377358490566,0.20754716981132076,0.05660377358490566,0.07547169811320754,0.11320754716981132,0.10204081632653061,0.20408163265306123,0.14285714285714285,0.02040816326530612,0.10204081632653061,0.20408163265306123,0.0,0.061224489795918366,0.16326530612244897,9,7,0.563,394,364,30,0.5,0.583
261,los-angeles-rams,2020,1.6548439462906528,0.5668668989786836,0.7852430533540826,3.4010689519973893,0.3503281550700301,0.6340129993907331,0.6983673559261127,1.0837468034233975,0.9397215089007249,0.1842384758139885,0.41513336836819614,0.1039559762597737,0.10843984005185814,3.8661209033376776,0.32339775355021616,0.2713849261824056,0.25291471343370314,4.860549676553103,33593498.0,13151377.0,22772161.0,29589446.0,3047870.0,16547821.0,6075826.0,12571525.0,16351235.0,1456339.0,4219046.0,352172.0,183681.0,10914392.0,2921535.0,766143.0,142800.0,21954800.0,7,8,10,3,3,9,3,4,6,14,18,6,3,5,16,5,1,8,0.2185642947931051,0.08556481494017866,0.14815906667058162,0.19251333690551262,0.019829895570001706,0.10766258480219996,0.03953022769393091,0.08179221157912435,0.10638356704536509,0.03393866659731367,0.09832106092930963,0.008207050757350556,0.004280520002047032,0.2543500594301104,0.0680837375895192,0.01785427145936879,0.003327825176759252,0.5116368080582214,0.1320754716981132,0.1509433962264151,0.18867924528301888,0.05660377358490566,0.05660377358490566,0.16981132075471697,0.05660377358490566,0.07547169811320754,0.11320754716981132,0.18421052631578946,0.23684210526315788,0.07894736842105263,0.039473684210526314,0.06578947368421052,0.21052631578947367,0.06578947368421052,0.013157894736842105,0.10526315789473684,10,6,0.625,372,296,76,0.5,0.75
262,los-angeles-rams,2021,1.4028272587294592,0.6500966467224892,0.777934588898879,3.1791108699954953,0.484687996828425,0.8977636805755291,0.795996758385579,1.070531563148054,0.7232237115125704,0.4726460749657405,0.7165282512419159,0.10484466802955494,14.25111627011026,1.8917907960054583,0.2310256559122987,0.03693219845849237,0.3333385559869104,1.2312471932242124,25316788.0,10265743.0,19304128.0,21515000.0,4373576.0,20252398.0,5387000.0,7244946.0,8157500.0,3824430.0,5797810.0,605967.0,24710001.0,10933916.0,3471652.0,149419.0,1541268.0,11385913.0,8,7,11,3,4,10,3,3,5,14,14,10,3,10,26,7,8,16,0.20782626055251252,0.08427178753810047,0.1584681569979198,0.1766172705553053,0.035902814579883334,0.1662525334399128,0.04422204213253217,0.05947397573044745,0.06696515847338615,0.06126893564370711,0.09288329182765577,0.0097078396323662,0.3958643408363961,0.17516581444494983,0.055617287534442277,0.002393753603791172,0.024691744887919292,0.18240699158877224,0.14814814814814814,0.12962962962962962,0.2037037037037037,0.05555555555555555,0.07407407407407407,0.18518518518518517,0.05555555555555555,0.05555555555555555,0.09259259259259259,0.12962962962962962,0.12962962962962962,0.09259259259259259,0.027777777777777776,0.09259259259259259,0.24074074074074073,0.06481481481481481,0.07407407407407407,0.14814814814814814,12,5,0.706,460,372,88,0.5,0.667
263,los-angeles-rams,2022,1.6198138066582812,1.0424442176771322,0.5984695822919507,0.486735341201039,0.33502741923731455,1.632742966886936,0.697727504161852,0.7659064229543256,0.4403872059927604,0.9735722678523531,0.24772003455603628,0.7538284546805861,8.139647585922502,0.2690009863194949,0.407478241670013,0.2512450075233296,0.16300718113626,2.5425132005996005,34049495.0,13147696.0,11322183.0,3069444.0,2816994.0,34321274.0,4400000.0,4829949.0,5554328.0,11370417.0,2066528.0,13206021.0,13580500.0,2019652.0,6458597.0,1047967.0,951886.0,36057225.0,10,6,9,3,4,10,3,3,6,14,10,21,2,9,19,5,7,17,0.29996551975153357,0.11582713529745917,0.0997449303819918,0.027040852288946614,0.024816845869430712,0.30235980868276596,0.038762639120102894,0.042550356830795874,0.048931911776973376,0.13105780528781677,0.02381923409192657,0.1522153610412722,0.1565316843446635,0.023278931508417828,0.07444314030509852,0.01207908690016008,0.010971637191863653,0.4156031193287809,0.18518518518518517,0.1111111111111111,0.16666666666666666,0.05555555555555555,0.07407407407407407,0.18518518518518517,0.05555555555555555,0.05555555555555555,0.1111111111111111,0.1346153846153846,0.09615384615384616,0.20192307692307693,0.019230769230769232,0.08653846153846154,0.18269230769230768,0.04807692307692308,0.0673076923076923,0.16346153846153846,5,12,0.294,307,384,-77,0.167,0.25
264,los-angeles-rams,2023,1.4709351430294975,0.3462146528963422,1.2145382832425677,4.065198251928355,0.3008528628517199,0.42780439536994885,0.1364412228421467,1.107094642193514,1.2626851624961783,0.3175537982127827,3.077796567785756,0.3010491080088607,0.21976644933467612,0.1793538129009573,1.2437570244412188,0.2019643866188303,0.2891184883240118,2.9356402631745393,33574764.0,5268338.0,27722389.0,20620000.0,3052046.0,9764830.0,1038111.0,8423313.0,22416616.0,3630013.0,27063716.0,3441345.0,1352717.0,1577096.0,21873237.0,1598324.0,1525368.0,23232335.0,9,6,9,2,4,9,3,3,7,13,10,13,7,10,20,9,6,9,0.2545849286012592,0.03994784456496256,0.2102085490227521,0.15635377892032135,0.02314252791167076,0.07404306842941423,0.007871609010123846,0.0638708447419335,0.16997684879756247,0.042558756461506954,0.31729861523564495,0.040346787671290615,0.01585943448806941,0.0184900838042224,0.2564447473074678,0.018738963706901778,0.01788361783447496,0.27237899349042116,0.17307692307692307,0.11538461538461539,0.17307692307692307,0.038461538461538464,0.07692307692307693,0.17307692307692307,0.057692307692307696,0.057692307692307696,0.1346153846153846,0.13402061855670103,0.10309278350515463,0.13402061855670103,0.07216494845360824,0.10309278350515463,0.20618556701030927,0.09278350515463918,0.061855670103092786,0.09278350515463918,10,7,0.588,404,377,27,0.833,0.667
265,los-angeles-rams,2024,0.29271196835562224,0.3998725206394562,1.5784410656281722,4.233370271911703,0.24612405613855431,0.4124218964317063,0.22675288554195555,1.1707093087938947,1.414387127018889,4.407444972594472,0.5793878771631472,0.71933332261542,0.0,0.14930946189786254,0.5851573563030573,0.06581589871341638,0.19447891941466727,0.19927039798269386,6940481.0,11061587.0,62377248.0,50188631.0,3890558.0,14668377.0,2688264.0,18505759.0,39125885.0,25681496.0,3376003.0,6287165.0,0.0,290001.0,7955782.0,127833.0,472166.0,967598.0,6,7,10,3,4,9,3,4,7,12,12,18,0,4,28,4,5,10,0.03313720396478743,0.05281335178256969,0.2978190689864476,0.23962473237236054,0.01857540046328712,0.07003390694123314,0.01283506899294088,0.08835541953161469,0.18680584696475894,0.5687025771089642,0.07475972608556739,0.13922580437717808,0.0,0.0064219123396930125,0.1761764083493076,0.0028307913425125323,0.010455855882508995,0.021426924514268156,0.11320754716981132,0.1320754716981132,0.18867924528301888,0.05660377358490566,0.07547169811320754,0.16981132075471697,0.05660377358490566,0.07547169811320754,0.1320754716981132,0.12903225806451613,0.12903225806451613,0.1935483870967742,0.0,0.043010752688172046,0.3010752688172043,0.043010752688172046,0.053763440860215055,0.10752688172043011,10,7,0.588,367,386,-19,0.667,0.5
266,miami-dolphins,2011,1.3682338446205495,1.2331635602094682,1.1945844777330443,0.6244016658792895,0.8247298598316499,0.7007880435249987,0.6322520647868388,0.5349546154478244,1.0371616569902755,0.051199760224510116,0.43574094809616704,3.3300090597488294,0.32427694493238607,0.15531592027284696,0.5231780941146369,0.0,0.07799118783719423,0.287237506307335,27663048.0,18132500.0,21956539.0,4590617.0,6063435.0,12880529.0,3486250.0,3933000.0,15250478.0,128757.0,1643700.0,14655019.0,611618.0,195294.0,986765.0,0.0,98066.0,541758.0,11,8,10,4,4,10,3,4,8,4,6,7,3,2,3,0,2,3,0.24275116598106525,0.15911787873670558,0.19267491576339427,0.04028397844382513,0.05320837805365484,0.11303032960080626,0.030592841844524463,0.03451320099663383,0.13382731057939037,0.006826634696601348,0.0871481896192334,0.7770021139413934,0.0324276944932386,0.010354394684856463,0.05231780941146368,0.0,0.005199412522479615,0.0287237506307335,0.1774193548387097,0.12903225806451613,0.16129032258064516,0.06451612903225806,0.06451612903225806,0.16129032258064516,0.04838709677419355,0.06451612903225806,0.12903225806451613,0.13333333333333333,0.2,0.23333333333333334,0.1,0.06666666666666667,0.1,0.0,0.06666666666666667,0.1,6,10,0.375,329,313,16,0.5,0.417
267,miami-dolphins,2012,1.818550901097447,1.8128777014258584,0.8084080000786829,1.459495812820655,1.3011296018290186,0.3582447077655583,0.8406337568199254,1.0026679157941514,0.5233773271793808,0.06396949877512029,0.15316573946892761,2.366411844843837,0.8073337446583383,0.8577445704627066,1.6639679874619508,4.186581239283503,0.2269858312257472,0.8897907474177951,18079047.0,20597311.0,16073508.0,6218364.0,7391500.0,5596603.0,2387750.0,5695989.0,7433048.0,262428.0,942519.0,12943934.0,1104000.0,1172935.0,6826250.0,2862500.0,620790.0,6083785.0,7,8,14,3,4,11,2,4,10,6,9,8,2,2,6,1,4,10,0.20206121123304965,0.23020669224455345,0.1796462222397073,0.06949980061050738,0.08261140329073134,0.06255066326065303,0.026686785930791282,0.06366145497105723,0.08307576621894934,0.007996187346890036,0.028718576150423926,0.39440197414063943,0.03363890602743076,0.03573935710261277,0.20799599843274386,0.08722044248507296,0.018915485935478933,0.1853730723787073,0.1111111111111111,0.12698412698412698,0.2222222222222222,0.047619047619047616,0.06349206349206349,0.1746031746031746,0.031746031746031744,0.06349206349206349,0.15873015873015872,0.125,0.1875,0.16666666666666666,0.041666666666666664,0.041666666666666664,0.125,0.020833333333333332,0.08333333333333333,0.20833333333333334,7,9,0.438,288,317,-29,0.333,0.417
268,miami-dolphins,2013,2.5313794968119527,0.7901945368055336,0.8620537583786022,1.275981365087318,0.4202712124556985,0.7124790691124768,0.6924967436755518,0.3826562320471436,0.8672675826635567,0.40600944443916115,0.9624812961601578,1.6924250052289456,0.007732839891694133,0.07395190961280373,1.4949345317380467,0.7456667038419342,4.696780026257074,0.46064002506400725,27122418.0,9676028.0,11875447.0,5859205.0,1929852.0,13086589.0,3179890.0,1757127.0,6637373.0,2021426.0,3920702.0,8426188.0,7000.0,133887.0,8796189.0,337500.0,4251667.0,3335882.0,7,8,9,3,3,12,3,3,5,11,9,11,2,4,13,1,2,16,0.3343331410883711,0.11927464706498621,0.14638648727183812,0.0722253602879614,0.02378893655409614,0.16131601564810796,0.03919792888729539,0.021659786719649635,0.08181769647769402,0.06472614331638801,0.1255410386295858,0.269806884891571,0.00022414028671577195,0.004287067223930651,0.2816543320665885,0.010806763823796148,0.1361385514857123,0.10681507827571182,0.1320754716981132,0.1509433962264151,0.16981132075471697,0.05660377358490566,0.05660377358490566,0.22641509433962265,0.05660377358490566,0.05660377358490566,0.09433962264150944,0.15942028985507245,0.13043478260869565,0.15942028985507245,0.028985507246376812,0.057971014492753624,0.18840579710144928,0.014492753623188406,0.028985507246376812,0.2318840579710145,8,8,0.5,317,335,-18,0.333,0.583
269,miami-dolphins,2014,1.3064433932176207,0.7589733593420709,0.6907340984478292,2.1800528894186315,0.23333992859928485,0.7671819216202364,0.8264671539048668,0.5041454134420271,1.982958201470634,0.9064139873963739,2.3546683154973427,1.4773556046097127,0.08145058063894733,1.299730134449073,0.837781307955654,0.0,0.30791547510493267,0.08138005588003662,18782761.0,12470599.0,12768039.0,8955046.0,1916990.0,14181157.0,5092343.0,2070888.0,28509027.0,6573096.0,11099067.0,7499399.0,59066.0,3770132.0,7290466.0,0.0,1004818.0,413104.0,7,8,9,2,4,9,3,2,7,20,13,14,2,8,24,0,9,14,0.17931575985339893,0.11905464460267778,0.12189425266726397,0.08549227017327968,0.018301170870532145,0.13538504499180642,0.0486157149355804,0.019770408370275574,0.27217073353518506,0.17431038219161038,0.2943335394371679,0.19887479292823057,0.0015663573199797567,0.09997924111146717,0.1933341479897663,0.0,0.026646531499465328,0.010955007522312623,0.13725490196078433,0.1568627450980392,0.17647058823529413,0.0392156862745098,0.0784313725490196,0.17647058823529413,0.058823529411764705,0.0392156862745098,0.13725490196078433,0.19230769230769232,0.125,0.1346153846153846,0.019230769230769232,0.07692307692307693,0.23076923076923078,0.0,0.08653846153846154,0.1346153846153846,8,8,0.5,388,373,15,0.5,0.5
270,miami-dolphins,2015,1.1650059043262961,0.3444914612655227,1.4112256631003903,2.1454639573085195,0.4995810028256799,1.3260382705371618,0.39240834087391335,0.8464434934712882,0.7219874964778699,1.886895790354652,1.6846473344571429,0.25172741393486303,0.028183379104123663,0.18836981202874967,0.61973775486206,0.9342974735278633,0.12097963453763094,2.163666526459003,16232411.0,4799913.0,22120956.0,7473364.0,2610310.0,23095160.0,2050333.0,5896888.0,6287306.0,18300293.0,13071009.0,2807621.0,27334.0,913464.0,5109013.0,906140.0,586668.0,12590753.0,8,8,9,2,3,10,3,4,5,20,16,23,2,10,17,2,10,12,0.17923167758866093,0.052998686348541955,0.24425059553660602,0.08251784451186613,0.02882198093225076,0.25500735971868493,0.02263894274272577,0.06511103795932986,0.06942187466133364,0.336945676849045,0.24066390492244896,0.0516940225044808,0.0005032746268593511,0.01681873321685265,0.09406733779156266,0.0166838834558547,0.010801753083717048,0.23182141354917887,0.15384615384615385,0.15384615384615385,0.17307692307692307,0.038461538461538464,0.057692307692307696,0.19230769230769232,0.057692307692307696,0.07692307692307693,0.09615384615384616,0.17857142857142858,0.14285714285714285,0.20535714285714285,0.017857142857142856,0.08928571428571429,0.15178571428571427,0.017857142857142856,0.08928571428571429,0.10714285714285714,6,10,0.375,310,389,-79,0.167,0.333
271,miami-dolphins,2016,2.2722166366376304,0.3730618759277858,1.1812700130850347,2.228389792421262,0.31075832476508664,0.7210947702949269,0.38317899663674115,0.4300270337445314,0.5356263825611628,0.5757373038412082,1.0162104756016768,1.1012939863435398,0.09673470364115024,0.34891591110968495,1.603254134361501,0.5643215505109769,2.3053535680120096,0.30750253282867407,35821917.0,5146216.0,18622941.0,13174117.0,1837186.0,12789217.0,2265333.0,2542296.0,6333187.0,5345909.0,6532509.0,11799086.0,207280.0,996861.0,17177006.0,806140.0,8233062.0,1757084.0,8,7,8,3,3,9,3,3,6,13,9,15,3,4,15,2,5,8,0.36355466186202084,0.05222866262989,0.18900320209360555,0.13370338754527572,0.018645499485905197,0.12979705865308683,0.022990739798204467,0.025801622024671882,0.06427516590733952,0.10114303986399606,0.1235931659515553,0.22323526750206893,0.003921677174641226,0.01886031951944243,0.32498394615435827,0.015251933797593969,0.15576713297378444,0.03324351706255936,0.16,0.14,0.16,0.06,0.06,0.18,0.06,0.06,0.12,0.17567567567567569,0.12162162162162163,0.20270270270270271,0.04054054054054054,0.05405405405405406,0.20270270270270271,0.02702702702702703,0.06756756756756757,0.10810810810810811,10,6,0.625,363,380,-17,0.667,0.583
272,miami-dolphins,2017,2.0773990705325756,0.7657250956237145,0.934963462432214,2.1646434004864266,0.4233404387823434,0.5767599199355202,0.31917123774301265,0.505641032942411,0.8718835257264141,0.7677671148928881,0.4760924247174924,0.995716157803301,4.38088985639759,0.08274506181707823,1.4087130768280873,0.0002836486322647483,1.6325759375555773,0.18066241678796868,36149474.0,8883082.0,16269593.0,12555880.0,3274080.0,11151534.0,1851333.0,3910586.0,8428844.0,8136503.0,5606051.0,10552220.0,20634222.0,487167.0,16587782.0,334.0,5767139.0,1701859.0,9,6,9,3,4,10,3,4,5,9,10,9,4,5,10,1,3,8,0.3527658799017581,0.08668585988192994,0.15876738041301747,0.12252698493319396,0.03195022179489384,0.10882262640292836,0.018066296476019584,0.038161587391880074,0.08225316280437868,0.11711701752603379,0.08069363130804957,0.15188890542762218,0.29700948178966713,0.007012293374328665,0.23876492827594703,4.80760393669065e-06,0.08301233580791072,0.024496598886504233,0.16981132075471697,0.11320754716981132,0.16981132075471697,0.05660377358490566,0.07547169811320754,0.18867924528301888,0.05660377358490566,0.07547169811320754,0.09433962264150944,0.15254237288135594,0.1694915254237288,0.15254237288135594,0.06779661016949153,0.0847457627118644,0.1694915254237288,0.01694915254237288,0.05084745762711865,0.13559322033898305,6,10,0.375,281,393,-112,0.333,0.417
273,miami-dolphins,2018,1.6412020394275157,1.1713713610360343,0.8546914723430945,1.4471177083885265,0.32373586822059025,0.6939526119663533,0.24161856051424815,0.37838091988899786,1.4338463984226024,1.2791831408280336,0.62640716505369,2.2043622642471528,0.3744649119238471,0.5661653952970983,0.1953458288908383,0.022107427295631532,0.9963468417499621,0.8972527714385043,38244972.0,13648248.0,17925207.0,10116666.0,3017610.0,16171195.0,1689133.0,2645226.0,20047775.0,14951578.0,3876186.0,15156131.0,514928.0,1167804.0,1477414.0,15200.0,3425200.0,6169077.0,10,5,9,3,4,10,3,3,6,17,9,10,2,3,11,1,5,10,0.309660762156135,0.11050673217321078,0.14513628775637452,0.08191232311633168,0.024432895714761527,0.13093445508799118,0.013676522293259328,0.021417787918245158,0.16232223378369082,0.31979578520700835,0.08290683066887074,0.32417092121281654,0.01101367388011315,0.02497788508663669,0.0316000605558709,0.00032510922493575776,0.0732607971874972,0.13194893697625065,0.18867924528301888,0.09433962264150944,0.16981132075471697,0.05660377358490566,0.07547169811320754,0.18867924528301888,0.05660377358490566,0.05660377358490566,0.11320754716981132,0.25,0.1323529411764706,0.14705882352941177,0.029411764705882353,0.04411764705882353,0.16176470588235295,0.014705882352941176,0.07352941176470588,0.14705882352941177,7,9,0.438,319,433,-114,0.667,0.5
274,miami-dolphins,2019,1.0555220162357286,0.4214221091742852,0.8432463683567177,3.0072404518268514,0.29314759250894434,0.5922726189682674,0.5349638935153418,0.7723561283376665,2.7582292124045917,0.8574383917868313,0.5197235494413247,0.5281185105541881,7.7577765994674355,0.43991648853830806,1.650022906595989,0.07442173852192875,0.5618355449834713,0.26918127827248123,9518802.0,3325373.0,9505599.0,6779898.0,1321817.0,7344113.0,1809134.0,2611944.0,18655488.0,18664576.0,6285142.0,8941330.0,18763332.0,2660008.0,51880723.0,90000.0,2717765.0,4882911.0,8,7,10,2,4,11,3,3,6,18,10,14,2,5,26,1,4,15,0.15637363203492277,0.05462879192999993,0.15615673488087364,0.11137927599358709,0.021714636482144025,0.12064812608612856,0.029720216306407882,0.04290867379653703,0.3064699124893991,0.1624620110753996,0.05470774204645523,0.07782799102903826,0.16332161262036704,0.023153499396753055,0.4515852165420602,0.0007833867212834604,0.023656233472988265,0.042502307095654925,0.14814814814814814,0.12962962962962962,0.18518518518518517,0.037037037037037035,0.07407407407407407,0.2037037037037037,0.05555555555555555,0.05555555555555555,0.1111111111111111,0.18947368421052632,0.10526315789473684,0.14736842105263157,0.021052631578947368,0.05263157894736842,0.2736842105263158,0.010526315789473684,0.042105263157894736,0.15789473684210525,5,11,0.313,306,494,-188,0.333,0.333
275,miami-dolphins,2020,1.1963832361886837,0.9626911920627393,0.9573551726760599,1.529418036896994,0.3307185615782974,1.5307078135510774,0.40224739562151196,0.48715919369668387,0.9559209703656842,0.6087152613867937,1.6604087662468443,0.10481430956239705,1.7220201631365994,1.5688873041352993,1.8406253319562798,0.11187784731056521,0.24090363847974386,0.37481201531410197,24729760.0,17056495.0,25442931.0,13548743.0,6836096.0,49720619.0,3563412.0,4315625.0,11291029.0,5118791.0,6981331.0,503658.0,5171701.0,5654161.0,18794877.0,134400.0,289400.0,3602124.0,7,6,9,3,7,11,3,3,4,14,7,8,5,6,17,2,2,16,0.15801288025133556,0.10898390853540446,0.16256974630348187,0.08657083227718833,0.043679810019775125,0.317694074510601,0.022768720506878035,0.027575048699812293,0.07214497889552333,0.11067550207032611,0.15094625147698584,0.0108897983960932,0.1118194911127662,0.12225095876378957,0.40637182653580206,0.002905918111962733,0.00625723736311023,0.07788301616916404,0.1320754716981132,0.11320754716981132,0.16981132075471697,0.05660377358490566,0.1320754716981132,0.20754716981132076,0.05660377358490566,0.05660377358490566,0.07547169811320754,0.18181818181818182,0.09090909090909091,0.1038961038961039,0.06493506493506493,0.07792207792207792,0.22077922077922077,0.025974025974025976,0.025974025974025976,0.2077922077922078,10,6,0.625,404,338,66,0.5,0.583
276,miami-dolphins,2021,1.0691940243532443,0.49567404453114666,0.6612739375729018,2.1860920472001046,0.2687777127665753,1.537485561500074,0.6526456670386682,0.7585747855013936,1.5134028162918933,0.48156156557700946,1.2703390189816275,1.1319223461856542,0.1858487708359413,0.5157362665836861,0.6307689195097175,0.0,0.0,2.2752323899660514,23243047.0,10775383.0,14375334.0,11880781.0,2921459.0,45956853.0,5320412.0,10306589.0,24674726.0,3542140.0,6006867.0,11894125.0,292932.0,3793513.0,4639639.0,0.0,0.0,15540142.0,8,8,8,2,4,11,3,5,6,14,9,20,3,14,14,0,0,13,0.15551913081501736,0.07209804284089406,0.0961853000106039,0.07949425626182198,0.019547470019387295,0.3074971123000148,0.03559885456574554,0.06896134413649033,0.16509848905002472,0.07749266572503599,0.13141438127396146,0.2602120336058975,0.006408578304687631,0.08299204289852419,0.1015030445188051,0.0,0.0,0.3399772536730881,0.14545454545454545,0.14545454545454545,0.14545454545454545,0.03636363636363636,0.07272727272727272,0.2,0.05454545454545454,0.09090909090909091,0.10909090909090909,0.16091954022988506,0.10344827586206896,0.22988505747126436,0.034482758620689655,0.16091954022988506,0.16091954022988506,0.0,0.0,0.14942528735632185,9,8,0.529,341,373,-32,0.667,0.5
277,miami-dolphins,2022,0.886095118399961,1.1332469328626245,0.6929284162530324,1.826080364187738,0.5446190932999506,0.9885116714039441,0.6062497944727349,1.7467929930008559,1.1037357751261403,1.3324742408189933,0.4213694002077692,0.5825678066097006,0.0646729202750712,1.1870591805425497,1.1361255524026401,0.008833076535594753,2.4296412054495056,1.073947695726994,10017055.0,28824832.0,19583400.0,15482492.0,6156765.0,27937113.0,5140112.0,14810251.0,21835487.0,14958489.0,1669530.0,7309372.0,128122.0,8622735.0,12754259.0,5833.0,4813305.0,8510290.0,4,9,10,3,4,10,3,3,7,17,6,19,3,11,17,1,3,12,0.06687510327546876,0.19243815841063433,0.1307412106137797,0.10336303948232478,0.04110332779622269,0.18651163611395175,0.03431602610223027,0.09887507507552015,0.14577642312986758,0.25451755161711115,0.028406925856703544,0.12436840815263271,0.0021799860766877933,0.1467151796176185,0.21701274596454923,9.92480509617388e-05,0.08189801816121929,0.14480193650251605,0.07547169811320754,0.16981132075471697,0.18867924528301888,0.05660377358490566,0.07547169811320754,0.18867924528301888,0.05660377358490566,0.05660377358490566,0.1320754716981132,0.19101123595505617,0.06741573033707865,0.21348314606741572,0.033707865168539325,0.12359550561797752,0.19101123595505617,0.011235955056179775,0.033707865168539325,0.1348314606741573,9,8,0.529,397,399,-2,0.5,0.583
278,miami-dolphins,2023,2.084194949369965,0.9823774244805229,0.8278656766778629,1.3609865857298367,0.5998154037846489,0.7657983984705677,0.4841997770864134,0.5266034912039431,1.3876233182179545,0.19652576414248604,1.6796435756235029,1.4743366672415963,0.010908221450266807,0.7032436437080077,1.2936753701958104,0.0030306675262657947,0.9410171158009556,0.3483095707112455,33980543.0,22423241.0,24295417.0,13313648.0,9779341.0,27468131.0,4736612.0,5151420.0,31673175.0,1513369.0,13858164.0,16218996.0,6000.0,2320889.0,12808407.0,1667.0,1552802.0,2873783.0,5,7,9,3,5,11,3,3,7,14,15,20,1,6,18,1,3,15,0.19662216503490237,0.12974796172384265,0.1405809639641654,0.07703697655074546,0.05658635884760838,0.15893929024860837,0.02740753455206113,0.02980774478512885,0.18327100429293738,0.029584523634352742,0.2709102541328231,0.3170616488691605,0.00011729270376630977,0.045370557658581154,0.2503887813282214,3.258782286307306e-05,0.03035539083228889,0.05617896301794283,0.09433962264150944,0.1320754716981132,0.16981132075471697,0.05660377358490566,0.09433962264150944,0.20754716981132076,0.05660377358490566,0.05660377358490566,0.1320754716981132,0.15053763440860216,0.16129032258064516,0.21505376344086022,0.010752688172043012,0.06451612903225806,0.1935483870967742,0.010752688172043012,0.03225806451612903,0.16129032258064516,11,6,0.647,496,391,105,0.667,0.583
279,miami-dolphins,2024,0.9325066277378724,0.6300566860084309,0.9801869997372793,1.9926010420486622,0.8543666348279654,0.8938458910691648,0.8151354161107616,0.6527107231107776,1.9258116072043907,0.5142201500626891,2.797726879865664,0.6989894448380466,0.3540907887415207,0.1230198690520452,1.8334227406342936,0.2681593937307944,0.18643834346245983,0.5586812127051212,14604554.0,14801552.0,23026958.0,10402446.0,11150630.0,20998597.0,6383166.0,6815000.0,30161308.0,8489507.0,35924789.0,10257735.0,3247697.0,225666.0,28587252.0,1967632.0,513000.0,10760792.0,6,9,9,2,5,9,3,4,6,18,14,16,10,2,17,8,3,21,0.10556678804579687,0.10699075800143167,0.16644684901199083,0.0751924921527797,0.08060062592716655,0.15178515131363177,0.04613974053457141,0.04926118664987001,0.2180164083627612,0.084917089001178,0.35934106713870906,0.10260395520558481,0.03248539346252483,0.0022572453037072514,0.2859466659704861,0.019681423393085828,0.005131330554012655,0.1076358299707114,0.11320754716981132,0.16981132075471697,0.16981132075471697,0.03773584905660377,0.09433962264150944,0.16981132075471697,0.05660377358490566,0.07547169811320754,0.11320754716981132,0.1651376146788991,0.12844036697247707,0.14678899082568808,0.09174311926605505,0.01834862385321101,0.1559633027522936,0.07339449541284404,0.027522935779816515,0.1926605504587156,8,9,0.471,345,364,-19,0.5,0.5
280,minnesota-vikings,2011,1.6283716695301118,1.3310409128265352,0.7968490156542576,0.8371355405703187,1.5353834361765222,0.6578760082386237,1.0133858249571268,0.7838490075429636,0.4031095390177969,0.0,0.046258162917466095,0.2542721113236053,0.010299101860233757,0.0002564348145790916,3.553870878376778,1.3903092356697737,0.18444769193219,0.9868847495435151,28116074.0,15321500.0,13758693.0,8030164.0,14728058.0,12621259.0,3888333.0,9022820.0,3866800.0,0.0,89834.0,329200.0,6667.0,166.0,6901667.0,900000.0,238800.0,3833088.0,9,6,9,5,5,10,2,6,5,0,3,2,1,1,3,1,2,6,0.2571113162415966,0.14010956977121425,0.12581826562961962,0.07343294215529111,0.13468275755934406,0.11541684355063575,0.03555739736691674,0.08251042184662775,0.035360485878754115,0.0,0.0073039204606525415,0.026765485402484766,0.000542057992643882,1.3496569188373242e-05,0.5611375071121228,0.07317417029840914,0.019415546519177894,0.31164781564532057,0.15789473684210525,0.10526315789473684,0.15789473684210525,0.08771929824561403,0.08771929824561403,0.17543859649122806,0.03508771929824561,0.10526315789473684,0.08771929824561403,0.0,0.15789473684210525,0.10526315789473684,0.05263157894736842,0.05263157894736842,0.15789473684210525,0.05263157894736842,0.10526315789473684,0.3157894736842105,3,13,0.188,340,449,-109,0.0,0.25
281,minnesota-vikings,2012,1.944213712242613,0.9348427168416886,1.102642868071798,0.6022548401981518,1.703972165848038,0.4557768554639386,0.5586031103289639,0.8050609852756169,0.4890067479718019,1.1629279162399846,0.04972814678142412,0.225135210662768,1.2820437682416512,0.07917591514171167,1.4040745215745654,6.118845257516972,0.22587280207748364,1.815981975374814,31614869.0,11823375.0,15937850.0,3264423.0,15393500.0,9881853.0,3027816.0,5818267.0,4417634.0,2494495.0,85334.0,676085.0,550000.0,101900.0,3614109.0,2625000.0,193800.0,4674365.0,9,7,8,3,5,12,3,4,5,5,4,7,1,3,6,1,2,6,0.3124629180389914,0.11685533960521108,0.15752040972454256,0.03226365215347242,0.1521403719507177,0.09766646902798684,0.029925166624765923,0.0575043560911155,0.043661316783196596,0.16613255946285496,0.0056832167750199,0.0450270421325536,0.036629821949761464,0.006786507012146716,0.24069848941278266,0.17482415021477063,0.012907017261570494,0.31131119577853955,0.16071428571428573,0.125,0.14285714285714285,0.05357142857142857,0.08928571428571429,0.21428571428571427,0.05357142857142857,0.07142857142857142,0.08928571428571429,0.14285714285714285,0.11428571428571428,0.2,0.02857142857142857,0.08571428571428572,0.17142857142857143,0.02857142857142857,0.05714285714285714,0.17142857142857143,10,6,0.625,379,348,31,0.667,0.583
282,minnesota-vikings,2013,1.8387442655669413,0.9231194140284881,1.0047932171993803,1.0492218308566081,1.6334454683600668,0.45153625827633515,0.3082808825636614,0.1769978014338328,0.8519188828214143,0.440731812104086,1.6767224604708082,0.4765585926518043,0.24124815194523352,0.5128919675945913,0.7872186974222892,0.0,4.829010233477987,1.2474815050573584,35975494.0,12040709.0,19659032.0,9123684.0,17754873.0,10797625.0,2010531.0,769557.0,9260004.0,1327604.0,1346865.0,957016.0,145341.0,514990.0,1422790.0,0.0,3879011.0,2254652.0,9,6,9,4,5,11,3,2,5,15,4,10,3,5,9,0,4,9,0.30645737759449027,0.10256882378094313,0.1674655361998967,0.07772013561900802,0.15124495077408026,0.09197960816740161,0.017126715697981187,0.006555474127178994,0.07888137803901984,0.11205046070442864,0.11367609901497004,0.0807726428223397,0.012266855183655941,0.04346542098259248,0.12008420808136615,0.0,0.3273905243035924,0.1902937889070547,0.16666666666666666,0.1111111111111111,0.16666666666666666,0.07407407407407407,0.09259259259259259,0.2037037037037037,0.05555555555555555,0.037037037037037035,0.09259259259259259,0.2542372881355932,0.06779661016949153,0.1694915254237288,0.05084745762711865,0.0847457627118644,0.15254237288135594,0.0,0.06779661016949153,0.15254237288135594,5,10,0.344,391,480,-89,0.417,0.375
283,minnesota-vikings,2014,1.6426491056240304,0.9884204244744506,1.047707105157685,1.3731773202201527,0.43393460355359253,0.6612349444029973,0.4928279401555174,0.7822026443946907,1.239783730040393,0.09814227712652102,0.9466748413999468,1.1747364841995813,1.7496262305251642,3.6034475302630615,0.30336375171374963,0.0,0.7911285213417172,0.10258838516182435,26781873.0,9669168.0,15373705.0,4477677.0,3537451.0,11858906.0,2410531.0,3825927.0,10106763.0,662961.0,4110997.0,10202739.0,5909451.0,15648205.0,1463752.0,0.0,3435527.0,544496.0,10,6,9,2,5,11,3,3,5,14,9,18,7,9,10,0,9,11,0.3041942788192649,0.10982449160827229,0.17461785085961415,0.05085841926741306,0.04017912995866598,0.13469600719320315,0.027379330008639853,0.043455702466371704,0.1147947898185549,0.015793010112313727,0.09793188014482208,0.2430489277654306,0.14077452429512816,0.37277043416514427,0.03486939674870685,0.0,0.08184088151810867,0.012970945250345608,0.18518518518518517,0.1111111111111111,0.16666666666666666,0.037037037037037035,0.09259259259259259,0.2037037037037037,0.05555555555555555,0.05555555555555555,0.09259259259259259,0.16091954022988506,0.10344827586206896,0.20689655172413793,0.08045977011494253,0.10344827586206896,0.11494252873563218,0.0,0.10344827586206896,0.12643678160919541,7,9,0.438,325,343,-18,0.167,0.5
284,minnesota-vikings,2015,1.1018154327435608,0.7801677967754093,0.7343098619405566,0.7842057167662091,1.9549400425706494,0.8643579277122582,0.5166496724452436,1.554930070562431,1.2027140630470874,0.4482971354834805,0.30058220159311133,2.5294340885919295,0.030962389428823487,0.09607242477459595,0.2725198763234049,0.7483959899002575,1.0115908937670601,1.7213709256334844,24564404.0,10436062.0,14733952.0,5245038.0,17433750.0,19270412.0,3455531.0,6933272.0,16088332.0,1976735.0,1686868.0,15209132.0,24823.0,115534.0,1310899.0,300000.0,2027518.0,6210217.0,10,6,9,3,4,10,3,2,6,11,14,15,2,3,12,1,5,9,0.20788970429123788,0.08832088265381992,0.12469412749933982,0.04438900283582316,0.14754264472231318,0.16308640145514305,0.02924432108180624,0.058676606436318154,0.1361563090241986,0.06848984014330951,0.05844653919866054,0.5269654351233187,0.0008600663730228747,0.004003017698941498,0.045419979387234154,0.010394388748614689,0.07024936762271251,0.21517136570418555,0.18867924528301888,0.11320754716981132,0.16981132075471697,0.05660377358490566,0.07547169811320754,0.18867924528301888,0.05660377358490566,0.03773584905660377,0.11320754716981132,0.1527777777777778,0.19444444444444445,0.20833333333333334,0.027777777777777776,0.041666666666666664,0.16666666666666666,0.013888888888888888,0.06944444444444445,0.125,11,5,0.688,365,302,63,0.833,0.667
285,minnesota-vikings,2016,1.2218610215080166,0.7549073489231746,0.8406566119528864,1.5891714579733716,1.3616411733305935,1.2945651060744225,0.2682746088544059,1.4288029214036548,0.5240042262384891,1.027762910396974,0.07142023217741893,1.9992555048461946,1.6800258786181137,0.24206958451859184,0.8309011550529457,3.167459652184565,0.18367324255103315,0.06749856518805308,21970852.0,11877548.0,15116238.0,10715862.0,15302690.0,23278178.0,1808989.0,9634489.0,9422364.0,6424614.0,202933.0,19314285.0,1909446.0,550252.0,7082752.0,1800000.0,521888.0,268506.0,8,7,8,3,5,8,3,3,8,11,5,17,2,4,15,1,5,7,0.18443185230309683,0.09970474419740041,0.1268915640683602,0.08995310139471914,0.12845671446515033,0.19540605374708264,0.015185355218173918,0.08087563706058423,0.07909497754543232,0.16873719424427933,0.005329868072941711,0.507273784811721,0.05015002622740637,0.014451915493647273,0.18602264665364454,0.04727551719678455,0.01370695839933083,0.007052088900244351,0.1509433962264151,0.1320754716981132,0.1509433962264151,0.05660377358490566,0.09433962264150944,0.1509433962264151,0.05660377358490566,0.05660377358490566,0.1509433962264151,0.16417910447761194,0.07462686567164178,0.2537313432835821,0.029850746268656716,0.05970149253731343,0.22388059701492538,0.014925373134328358,0.07462686567164178,0.1044776119402985,8,8,0.5,327,307,20,0.333,0.417
286,minnesota-vikings,2017,1.362938836551362,0.7427730524213652,0.9217217309187421,0.678694193945038,0.5104381164931419,1.472574646903657,0.23667324954652147,1.1187207459450412,0.8519421791536559,0.6783611912176561,0.16517802204111268,0.9157390439978658,7.298388620229876,0.5135762496576819,0.07468205218694475,2.0731067814467106,0.23647345994680347,0.24824190408379418,27250680.0,9900699.0,18428959.0,4523284.0,4535880.0,32714161.0,1577353.0,7455923.0,11355855.0,4188411.0,509930.0,6784866.0,18025000.0,1585489.0,368888.0,2560000.0,1022042.0,766361.0,9,6,9,3,4,10,3,3,6,10,5,12,4,5,8,2,7,5,0.2314424439426841,0.08408751536845643,0.15651878449563547,0.03841665248745499,0.038523631433444665,0.27784427300069,0.013396599030935175,0.06332381580820988,0.09644628443248934,0.11695882607200969,0.014239484658716611,0.18946325048231705,0.50333714622275,0.04427381462566223,0.010300972715440655,0.07148644073954175,0.028539900338407316,0.02140016414515467,0.16981132075471697,0.11320754716981132,0.16981132075471697,0.05660377358490566,0.07547169811320754,0.18867924528301888,0.05660377358490566,0.05660377358490566,0.11320754716981132,0.1724137931034483,0.08620689655172414,0.20689655172413793,0.06896551724137931,0.08620689655172414,0.13793103448275862,0.034482758620689655,0.1206896551724138,0.08620689655172414,13,3,0.813,382,252,130,0.833,0.833
287,minnesota-vikings,2018,1.285640505659385,0.9052341743768351,0.8407723947594571,2.611110060450752,0.47920165007270576,0.9736326770320411,0.31871685795691673,0.8771246796033578,0.8865641848704932,0.414689601028804,0.32007588522132585,1.1713294037647801,0.01821536757701002,0.6476956649246703,2.38397063844661,0.5983256434123212,0.7228902202298657,1.2448272909923186,43430595.0,18347987.0,22721901.0,26462000.0,8094025.0,32890568.0,3230000.0,8889121.0,14974641.0,1138296.0,702870.0,4179790.0,10000.0,711153.0,5889460.0,328473.0,1190572.0,3416970.0,10,6,8,3,5,10,3,3,5,10,8,13,2,4,9,2,6,10,0.24257368031309148,0.10247934049549076,0.1269090407184086,0.1477986826670237,0.04520770283704771,0.1837042786852908,0.018040576865485852,0.04964856677000138,0.08363813064815973,0.06479525016075062,0.04000948565266573,0.23792628513972097,0.0005692302367815631,0.0404809790577919,0.33524587103155445,0.018697676356635037,0.06777095814654992,0.19450426421754977,0.18867924528301888,0.11320754716981132,0.1509433962264151,0.05660377358490566,0.09433962264150944,0.18867924528301888,0.05660377358490566,0.05660377358490566,0.09433962264150944,0.15625,0.125,0.203125,0.03125,0.0625,0.140625,0.03125,0.09375,0.15625,8,7,0.531,360,341,19,0.583,0.542
288,minnesota-vikings,2019,1.3407137694038902,0.6012923240086497,0.6726144656340773,4.279832261201935,0.2525018992596147,1.2694140012826884,0.3030876406670461,0.5032375550926963,1.2549031253701672,0.7521047360649747,0.5886896810175014,1.5392312174773721,0.5329122573649127,0.3544612996928858,1.2994080928877594,0.5340998877854349,1.2521704915812364,1.1400583336082923,37259520.0,12532800.0,23365625.0,29735000.0,4385770.0,39687797.0,3158644.0,5244517.0,21796733.0,1141596.0,1228636.0,2920438.0,303334.0,336266.0,3205037.0,304010.0,950315.0,3460917.0,8,6,10,2,5,9,3,3,5,8,11,10,3,5,13,3,4,16,0.21030804225943375,0.07074027341278233,0.13188518934001517,0.16783655926282096,0.024755088162707325,0.22401423552047448,0.01782868474512036,0.02960220912309978,0.12302971817354584,0.08242243682903833,0.08870666426291117,0.21085359143525648,0.021900503727325177,0.024278171211841493,0.23140144119919,0.021949310456935676,0.0686120817304787,0.249875799147023,0.1568627450980392,0.11764705882352941,0.19607843137254902,0.0392156862745098,0.09803921568627451,0.17647058823529413,0.058823529411764705,0.058823529411764705,0.09803921568627451,0.1095890410958904,0.1506849315068493,0.136986301369863,0.0410958904109589,0.0684931506849315,0.1780821917808219,0.0410958904109589,0.0547945205479452,0.2191780821917808,10,6,0.625,407,303,104,0.333,0.583
289,minnesota-vikings,2020,0.6638038372221403,0.6095971969590179,0.45262023500108084,4.972488200697507,0.8200799509935021,1.558668625038419,0.6512297570242357,0.35326018353325933,1.3775368789102955,1.4217231694958063,1.843270452693044,1.192457699917906,0.09660697033649145,0.019547310357017737,0.4445420286856914,0.17350591875499177,1.6253930884495442,1.5866957337451448,10070830.0,11890851.0,8828846.0,21554166.0,8886969.0,27025345.0,4234313.0,2296907.0,17913562.0,19700994.0,15024957.0,15552032.0,314987.0,31867.0,11233076.0,848574.0,9274289.0,10346842.0,7,9,9,2,5,8,3,3,6,17,10,16,4,2,31,6,7,8,0.08935820885682658,0.10550720716598386,0.0783381175963409,0.19124954618067333,0.07885384144168288,0.23979517308283368,0.03757094752062898,0.020380395203841883,0.15894656295118795,0.23929993942008623,0.18250202501911328,0.18890419008600493,0.0038260186271877805,0.0003870754526142126,0.13644359296293498,0.010307282302276741,0.11265100613016643,0.12567886999961544,0.1346153846153846,0.17307692307692307,0.17307692307692307,0.038461538461538464,0.09615384615384616,0.15384615384615385,0.057692307692307696,0.057692307692307696,0.11538461538461539,0.16831683168316833,0.09900990099009901,0.15841584158415842,0.039603960396039604,0.019801980198019802,0.3069306930693069,0.0594059405940594,0.06930693069306931,0.07920792079207921,7,9,0.438,430,475,-45,0.667,0.417
290,minnesota-vikings,2021,0.8994172210069667,0.8296926042111363,0.7772215358092779,5.19370660002121,0.9597434713729689,0.8833525503676343,0.3918355985806918,0.24545458785244587,0.5801667338906794,1.3651604988794555,3.5577919387124286,0.5465616020333082,0.20924637373849053,0.10442436709701337,1.1457804385117198,1.0457267257136227,0.5628548563755851,0.892577716138123,17077734.0,10502556.0,16397263.0,32871930.0,10123990.0,20499973.0,2480000.0,2071370.0,6119971.0,19655990.0,13480567.0,6626996.0,634272.0,474800.0,12155898.0,3962286.0,4691878.0,8793201.0,9,6,10,3,5,11,3,4,5,19,5,16,4,6,14,5,11,13,0.14454919623326248,0.0888956361654789,0.13878955996594247,0.27823428214399337,0.0856913813725865,0.17351567953649957,0.02099119278110849,0.01753247056088899,0.05180060124023923,0.2789037578355877,0.19127913648991554,0.09403210357562292,0.008999844031763033,0.006737055941742799,0.17248307676520513,0.05622186697385069,0.06657423032399393,0.12476892806231828,0.16071428571428573,0.10714285714285714,0.17857142857142858,0.05357142857142857,0.08928571428571429,0.19642857142857142,0.05357142857142857,0.07142857142857142,0.08928571428571429,0.20430107526881722,0.053763440860215055,0.17204301075268819,0.043010752688172046,0.06451612903225806,0.15053763440860216,0.053763440860215055,0.11827956989247312,0.13978494623655913,8,9,0.471,425,426,-1,0.667,0.5
291,minnesota-vikings,2022,0.668226024469808,1.4775189663269266,0.5209418410211123,5.419348376797234,1.202956873384836,0.5826321704699673,0.461685376148396,0.3943793126530684,1.2458681176687183,0.7481411847840572,2.2760590943124566,1.9015392961411373,0.3836094890236613,0.15747634404205785,0.9040542605577548,0.43476393632695387,0.9276709037260774,0.3742806712717941,18126763.0,35626849.0,14131430.0,32668668.0,18129024.0,17560983.0,4174666.0,3566069.0,18775713.0,6638474.0,11360325.0,10545569.0,1063712.0,262000.0,8523307.0,723335.0,4630215.0,2283257.0,9,8,9,2,5,10,3,3,5,16,9,10,5,3,17,3,9,11,0.11137100407830135,0.21889169871510022,0.08682364017018537,0.2007166065480457,0.1113848956837811,0.10789484638332728,0.025649187563799778,0.021909961814059357,0.11535815904339984,0.14421998742825198,0.24680158853990491,0.2291011200170045,0.023109005362871162,0.005691916049712934,0.18516774011423892,0.01571435914434773,0.1005908208859602,0.04960346245770765,0.16666666666666666,0.14814814814814814,0.16666666666666666,0.037037037037037035,0.09259259259259259,0.18518518518518517,0.05555555555555555,0.05555555555555555,0.09259259259259259,0.1927710843373494,0.10843373493975904,0.12048192771084337,0.060240963855421686,0.03614457831325301,0.20481927710843373,0.03614457831325301,0.10843373493975904,0.13253012048192772,13,4,0.765,424,427,-3,0.667,0.667
292,minnesota-vikings,2023,0.6508310606260684,2.391429237347534,1.0618017760922418,0.4798162090196951,0.7658798725527611,1.0393034713132674,0.5920500422496117,0.6610320139158044,0.9047270194238081,1.2890020570004026,0.6113432017589797,0.47148972106989495,4.87370886047647,1.0202789853957175,0.18163248393902012,0.013504929459667433,1.2235776335709438,0.933075180858428,12219147.0,28061454.0,24918740.0,3378149.0,7189576.0,26829816.0,4168332.0,4654000.0,10616227.0,21156161.0,10033867.0,4887459.0,21050346.0,7050803.0,1882801.0,11666.0,5284832.0,19344501.0,8,5,10,3,4,11,3,3,5,19,19,12,5,8,12,1,5,24,0.10012785548093361,0.22994511897572445,0.20419264924850805,0.02768170436652087,0.05891383635021239,0.2198526573931912,0.03415673320670837,0.03813646234129641,0.08699298263690464,0.2332479912667395,0.11062400793733919,0.05388453955084514,0.23208137430840337,0.07773554174443562,0.020757998164459442,0.00012861837580635651,0.05826560159861638,0.213274327053355,0.15384615384615385,0.09615384615384616,0.19230769230769232,0.057692307692307696,0.07692307692307693,0.21153846153846154,0.057692307692307696,0.057692307692307696,0.09615384615384616,0.18095238095238095,0.18095238095238095,0.11428571428571428,0.047619047619047616,0.0761904761904762,0.11428571428571428,0.009523809523809525,0.047619047619047616,0.22857142857142856,7,10,0.412,344,362,-18,0.333,0.5
293,minnesota-vikings,2024,0.7399715598822695,0.7143667500500144,1.4125451892249736,0.8659682419334038,0.6796740963246976,1.2077640412134554,0.33373646528816225,1.6044052407348735,1.0469802711522158,1.0570871376111726,1.059099157269219,0.71290109524996,7.926702377620615,0.7152933981130902,0.6219584472336965,0.14041295572697635,0.15375107031695018,0.18022580955611545,11699556.0,22589446.0,40200292.0,8215000.0,8596963.0,38191476.0,3165988.0,15220176.0,16553615.0,11318734.0,17446581.0,9982100.0,32644218.0,5302375.0,7684159.0,578257.0,1393011.0,1781320.0,5,10,9,3,4,10,3,3,5,13,20,17,5,9,15,5,11,12,0.0711511115271413,0.13737822116346432,0.24447897505816854,0.04995970626538868,0.05228262279420751,0.2322623156179722,0.019254026843547826,0.09256184081162733,0.1006711799184823,0.12843114756023594,0.19796245930265774,0.11326465999298428,0.3704066531598419,0.060164865261848714,0.08719043652808829,0.006561353071354035,0.015806184798938805,0.020212240324050328,0.09615384615384616,0.19230769230769232,0.17307692307692307,0.057692307692307696,0.07692307692307693,0.19230769230769232,0.057692307692307696,0.057692307692307696,0.09615384615384616,0.12149532710280374,0.18691588785046728,0.1588785046728972,0.04672897196261682,0.08411214953271028,0.14018691588785046,0.04672897196261682,0.102803738317757,0.11214953271028037,14,3,0.824,432,332,100,0.667,0.75
294,new-england-patriots,2011,1.018710480310331,0.8829639460663148,1.1242580344501933,2.9721357961517,0.6677962171619327,0.5271816175675365,0.7362538229356353,0.7698001439180336,1.2007448677911163,0.16484290756666486,0.36303353906945934,0.8009746014732203,0.15968806477396152,0.4822280724707395,2.405318284927772,0.0,0.9763307268692538,0.5274057870767904,17613710.0,11103000.0,26507248.0,14015135.0,4198666.0,9943720.0,3471812.0,2420000.0,11324248.0,117680.0,194375.0,1429523.0,28500.0,258194.0,3434274.0,0.0,1393989.0,282383.0,11,8,15,3,4,12,3,2,6,4,3,10,1,3,8,0,8,3,0.17509086380333816,0.11037049325828935,0.26349797682426407,0.13931886544461092,0.041737263572620795,0.09884655329391308,0.0345118979501079,0.02405625449743855,0.11256983135541715,0.016484290756666485,0.027227515430209452,0.2002436503683051,0.003992201619349039,0.03616710543530546,0.48106365698555437,0.0,0.19526614537385076,0.039555434030759284,0.171875,0.125,0.234375,0.046875,0.0625,0.1875,0.046875,0.03125,0.09375,0.1,0.075,0.25,0.025,0.075,0.2,0.0,0.2,0.075,13,3,0.813,513,342,171,0.833,0.833
295,new-england-patriots,2012,0.944066645370754,1.1374216451172148,1.0818205789693032,1.870783495583153,0.3620090672918292,0.6690648323559376,0.8366551486044771,1.043596038936653,1.4854096253257625,1.1202131388975793,0.9646434064821664,1.0715555601870512,0.0,0.637475498154368,1.8555771687799723,0.0,0.4135979821994486,0.7000706698982792,15239973.0,16525155.0,19210093.0,9059961.0,2921938.0,11880711.0,4051812.0,8423333.0,14387291.0,5447624.0,2736466.0,5211001.0,0.0,1033353.0,6767788.0,0.0,1173280.0,3971871.0,10,9,11,3,5,11,3,5,6,12,7,12,0,4,9,0,7,14,0.14985184847154825,0.1624888064453164,0.1888893074390847,0.08908492836110253,0.028730878356494384,0.11682084374468751,0.039840721362117956,0.08282508245528991,0.14146758336435833,0.20680857948878387,0.10388467454423331,0.19782564188068638,0.0,0.039229261424884185,0.25692606952338076,0.0,0.04454132115994062,0.1507844519780909,0.15873015873015872,0.14285714285714285,0.1746031746031746,0.047619047619047616,0.07936507936507936,0.1746031746031746,0.047619047619047616,0.07936507936507936,0.09523809523809523,0.18461538461538463,0.1076923076923077,0.18461538461538463,0.0,0.06153846153846154,0.13846153846153847,0.0,0.1076923076923077,0.2153846153846154,12,4,0.75,557,331,226,1.0,0.917
296,new-england-patriots,2013,0.2248439718885966,1.1790699484667988,1.4795449545865487,4.564583582224909,0.42433310690367565,0.91276068744898,0.9086063529188165,0.29190466343071153,0.9546572858982131,1.9100063495469979,0.07772131109786592,0.5609163843856341,0.0,0.36380059174820556,0.5855423506499183,0.047778958385792374,1.319642710333153,1.0519274585192202,2877468.0,16975452.0,18934656.0,14603953.0,3394034.0,14601457.0,4360500.0,1400882.0,7635839.0,17082497.0,77235.0,4180550.0,0.0,1446097.0,3200332.0,47480.0,5901235.0,7317418.0,8,9,8,2,5,10,3,3,5,18,2,15,0,8,11,2,9,14,0.033938712737901375,0.20021942521134323,0.22332754031495075,0.1722484370650909,0.040031425179592045,0.17221899763188303,0.05143054827842358,0.01652290547721009,0.09006200810360501,0.4351913201499489,0.001967628129059897,0.10650311095929763,0.0,0.03684056625298284,0.0815312133816342,0.0012095938831846171,0.15033904294934655,0.1864175242945454,0.1509433962264151,0.16981132075471697,0.1509433962264151,0.03773584905660377,0.09433962264150944,0.18867924528301888,0.05660377358490566,0.05660377358490566,0.09433962264150944,0.22784810126582278,0.02531645569620253,0.189873417721519,0.0,0.10126582278481013,0.13924050632911392,0.02531645569620253,0.11392405063291139,0.17721518987341772,12,4,0.75,444,338,106,0.667,0.75
297,new-england-patriots,2014,0.7914752338270934,0.9432603885170742,0.8876925906365419,3.789426938061187,0.2696403227555402,1.1284676626988317,0.8087057989977645,1.1953393577939835,1.046510645772619,0.9256671844237325,0.44434070712750473,1.5703083309964023,0.22646165390550965,0.621043723822987,0.7039198079082388,0.0800248698046676,3.310049184903356,0.548909167705347,9670472.0,17287540.0,16269125.0,15433436.0,3294543.0,22979904.0,4940500.0,7302500.0,12786568.0,4166239.0,1176404.0,4573177.0,179869.0,1315384.0,3354564.0,105934.0,7887100.0,1598577.0,6,9,9,2,6,10,3,3,6,17,10,11,3,8,18,5,9,11,0.08794169264745483,0.1572100647528457,0.14794876510609034,0.14034914585411806,0.029960035861726686,0.20897549309237626,0.04492809994432026,0.06640774209966575,0.11627896064140213,0.17104719712177666,0.048297902948641815,0.18775425696696113,0.0073846191490927054,0.05400380207156408,0.1377234406776989,0.004349177706775413,0.3238091593927196,0.06563044396476975,0.1111111111111111,0.16666666666666666,0.16666666666666666,0.037037037037037035,0.1111111111111111,0.18518518518518517,0.05555555555555555,0.05555555555555555,0.1111111111111111,0.18478260869565216,0.10869565217391304,0.11956521739130435,0.03260869565217391,0.08695652173913043,0.1956521739130435,0.05434782608695652,0.09782608695652174,0.11956521739130435,12,4,0.75,468,313,155,0.667,0.75
298,new-england-patriots,2015,0.5459080263680539,1.0115844960583804,0.7875697842493571,3.988867479473086,0.3079774489730262,0.6670197055233292,0.9281957912711988,2.0377879709585587,1.2325546609518163,0.6589789511997383,0.9793128597476852,2.0658711225807806,0.045989637877591354,0.7287415287982931,1.4686538912975209,0.0,0.44813542052455596,0.38827267988377573,6073122.0,16880525.0,13142344.0,14791795.0,1713095.0,13604188.0,5163000.0,11335000.0,13711934.0,4262835.0,7825621.0,12577701.0,35000.0,3050312.0,12853617.0,0.0,1193673.0,3102660.0,6,9,9,2,3,11,3,3,6,17,21,16,2,11,23,0,7,21,0.06298938765785238,0.17508193201010427,0.13631015496623486,0.15341797997973405,0.01776792974844382,0.14110032232224273,0.053549757188723006,0.11756469063222454,0.14221784549444033,0.0949376455118267,0.17428449198899482,0.28011811831603806,0.0007794853877557856,0.06793353234560359,0.2862630466088388,0.0,0.02658430460738891,0.0690993752335533,0.11538461538461539,0.17307692307692307,0.17307692307692307,0.038461538461538464,0.057692307692307696,0.21153846153846154,0.057692307692307696,0.057692307692307696,0.11538461538461539,0.1440677966101695,0.17796610169491525,0.13559322033898305,0.01694915254237288,0.09322033898305085,0.19491525423728814,0.0,0.059322033898305086,0.17796610169491525,12,4,0.75,465,315,150,0.667,0.75
299,new-england-patriots,2016,0.6385218348314216,1.4424912884494037,1.151815953645285,2.2899689171878284,0.4356816606318193,0.6559634417128871,0.9594400864238178,1.2219015874511723,1.0878432218931908,0.6016023284412324,1.7838387186731581,1.2519934392240857,0.0,0.17621817842493853,0.05208400078078737,0.0,4.000721364455442,0.46769727872621203,8501955.0,22407997.0,20448661.0,15245534.0,4834272.0,17468382.0,6387500.0,5423230.0,16898811.0,4349146.0,7466020.0,6192789.0,0.0,603440.0,178356.0,0.0,9133357.0,2135438.0,6,7,8,3,5,12,3,2,7,19,11,13,0,9,9,0,6,12,0.07228549073563263,0.19051771734237408,0.17385901187098643,0.12962088210497144,0.041102043455832016,0.1485200245387669,0.05430792942021611,0.04610949386608198,0.14367740666513842,0.1446891675997901,0.24838260639752835,0.2060242368343432,0.0,0.02007548868132211,0.005933620342115017,0.0,0.3038522555282614,0.07104262461663981,0.11320754716981132,0.1320754716981132,0.1509433962264151,0.05660377358490566,0.09433962264150944,0.22641509433962265,0.05660377358490566,0.03773584905660377,0.1320754716981132,0.24050632911392406,0.13924050632911392,0.16455696202531644,0.0,0.11392405063291139,0.11392405063291139,0.0,0.0759493670886076,0.1518987341772152,14,2,0.875,441,250,191,0.833,0.917
300,new-england-patriots,2017,0.5193098916128513,0.44173229172568196,0.899159289419187,2.90718090364174,0.829091462214998,1.6476084429643927,0.9485450851071533,1.593961803282506,0.7062726128924609,0.36013133256467544,2.205621514305808,0.9362356588604284,0.6969033293413117,0.18922485905376124,0.5455416887811401,0.0,0.46742245839768826,1.3769895949980626,11636697.0,6598892.0,17909656.0,14476470.0,12385522.0,36919613.0,7085000.0,11905833.0,10550772.0,2283831.0,12122331.0,5145651.0,883905.0,80000.0,3228998.0,0.0,1185694.0,9314562.0,9,6,8,2,6,9,3,3,6,15,13,13,3,1,14,0,6,16,0.08988055816376275,0.05096911058373254,0.13833219837218264,0.11181465014006693,0.09566439948634592,0.28516299974383724,0.05472375491002809,0.09195933480475997,0.08149299379528395,0.06669098751197694,0.35398863809846304,0.15026004401463666,0.025811234420048585,0.002336109371034089,0.09429115608562916,0.0,0.03462388580723617,0.2719979446909754,0.17307692307692307,0.11538461538461539,0.15384615384615385,0.038461538461538464,0.11538461538461539,0.17307692307692307,0.057692307692307696,0.057692307692307696,0.11538461538461539,0.18518518518518517,0.16049382716049382,0.16049382716049382,0.037037037037037035,0.012345679012345678,0.1728395061728395,0.0,0.07407407407407407,0.19753086419753085,13,3,0.813,458,296,162,0.833,0.833
301,new-england-patriots,2018,0.5680614447039313,0.8541995831155252,0.7197617262164464,3.8238731436582976,0.7238332374899407,1.0534638403734953,0.8744095689622291,2.459589797809667,0.9418081240543288,0.7603830165108323,1.8017948408842852,1.066808093868737,0.6516150343602799,1.062336473155287,0.8531135935154838,0.0,1.2997241602758838,0.6615309076944903,17020868.0,15356668.0,17253020.0,22915000.0,8675308.0,37878020.0,7860000.0,14739375.0,14109734.0,1927395.0,4567133.0,4867401.0,495508.0,1884944.0,1946201.0,0.0,1317800.0,3018290.0,10,6,8,2,4,12,3,2,5,10,10,18,3,7,9,0,4,18,0.10924258551998677,0.09856149035948368,0.11073257326406868,0.14707204398685758,0.05567947980691851,0.24310704008619122,0.05044670590166706,0.09459960760806412,0.0905584734667624,0.09625101474820662,0.22807529631446646,0.24307019860300333,0.024744874722542273,0.09413107989983556,0.09719015622328296,0.0,0.06580881824181689,0.1507285612468459,0.19230769230769232,0.11538461538461539,0.15384615384615385,0.038461538461538464,0.07692307692307693,0.23076923076923078,0.057692307692307696,0.038461538461538464,0.09615384615384616,0.12658227848101267,0.12658227848101267,0.22784810126582278,0.0379746835443038,0.08860759493670886,0.11392405063291139,0.0,0.05063291139240506,0.22784810126582278,11,5,0.688,436,325,111,0.833,0.667
302,new-england-patriots,2019,0.48449301795021765,1.3603429728886052,0.7205845685814988,2.541734564088185,0.835223380524357,1.3888498442116208,0.19902802684130655,0.30196762679373496,1.0632623462773445,1.398273505769057,0.43208857122356714,0.889915284382606,1.431352244167617,0.7614149460904186,0.671357345606051,1.0923084081648773,0.7127840129286215,1.5112085388193763,10022951.0,24121800.0,19166266.0,22535204.0,12341919.0,45150028.0,1764597.0,2677267.0,18853923.0,6859678.0,1348931.0,6747090.0,1915079.0,1697893.0,3892387.0,2922910.0,2861010.0,10109614.0,7,6,9,3,5,11,3,3,6,11,7,17,3,5,13,6,9,15,0.06398964388021741,0.15400109127040812,0.12236341730629224,0.1438717677785765,0.07879465854003367,0.28825185445901563,0.011265737368375842,0.017092507177003863,0.12036932222007674,0.17884893678441424,0.035169999983313605,0.17591348644772442,0.049930892238405244,0.044268310819210385,0.10148424991719375,0.07620756336034026,0.07459367577159992,0.26358288467779817,0.1320754716981132,0.11320754716981132,0.16981132075471697,0.05660377358490566,0.09433962264150944,0.20754716981132076,0.05660377358490566,0.05660377358490566,0.11320754716981132,0.12790697674418605,0.08139534883720931,0.19767441860465115,0.03488372093023256,0.05813953488372093,0.1511627906976744,0.06976744186046512,0.10465116279069768,0.1744186046511628,12,4,0.75,420,225,195,0.833,0.667
303,new-england-patriots,2020,1.169240515767259,0.3572492731724804,1.7931477884914921,0.46232498707484504,1.0835024578972938,1.1520197547876625,0.4303199921271951,0.28031945861728713,0.6769299950094306,0.4638131661934302,0.4865659861323348,0.6559623333234658,3.900905920857737,0.7633362957252328,2.5674476197954403,0.48889088761113436,0.16921818486818005,1.0192399110840535,16060020.0,3504980.0,31666698.0,2721528.0,8504212.0,29386473.0,2533127.0,1650132.0,7969649.0,7147289.0,4771395.0,7810942.0,13661899.0,4277416.0,26975434.0,1712212.0,1303813.0,14992405.0,7,5,9,3,4,13,3,3,6,22,14,17,5,8,15,5,11,21,0.1544279926485059,0.03370276162004532,0.3044967942721402,0.026169338891028966,0.08177377040734295,0.282570883249804,0.024357735403426138,0.015867139167016254,0.07663358434069027,0.08647364115470733,0.05772816784620921,0.09450304802117726,0.16529262376515835,0.05175161326950731,0.3263704601434882,0.02071571557674298,0.01577457655550831,0.18139015366750105,0.1320754716981132,0.09433962264150944,0.16981132075471697,0.05660377358490566,0.07547169811320754,0.24528301886792453,0.05660377358490566,0.05660377358490566,0.11320754716981132,0.1864406779661017,0.11864406779661017,0.1440677966101695,0.0423728813559322,0.06779661016949153,0.1271186440677966,0.0423728813559322,0.09322033898305085,0.17796610169491525,7,9,0.438,326,353,-27,0.5,0.5
304,new-england-patriots,2021,0.7411965436115465,1.2674162259467485,1.2831720576962926,0.6191035732517102,0.4417924028375581,1.0203586491747556,0.3803718715732736,1.798724026019288,0.9983009679913389,0.9356516530147426,0.5062006171726399,0.6584099407606067,1.2884467447222316,0.7097273030014,2.502568320727798,0.6084668569213123,0.440351856118715,0.6575787910984857,12977664.0,28531649.0,28886339.0,4645684.0,5525268.0,33178848.0,2854268.0,13497424.0,17479324.0,7162486.0,3875005.0,4264767.0,3793523.0,2925471.0,22104640.0,2149782.0,2074417.0,4646600.0,7,9,9,3,5,13,3,3,7,13,13,11,5,7,15,6,8,12,0.08793857297086145,0.1933346785342498,0.19573811049604467,0.031479842707714076,0.037440034138776106,0.22482478710630208,0.01934094262236985,0.09146054369589601,0.11844248772778598,0.1351496832132406,0.07311786692493688,0.08047232609296305,0.07158037470679066,0.05520101245566445,0.41709472012129967,0.04056445712808749,0.039142387210552444,0.08767717214646477,0.11864406779661017,0.15254237288135594,0.15254237288135594,0.05084745762711865,0.0847457627118644,0.22033898305084745,0.05084745762711865,0.05084745762711865,0.11864406779661017,0.14444444444444443,0.14444444444444443,0.12222222222222222,0.05555555555555555,0.07777777777777778,0.16666666666666666,0.06666666666666667,0.08888888888888889,0.13333333333333333,10,7,0.588,462,303,159,0.5,0.667
305,new-england-patriots,2022,0.9452620914718914,1.1479953129094185,0.5892090630620337,0.7251608135746086,0.2953297957951776,0.8477768954068554,0.2993627513819711,3.8454618980074726,1.6134697097128028,0.7371362092525278,0.7180291505514403,1.8630511969467816,1.0437312239966625,0.1756344199453921,1.8245658796598754,0.7854715850287842,0.25511926698423243,0.6844756693244627,22989521.0,24430134.0,14330030.0,4409121.0,3591327.0,30927906.0,2730277.0,23381168.0,34335751.0,3972005.0,3869048.0,16062266.0,2249628.0,851754.0,10814695.0,3809211.0,824815.0,4425897.0,8,7,8,2,4,12,3,2,7,10,10,16,4,9,11,9,6,12,0.14268107041085154,0.1516220224597345,0.08893721706596736,0.027364559002815418,0.022289041192088875,0.19194948575249557,0.016945061398979496,0.14511176973613102,0.21309977298093621,0.08472829991408365,0.08253208627028051,0.342630105185615,0.047987642482605175,0.018169077925385392,0.23069223765814517,0.08125568120987423,0.017594432205809134,0.09441043714820174,0.1509433962264151,0.1320754716981132,0.1509433962264151,0.03773584905660377,0.07547169811320754,0.22641509433962265,0.05660377358490566,0.03773584905660377,0.1320754716981132,0.11494252873563218,0.11494252873563218,0.1839080459770115,0.04597701149425287,0.10344827586206896,0.12643678160919541,0.10344827586206896,0.06896551724137931,0.13793103448275862,8,9,0.471,364,347,17,0.5,0.5
306,new-england-patriots,2023,1.513855085526942,1.0042137653988377,1.4043536409881938,0.7553262183344719,0.5105155682855287,0.9445620529158619,0.46756650320783716,0.7820850440964368,0.6338768176344768,0.25968083005892223,2.2107184203524217,0.7654515876545799,0.28152225452569074,0.282841238024792,0.7183384635569402,0.4773763555251079,3.3794031234355533,1.2608872554017256,28037042.0,13948751.0,26009043.0,5245824.0,3545587.0,28427047.0,3247301.0,5431667.0,8804689.0,3358502.0,19061097.0,13199643.0,2730736.0,1829020.0,13161413.0,3087000.0,29137646.0,13589414.0,8,6,8,3,3,13,3,3,6,12,8,16,9,6,17,6,8,10,0.2285064280040667,0.11368457721496274,0.21197790807368963,0.042754314245347466,0.028897107638803512,0.2316850318472869,0.026466028483462477,0.04426896476017566,0.07175963973220492,0.033871412616381165,0.19223638437847146,0.13312201524427478,0.02754022055142627,0.01844616769726904,0.13273645522247807,0.031133240577724427,0.29386114116830897,0.13705296254366583,0.1509433962264151,0.11320754716981132,0.1509433962264151,0.05660377358490566,0.05660377358490566,0.24528301886792453,0.05660377358490566,0.05660377358490566,0.11320754716981132,0.13043478260869565,0.08695652173913043,0.17391304347826086,0.09782608695652174,0.06521739130434782,0.18478260869565216,0.06521739130434782,0.08695652173913043,0.10869565217391304,4,13,0.235,236,366,-130,0.333,0.333
307,new-england-patriots,2024,1.1732480812151058,0.9279967215630467,0.7780281163932017,2.090525087386426,0.9806696220244806,1.1299886734724656,0.4946227433685094,0.9492318618864984,0.6276994065082152,0.7471705027269051,1.0916804182445012,0.9459077940499059,0.9368792819265978,0.19174115612368292,1.2003290457009002,0.09176311131262722,0.15147880217487866,1.8281662995470316,23024992.0,11382459.0,20994601.0,15384957.0,9622820.0,30492036.0,3640114.0,9314337.0,6159300.0,9966553.0,21357588.0,20188035.0,2499418.0,852549.0,19213515.0,326409.0,808234.0,24386022.0,8,5,11,3,4,11,3,4,4,15,22,24,3,5,18,4,6,15,0.17709404999473294,0.08754686052481572,0.16147753359104186,0.11833160871998638,0.07401280166222494,0.23452595109805888,0.027997513775576004,0.07164014051973572,0.04737354011382756,0.10006747804378192,0.21443722501231272,0.20269452729640838,0.02509498076589101,0.008559873041235845,0.19291002520193035,0.003277253975450972,0.00811493583079707,0.24484370083219173,0.1509433962264151,0.09433962264150944,0.20754716981132076,0.05660377358490566,0.07547169811320754,0.20754716981132076,0.05660377358490566,0.07547169811320754,0.07547169811320754,0.13392857142857142,0.19642857142857142,0.21428571428571427,0.026785714285714284,0.044642857142857144,0.16071428571428573,0.03571428571428571,0.05357142857142857,0.13392857142857142,4,13,0.235,289,417,-128,0.333,0.25
308,new-orleans-saints,2011,0.8485842948894033,1.251493464213182,1.0351685268346036,3.103027617554604,0.6532763656601285,0.9078386879035558,0.30382678088724624,0.4923326126855912,1.189144873924263,0.8819632613678153,0.013087538939467708,1.0253627697249583,0.03926261681840312,3.9918419423213054,0.11579307001031795,0.0,0.0,0.0,8925165.0,21060556.0,13065125.0,13054700.0,8245167.0,15277417.0,2556450.0,2071285.0,12507083.0,1546590.0,11475.0,2697078.0,34425.0,3500000.0,101526.0,0.0,0.0,0.0,5,8,6,2,6,8,4,2,5,2,1,3,1,1,1,0,0,0,0.09223742335754384,0.21765103725446644,0.13502198176103522,0.1349142442415045,0.08520996073827763,0.15788498920061841,0.026419720077151845,0.021405765768938746,0.12925487760046336,0.19599183585951455,0.00145417099327419,0.3417875899083194,0.004362512979822569,0.4435379935912562,0.012865896667813107,0.0,0.0,0.0,0.10869565217391304,0.17391304347826086,0.13043478260869565,0.043478260869565216,0.13043478260869565,0.17391304347826086,0.08695652173913043,0.043478260869565216,0.10869565217391304,0.2222222222222222,0.1111111111111111,0.3333333333333333,0.1111111111111111,0.1111111111111111,0.1111111111111111,0.0,0.0,0.0,13,3,0.813,547,339,208,0.833,0.75
309,new-orleans-saints,2012,0.9826026823118763,0.9030835198086034,1.0320082291374755,3.2451404073232735,0.8293849009188079,0.9150104355866977,0.7479479316001667,0.7134426952428254,0.9088900601125661,0.0,1.6605717877308368,0.8565079208063969,0.0,1.2786542468493398,1.2424007361395164,0.06493166097281804,0.4691941842923224,0.34350646762155373,13807317.0,15862414.0,16314247.0,11400000.0,7283959.0,16071907.0,3941250.0,2506285.0,11175083.0,0.0,6649278.0,6859275.0,0.0,2560000.0,3731125.0,65000.0,469688.0,687736.0,8,10,9,2,5,10,3,2,7,0,4,8,0,2,3,1,1,2,0.14037181175883948,0.16126491425153633,0.16585846539709426,0.11589787169011691,0.07405222329632213,0.16339472064048174,0.04006863919286607,0.025480096258672338,0.11361125751407077,0.0,0.316299388139207,0.3262887317357703,0.0,0.12177659493803236,0.17748581944850234,0.003091983855848478,0.022342580204396306,0.032714901678243216,0.14285714285714285,0.17857142857142858,0.16071428571428573,0.03571428571428571,0.08928571428571429,0.17857142857142858,0.05357142857142857,0.03571428571428571,0.125,0.0,0.19047619047619047,0.38095238095238093,0.0,0.09523809523809523,0.14285714285714285,0.047619047619047616,0.047619047619047616,0.09523809523809523,7,9,0.438,461,454,7,0.5,0.417
310,new-orleans-saints,2013,0.5776132576279194,0.9011518283299389,1.2712504276224081,3.433255486798007,0.9166379354845616,0.7496525567040766,0.5237272729658902,0.6691583836886007,1.0495230966880662,0.3285026337635326,2.2974642392839835,0.07991443505691533,0.045319851782914505,0.17396283433235918,1.5414003677878332,1.26668194737187,0.8444797783124232,0.23622261267630953,9182527.0,12734166.0,17964025.0,18193235.0,9714750.0,11917498.0,2775294.0,3545951.0,11123099.0,778000.0,10882270.0,425842.0,53666.0,103000.0,10951597.0,2249933.0,500000.0,699314.0,9,8,8,3,6,9,3,3,6,4,8,9,2,1,12,3,1,5,0.09451853306638681,0.13107662957526384,0.1849091531087139,0.1872684810980731,0.0999968656892249,0.12267041836975799,0.02856694216177583,0.0364995482011964,0.11449342872960723,0.029200234112314007,0.4084380869838192,0.015982887011383062,0.0020142156347962,0.003865840762941315,0.41104009807675546,0.08444546315812468,0.018766217295831625,0.026246956964034396,0.16363636363636364,0.14545454545454545,0.14545454545454545,0.05454545454545454,0.10909090909090909,0.16363636363636364,0.05454545454545454,0.05454545454545454,0.10909090909090909,0.08888888888888889,0.17777777777777778,0.2,0.044444444444444446,0.022222222222222223,0.26666666666666666,0.06666666666666667,0.022222222222222223,0.1111111111111111,11,5,0.688,414,304,110,0.833,0.75
311,new-orleans-saints,2014,0.4377675957107465,0.819017118320487,1.498380531403332,5.071227736790231,0.6443935953959218,0.5867750704643071,0.8285536255013196,1.0978186344956704,0.7865035204324342,1.0073012451446304,0.8750548184477537,0.09952562074208957,0.10193046057991194,0.5101195599506793,2.5573722557290384,0.704920740831328,0.25670654567350204,1.044633552363919,4929520.0,13833920.0,25308966.0,19035000.0,6046875.0,11012386.0,4665000.0,6181041.0,10332573.0,5169729.0,3849434.0,474306.0,112100.0,1496037.0,13125092.0,1033667.0,188212.0,4978376.0,6,9,9,2,5,10,3,3,7,14,12,13,3,8,14,4,2,13,0.048640843967860725,0.1365028530534145,0.24973008856722198,0.1878232495107493,0.05966607364777054,0.10866205008598279,0.046030756972295535,0.06098992413864835,0.10195416005605629,0.169906234120781,0.1265139496550969,0.015588350236712826,0.0036842335149365763,0.049168150356691975,0.4313639949422474,0.03397208389548569,0.0061856998957470375,0.16361730338230054,0.1111111111111111,0.16666666666666666,0.16666666666666666,0.037037037037037035,0.09259259259259259,0.18518518518518517,0.05555555555555555,0.05555555555555555,0.12962962962962962,0.1686746987951807,0.14457831325301204,0.1566265060240964,0.03614457831325301,0.0963855421686747,0.1686746987951807,0.04819277108433735,0.024096385542168676,0.1566265060240964,7,9,0.438,401,424,-23,0.5,0.5
312,new-orleans-saints,2015,0.5462262638089628,0.755010911711311,1.0354798390606217,4.662771889761736,0.1510488552187138,0.9175144483099107,0.8878671876290659,0.4889152570854272,1.0576475057546182,0.536287968123224,2.185460771177879,1.0416009161830568,0.7470339002507881,1.1157523266832732,0.948515804357508,0.13125353905509676,1.954489923800833,0.13653521249556222,8678283.0,10662571.0,18279334.0,24693585.0,799940.0,12957512.0,4702058.0,3452330.0,9335330.0,4078216.0,11731337.0,6523079.0,668334.0,6488352.0,9334488.0,234852.0,9617216.0,977210.0,9,8,10,3,3,8,3,4,5,17,12,14,2,13,22,4,11,16,0.09275540328831444,0.11396391120170732,0.19537355453973995,0.263930484326136,0.008549935201059271,0.1384927469147035,0.05025663326202259,0.03689926468569262,0.09977806658062435,0.08213419331616945,0.23626602931652746,0.13137308852759277,0.013460070274788974,0.13067369591786082,0.18799412338617275,0.0047298572632467305,0.1936881906469294,0.01968075135071167,0.16981132075471697,0.1509433962264151,0.18867924528301888,0.05660377358490566,0.05660377358490566,0.1509433962264151,0.05660377358490566,0.07547169811320754,0.09433962264150944,0.15315315315315314,0.10810810810810811,0.12612612612612611,0.018018018018018018,0.11711711711711711,0.1981981981981982,0.036036036036036036,0.0990990990990991,0.14414414414414414,7,9,0.438,408,476,-68,0.5,0.417
313,new-orleans-saints,2016,1.1680802337877383,0.6337020010678504,1.0707345518605729,5.679500410638596,0.5690952534799939,0.9033589243145547,0.8984867316289525,0.8234821235393113,0.4479579421024901,0.38548193700236877,1.6457730574705294,1.147520039810622,0.15270594294035816,1.781313316305413,0.9841956389516324,0.0608606920469993,0.6288623602882933,0.9998942466685949,11414464.0,8256703.0,15694805.0,18500000.0,5561191.0,14712685.0,4390000.0,2682352.0,5107012.0,3577670.0,19974309.0,9011682.0,327062.0,5086900.0,15458132.0,86900.0,3591687.0,2855400.0,6,8,9,2,6,10,3,2,7,13,17,11,3,4,22,2,8,4,0.1322354981646496,0.09565313223665665,0.18182284842915386,0.2143207702127772,0.06442587775245215,0.17044508005934994,0.05085773952616713,0.03107479711469099,0.05916425650410247,0.059657918821795164,0.33307311877379764,0.15027048140377192,0.005453783676441362,0.08482444363359108,0.2577655244873323,0.0014490640963571262,0.059891653360789845,0.04761401174612357,0.11320754716981132,0.1509433962264151,0.16981132075471697,0.03773584905660377,0.11320754716981132,0.18867924528301888,0.05660377358490566,0.03773584905660377,0.1320754716981132,0.15476190476190477,0.20238095238095238,0.13095238095238096,0.03571428571428571,0.047619047619047616,0.2619047619047619,0.023809523809523808,0.09523809523809523,0.047619047619047616,7,9,0.438,469,454,15,0.333,0.5
314,new-orleans-saints,2017,1.1768524833355447,0.3899004349547613,1.4986746860780569,3.5413000092336375,0.7549505600435981,0.44792678751313103,1.3667870401461524,0.7875833831387516,0.5470225170339748,0.6406412918865148,0.9233148791534044,0.911203091269675,0.49168348556482516,0.9165985125964231,1.4457315596435194,0.0,1.590392362186786,0.6584091814445703,18047309.0,4484411.0,22982528.0,20365000.0,7235840.0,8586328.0,5240000.0,4529166.0,6291539.0,7230429.0,11578611.0,11426726.0,616584.0,5747193.0,16316868.0,0.0,8974772.0,2064156.0,8,6,8,3,5,10,2,3,6,18,20,20,2,10,18,0,9,5,0.18460431111145797,0.0458706394064425,0.23508622526714615,0.2083117652490375,0.07401476078858804,0.0878287818653198,0.053599491770437345,0.04632843430227951,0.06435559023929115,0.11305434562703201,0.18104213316733417,0.17866727279797548,0.009640852658133827,0.08986259927415911,0.25512909876062106,0.0,0.14032873784001051,0.03227495987473383,0.1568627450980392,0.11764705882352941,0.1568627450980392,0.058823529411764705,0.09803921568627451,0.19607843137254902,0.0392156862745098,0.058823529411764705,0.11764705882352941,0.17647058823529413,0.19607843137254902,0.19607843137254902,0.0196078431372549,0.09803921568627451,0.17647058823529413,0.0,0.08823529411764706,0.049019607843137254,11,5,0.688,448,326,122,0.667,0.667
315,new-orleans-saints,2018,1.0765872509700904,0.8942895576060074,1.4030444415298986,3.285090720519413,0.7067784882903161,0.571510701910149,0.46929867435991607,1.0248701087517527,0.44436371433429317,1.4069569555796526,0.8573577235509386,0.49102448128810344,0.05782940691542066,0.6323739879368607,1.141462858743569,0.0,3.014957556619506,1.2570740464965569,23460324.0,14615854.0,34396062.0,26845000.0,7700840.0,14010759.0,3835000.0,5583334.0,8472887.0,7710972.0,2530143.0,3105127.0,243800.0,2932592.0,8180798.0,0.0,7626362.0,4769670.0,8,6,9,3,4,9,3,2,7,13,7,15,10,11,17,0,6,9,0.16887643152472004,0.10521053618894205,0.2475960779170409,0.19324063061878896,0.05543360692473067,0.10085482974884981,0.02760580437411271,0.040190984656931474,0.06099109804588337,0.2078459138924487,0.06819890982791557,0.08369735476501763,0.006571523513115985,0.07904674849210759,0.22050987043909853,0.0,0.20556528795132997,0.12856439111896603,0.1568627450980392,0.11764705882352941,0.17647058823529413,0.058823529411764705,0.0784313725490196,0.17647058823529413,0.058823529411764705,0.0392156862745098,0.13725490196078433,0.14772727272727273,0.07954545454545454,0.17045454545454544,0.11363636363636363,0.125,0.19318181818181818,0.0,0.06818181818181818,0.10227272727272728,13,3,0.813,504,353,151,0.667,0.75
316,new-orleans-saints,2019,0.6686210934589878,1.031721039909423,1.5719638892850787,3.0089605576497243,0.4090602114364953,0.6315036029427397,0.7687868768275945,1.001289751276558,0.745161326349135,1.585668942804411,0.6521403623080815,0.6675323966428289,3.0127472362729,0.16824130039204152,1.209857433962122,0.0,0.8898261803410314,0.9525808288370363,17729024.0,18237940.0,41681882.0,26595000.0,4820693.0,20465896.0,6795000.0,5900000.0,10976972.0,8684279.0,2678697.0,3655894.0,2750000.0,460706.0,7178233.0,0.0,4061114.0,5217027.0,9,6,9,3,4,11,3,2,5,12,9,12,2,6,13,0,10,12,0.11572288156020943,0.1190447353741642,0.2720706731454944,0.1735938783259456,0.03146617011049963,0.13358730062250262,0.04435308904774583,0.03851114427986761,0.07165012753357067,0.25036878044280175,0.07722714816806228,0.10539985210149931,0.07928282200718158,0.013282207925687491,0.20694929791457348,0.0,0.11708239215013572,0.15040749929005837,0.17307692307692307,0.11538461538461539,0.17307692307692307,0.057692307692307696,0.07692307692307693,0.21153846153846154,0.057692307692307696,0.038461538461538464,0.09615384615384616,0.15789473684210525,0.11842105263157894,0.15789473684210525,0.02631578947368421,0.07894736842105263,0.17105263157894737,0.0,0.13157894736842105,0.15789473684210525,13,3,0.813,458,341,117,0.833,0.75
317,new-orleans-saints,2020,1.056506718877614,0.7090494448409316,0.8154887366947975,3.432374745056106,0.7087015543752403,0.7051085115957166,1.0400803827001692,1.3829591936969665,0.759389674758271,0.3924995317097812,1.579269944081792,2.3713814436644958,3.627134597230422,0.2850127618954758,0.7220487621931846,1.4723149624494158,0.29111894031565383,0.3038769641507982,28950110.0,10793989.0,19862934.0,31351000.0,10788693.0,23614790.0,9500000.0,12631824.0,13872393.0,2751691.0,6150981.0,12930564.0,4238117.0,222015.0,2812254.0,573441.0,907086.0,2130386.0,9,5,8,3,5,11,3,3,6,18,10,14,3,2,10,1,8,18,0.1794068013188401,0.06689145706046525,0.12309263950110151,0.19428536292770412,0.06685863720521135,0.14634327599156383,0.05887247449246241,0.07828070907718679,0.08596864242546465,0.08410704250923882,0.18800832667640385,0.3952302406107493,0.12954052132965793,0.006786018140368471,0.08595818597537912,0.017527559076778762,0.027725613363395605,0.06511649231802817,0.16981132075471697,0.09433962264150944,0.1509433962264151,0.05660377358490566,0.09433962264150944,0.20754716981132076,0.05660377358490566,0.05660377358490566,0.11320754716981132,0.21428571428571427,0.11904761904761904,0.16666666666666666,0.03571428571428571,0.023809523809523808,0.11904761904761904,0.011904761904761904,0.09523809523809523,0.21428571428571427,12,4,0.75,482,337,145,1.0,0.833
318,new-orleans-saints,2021,1.1771705158873598,0.9654946384416847,1.2041027914226397,1.493985138874813,0.7046062760773091,1.3316195690361547,0.36997369840480276,0.5823706253481769,0.4125202156998821,0.9313525514977725,0.1140193902806576,0.7333111622705001,4.866530107278376,0.265135156203869,0.9100485456185753,1.1308867527035888,0.8709679162831788,2.0861199326541406,21126393.0,11551665.0,21609740.0,8937396.0,8430265.0,26553614.0,2213276.0,2322592.0,4935600.0,11831013.0,804663.0,10350316.0,13737722.0,2619574.0,12202631.0,5586663.0,4302645.0,16194490.0,9,6,9,3,6,10,3,2,6,18,10,20,4,14,19,7,7,11,0.19619508598122665,0.10727718204907608,0.20068379857043994,0.08299917438193406,0.07828958623081211,0.2465962164881768,0.020554094355822377,0.021569282420302847,0.045835579522209124,0.1524031447905446,0.010365399116423419,0.133329302231,0.17696473117375913,0.03374447442594696,0.15719020333411754,0.071965520626592,0.05542523103620228,0.20861199326541408,0.16666666666666666,0.1111111111111111,0.16666666666666666,0.05555555555555555,0.1111111111111111,0.18518518518518517,0.05555555555555555,0.037037037037037035,0.1111111111111111,0.16363636363636364,0.09090909090909091,0.18181818181818182,0.03636363636363636,0.12727272727272726,0.17272727272727273,0.06363636363636363,0.06363636363636363,0.1,9,8,0.529,364,335,29,0.667,0.583
319,new-orleans-saints,2022,1.4884090052752716,0.6729804104079217,1.2864361831262108,1.4388225662738803,0.7130674116691982,0.8829149343890058,1.0490386815342563,0.9849869599282434,0.4269233209431678,0.22934691802263937,0.39013427908454434,1.6638597184189587,2.7969473159991303,0.4544280147282892,0.4987182917788709,0.0045746622731697795,0.7472120684517136,1.6727045321736902,32585591.0,9822329.0,28163820.0,7000000.0,6938273.0,25772759.0,7655500.0,7188074.0,6231060.0,1991296.0,2345072.0,20002707.0,14944240.0,5463075.0,5995527.0,9166.0,3493345.0,21226207.0,9,6,9,2,4,12,3,3,6,13,9,18,8,18,18,3,7,19,0.2480681675458786,0.07477560115643575,0.2144060305210351,0.05328972467681038,0.05281980827179246,0.1962033187531124,0.058279926751903126,0.0547214977737913,0.04743592454924087,0.026385043666321346,0.031072641696999106,0.2650396011640819,0.1980139692742747,0.07238676340804606,0.07944185178778475,0.00012145121079211803,0.04628747326692031,0.28125120452477975,0.16666666666666666,0.1111111111111111,0.16666666666666666,0.037037037037037035,0.07407407407407407,0.2222222222222222,0.05555555555555555,0.05555555555555555,0.1111111111111111,0.11504424778761062,0.07964601769911504,0.1592920353982301,0.07079646017699115,0.1592920353982301,0.1592920353982301,0.02654867256637168,0.061946902654867256,0.168141592920354,7,10,0.412,330,345,-15,0.333,0.417
320,new-orleans-saints,2023,1.3715009937527571,0.754827189815662,1.495835432254013,1.62074957785522,0.9364275224124157,0.515232006656075,0.3974212780675474,1.1513321025139305,0.6350544048209597,1.9955540877203757,0.15328104871762624,1.0851935104960624,0.33369520914805895,0.187292723131726,1.528636235179433,0.6832785272033136,0.21020486009572914,1.615294404687769,35056401.0,13505690.0,30587572.0,12428204.0,11967829.0,13169644.0,3047499.0,11771500.0,6492951.0,19634767.0,1856211.0,13962880.0,505125.0,1842821.0,21982478.0,3102901.0,1272775.0,18338417.0,10,7,8,3,5,10,3,4,4,13,16,17,2,13,19,6,8,15,0.25398166550976986,0.09784796905017841,0.22160524922281674,0.09004164321417887,0.08670625207522367,0.09541333456593983,0.022078959892641522,0.08528385944547633,0.047041067023774794,0.23800186367307236,0.022499970453963486,0.16925036402232166,0.006122847874276312,0.02233766422671962,0.26645952723311217,0.03761166204788882,0.015427879640053516,0.22228822082859206,0.18518518518518517,0.12962962962962962,0.14814814814814814,0.05555555555555555,0.09259259259259259,0.18518518518518517,0.05555555555555555,0.07407407407407407,0.07407407407407407,0.11926605504587157,0.14678899082568808,0.1559633027522936,0.01834862385321101,0.11926605504587157,0.1743119266055046,0.05504587155963303,0.07339449541284404,0.13761467889908258,9,8,0.529,402,327,75,0.667,0.5
321,new-orleans-saints,2024,1.4633681931884406,1.0181669186047893,0.7182428182587762,1.800926854815228,1.7458122080877632,0.5188906995014205,0.3843605626095359,1.0660865924240608,0.2827394302463103,0.11464108952315856,0.35872663291065654,1.4437145983219766,1.1616932557271002,0.08905015749085708,1.0999947664531555,0.1123043915990783,3.186316176107897,1.1175544577070384,43613438.0,16551763.0,15568089.0,14638324.0,23650567.0,11247083.0,3124166.0,8665383.0,3830279.0,1156911.0,2896098.0,39337319.0,3517000.0,808792.0,29971883.0,226666.0,9646500.0,21428015.0,11,6,8,3,5,8,3,3,5,10,8,27,3,9,27,2,3,19,0.30955865625140094,0.11748079830055261,0.1104988951167348,0.10389962623934008,0.16786655846997722,0.07982933838483394,0.02217464784285784,0.06150499571677274,0.02718648367752984,0.010614915696588755,0.02657234317856715,0.36092864958049414,0.03226925710353057,0.007420846457571423,0.2749986916132889,0.002079710955538487,0.0885087826696638,0.19660680274475675,0.21153846153846154,0.11538461538461539,0.15384615384615385,0.057692307692307696,0.09615384615384616,0.15384615384615385,0.057692307692307696,0.057692307692307696,0.09615384615384616,0.09259259259259259,0.07407407407407407,0.25,0.027777777777777776,0.08333333333333333,0.25,0.018518518518518517,0.027777777777777776,0.17592592592592593,5,12,0.294,338,398,-60,0.333,0.333
322,new-york-giants,2011,1.1711949254392136,0.7832049396844204,1.1520749955418004,3.2828043264921596,0.9564816873987596,0.9774667737827787,0.592749610127644,0.27549245012616697,0.4559041829260741,2.051742520254903,0.27982120618129336,0.9066735126927697,0.0,0.2417796033847386,1.0970423101117945,0.035918777878836766,0.0,0.0,23666509.0,11510064.0,25396527.0,18091667.0,12299488.0,17956196.0,3266667.0,1518250.0,7537519.0,2545801.0,231468.0,750000.0,0.0,100000.0,907473.0,14856.0,0.0,0.0,11,8,12,3,7,10,3,3,9,3,2,2,0,1,2,1,0,0,0.19519915423986894,0.09493393208296005,0.20946818100760006,0.14921837847691635,0.1014450274513836,0.14810102633072406,0.026943164096711093,0.012522384096643954,0.062168752217191925,0.5595661418877008,0.05087658294205334,0.1648497295805036,0.0,0.021979963944067146,0.19946223820214445,0.0032653434435306154,0.0,0.0,0.16666666666666666,0.12121212121212122,0.18181818181818182,0.045454545454545456,0.10606060606060606,0.15151515151515152,0.045454545454545456,0.045454545454545456,0.13636363636363635,0.2727272727272727,0.18181818181818182,0.18181818181818182,0.0,0.09090909090909091,0.18181818181818182,0.09090909090909091,0.0,0.0,9,7,0.563,394,400,-6,0.5,0.417
323,new-york-giants,2012,1.2361237995928216,0.9106721442149024,1.258038237737365,2.4170898524222975,0.6117563835204314,1.0995808550072153,0.6603958274652341,0.5723168189797333,0.4416341783988562,0.8177830823179211,0.7168684728470075,0.8558302727302557,0.0,2.096415081529973,1.1946096533455834,0.08490314771526593,2.1953030167021086,0.014287686408734842,23335636.0,13371350.0,21110523.0,10140000.0,6415990.0,27677291.0,4155667.0,3601413.0,5558135.0,2003292.0,752608.0,2395994.0,0.0,2934576.0,1254167.0,29712.0,768250.0,10000.0,9,7,8,2,5,12,3,3,6,7,3,8,0,4,3,1,1,2,0.20227480356973443,0.11590372744553303,0.18298738003452578,0.0878941764517199,0.055614216683675576,0.2399085501833924,0.03602159058901277,0.031217281035258178,0.04817827400714795,0.19739591642156715,0.07415880753589732,0.2360911097186912,0.0,0.2891607009006859,0.12358030896678449,0.002927694748802273,0.07570010402421064,0.0009853576833610234,0.16363636363636364,0.12727272727272726,0.14545454545454545,0.03636363636363636,0.09090909090909091,0.21818181818181817,0.05454545454545454,0.05454545454545454,0.10909090909090909,0.2413793103448276,0.10344827586206896,0.27586206896551724,0.0,0.13793103448275862,0.10344827586206896,0.034482758620689655,0.034482758620689655,0.06896551724137931,9,7,0.563,429,344,85,0.5,0.667
324,new-york-giants,2013,1.082847645165431,0.7191419320163308,0.6742847997566979,4.262043789619151,0.482045330512881,1.12425645087694,0.6769392774442375,0.43576459630898623,0.8112640631519354,0.512340614622514,0.5806771382647548,1.7707050470545416,0.30494361243191576,1.2578284093266194,1.3204458849308176,0.0,0.0015395032070047627,0.1466074427925029,18630276.0,9898207.0,10440897.0,21998400.0,3317415.0,15474168.0,3494000.0,2998913.0,8374626.0,2217753.0,3141949.0,14371493.0,165000.0,5444723.0,8573660.0,0.0,833.0,713942.0,10,8,9,3,4,8,3,4,6,8,10,15,1,8,12,0,1,9,0.19688139003007835,0.10460246283873903,0.11033751268745964,0.23247511579740823,0.03505784221911862,0.1635282110366458,0.036923960587867496,0.031691970640653544,0.08850153416202931,0.06404257682781425,0.09073080285386793,0.4150089954034082,0.004764743944248684,0.15722855116582743,0.24758360342452831,0.0,2.4054737609449418e-05,0.020616671642695723,0.18181818181818182,0.14545454545454545,0.16363636363636364,0.05454545454545454,0.07272727272727272,0.14545454545454545,0.05454545454545454,0.07272727272727272,0.10909090909090909,0.125,0.15625,0.234375,0.015625,0.125,0.1875,0.0,0.015625,0.140625,7,9,0.438,294,383,-89,0.5,0.5
325,new-york-giants,2014,0.6898793290435772,0.7647895358946118,1.0250659712144852,6.677696195824878,0.40087778831118626,1.1635135793283362,0.9482775295061763,0.28302492455954864,0.5257876804610105,1.0508180985365698,0.6957850347846938,1.5756067653980672,0.10097525497635104,0.6338298311802267,0.8838506792719253,0.4623858875877067,0.3913179496698897,1.7888742883064754,11937191.0,4812140.0,14512113.0,21008400.0,3152959.0,18302389.0,4475000.0,1780824.0,4962471.0,6764348.0,4926814.0,13185287.0,130000.0,3264082.0,9103267.0,297648.0,1259500.0,8060765.0,11,4,9,2,5,10,3,4,6,10,11,13,2,8,16,1,5,7,0.14053097443480275,0.056651076732934215,0.17084432853574755,0.24732208132684735,0.03711831373251724,0.2154654776533956,0.052682084972565345,0.02096480922663323,0.05842085338455672,0.14394768473103692,0.10484432031002233,0.2805875061667791,0.002766445341817837,0.06946080341701114,0.19372069682672333,0.006334053254626119,0.026802599292458196,0.17153589065952504,0.2037037037037037,0.07407407407407407,0.16666666666666666,0.037037037037037035,0.09259259259259259,0.18518518518518517,0.05555555555555555,0.07407407407407407,0.1111111111111111,0.136986301369863,0.1506849315068493,0.1780821917808219,0.0273972602739726,0.1095890410958904,0.2191780821917808,0.0136986301369863,0.0684931506849315,0.0958904109589041,6,10,0.375,380,400,-20,0.333,0.333
326,new-york-giants,2015,1.0011487744179863,0.5275705707827428,0.7636971448748426,5.101181741336447,1.088125600108979,1.2937444690855877,0.4233110241470214,0.14361259124579193,0.6120433825556729,0.9067345332775272,1.141148695175694,2.3366155560193422,0.1007407563832402,0.6028306510305138,0.2766129689908057,1.5179949582403254,0.3244208509729568,1.6373928903713975,14864989.0,3916666.0,10205391.0,15148400.0,6462566.0,19209430.0,1885588.0,639705.0,6361305.0,8019599.0,7850011.0,16073679.0,99000.0,1777242.0,3126082.0,2237647.0,1594075.0,8850047.0,10,5,9,2,4,10,3,3,7,18,14,14,2,6,23,3,10,11,0.188895995173205,0.049770808564409706,0.1296844208278035,0.19249742420137536,0.08212268680067766,0.24410273001614863,0.02396100136681253,0.008129014598818412,0.08083591845074925,0.16159625345540088,0.15817902705405656,0.3238873047947603,0.0019948664630344594,0.03581172184339686,0.0629910721464211,0.045088959155653224,0.03212087633395612,0.1783299187533205,0.18867924528301888,0.09433962264150944,0.16981132075471697,0.03773584905660377,0.07547169811320754,0.18867924528301888,0.05660377358490566,0.05660377358490566,0.1320754716981132,0.1782178217821782,0.13861386138613863,0.13861386138613863,0.019801980198019802,0.0594059405940594,0.22772277227722773,0.0297029702970297,0.09900990099009901,0.10891089108910891,6,10,0.375,420,442,-22,0.333,0.333
327,new-york-giants,2016,1.5424096873241149,0.4912558918185898,0.6869547169530292,5.162787027037999,0.42428793446145097,0.9990256865622975,0.35920715271305637,0.37218045931825683,0.9142470750452154,0.20401934281542158,1.6783366067582632,1.605678417512922,1.0227311133451955,1.8514095107293824,0.2934854892840983,1.575864941816425,0.1648757948993738,0.2598814669884705,33341085.0,9439201.0,13199442.0,24800000.0,4076225.0,23994634.0,2588235.0,2681713.0,13175051.0,555276.0,6525572.0,7491682.0,795300.0,7198500.0,1597549.0,2450860.0,384634.0,606270.0,9,8,8,2,4,10,3,3,6,7,10,12,2,10,14,4,6,6,0.26191862614937805,0.07415183272733432,0.10369127803064593,0.1948221519636981,0.03202173090275102,0.18849541255892407,0.020332480342248473,0.021066818451976804,0.10349966887304325,0.020114583094478184,0.23638543757158637,0.27138226774866286,0.02880932713648438,0.2607619029196313,0.05787037816869544,0.08878112348261549,0.013933165766144263,0.021961814111701727,0.16981132075471697,0.1509433962264151,0.1509433962264151,0.03773584905660377,0.07547169811320754,0.18867924528301888,0.05660377358490566,0.05660377358490566,0.11320754716981132,0.09859154929577464,0.14084507042253522,0.16901408450704225,0.028169014084507043,0.14084507042253522,0.19718309859154928,0.056338028169014086,0.08450704225352113,0.08450704225352113,11,5,0.688,310,284,26,0.667,0.667
328,new-york-giants,2017,2.246308083433519,0.2963147935190011,0.43813356159128525,3.6903212899066404,0.6552550514629665,0.8967303742524007,0.6135017245306891,0.6203328468182756,0.22041456291520417,0.16649124972580367,0.9963577606234469,1.5131546227892783,0.1592300148944122,0.2598816149905454,1.7829377403229898,0.3461522062922004,0.13355798266695743,1.0224870945306344,39159246.0,3443714.0,7637857.0,21444105.0,6346041.0,15632444.0,3565000.0,4806260.0,2561616.0,1442931.0,11513522.0,15299747.0,115000.0,1126159.0,18027567.0,250000.0,289377.0,14769328.0,9,6,9,3,5,9,3,4,6,12,16,14,1,6,14,1,3,20,0.3743846805722532,0.03292386594655567,0.0730222602652142,0.2050178494392578,0.06067176402434874,0.1494550623754001,0.03408342914059384,0.04595058124579819,0.02449050699057824,0.022964310307007404,0.1832382088502891,0.24349614619597584,0.0018302300562576114,0.01792286999934796,0.28690952143128573,0.003978760991864372,0.004605447678170946,0.235054504489801,0.16666666666666666,0.1111111111111111,0.16666666666666666,0.05555555555555555,0.09259259259259259,0.16666666666666666,0.05555555555555555,0.07407407407407407,0.1111111111111111,0.13793103448275862,0.1839080459770115,0.16091954022988506,0.011494252873563218,0.06896551724137931,0.16091954022988506,0.011494252873563218,0.034482758620689655,0.22988505747126436,3,13,0.188,246,388,-142,0.167,0.083
329,new-york-giants,2018,0.37903141709209337,1.6637653092923135,0.8502685633322203,3.5189328070996804,1.0252900642006906,0.754536725408293,0.33067133549636063,0.7927266217925246,0.752722578004579,2.348749681875451,0.30627640344874796,1.1782977623093356,0.29182151254144695,1.1815432093925768,0.9116601682654089,0.34449232823271847,0.11112762950136765,0.39028324629694594,6724656.0,29518000.0,15085197.0,23411924.0,6821390.0,15060097.0,2200000.0,7032153.0,11685246.0,20920360.0,1364005.0,11369715.0,216605.0,4385012.0,10150219.0,1022800.0,247454.0,3765949.0,8,8,8,3,3,9,3,4,7,12,6,13,1,5,15,4,3,13,0.05721228937239145,0.2511343863082737,0.12834242465392004,0.1991848758735668,0.05803528665286928,0.12812887789952146,0.018717245405454375,0.05982842428622827,0.09941618954777459,0.3914582803125752,0.025523033620729,0.21274820708363004,0.004053076563075652,0.08205161176337337,0.18992920172196015,0.019138462679595472,0.004630317895890319,0.07046780835917078,0.1509433962264151,0.1509433962264151,0.1509433962264151,0.05660377358490566,0.05660377358490566,0.16981132075471697,0.05660377358490566,0.07547169811320754,0.1320754716981132,0.16666666666666666,0.08333333333333333,0.18055555555555555,0.013888888888888888,0.06944444444444445,0.20833333333333334,0.05555555555555555,0.041666666666666664,0.18055555555555555,5,11,0.313,369,412,-43,0.167,0.333
330,new-york-giants,2019,0.6195789920568971,1.2226150294990576,1.24157909719015,4.017877116089152,0.9468864641768674,0.48580313155763866,0.2400363301255754,0.16273879285283174,0.7657119729745784,0.5440389356980979,0.9268370981572105,0.4278485539380203,0.5840760076956562,0.10050726078313976,1.7179279970300698,0.2163320134176246,1.2875214811174756,1.8387377393755802,8774528.0,25972160.0,26375016.0,28450751.0,8939922.0,11466639.0,1699707.0,768240.0,12651421.0,5458357.0,9963194.0,3679385.0,1674300.0,504196.0,18467161.0,775166.0,9226955.0,19765826.0,6,9,9,3,4,10,3,2,7,14,15,12,4,7,15,5,10,15,0.07014101796870534,0.20761387293380223,0.21083418631530843,0.22742700657108408,0.07146312937183905,0.09166096821842239,0.01358696208257974,0.006141086522748368,0.10113177001551035,0.07852108350281826,0.1433253244573006,0.05292971801295096,0.024085608564769326,0.007253101293628642,0.2656589686128974,0.011151134712248689,0.13273417331107995,0.2843408875323062,0.11320754716981132,0.16981132075471697,0.16981132075471697,0.05660377358490566,0.07547169811320754,0.18867924528301888,0.05660377358490566,0.03773584905660377,0.1320754716981132,0.14432989690721648,0.15463917525773196,0.12371134020618557,0.041237113402061855,0.07216494845360824,0.15463917525773196,0.05154639175257732,0.10309278350515463,0.15463917525773196,4,12,0.25,341,451,-110,0.333,0.25
331,new-york-giants,2020,1.0921154025136335,0.9463730350707455,1.0711365582145274,1.447961486339976,0.33459740424444506,0.9586277003170152,0.7881096602937316,0.866403409057848,1.2551992534235856,0.13503277932674734,1.9451718702727583,1.2191047946903446,0.26103697148955246,3.4226715436963224,0.7545367624715084,0.23553488481010817,1.4853971372738233,0.4165902931981522,24656941.0,21366482.0,30229121.0,8172740.0,2832856.0,27053948.0,6672500.0,7335371.0,21254192.0,347756.0,8587695.0,6279231.0,1056409.0,11333006.0,8050369.0,433274.0,3278923.0,3678390.0,8,8,10,2,3,10,3,3,6,7,12,14,11,9,29,5,6,24,0.1648476079265862,0.1428487600106786,0.20210123739896743,0.05464005608830098,0.018939475711949722,0.18087315100321044,0.0446099807713433,0.049041702399500835,0.14209802868946253,0.008078884233224198,0.1995048072074624,0.14587578739884466,0.02454193749047074,0.2632824264381786,0.18702193257840802,0.010065593367953339,0.07617421216788837,0.08545441911756968,0.1509433962264151,0.1509433962264151,0.18867924528301888,0.03773584905660377,0.05660377358490566,0.18867924528301888,0.05660377358490566,0.05660377358490566,0.11320754716981132,0.05982905982905983,0.10256410256410256,0.11965811965811966,0.09401709401709402,0.07692307692307693,0.24786324786324787,0.042735042735042736,0.05128205128205128,0.20512820512820512,6,10,0.375,280,357,-77,0.667,0.417
332,new-york-giants,2021,1.228090307702697,0.4293641150745053,1.2573330383836683,0.3205785268412741,1.4486971919334357,1.0598208365366997,1.0086990790534425,2.128083984032192,0.6072608070264196,0.41278207928923966,1.696578148395536,0.6446694992864064,2.425614205836692,0.27680980194768917,1.1865779118576822,0.34243555407408743,0.7602195486956719,1.2499149107030014,18330602.0,7476855.0,25022776.0,1594996.0,14415602.0,26364991.0,7527973.0,10588000.0,10574710.0,2711012.0,9428309.0,9119319.0,7352588.0,978919.0,14986614.0,346000.0,3072531.0,12629254.0,6,7,8,2,4,10,3,2,7,13,11,28,6,7,25,2,8,20,0.15037840502482003,0.06133773072492932,0.2052788634095785,0.013084837830256085,0.1182609952598723,0.2162899666401428,0.06175708647265974,0.08686057077682416,0.0867515438609171,0.044718058589667625,0.15551966360292413,0.15042288316682817,0.1212807102918346,0.016147238446948535,0.24720373163701712,0.005707259234568124,0.05068130324637812,0.20831915178383356,0.12244897959183673,0.14285714285714285,0.16326530612244897,0.04081632653061224,0.08163265306122448,0.20408163265306123,0.061224489795918366,0.04081632653061224,0.14285714285714285,0.10833333333333334,0.09166666666666666,0.23333333333333334,0.05,0.058333333333333334,0.20833333333333334,0.016666666666666666,0.06666666666666667,0.16666666666666666,4,13,0.235,258,416,-158,0.167,0.25
333,new-york-giants,2022,1.3515068237380867,0.5593066090863328,1.0508275436228816,2.200780955636663,1.211079640015968,0.6914579629727958,0.6669744589054045,0.2389766125704971,1.6242584893436542,0.25874148385530665,1.9030005178856217,0.6934347527165896,0.18089410171205952,0.44868738544909414,1.9688520509622478,0.5553576169420357,0.6885652431937436,1.170647497461402,23784482.0,11249089.0,26418543.0,11065836.0,9134218.0,20860487.0,5030462.0,1201608.0,24501000.0,3435094.0,9886126.0,8805885.0,417666.0,2330940.0,28411739.0,320566.0,3974567.0,12838801.0,7,8,10,2,3,12,3,2,6,23,9,22,4,9,25,1,10,19,0.17850090124842655,0.08442363910737098,0.1982693478533739,0.08304833794855332,0.0685516777367529,0.15655651991836886,0.03775327125879648,0.009017985380018759,0.18387831954833822,0.04877913220222994,0.14038528410631634,0.12504561114561452,0.005930954154493754,0.03309988909050694,0.4034532891316081,0.004552111614278981,0.056439774032274063,0.18231395452267737,0.1320754716981132,0.1509433962264151,0.18867924528301888,0.03773584905660377,0.05660377358490566,0.22641509433962265,0.05660377358490566,0.03773584905660377,0.11320754716981132,0.1885245901639344,0.07377049180327869,0.18032786885245902,0.03278688524590164,0.07377049180327869,0.20491803278688525,0.00819672131147541,0.08196721311475409,0.1557377049180328,9,7,0.559,365,371,-6,0.25,0.375
334,new-york-giants,2023,0.7775269908532766,0.8162762529544176,1.2032966217106111,1.0019721284707723,1.294525202491433,1.3677857109901028,0.5491621510191471,0.7640676741046216,0.8515797380513075,4.210155596286343,0.17410827293387723,0.6771324318810052,2.4809128346671523,0.16844714081968004,0.3055220034919622,0.7199690277757831,0.12924750332969653,1.7736556788201854,17154699.0,16008560.0,23598685.0,7368889.0,12693916.0,30177669.0,2692500.0,5619248.0,14613306.0,27285723.0,2256767.0,11284580.0,16078622.0,1559563.0,4243000.0,5332650.0,837644.0,24632010.0,9,8,8,3,4,9,2,3,7,7,14,18,7,10,15,8,7,15,0.13203288523923562,0.12321150987991208,0.18162967874877148,0.0567154034983456,0.09770001528237231,0.23226549809265895,0.02072310003845838,0.04324911362856348,0.1124727955916821,0.29179296211885547,0.024133820010636447,0.12067706706790192,0.17194445388782245,0.01667793473462179,0.045374554974053787,0.0570272497248145,0.008957747755523522,0.2634142097257701,0.16981132075471697,0.1509433962264151,0.1509433962264151,0.05660377358490566,0.07547169811320754,0.16981132075471697,0.03773584905660377,0.05660377358490566,0.1320754716981132,0.06930693069306931,0.13861386138613863,0.1782178217821782,0.06930693069306931,0.09900990099009901,0.1485148514851485,0.07920792079207921,0.06930693069306931,0.1485148514851485,6,11,0.353,266,407,-141,0.5,0.417
335,new-york-giants,2024,0.591299564929087,1.5323079766404486,1.0653443593024965,0.9169583155029941,0.6320084746641236,0.656338070824293,1.6091410262091337,0.4081306726157918,1.2038377961155948,1.7680574763505794,0.5623947519646969,1.250976175813778,6.47790024133723,0.08605702518058606,0.34678925483788364,0.12882698550567936,0.5358515896308695,0.20396867077659264,6592386.0,30750603.0,21379502.0,6133889.0,5636999.0,13171498.0,10764167.0,2730144.0,18790186.0,30405353.0,13298346.0,29580493.0,48737807.0,739963.0,11182028.0,830791.0,4031589.0,3069200.0,5,9,9,3,4,9,3,3,7,16,22,22,7,8,30,6,7,14,0.0568557273970276,0.26520714980315463,0.1843865237254321,0.05290144127901889,0.048616036512624895,0.11359697379651226,0.09283505920437311,0.023546000343218756,0.16205508793863777,0.2143099971334036,0.09373245866078282,0.20849602930229638,0.3435250127981865,0.005215577283671883,0.07881573973588264,0.005855772068439972,0.0284163721773946,0.021633040839941647,0.09615384615384616,0.17307692307692307,0.17307692307692307,0.057692307692307696,0.07692307692307693,0.17307692307692307,0.057692307692307696,0.057692307692307696,0.1346153846153846,0.12121212121212122,0.16666666666666666,0.16666666666666666,0.05303030303030303,0.06060606060606061,0.22727272727272727,0.045454545454545456,0.05303030303030303,0.10606060606060606,3,14,0.176,273,415,-142,0.0,0.083
336,new-york-jets,2011,0.5488268060750772,1.2887769630230246,1.2457637854979982,1.9269238477756068,0.4332768549301478,1.0264449447650577,0.28361523330947364,0.48252458197543735,0.8060712115861259,0.8414952310595266,5.429203811495511,0.0,0.03856853142356164,0.0,0.10857625967420838,0.0,0.0021813426378465284,0.6449937059273366,7997500.0,22953392.0,26221376.0,18719413.0,3507615.0,21605058.0,1377613.0,3125042.0,7830709.0,900000.0,5806668.0,0.0,41250.0,0.0,116125.0,0.0,2333.0,2759347.0,9,11,13,6,5,13,3,4,6,1,1,0,1,0,1,0,1,4,0.07056344649536705,0.20252209418933245,0.2313561315924854,0.16516490123790917,0.03094834678072484,0.19062548974208215,0.012154938570406015,0.027572833255739275,0.06909181813595365,0.09349947011772518,0.6032448679439456,0.0,0.004285392380395737,0.0,0.012064028852689819,0.0,0.00024237140420516984,0.2866638693010385,0.12857142857142856,0.15714285714285714,0.18571428571428572,0.08571428571428572,0.07142857142857142,0.18571428571428572,0.04285714285714286,0.05714285714285714,0.08571428571428572,0.1111111111111111,0.1111111111111111,0.0,0.1111111111111111,0.0,0.1111111111111111,0.0,0.1111111111111111,0.4444444444444444,8,8,0.5,377,363,14,0.5,0.5
337,new-york-jets,2012,0.7961983997511585,1.7726403084411093,1.1807903516096203,1.9819685144225236,0.2739751243603622,1.025312624107754,0.3134566969651981,0.8032410403330069,0.29886328159860753,0.6122026789907802,0.160444561454062,0.04946640248423532,0.288666363817382,0.15553684545664362,1.8838779791500386,0.021354284537484836,0.22657723570850463,2.1607119790563956,7620176.0,31103249.0,20718482.0,9484413.0,3059156.0,19625919.0,2000000.0,7687579.0,2383609.0,1070294.0,561000.0,172961.0,504666.0,271920.0,13174090.0,37333.0,660196.0,13850842.0,6,11,11,3,7,12,4,6,5,3,6,6,3,3,12,3,5,11,0.07349523690010694,0.2999852829669569,0.1998260595031665,0.09147546989642416,0.029505013392654385,0.18928848445066226,0.019289642890166037,0.07414532679996987,0.02298948319989289,0.035319385326391166,0.01851283401393023,0.005707661825104076,0.01665382868177204,0.008973279545575594,0.43474107211154744,0.0012319779540856638,0.021786272664279294,0.4570736878773145,0.09230769230769231,0.16923076923076924,0.16923076923076924,0.046153846153846156,0.1076923076923077,0.18461538461538463,0.06153846153846154,0.09230769230769231,0.07692307692307693,0.057692307692307696,0.11538461538461539,0.11538461538461539,0.057692307692307696,0.057692307692307696,0.23076923076923078,0.057692307692307696,0.09615384615384616,0.21153846153846154,6,10,0.375,281,375,-94,0.333,0.333
338,new-york-jets,2013,0.6328879756373735,1.9351517977487487,1.4417743680026647,0.5397018893526664,0.44185818974843233,0.911100861242766,0.3733251990307593,0.3643564533008775,1.367001863529497,0.9326559030818083,0.936176750995023,0.03911133942785958,4.054935622662346,0.29219405260385756,2.3317804622714844,0.05039027894192387,0.4463799324482401,0.339354431558629,5670185.0,17337458.0,21528632.0,2417655.0,3298922.0,16325513.0,1672352.0,2176234.0,10206063.0,2429334.0,7925141.0,127344.0,13202609.0,1522184.0,12147403.0,65627.0,2034738.0,2872782.0,6,6,10,3,5,12,3,4,5,4,13,5,5,8,8,2,7,13,0.0703208861819304,0.2150168664165276,0.2669952533338268,0.029983438297370355,0.04091279534707707,0.20246685805394798,0.020740288835042184,0.02698936691117611,0.12657424662310154,0.05739420942041897,0.1872353501990046,0.003008564571373814,0.3119181248201805,0.03596234493585939,0.28698836458725957,0.001550470121289965,0.04807168503288739,0.06787088631172579,0.1111111111111111,0.1111111111111111,0.18518518518518517,0.05555555555555555,0.09259259259259259,0.2222222222222222,0.05555555555555555,0.07407407407407407,0.09259259259259259,0.06153846153846154,0.2,0.07692307692307693,0.07692307692307693,0.12307692307692308,0.12307692307692308,0.03076923076923077,0.1076923076923077,0.2,8,8,0.5,290,387,-97,0.5,0.417
339,new-york-jets,2014,0.7316354900765014,1.2186798158698353,1.6594772531217403,1.0262798367445383,0.9213089926236224,0.6198354903803199,0.9288585325338319,0.4731383122501764,1.001326166238389,0.15964497839541106,0.7186982263025936,0.2697493774315868,3.1819174451997214,0.28987275709587157,1.6235284067051783,0.0,0.08531116287781589,1.0012143423137208,8987333.0,14970134.0,26209084.0,5402877.0,6467007.0,8701707.0,4890000.0,3321132.0,14057354.0,429032.0,1931439.0,724928.0,4886358.0,667721.0,11219378.0,0.0,98257.0,5381353.0,7,7,9,3,4,8,3,4,8,7,7,7,4,6,18,0,3,14,0.09663110246293415,0.16095771152997826,0.28179802411501254,0.05809131151384179,0.0695327541602734,0.09356007401967094,0.05257689806795275,0.035708551867937845,0.15114357226239833,0.016932043163149654,0.07622556945633567,0.028609782454865264,0.19284348152725583,0.026352068826897414,0.4427804745559577,0.0,0.003877780130809813,0.21237879988472863,0.1320754716981132,0.1320754716981132,0.16981132075471697,0.05660377358490566,0.07547169811320754,0.1509433962264151,0.05660377358490566,0.07547169811320754,0.1509433962264151,0.10606060606060606,0.10606060606060606,0.10606060606060606,0.06060606060606061,0.09090909090909091,0.2727272727272727,0.0,0.045454545454545456,0.21212121212121213,4,12,0.25,283,401,-118,0.167,0.333
340,new-york-jets,2015,1.108999085976125,0.6127727398965961,1.4111494059053946,0.6770943087642007,0.6241453026702859,1.213536560850433,0.23121218998011892,0.4938932357275557,1.4717960526701845,0.3024424882892229,1.1607665564197376,0.6583608693963207,0.27494164932988496,2.192798383311238,1.1637133774110806,3.4601479340722565,1.1489080400577507,1.0777561718058668,17009077.0,14097440.0,32464881.0,5192407.0,6381812.0,37224804.0,1773088.0,2525000.0,18811176.0,1178225.0,3014665.0,1282388.0,119010.0,2372912.0,3526038.0,1497744.0,1740589.0,2799076.0,6,9,9,3,4,12,3,2,5,18,12,9,2,5,14,2,7,12,0.1255470663369198,0.10405574828432765,0.23962914439902927,0.03832609294891703,0.04710530586190837,0.274762994909532,0.013087482451704845,0.01863748059349267,0.13884868421416835,0.06720944184204952,0.17196541576588703,0.0731512077107023,0.006788682699503333,0.1353579248957554,0.20113564547845839,0.08543575145857424,0.09928834914079326,0.15966758100827652,0.11320754716981132,0.16981132075471697,0.16981132075471697,0.05660377358490566,0.07547169811320754,0.22641509433962265,0.05660377358490566,0.03773584905660377,0.09433962264150944,0.2222222222222222,0.14814814814814814,0.1111111111111111,0.024691358024691357,0.06172839506172839,0.1728395061728395,0.024691358024691357,0.08641975308641975,0.14814814814814814,10,6,0.625,387,314,73,0.5,0.583
341,new-york-jets,2016,1.6390325148564047,0.7562099104993061,0.4976986113907557,2.1758830794068467,0.34487395697388457,1.276867440389918,0.8770790099092424,0.2801909694833276,1.1768314077337558,0.48604977233970365,0.21347673810356063,2.6431071945174174,1.8990835122657586,0.5111877836374865,1.5322705715569287,0.0027991817386188033,0.31468343139304095,1.09190444716103,20689110.0,12272727.0,8077280.0,7847327.0,1865683.0,27630151.0,4744781.0,1515764.0,12732735.0,3760694.0,2414060.0,25169736.0,2260570.0,4259439.0,10943610.0,3332.0,1498331.0,10397969.0,7,9,9,2,3,12,3,3,6,13,19,16,2,14,12,2,8,16,0.2124671778517562,0.1260349850832177,0.08294976856512597,0.08058826220025359,0.01915966427632692,0.28374832008664846,0.04872661166162457,0.01556616497129598,0.13075904530375065,0.061947520004079874,0.0397652747447809,0.41460505012037924,0.037236931613054094,0.07016302912671384,0.18026712606552103,5.488591644350594e-05,0.024681053442591448,0.1712791289664361,0.12962962962962962,0.16666666666666666,0.16666666666666666,0.037037037037037035,0.05555555555555555,0.2222222222222222,0.05555555555555555,0.05555555555555555,0.1111111111111111,0.12745098039215685,0.18627450980392157,0.1568627450980392,0.0196078431372549,0.13725490196078433,0.11764705882352941,0.0196078431372549,0.0784313725490196,0.1568627450980392,5,11,0.313,275,409,-134,0.333,0.333
342,new-york-jets,2017,1.6441665798506335,0.6879292724179296,1.4547847811150278,0.48806088436763834,0.9276658025097126,1.090267978871789,0.3453648788707787,0.3434811174391444,0.3809910188106779,0.24187505270920304,0.33701956803488103,2.450179494610156,7.022534825039005,1.0892692109384474,1.170749127770923,0.31085120943029876,0.4763680204186265,0.44908455069535974,30530908.0,8942022.0,21611387.0,1812583.0,5167812.0,22269981.0,1923948.0,1913454.0,4244826.0,1190505.0,2027428.0,9379800.0,11521600.0,5361365.0,9604013.0,680002.0,1563117.0,5157569.0,10,7,8,2,3,11,3,3,6,9,11,7,3,9,15,4,6,21,0.31022010940577993,0.09085858314953787,0.21959015564000423,0.01841739186292975,0.05250938504771959,0.2262820333507487,0.019548955407779928,0.01944232740221572,0.04313105873328429,0.025610299698621497,0.04361429703980813,0.20177948779142457,0.24785417029549428,0.11533438704054148,0.20660278725369227,0.014628292208484647,0.03362597791190305,0.11095030076003004,0.18867924528301888,0.1320754716981132,0.1509433962264151,0.03773584905660377,0.05660377358490566,0.20754716981132076,0.05660377358490566,0.05660377358490566,0.11320754716981132,0.10588235294117647,0.12941176470588237,0.08235294117647059,0.03529411764705882,0.10588235294117647,0.17647058823529413,0.047058823529411764,0.07058823529411765,0.24705882352941178,5,11,0.313,298,382,-84,0.333,0.417
343,new-york-jets,2018,0.9280022738874281,0.585700492726158,1.6083316354435604,2.5052150999987535,0.17907005331499215,1.3329454313174656,0.3034324077463536,0.2089213673239464,0.6270086506757943,1.6281878004620423,0.9338523546375004,1.2618705573185438,0.5903772843850901,0.9551100058602162,0.8655922642453807,0.5239935850786465,1.329371725344526,0.8676744101454643,17514689.0,8597744.0,26982145.0,15760760.0,1126562.0,27952667.0,1908948.0,1314362.0,7889249.0,9321800.0,8910914.0,12040897.0,2253376.0,8202381.0,11563397.0,500000.0,2537000.0,12419156.0,9,7,8,3,3,10,3,3,6,6,10,10,4,9,14,1,2,15,0.1606157781728241,0.07884429709775204,0.24743563622208622,0.14453164038454347,0.01033096461432647,0.25633565986874335,0.017505715831520403,0.012053155807150754,0.0723471520010532,0.13759333525031342,0.13152850065316907,0.17772824750965407,0.03326069207803324,0.12107028243298516,0.17068016478077933,0.0073801913391358664,0.037447090854775385,0.18331149510115446,0.17307692307692307,0.1346153846153846,0.15384615384615385,0.057692307692307696,0.057692307692307696,0.19230769230769232,0.057692307692307696,0.057692307692307696,0.11538461538461539,0.08450704225352113,0.14084507042253522,0.14084507042253522,0.056338028169014086,0.1267605633802817,0.19718309859154928,0.014084507042253521,0.028169014084507043,0.2112676056338028,4,12,0.25,333,441,-108,0.167,0.25
344,new-york-jets,2019,1.3692295428456946,0.4258041195130384,1.2836416380487803,2.019517286512072,1.0457680963633682,0.9405576637500812,0.36087261996276315,0.21065660267022257,1.248421786184115,1.4105028866653677,1.533531000782333,1.5154597903198654,0.41493058222533935,0.4638902240577062,0.851230097404896,0.24704144893500593,0.3560474057453798,0.5569817000091021,19981194.0,6213768.0,16390682.0,7367714.0,11445686.0,18872668.0,1974833.0,768529.0,13663683.0,13708019.0,24839453.0,22910294.0,2240287.0,3005555.0,15626226.0,533529.0,2306839.0,6615944.0,8,8,7,2,6,11,3,2,6,9,15,14,5,6,17,2,6,11,0.20667615741067089,0.06427231992649636,0.16953757483663137,0.07620819949102159,0.11838884109773981,0.19521008115567726,0.020426752073363957,0.007949305761140476,0.1413307682472583,0.1493473644704507,0.2706231177851176,0.2496051419350367,0.024407681307372902,0.03274519228642632,0.1702460194809792,0.005812739974941316,0.025132758052615042,0.07207998470706026,0.1509433962264151,0.1509433962264151,0.1320754716981132,0.03773584905660377,0.11320754716981132,0.20754716981132076,0.05660377358490566,0.03773584905660377,0.11320754716981132,0.10588235294117647,0.17647058823529413,0.16470588235294117,0.058823529411764705,0.07058823529411765,0.2,0.023529411764705882,0.07058823529411765,0.12941176470588237,7,9,0.438,276,359,-83,0.333,0.333
345,new-york-jets,2020,1.039746940724507,0.45259769232055597,1.69709880133168,2.124022015301698,0.3264084251096954,0.39542955527728,0.3518655982460034,0.7797510326267275,1.6938112420701172,1.3284243374416456,1.3434613544714518,0.62779629867745,0.07191701448740599,1.6999545564712848,1.0466717918975643,0.31608122817148665,0.11970233092416915,0.8305606682484492,11882613.0,4433532.0,24936523.0,10403190.0,1598707.0,7101467.0,1723393.0,5092162.0,19357502.0,10624036.0,22831625.0,5648381.0,503260.0,16994173.0,24065843.0,947944.0,239329.0,14115069.0,7,6,9,3,3,11,3,4,7,8,17,9,7,10,23,3,2,17,0.13732506764285937,0.05123747460232708,0.28818658890537957,0.12022766124349235,0.018475948591114833,0.08207028505754868,0.019916920655434153,0.05884913453786622,0.22371091876397775,0.11070202812013713,0.23790461485431957,0.05885590300101094,0.005243948973040021,0.1770785996324255,0.25076511680879143,0.00987753838035896,0.0024937985609201907,0.14707845166899622,0.1320754716981132,0.11320754716981132,0.16981132075471697,0.05660377358490566,0.05660377358490566,0.20754716981132076,0.05660377358490566,0.07547169811320754,0.1320754716981132,0.08333333333333333,0.17708333333333334,0.09375,0.07291666666666667,0.10416666666666667,0.23958333333333334,0.03125,0.020833333333333332,0.17708333333333334,2,14,0.125,243,457,-214,0.0,0.083
346,new-york-jets,2021,1.287468911959554,1.423731302591092,1.3151402356978632,1.642146522622034,0.4496680379361562,0.44325739585631035,0.41684362067087394,0.6510298243884023,1.7309478192709646,1.1063588378370481,0.5930837606407077,1.3936686923980444,1.208092825845298,0.7237111709596127,1.0252571546799158,0.17096028292558488,0.6550782512801474,1.281857778567994,20640464.0,9129999.0,18975677.0,7897977.0,4325397.0,9238087.0,2004828.0,2087438.0,13875118.0,19316640.0,7593693.0,27577366.0,5624768.0,5896681.0,25060886.0,994969.0,6099967.0,19396685.0,10,4,9,3,6,13,3,2,5,15,11,17,4,7,21,5,8,13,0.23408525671991892,0.1035440947338976,0.21520476584146853,0.0895716285066564,0.04905469504758067,0.10476992992967336,0.02273692476386585,0.0236738117959419,0.15735889266099676,0.1643107184906507,0.06459328086185925,0.2345778987204629,0.04784526042951675,0.05015819996749791,0.2131722796859231,0.008463380342850737,0.05188738624001168,0.16499159526122698,0.18181818181818182,0.07272727272727272,0.16363636363636364,0.05454545454545454,0.10909090909090909,0.23636363636363636,0.05454545454545454,0.03636363636363636,0.09090909090909091,0.1485148514851485,0.10891089108910891,0.16831683168316833,0.039603960396039604,0.06930693069306931,0.2079207920792079,0.04950495049504951,0.07920792079207921,0.12871287128712872,4,13,0.235,310,504,-194,0.0,0.333
347,new-york-jets,2022,1.6269387197928007,0.8880058025987998,0.8301009532239805,1.6337962305221958,0.2615203728387217,0.7051549933290109,0.4796113747693661,0.7138202522395788,1.4515651283089932,0.2728967321251171,0.8562293953113744,2.1450075497341983,0.44997856028500927,0.7881649829688174,0.623816408554537,0.45477086429158625,0.44549373408416865,0.270040502432168,46185612.0,10083500.0,21208450.0,13914085.0,2969621.0,22019770.0,4084569.0,8105585.0,24724259.0,1587279.0,4074693.0,30623501.0,713798.0,3334029.0,5607483.0,721400.0,942245.0,1570666.0,10,4,9,3,4,11,3,4,6,11,9,27,3,8,17,3,4,11,0.3012849481097779,0.0657782075999111,0.13835015887066343,0.09076645725123311,0.019371879469534944,0.14364268382628,0.026645076376075896,0.0528755742399688,0.1612850142565548,0.0322781081008203,0.0828609092236814,0.6227441273421866,0.014515437428548687,0.06779913831989828,0.11403095640244226,0.014670027880373752,0.01916102082082446,0.031940274481224176,0.18518518518518517,0.07407407407407407,0.16666666666666666,0.05555555555555555,0.07407407407407407,0.2037037037037037,0.05555555555555555,0.07407407407407407,0.1111111111111111,0.11827956989247312,0.0967741935483871,0.2903225806451613,0.03225806451612903,0.08602150537634409,0.1827956989247312,0.03225806451612903,0.043010752688172046,0.11827956989247312,7,10,0.412,296,316,-20,0.333,0.417
348,new-york-jets,2023,0.960496858210313,1.6104318726337292,0.9302032146963023,1.189631259526109,0.36573544531485386,1.0739222617139956,0.6150968222199255,0.852495566090254,0.8047756795161638,0.559337132947369,0.5195833924325449,1.1148778411615714,3.1827711067934037,1.2609705361623027,0.6912247070223406,0.41720827678815803,2.4817553249874558,0.8758307087852875,23048296.0,30056663.0,22321363.0,9515552.0,2925423.0,31496761.0,4920000.0,6818891.0,12874384.0,6647332.0,4116591.0,21346491.0,10506949.0,9157962.0,9127471.0,1377286.0,8192759.0,8095607.0,9,7,9,3,3,11,3,3,6,18,12,29,5,11,20,5,5,14,0.16008280970171881,0.20875968719326118,0.15503386911605038,0.06609062552922827,0.020318635850825214,0.2187619422009991,0.034172045678884745,0.04736086478279188,0.08941951994624042,0.08460561674834152,0.05239496394277764,0.27169291927466865,0.13372987843669765,0.11656030166206159,0.11617221966762026,0.017529759528914203,0.10427543382300233,0.10303890691591618,0.16666666666666666,0.12962962962962962,0.16666666666666666,0.05555555555555555,0.05555555555555555,0.2037037037037037,0.05555555555555555,0.05555555555555555,0.1111111111111111,0.15126050420168066,0.10084033613445378,0.24369747899159663,0.04201680672268908,0.09243697478991597,0.16806722689075632,0.04201680672268908,0.04201680672268908,0.11764705882352941,7,10,0.412,268,355,-87,0.333,0.333
349,new-york-jets,2024,1.1255226471425597,0.8617421490212336,0.8268944739361548,3.373481276614812,0.4782010616590584,0.7778183793412391,0.39405789834288135,0.8822164848046975,1.5576121858554406,1.661770197431838,0.8629432490632198,1.3258428597587015,1.7729346768773886,0.19030874908259943,1.04941495486026,0.3259702254730124,0.7926920481090992,0.6413268443476029,33298960.0,15296956.0,22017552.0,19961112.0,4244321.0,27614417.0,3497500.0,7830200.0,23041236.0,24849863.0,9033027.0,23791747.0,9279270.0,1992094.0,16477434.0,2437255.0,7112279.0,6713214.0,10,6,9,2,3,12,3,3,5,20,14,24,7,14,21,10,12,14,0.2123627636118037,0.0975557149835359,0.14041604274387534,0.12730118024961554,0.027067984622210852,0.17610982173763906,0.02230516405714423,0.049936782158756465,0.1469445458354189,0.2443779702105644,0.08883239328591969,0.23397226936918264,0.09125399072163029,0.019590606523208765,0.16204201508871663,0.023968398931839146,0.0699434160096264,0.06601893985931205,0.18867924528301888,0.11320754716981132,0.16981132075471697,0.03773584905660377,0.05660377358490566,0.22641509433962265,0.05660377358490566,0.05660377358490566,0.09433962264150944,0.14705882352941177,0.10294117647058823,0.17647058823529413,0.051470588235294115,0.10294117647058823,0.15441176470588236,0.07352941176470588,0.08823529411764706,0.10294117647058823,5,12,0.294,338,404,-66,0.333,0.417
350,philadelphia-eagles,2011,1.3917485182796199,0.4878184115396969,0.8886543117840717,3.3221474040592063,0.31725024674966934,1.1362813467608026,0.31237904922847887,0.9326176237800958,0.8125592931389584,1.3601234458066844,0.09607518278063064,0.11957434902503183,5.666276773335441,0.18706660227233168,1.2233356155009836,0.0,0.15526607422404917,0.0,29065203.0,9261431.0,18558610.0,18921696.0,2409250.0,23730040.0,1779193.0,3541225.0,12341415.0,3852614.0,60475.0,112900.0,1783333.0,176625.0,1155052.0,0.0,97733.0,0.0,11,10,11,3,4,11,3,2,8,9,2,3,1,3,3,0,2,0,0.24300370954088604,0.07743149389519,0.15516186396229825,0.15819749543139078,0.020142872809502818,0.1983983303868068,0.014875192820403754,0.029606908691431615,0.10318213246208995,0.5322222179243548,0.008354363720054839,0.015596654220656325,0.24635985971023655,0.024399991600738913,0.1595655150653457,0.0,0.013501397758612973,0.0,0.1746031746031746,0.15873015873015872,0.1746031746031746,0.047619047619047616,0.06349206349206349,0.1746031746031746,0.047619047619047616,0.031746031746031744,0.12698412698412698,0.391304347826087,0.08695652173913043,0.13043478260869565,0.043478260869565216,0.13043478260869565,0.13043478260869565,0.0,0.08695652173913043,0.0,8,8,0.5,396,328,68,0.833,0.5
351,philadelphia-eagles,2012,0.7586070858371076,1.231423685937561,0.7087631838716328,4.765407335603907,0.5344365825204632,1.1097434232435164,0.5122614877159147,1.0023246696174053,0.9015850365896428,0.47457928526963344,0.11349438458692333,2.6663378845469854,2.1619710154997023,0.06938608577384485,0.5312390329435203,0.0089879201053846,0.18890921464475804,1.7538863652791141,13792256.0,13059986.0,9664532.0,14440000.0,4858303.0,18494919.0,2328360.0,4555823.0,8195871.0,1847961.0,441935.0,15573652.0,4209242.0,135091.0,2068588.0,5833.0,858191.0,3414723.0,12,7,9,2,6,11,3,3,6,6,6,9,3,3,6,1,7,3,0.1542929666109371,0.14610111528072756,0.10811641787872364,0.16153923171538667,0.0543494829681827,0.20690131619794372,0.02604719429063973,0.050965661166986705,0.09168661389047215,0.06471535708222273,0.015476506989125909,0.5453872945664288,0.14740711469316148,0.00473086948458033,0.07244168631048002,0.0002042709114860136,0.030053738693484232,0.1195831612690305,0.2033898305084746,0.11864406779661017,0.15254237288135594,0.03389830508474576,0.1016949152542373,0.1864406779661017,0.05084745762711865,0.05084745762711865,0.1016949152542373,0.13636363636363635,0.13636363636363635,0.20454545454545456,0.06818181818181818,0.06818181818181818,0.13636363636363635,0.022727272727272728,0.1590909090909091,0.06818181818181818,4,12,0.25,280,444,-164,0.167,0.167
352,philadelphia-eagles,2013,0.5761598258353483,1.1150742847164323,1.3956270229090344,2.1918194384356013,1.000961611095905,0.5776023686123546,0.379338180303225,1.3511401105234708,1.13775513874623,1.6345172751300496,0.5653210227601566,0.5637302494345522,0.19772778055779874,0.08933072868647757,1.4921713738470437,0.015302951157910692,0.14825145242169147,2.8042723040918167,8222166.0,15912817.0,25606906.0,13405137.0,10203112.0,12952896.0,2320027.0,5509036.0,13916989.0,4805996.0,1108148.0,1473373.0,129196.0,175107.0,5362444.0,9999.0,387472.0,5496963.0,7,7,9,3,5,11,3,2,6,9,6,8,2,6,11,2,8,6,0.07609658077070638,0.147273962132359,0.23699326804115678,0.12406525123220385,0.094430340669425,0.11987973688180945,0.02147197246999387,0.05098641926503664,0.12880246853730906,0.253631990968456,0.058481485113119645,0.07775589647373134,0.006818199329579267,0.009241109864118368,0.2829980191778876,0.0005276879709624376,0.020448476196095373,0.29009713490605,0.1320754716981132,0.1320754716981132,0.16981132075471697,0.05660377358490566,0.09433962264150944,0.20754716981132076,0.05660377358490566,0.03773584905660377,0.11320754716981132,0.15517241379310345,0.10344827586206896,0.13793103448275862,0.034482758620689655,0.10344827586206896,0.1896551724137931,0.034482758620689655,0.13793103448275862,0.10344827586206896,10,6,0.625,442,382,60,0.667,0.75
353,philadelphia-eagles,2014,0.6131531180343529,1.417075814017993,1.218921659567243,0.5549740780553656,1.8463744852578918,0.9534515128948677,0.4252370423117769,0.8661277055428498,0.790986645630637,0.08009958732799627,0.46785931865161706,1.881329633052183,0.22125731320970107,0.11583290769386802,0.7258830853958466,0.14186491062749323,0.02848965404205181,2.465705894597728,10798295.0,21836719.0,24149857.0,3665137.0,16258334.0,20989151.0,2808333.0,5720045.0,10447603.0,216488.0,1011600.0,7118631.0,119600.0,219146.0,1961870.0,115027.0,15400.0,7330566.0,8,7,9,3,4,10,3,3,6,10,8,14,2,7,10,3,2,11,0.09255141404292119,0.18716095656841417,0.206986696907645,0.03141362705973767,0.13934901775531258,0.17989651186695615,0.024070021262930768,0.0490260965401613,0.08954565799592117,0.011955162287760637,0.05586379924198413,0.3931136546676203,0.006604695916707495,0.01210194557995636,0.10834075901430547,0.006352160177350443,0.0008504374340910989,0.404817385680224,0.1509433962264151,0.1320754716981132,0.16981132075471697,0.05660377358490566,0.07547169811320754,0.18867924528301888,0.05660377358490566,0.05660377358490566,0.11320754716981132,0.14925373134328357,0.11940298507462686,0.208955223880597,0.029850746268656716,0.1044776119402985,0.14925373134328357,0.04477611940298507,0.029850746268656716,0.16417910447761194,10,6,0.625,474,400,74,0.667,0.5
354,philadelphia-eagles,2015,0.8418636231150705,1.1013164012576433,0.9840971770824597,2.4600128937053873,1.2416870752428506,0.9115809406916188,0.5183638199430446,0.9667625125134619,0.6497075750559509,0.8472824060716697,1.7902703000830027,0.8936013303144178,0.34737394178372044,1.398779258525896,1.229395087686965,0.3987752077532532,0.06143906076359994,0.990289371183652,15743156.0,15446263.0,23003719.0,17251176.0,11610000.0,21308619.0,3635097.0,6779554.0,9112326.0,2864880.0,5503059.0,5218948.0,427113.0,3439733.0,6046402.0,367735.0,132199.0,2435217.0,8,6,10,3,4,10,3,3,6,11,10,19,4,8,16,3,7,8,0.12707375443246346,0.12467732844426152,0.18567871265706787,0.13924601285124835,0.09371223209380006,0.17199640390407903,0.029341348298662903,0.05472240636868652,0.0735518009497303,0.10837333100916706,0.20817096512593056,0.1974235497206272,0.016156927524824206,0.13011900079310662,0.22872466747664466,0.013910763061159997,0.005000853783083716,0.09211994150545601,0.1509433962264151,0.11320754716981132,0.18867924528301888,0.05660377358490566,0.07547169811320754,0.18867924528301888,0.05660377358490566,0.05660377358490566,0.11320754716981132,0.12790697674418605,0.11627906976744186,0.22093023255813954,0.046511627906976744,0.09302325581395349,0.18604651162790697,0.03488372093023256,0.08139534883720931,0.09302325581395349,7,9,0.438,377,430,-53,0.5,0.333
355,philadelphia-eagles,2016,1.0996869021982407,1.0925822878402836,1.4244624431981336,2.15177498530784,1.1314365418856447,0.748630535713135,0.43147215942259093,0.6954754027057605,0.4176351094202679,0.19917869867498608,0.5713239212255833,0.33245167879454,4.600603343899282,2.5337905282449307,1.1872792884474959,1.0851045438742528,0.05260097500869616,0.7362796277712683,20136275.0,20006183.0,32604016.0,9850243.0,5179410.0,17135139.0,2962744.0,6367396.0,4779551.0,583141.0,1881766.0,2433320.0,6734657.0,9272811.0,6952061.0,1191334.0,115501.0,3772346.0,8,8,10,2,2,10,3,4,5,8,9,20,4,10,16,3,6,14,0.16918260033819085,0.168089582744659,0.2739350852304103,0.08276057635799383,0.04351679007252479,0.1439674107140644,0.024892624582072552,0.05349810790044311,0.040157222059641146,0.017704773215554317,0.05713239212255833,0.07387815084323111,0.204471259728857,0.2815322809161034,0.21107187350177706,0.03617015146247509,0.003506731667246411,0.11453238654219729,0.15384615384615385,0.15384615384615385,0.19230769230769232,0.038461538461538464,0.038461538461538464,0.19230769230769232,0.057692307692307696,0.07692307692307693,0.09615384615384616,0.08888888888888889,0.1,0.2222222222222222,0.044444444444444446,0.1111111111111111,0.17777777777777778,0.03333333333333333,0.06666666666666667,0.15555555555555556,7,9,0.438,367,331,36,0.333,0.417
356,philadelphia-eagles,2017,1.4441744180125131,0.7880171114373604,1.3873620676435048,0.3825864671651082,0.2607512230227855,0.7692710627993332,0.3181856567966926,1.3208106121642982,1.3389803461906986,0.2864405517315748,0.48657954557051036,1.2685929915908665,4.417113006379405,1.8171497897613325,0.4914877543387018,0.7458884458176885,0.11250207078641815,0.18034940680055955,35593817.0,13595294.0,27354874.0,1885882.0,3213300.0,17063842.0,2352647.0,9766000.0,19800692.0,1758071.0,1990969.0,7786176.0,18073787.0,5576512.0,4273486.0,1144500.0,230166.0,1106921.0,10,7,8,2,5,9,3,3,6,12,8,12,8,6,17,3,4,12,0.27248573924764397,0.10407773169927402,0.20941314228581204,0.01443722517604182,0.024599171983281657,0.1306309351923396,0.01801050887528449,0.07476286483948859,0.1515826807008338,0.04191812952169388,0.047471175177610764,0.1856477548669561,0.4309378542809176,0.13296217973863408,0.10189380272875526,0.0272886016762569,0.005487905892020398,0.026392596117155057,0.18867924528301888,0.1320754716981132,0.1509433962264151,0.03773584905660377,0.09433962264150944,0.16981132075471697,0.05660377358490566,0.05660377358490566,0.11320754716981132,0.14634146341463414,0.0975609756097561,0.14634146341463414,0.0975609756097561,0.07317073170731707,0.2073170731707317,0.036585365853658534,0.04878048780487805,0.14634146341463414,13,3,0.813,457,295,162,0.833,0.833
357,philadelphia-eagles,2018,1.5859388258083997,0.368745175897076,1.5002191646439225,2.7911442232508588,0.25623884951892173,0.41892713252234975,0.21707088967739266,0.8669978760589612,1.0370705494851824,1.5483721362807978,0.9185491027355817,0.38807051982786184,0.012292762062039265,1.1333388331496723,1.5374165814478178,0.5336853592038975,0.45032176542221525,0.4177709920685726,36658292.0,6629300.0,34676919.0,21505365.0,2632378.0,9683320.0,1672500.0,6680094.0,15980959.0,10480884.0,3291687.0,1081639.0,14684.0,2707601.0,13467528.0,425000.0,1972374.0,1996150.0,9,7,9,3,4,9,3,3,6,17,9,7,3,6,22,2,11,12,0.2693103666467094,0.04870219304301004,0.2547541977697227,0.157989295655709,0.01933878109576768,0.07113856967360656,0.012287031491173168,0.04907535147503554,0.11740421314926594,0.29575647546936584,0.09288698791708128,0.030522400435899245,0.00041436276613615494,0.07640486515615767,0.3800355594590111,0.011992929420312303,0.055657746288138965,0.05632867308789742,0.16981132075471697,0.1320754716981132,0.16981132075471697,0.05660377358490566,0.07547169811320754,0.16981132075471697,0.05660377358490566,0.05660377358490566,0.11320754716981132,0.19101123595505617,0.10112359550561797,0.07865168539325842,0.033707865168539325,0.06741573033707865,0.24719101123595505,0.02247191011235955,0.12359550561797752,0.1348314606741573,9,7,0.563,367,348,19,0.667,0.5
358,philadelphia-eagles,2019,1.2019632076783135,0.49484591729021904,1.2698664751912652,1.972105081710366,0.497107609973926,1.1614607867350395,0.2840000024629641,0.8560352197790997,0.7745885513764932,1.3059177997354827,1.2413403887532921,2.423282742471335,0.7885644789158899,0.5054380401360066,0.49657897392608447,0.0,0.13159153288105765,1.4031692919128524,24663523.0,6769283.0,26056855.0,13488782.0,3400111.0,23832439.0,1942500.0,7806800.0,10596044.0,12586876.0,5234450.0,11678208.0,3325197.0,2740265.0,5384470.0,0.0,713432.0,10143164.0,9,6,9,3,3,9,3,4,6,16,7,8,7,9,18,0,9,12,0.20803209363663117,0.057097605841179115,0.21978458224464206,0.11377529317559802,0.028679285190803424,0.20102205924260294,0.016384615526709466,0.06584886305993073,0.08937560208190305,0.24296145111357817,0.1010393339682912,0.22542165046244975,0.06418548084199104,0.05289467861888441,0.10393513407755255,0.0,0.01377120692941301,0.19579106398783988,0.17307692307692307,0.11538461538461539,0.17307692307692307,0.057692307692307696,0.057692307692307696,0.17307692307692307,0.057692307692307696,0.07692307692307693,0.11538461538461539,0.18604651162790697,0.08139534883720931,0.09302325581395349,0.08139534883720931,0.10465116279069768,0.20930232558139536,0.0,0.10465116279069768,0.13953488372093023,9,7,0.563,385,354,31,0.833,0.583
359,philadelphia-eagles,2020,1.610038938383148,0.13815342165183242,0.604634032403586,2.6517804620638477,0.315494335411094,0.5730046077309097,0.5536182752927319,1.1044793299889393,1.3919195679011953,0.4774130056953315,1.5224037649739182,2.634890684147923,0.1800850576342891,0.09052208424152416,1.0448588884310086,0.0,0.317212262857085,0.12233516786585305,39055824.0,1489459.0,13037355.0,21442022.0,3401406.0,12355349.0,4476500.0,14884509.0,30013113.0,3462462.0,9201092.0,27072044.0,326519.0,656516.0,17681748.0,0.0,1150299.0,887242.0,9,4,8,3,4,8,3,5,8,12,10,17,3,12,28,0,6,12,0.278660585489391,0.010627186280910186,0.09302062036978247,0.15298733434983736,0.024268795031622617,0.08815455503552456,0.03193951588227299,0.10619993557585955,0.2141414719847993,0.05728956068343978,0.15224037649739183,0.44793141630514693,0.005402551729028672,0.0108626501089829,0.2925604887606824,0.0,0.0190327357714251,0.014680220143902366,0.17307692307692307,0.07692307692307693,0.15384615384615385,0.057692307692307696,0.07692307692307693,0.15384615384615385,0.057692307692307696,0.09615384615384616,0.15384615384615385,0.12,0.1,0.17,0.03,0.12,0.28,0.0,0.06,0.12,4,11,0.281,334,418,-84,0.333,0.333
360,philadelphia-eagles,2021,1.2571942554086768,0.5621748506175336,1.4980153434873507,0.5334291208742109,0.4386020771690557,0.8245050764447976,0.6842719477018239,0.6232377890076218,1.2738142552063365,0.8505618880813512,0.8755790536864119,0.595256030617812,8.37817910842633,0.05976220475433361,0.0978640082960462,0.3009816186425597,1.019748073962472,1.1836452652678544,30905988.0,2764023.0,27005855.0,2622690.0,3594096.0,18917788.0,3364333.0,4085665.0,8350550.0,13300732.0,1825592.0,12411154.0,34937192.0,436117.0,1326309.0,1255100.0,8504744.0,13573524.0,15,3,11,3,5,14,3,4,4,15,2,20,4,7,13,4,8,11,0.30415990050209923,0.0272020089008484,0.2657769157800139,0.025811086493913435,0.035371135255569015,0.1861785656488253,0.03310993295331407,0.04020888961339496,0.08218156485202172,0.15188605144309844,0.020847120325866948,0.14172762633757427,0.39896090992506333,0.004980183729527801,0.01514562033153096,0.014332458030598079,0.0971188641869021,0.15500116568983807,0.24193548387096775,0.04838709677419355,0.1774193548387097,0.04838709677419355,0.08064516129032258,0.22580645161290322,0.04838709677419355,0.06451612903225806,0.06451612903225806,0.17857142857142858,0.023809523809523808,0.23809523809523808,0.047619047619047616,0.08333333333333333,0.15476190476190477,0.047619047619047616,0.09523809523809523,0.13095238095238096,9,8,0.529,444,385,59,0.5,0.583
361,philadelphia-eagles,2022,1.4792686065511862,0.6300844781754522,1.4947710587748047,0.6071900514160379,0.47687947782498163,0.8162938646037061,0.490860787014423,0.6428993825298199,0.9662752375737231,2.490490289420637,0.8593106638272817,0.5584702396610968,1.41697934284393,0.1250157726652844,0.5729171262152989,0.3265709476287833,1.0609688536400421,0.8036095564330415,44738157.0,8661780.0,36987549.0,5008230.0,5244535.0,22443206.0,4048722.0,5302768.0,13283399.0,35538767.0,2724929.0,8854724.0,2246666.0,396433.0,9083784.0,1553366.0,5046600.0,8281966.0,11,5,9,3,4,10,3,3,5,18,4,20,2,4,20,6,6,13,0.3070180126804349,0.059441931903344555,0.2538290477164763,0.03436924819336064,0.03599090398679106,0.15401771030258607,0.027784572849873002,0.03639053108659358,0.09115804128053992,0.48203037859754266,0.03695959844418416,0.12010112680883801,0.03047267403965441,0.005377022480227286,0.12320798413232234,0.021069093395405376,0.06844960346064789,0.11233251864117785,0.20754716981132076,0.09433962264150944,0.16981132075471697,0.05660377358490566,0.07547169811320754,0.18867924528301888,0.05660377358490566,0.05660377358490566,0.09433962264150944,0.1935483870967742,0.043010752688172046,0.21505376344086022,0.021505376344086023,0.043010752688172046,0.21505376344086022,0.06451612903225806,0.06451612903225806,0.13978494623655913,14,3,0.824,477,344,133,0.667,0.75
362,philadelphia-eagles,2023,1.2359629730247117,0.6760638933482719,1.529006904210829,0.9805908436094686,0.4338881470394419,0.8524797933097182,0.5879895988432843,0.8966611659423884,1.067135399725022,4.671346071780861,0.4404798541703722,1.499236762435416,0.019959584140125684,0.07902365201961002,0.6840243512791263,0.10909862187486827,0.22137381906673956,0.29327762946275343,33588796.0,12248572.0,41552621.0,8882916.0,5240639.0,25741305.0,5326444.0,8122619.0,19333801.0,31206927.0,4708201.0,19029737.0,13334.0,211167.0,11881024.0,437300.0,1330999.0,3330710.0,9,6,9,3,4,10,3,3,6,10,16,19,1,4,26,6,9,17,0.20988050485325294,0.07653553509603077,0.25964268184712186,0.05550514209110199,0.032746275248259765,0.16084524402070155,0.033282430123204775,0.05075440561938048,0.12080778110094588,0.4325320436834131,0.06525627469190699,0.26375461561363805,0.00018481096426042302,0.0029268019266522234,0.16467252901164153,0.006061034548603793,0.01844781825556163,0.0461640713043223,0.16981132075471697,0.11320754716981132,0.16981132075471697,0.05660377358490566,0.07547169811320754,0.18867924528301888,0.05660377358490566,0.05660377358490566,0.11320754716981132,0.09259259259259259,0.14814814814814814,0.17592592592592593,0.009259259259259259,0.037037037037037035,0.24074074074074073,0.05555555555555555,0.08333333333333333,0.1574074074074074,11,6,0.647,433,428,5,0.667,0.583
363,philadelphia-eagles,2024,0.9319107630534852,0.8332808179419346,1.2407555262834342,1.3061367978461336,0.6198348864414409,0.7463578482773081,0.7264276023074754,1.0881690510655404,1.4576221420402051,0.9426661161757132,2.9892552039954254,1.0313288839795132,1.1245077756280366,0.20216958061866142,1.0966911318696122,0.013846486386061709,0.2628943233365426,0.22800787588145638,14817126.0,21198299.0,43400881.0,16613774.0,5913123.0,26107148.0,6930000.0,10380954.0,23175793.0,10211971.0,34541675.0,11917292.0,3248500.0,1022055.0,15048678.0,10000.0,3037817.0,3293368.0,5,8,11,4,3,11,3,3,5,15,16,16,4,7,19,1,16,20,0.0879161097220269,0.12577823667048071,0.2575152979078826,0.09857636210159498,0.03508499357215703,0.15490445907642245,0.041118543526838226,0.0615944745886155,0.13751152283398163,0.12403501528627806,0.41954459003444566,0.14474791354098432,0.03945641317993111,0.012413921616935351,0.18278185531160207,0.00012146040689527815,0.03689744888933932,0.04000138173358884,0.09433962264150944,0.1509433962264151,0.20754716981132076,0.07547169811320754,0.05660377358490566,0.20754716981132076,0.05660377358490566,0.05660377358490566,0.09433962264150944,0.13157894736842105,0.14035087719298245,0.14035087719298245,0.03508771929824561,0.06140350877192982,0.16666666666666666,0.008771929824561403,0.14035087719298245,0.17543859649122806,14,3,0.824,463,303,160,0.833,0.75
364,pittsburgh-steelers,2011,1.444546138784855,1.525773273761599,0.7797123491742719,2.7570394130082994,0.2642792863419093,1.0718198896888318,0.4468278758819192,0.7216741535508586,0.581906892584872,2.361035254111517,0.0,1.0079437199679993,1.9051390023040065,1.2217838463377455,0.039493147610442404,0.0006343056758722015,0.24762684043058913,0.2114257011814865,14099449.0,24820440.0,17757504.0,13455000.0,2149575.0,22666509.0,2907500.0,5869899.0,8519527.0,4958018.0,0.0,2645769.0,2000333.0,1924249.0,82933.0,333.0,130000.0,332985.0,6,10,14,3,5,13,4,5,9,4,0,5,2,3,4,1,1,3,0.12561270772042218,0.22112656141472448,0.1582025056295624,0.1198712788264478,0.019150672923326756,0.20193708066601176,0.025903065268517055,0.05229522851817816,0.07590089903280939,0.4106148268020029,0.0,0.21911819999304327,0.16566426106991358,0.15936311039187984,0.006868373497468243,2.757850764661745e-05,0.010766384366547354,0.027577265371498235,0.08695652173913043,0.14492753623188406,0.2028985507246377,0.043478260869565216,0.07246376811594203,0.18840579710144928,0.057971014492753624,0.07246376811594203,0.13043478260869565,0.17391304347826086,0.0,0.21739130434782608,0.08695652173913043,0.13043478260869565,0.17391304347826086,0.043478260869565216,0.043478260869565216,0.13043478260869565,12,4,0.75,325,227,98,0.667,0.75
365,pittsburgh-steelers,2012,1.0517357251204698,1.4749135887180467,0.5763689731231978,2.0149775433971073,0.651318491259044,1.2940547703633467,0.5110194281515664,0.23826728130219355,0.6176100844637343,0.28429950986025604,0.749153049858601,1.377116536493614,0.0012279012564325733,0.4378908508017444,1.1048638323353717,0.0029151149018905244,2.8608689121412048,0.7196063554828201,15721406.0,24496770.0,7658308.0,10040000.0,5408859.0,19343605.0,3394999.0,791474.0,6154714.0,1081027.0,2034712.0,9724705.0,667.0,951455.0,5401491.0,3167.0,7770167.0,5081603.0,9,10,8,3,5,9,4,2,6,7,5,13,1,4,9,2,5,13,0.16902895582293262,0.263377426556794,0.0823384247318854,0.10794522553913076,0.0581534367195575,0.2079730880941093,0.03650138772511189,0.008509545760792627,0.06617250904968582,0.03373045032240325,0.06348754659818652,0.30343245719350814,2.0811885702247002e-05,0.029687515308592836,0.1685385506952262,9.88174543013737e-05,0.2424465179780682,0.15855733256401122,0.16071428571428573,0.17857142857142858,0.14285714285714285,0.05357142857142857,0.08928571428571429,0.16071428571428573,0.07142857142857142,0.03571428571428571,0.10714285714285714,0.11864406779661017,0.0847457627118644,0.22033898305084745,0.01694915254237288,0.06779661016949153,0.15254237288135594,0.03389830508474576,0.0847457627118644,0.22033898305084745,8,8,0.5,336,314,22,0.5,0.417
366,pittsburgh-steelers,2013,1.0380069392560252,0.7232502649726112,0.48502530486101153,2.8769246842335736,0.337765227257818,1.3894708453500038,0.5001957741564282,1.1974193134803075,1.186177653038854,0.18384280082704987,3.4931043777650856,0.9738107727125678,0.0,0.6853717301508833,0.3214788638039347,0.184681909295529,1.0326374754325904,0.17588547974569774,12959126.0,10319437.0,8650512.0,15393138.0,2409641.0,24781458.0,2676324.0,8542474.0,10577844.0,824447.0,17231392.0,5677198.0,0.0,2151495.0,1297511.0,331284.0,926177.0,709886.0,7,8,10,3,4,10,3,4,5,10,11,13,0,7,9,4,2,9,0.134556455088744,0.10714818740334982,0.08981950090018732,0.1598291491240874,0.025019646463542076,0.2573094158055563,0.027788654119801574,0.08869772692446723,0.10983126417026427,0.02828350781954614,0.591140740852553,0.19476215454251358,0.0,0.07380926324701821,0.044512458065160194,0.011365040572032553,0.03177346078254125,0.02435337411863507,0.12962962962962962,0.14814814814814814,0.18518518518518517,0.05555555555555555,0.07407407407407407,0.18518518518518517,0.05555555555555555,0.07407407407407407,0.09259259259259259,0.15384615384615385,0.16923076923076924,0.2,0.0,0.1076923076923077,0.13846153846153847,0.06153846153846154,0.03076923076923077,0.13846153846153847,8,8,0.5,379,370,9,0.667,0.5
367,pittsburgh-steelers,2014,0.6250364444371304,1.4558793310213716,0.8323000297912413,3.306111420364993,0.20468272591269462,0.9218613688983431,0.4366431664614164,1.1996127463212871,0.699495285793322,0.44377092008079305,2.6289134331610833,1.086465193238301,0.005846899017740128,1.2789652908403037,1.0338829686546538,0.004679975894451657,0.11925778842846776,0.12631477795119997,8066267.0,28182784.0,14321414.0,21333138.0,2201239.0,21810936.0,2817500.0,7740666.0,7522649.0,1517363.0,6741681.0,5262767.0,1666.0,1457700.0,2651327.0,2667.0,135924.0,179959.0,6,9,8,3,5,11,3,3,5,12,9,17,1,4,9,2,4,5,0.07075884276646759,0.2472247920602329,0.1256301931760364,0.18713838228481092,0.019309691123839113,0.191329718073241,0.024715650931778285,0.067902608282337,0.06599012130125678,0.08452779430110344,0.37555906188015475,0.29317314738176375,9.280792091650997e-05,0.08120414545017803,0.14769756695066485,0.00014857066331592562,0.00757192307482335,0.010024982377079363,0.11320754716981132,0.16981132075471697,0.1509433962264151,0.05660377358490566,0.09433962264150944,0.20754716981132076,0.05660377358490566,0.05660377358490566,0.09433962264150944,0.19047619047619047,0.14285714285714285,0.2698412698412698,0.015873015873015872,0.06349206349206349,0.14285714285714285,0.031746031746031744,0.06349206349206349,0.07936507936507936,11,5,0.688,436,368,68,0.667,0.75
368,pittsburgh-steelers,2015,1.2740423932977152,1.0404475102207003,0.7713351177096432,3.4329696995787633,0.520093434822542,0.6040094959180982,0.2654944946083058,1.056567820679363,1.0709154686076832,0.1851342471186485,2.034152214230427,0.8753071285046133,1.1030320985784678,0.504481918511135,2.287815541309778,3.0767405617997867,0.16905258831150105,0.3652823945452605,13749837.0,20586157.0,11099298.0,18524805.0,3742000.0,10864411.0,1432647.0,5701394.0,9631360.0,1239788.0,9081401.0,8304028.0,1846668.0,2533772.0,12767340.0,5151000.0,566047.0,2038488.0,6,11,8,3,4,10,3,3,5,12,8,17,3,9,10,3,6,10,0.1442312143355904,0.21594193608354156,0.11642794229579521,0.19431903959879793,0.03925233470358807,0.11396405583360342,0.015027990260847498,0.05980572569883186,0.10102976118940406,0.028482191864407466,0.20863099633132584,0.1907720664689542,0.04242431148378723,0.058209452135900196,0.2933096847833049,0.11833617545383796,0.013004045254730852,0.04683107622375136,0.11320754716981132,0.20754716981132076,0.1509433962264151,0.05660377358490566,0.07547169811320754,0.18867924528301888,0.05660377358490566,0.05660377358490566,0.09433962264150944,0.15384615384615385,0.10256410256410256,0.21794871794871795,0.038461538461538464,0.11538461538461539,0.1282051282051282,0.038461538461538464,0.07692307692307693,0.1282051282051282,10,6,0.625,423,319,104,0.5,0.583
369,pittsburgh-steelers,2016,0.2727894396626652,1.307921214289197,1.3339891140031186,3.728378211676001,0.5394321586755868,0.5914500819718432,0.254594195858207,0.44863706208482856,1.0646489106193693,5.0114358326956765,0.3158215888659871,0.6473108469835674,1.0449204885696561,0.12473691999966449,1.2832940561123982,1.4062919691826548,1.5898519484538192,0.7699000105888166,3707278.0,29624971.0,24172336.0,25334805.0,4887347.0,12056936.0,1730000.0,4064728.0,14468850.0,10623134.0,1472838.0,4390898.0,443000.0,740361.0,6528718.0,1192411.0,3370134.0,2611228.0,6,10,8,3,4,9,3,4,6,5,11,16,1,14,12,2,5,8,0.030881823358037578,0.24677758760173527,0.20135684739669715,0.21104027613260382,0.04071186103211976,0.10043491958012433,0.014410992218389073,0.033859400912062534,0.1205262917682305,0.33861052923619445,0.046946452398998084,0.13995910205050108,0.01412054714283319,0.023598876756693282,0.20810173882903754,0.038007891058990675,0.10742242894958239,0.08323243357716936,0.11320754716981132,0.18867924528301888,0.1509433962264151,0.05660377358490566,0.07547169811320754,0.16981132075471697,0.05660377358490566,0.07547169811320754,0.11320754716981132,0.06756756756756757,0.14864864864864866,0.21621621621621623,0.013513513513513514,0.1891891891891892,0.16216216216216217,0.02702702702702703,0.06756756756756757,0.10810810810810811,11,5,0.688,399,327,72,0.833,0.75
370,pittsburgh-steelers,2017,0.9517943321099083,0.521480399711927,1.5582855508864468,2.5461209448478868,1.185919710831329,0.7657465103198743,0.21445067985151783,0.4097859288208132,1.0691429557104208,0.3344686854034864,1.224080767923594,0.33890601680752636,0.0,0.7131301389008281,0.7332164122120952,2.111677882609188,3.3841276528156747,0.1486363535444219,15711547.0,11477639.0,38584612.0,21014781.0,13050882.0,23174069.0,1770000.0,3382228.0,17648655.0,244800.0,5823437.0,868167.0,0.0,1043890.0,1878262.0,2318328.0,4953734.0,435152.0,6,8,9,3,4,11,3,3,6,2,13,7,0,4,7,3,4,8,0.1077503017482915,0.0787140225980267,0.2646145275090193,0.14412005348195586,0.08950337440236446,0.15892852100978522,0.012138717727444405,0.02319542993325358,0.12103505158985896,0.013936195225145269,0.3315218746459734,0.049423794117764264,0.0,0.05942751157506901,0.10692739344759723,0.13197986766307426,0.2820106377346396,0.024772725590736986,0.11320754716981132,0.1509433962264151,0.16981132075471697,0.05660377358490566,0.07547169811320754,0.20754716981132076,0.05660377358490566,0.05660377358490566,0.11320754716981132,0.041666666666666664,0.2708333333333333,0.14583333333333334,0.0,0.08333333333333333,0.14583333333333334,0.0625,0.08333333333333333,0.16666666666666666,13,3,0.813,406,308,98,1.0,0.833
371,pittsburgh-steelers,2018,1.2499601116269807,0.6811115521071213,1.3393870039468196,3.33577313698151,0.28444062796951997,0.9050384726317129,0.347736313666318,0.6723442485958707,0.8151772408798421,0.10988504131424434,1.8898922469199988,2.3418277633175992,0.40179957739613337,0.061073535764212275,0.8144752605651415,2.2078799721342426,0.2262324484537381,0.328158018717355,18441798.0,13398744.0,26348259.0,24607847.0,3497176.0,24480235.0,2565235.0,4959853.0,12027051.0,246134.0,9877496.0,8742522.0,300000.0,136800.0,6689326.0,3296987.0,844572.0,1225081.0,6,8,8,3,5,11,3,3,6,3,7,5,1,3,11,2,5,5,0.14150491829739406,0.10280929088409377,0.2021716232372558,0.18881734737631187,0.02683402150655849,0.18783817356507246,0.019683187566018,0.03805722161863419,0.09228421594866137,0.007848931522446024,0.31498204115333317,0.27878901944257134,0.009566656604669842,0.004362395411729448,0.21331494919563232,0.10513714153020202,0.026932434339730728,0.039066430799685116,0.11320754716981132,0.1509433962264151,0.1509433962264151,0.05660377358490566,0.09433962264150944,0.20754716981132076,0.05660377358490566,0.05660377358490566,0.11320754716981132,0.07142857142857142,0.16666666666666666,0.11904761904761904,0.023809523809523808,0.07142857142857142,0.2619047619047619,0.047619047619047616,0.11904761904761904,0.11904761904761904,9,6,0.594,428,360,68,0.75,0.542
372,pittsburgh-steelers,2019,1.4338055649131904,1.1957177226575648,1.6438725995568828,0.1821867613184991,0.22945232916425498,1.030427725631876,0.8775166911402075,0.9423238516805175,0.26090327622527104,1.8434649682009516,0.179982235474174,0.23238934137843723,3.5216588833744513,0.244331247911299,0.3712248588763503,0.0012017401788522951,0.318520483501234,2.3332749700472855,21061427.0,26346168.0,36220709.0,892058.0,2808722.0,25226896.0,6445000.0,6920982.0,3832455.0,10731838.0,2095554.0,2480258.0,27335388.0,1896518.0,5042583.0,2332.0,2163333.0,24902708.0,6,9,9,2,5,10,3,3,6,6,12,11,8,8,14,2,7,11,0.16231761112224796,0.20304640573430344,0.27914817728324426,0.0068749721252263805,0.021646446147571222,0.19442032559091996,0.049670756102275886,0.05333908594418023,0.02953621995003068,0.14000999758488242,0.027339073742912508,0.032358009559022904,0.35662368439234954,0.024742404851777117,0.06578668385150513,3.0423801996260638e-05,0.028223333981122006,0.32488638823443217,0.11320754716981132,0.16981132075471697,0.16981132075471697,0.03773584905660377,0.09433962264150944,0.18867924528301888,0.05660377358490566,0.05660377358490566,0.11320754716981132,0.0759493670886076,0.1518987341772152,0.13924050632911392,0.10126582278481013,0.10126582278481013,0.17721518987341772,0.02531645569620253,0.08860759493670886,0.13924050632911392,8,8,0.5,289,303,-14,0.5,0.5
373,pittsburgh-steelers,2020,1.467274192091243,0.7364751321085817,1.3140112618606743,3.143331310633456,0.40747186528340784,0.6756180728964555,0.5297784987354953,0.9245406741529237,0.40365392058404653,0.0805330569988408,3.0250149619707467,0.5935314192064693,0.1635343422509093,0.3467928312747384,1.3229342241536215,0.34242950570180086,0.3161238265389858,0.5964052695677375,31921708.0,14019773.0,32160771.0,25644620.0,5540545.0,20210581.0,4322156.0,7542792.0,5488631.0,433233.0,25313978.0,4966799.0,293248.0,1658307.0,10279842.0,1432762.0,944783.0,2495424.0,8,7,9,3,5,11,3,3,5,9,14,14,3,8,13,7,5,7,0.2173739543838879,0.095468998606668,0.2190018769767791,0.17462951725741427,0.03772887641513036,0.13762590373816688,0.029432138818638633,0.051363370786273545,0.03737536301704135,0.009059968912369588,0.5293776183448806,0.10386799836113213,0.006132537834409099,0.03467928312747384,0.2149768114249635,0.029962581748907573,0.01975773915868661,0.05218546108717703,0.14814814814814814,0.12962962962962962,0.16666666666666666,0.05555555555555555,0.09259259259259259,0.2037037037037037,0.05555555555555555,0.05555555555555555,0.09259259259259259,0.1125,0.175,0.175,0.0375,0.1,0.1625,0.0875,0.0625,0.0875,12,4,0.75,416,312,104,0.667,0.75
374,pittsburgh-steelers,2021,0.66851377531173,1.0813433764598812,0.590858878776118,4.119581032276127,0.6877434264968795,1.2529617174519891,0.8698605071289394,0.33230314847067377,0.570341126907757,1.0591107149293362,1.0145108046516638,1.9606550104166045,0.8170727302338653,0.18934348461812436,0.9205765102229178,0.09335370478178821,3.380460034918342,0.12863967782158467,12529121.0,17732988.0,11073732.0,28953066.0,8055949.0,29353376.0,6113517.0,2335479.0,8016895.0,12963813.0,5080049.0,15272071.0,909200.0,421385.0,8194993.0,519398.0,7523233.0,858865.0,8,7,8,3,5,10,3,3,6,22,9,14,2,4,16,10,4,12,0.10090773966969509,0.14281893651356922,0.08918624585299893,0.23318383201562984,0.06488145532989428,0.2364078712173564,0.0492373871959777,0.018809612177585307,0.06456692002729324,0.2505423196607031,0.09817846496629004,0.29515236715948884,0.017571456564169145,0.008143805790026853,0.15837875444695357,0.01003803277223529,0.14539613053412223,0.016598668106010923,0.1509433962264151,0.1320754716981132,0.1509433962264151,0.05660377358490566,0.09433962264150944,0.18867924528301888,0.05660377358490566,0.05660377358490566,0.11320754716981132,0.23655913978494625,0.0967741935483871,0.15053763440860216,0.021505376344086023,0.043010752688172046,0.17204301075268819,0.10752688172043011,0.043010752688172046,0.12903225806451613,9,7,0.559,343,398,-55,0.667,0.583
375,pittsburgh-steelers,2022,1.5543933371982184,1.5551020532434143,0.6484323389699208,1.1426076152743916,0.796001820544078,0.7634893694661876,0.7596402843720147,0.3525423902505097,0.9408330526327047,0.9459577606665341,0.820167254985634,0.5332136259539143,9.057517505945967,0.2849034114694913,0.7575783018786734,0.13148384004166633,3.4224126285628924,1.0484556124145756,32560785.0,41882954.0,17463974.0,10257801.0,9528180.0,22847511.0,6819698.0,3164962.0,14077271.0,9199104.0,5160835.0,2745166.0,10362488.0,1140829.0,10834089.0,300855.0,3915500.0,8396590.0,7,9,9,3,4,10,3,3,5,17,11,9,2,7,25,4,2,14,0.20529723321485902,0.2640739335696364,0.11011115190055258,0.06467590275138066,0.060075609097666266,0.14405459801248824,0.042998506662566875,0.019955229636821305,0.08875783515402873,0.1767173838607811,0.09914109675650522,0.052735413555881634,0.19906631881199927,0.021915647036114715,0.20812590710952567,0.005779509452380938,0.07521785996841522,0.16130086344839625,0.1320754716981132,0.16981132075471697,0.16981132075471697,0.05660377358490566,0.07547169811320754,0.18867924528301888,0.05660377358490566,0.05660377358490566,0.09433962264150944,0.18681318681318682,0.12087912087912088,0.0989010989010989,0.02197802197802198,0.07692307692307693,0.27472527472527475,0.04395604395604396,0.02197802197802198,0.15384615384615385,9,8,0.529,308,346,-38,0.5,0.417
376,pittsburgh-steelers,2023,1.39044469376585,1.126724664916274,1.3264173610572711,0.9395111937578325,0.4934275567672275,0.6697319403828528,0.6980141103719449,0.3264379584511223,1.2645320885410218,1.8306424744569454,1.4358497184343313,0.3681762783273794,0.1569913679143047,0.45932156492787707,1.3997194869782421,0.15454956790918833,0.237550679230779,0.8083650657320166,35046790.0,40570867.0,42985224.0,10148917.0,5330171.0,26527125.0,7540184.0,3526293.0,22766504.0,6075152.0,8576994.0,1588374.0,156297.0,1829160.0,9754700.0,153866.0,236500.0,3487422.0,7,10,9,3,3,11,3,3,5,10,18,13,3,12,21,3,3,13,0.18024283067335092,0.20865271572523592,0.22106956017621185,0.052195066319879586,0.02741264204262375,0.1364268767446552,0.03877856168733027,0.01813544213617346,0.11708630449453905,0.19069192442259852,0.26922182220643714,0.049857204356832635,0.004905980247322023,0.05741519561598464,0.30618863777649047,0.0048296739971621355,0.007423458725961844,0.1094661026512106,0.12962962962962962,0.18518518518518517,0.16666666666666666,0.05555555555555555,0.05555555555555555,0.2037037037037037,0.05555555555555555,0.05555555555555555,0.09259259259259259,0.10416666666666667,0.1875,0.13541666666666666,0.03125,0.125,0.21875,0.03125,0.03125,0.13541666666666666,10,7,0.588,304,324,-20,0.833,0.583
377,pittsburgh-steelers,2024,1.3850105782375648,1.6427851997467342,0.78492120294414,0.5209413615940862,0.6879971535129759,1.2441011735658671,0.6342964066047427,0.48256670580535216,0.31672147612273865,0.4000431312776918,0.6705414038787096,3.40422322486932,3.1046862299626716,0.15007565369157197,0.5375697935493636,1.0448305568816316,0.2584974338032436,1.0442967604761604,34714803.0,52940357.0,22484313.0,5595948.0,7390460.0,40092375.0,6813607.0,6911637.0,5670366.0,2688893.0,5859164.0,25169664.0,8347269.0,1513102.0,7587887.0,2106851.0,694997.0,11230798.0,7,9,8,3,3,9,3,4,5,10,13,11,4,15,21,3,4,16,0.19009949113064611,0.2899032705435413,0.12312489457947295,0.03064360950553448,0.04047042079488093,0.2195472659233883,0.037311553329690744,0.03784836908277272,0.03105112511007242,0.04124155992553524,0.08986637371570336,0.3860459327171394,0.1280282981427906,0.023207575313129686,0.11638108932511997,0.03231434712005046,0.010659687991886333,0.172255135748645,0.13725490196078433,0.17647058823529413,0.1568627450980392,0.058823529411764705,0.058823529411764705,0.17647058823529413,0.058823529411764705,0.0784313725490196,0.09803921568627451,0.10309278350515463,0.13402061855670103,0.1134020618556701,0.041237113402061855,0.15463917525773196,0.21649484536082475,0.030927835051546393,0.041237113402061855,0.16494845360824742,10,7,0.588,380,347,33,0.5,0.583
378,san-francisco-49ers,2011,1.631807580109099,1.0827713997241504,0.768001362283111,1.055120374500956,0.9256786486918345,0.8281957458360302,0.8793141206639017,1.807726405984723,0.7714076349231049,3.1176081438461813,0.16283737764361675,0.13985780098093245,0.0,1.1550212827819366,0.6753142144263096,0.0,0.16345882591027003,2.389284224163907,18990541.0,14401148.0,15321934.0,7016691.0,10772801.0,17899739.0,4385667.0,9016216.0,10259927.0,1854500.0,145295.0,124791.0,0.0,687061.0,1205126.0,0.0,97233.0,2131888.0,7,8,12,4,7,13,3,3,8,2,3,3,0,2,6,0,2,3,0.17573312401174912,0.13326417227374157,0.14178486688303588,0.06493048458467422,0.09968846985912065,0.16563914916720604,0.04058372864602623,0.08343352643006413,0.09494247814438214,0.29691506131868395,0.02326248252051668,0.019979685854418918,0.0,0.110002026931613,0.19294691840751702,0.0,0.015567507229549525,0.34132631773770095,0.1076923076923077,0.12307692307692308,0.18461538461538463,0.06153846153846154,0.1076923076923077,0.2,0.046153846153846156,0.046153846153846156,0.12307692307692308,0.09523809523809523,0.14285714285714285,0.14285714285714285,0.0,0.09523809523809523,0.2857142857142857,0.0,0.09523809523809523,0.14285714285714285,13,3,0.813,380,229,151,0.833,0.833
379,san-francisco-49ers,2012,1.063607351360658,1.5972818071504518,0.7484589294192551,1.581490847916963,0.6090201276187107,0.9117671235849993,0.977661687657193,1.333482312336625,0.7116638636550234,2.427136821817192,0.4673297291761622,0.14491806604151622,0.951401404786845,1.087364820400069,0.19372707233242534,0.0,0.07398369152595302,2.206188019494743,17072805.0,29301985.0,15446710.0,10879613.0,9775865.0,20907853.0,6725667.0,9173478.0,11423481.0,3125119.0,687682.0,239905.0,175000.0,600027.0,213804.0,0.0,27217.0,2840631.0,7,8,9,3,7,10,3,3,7,7,8,9,1,3,6,0,2,7,0.13061844665832648,0.22417990275795818,0.11817772569777714,0.08323636041668227,0.07479194549703465,0.15995914448859638,0.051455878297747004,0.07018327959666448,0.08739731658921342,0.39511529657489175,0.08694506589323948,0.03033168824124758,0.02212561406481035,0.07586266188837691,0.02703168451150121,0.0,0.0034411019314396756,0.35914688689449303,0.12280701754385964,0.14035087719298245,0.15789473684210525,0.05263157894736842,0.12280701754385964,0.17543859649122806,0.05263157894736842,0.05263157894736842,0.12280701754385964,0.16279069767441862,0.18604651162790697,0.20930232558139536,0.023255813953488372,0.06976744186046512,0.13953488372093023,0.0,0.046511627906976744,0.16279069767441862,11,4,0.719,397,273,124,0.583,0.625
380,san-francisco-49ers,2013,0.7886806618131054,1.0135076769898559,0.8962347774191817,0.47600649220171176,1.0012104288240278,1.0706955653546633,1.0692515356672674,1.17891179527892,1.3013058950132468,1.34961454860653,0.5644715457341635,0.2051091123377614,0.702501595144961,0.9656110578372414,0.9725365790018728,1.85781571892821,0.1381888636892429,1.7458926564630686,10078083.0,17268019.0,17178680.0,2027535.0,8529250.0,22802974.0,6831666.0,10043077.0,13857181.0,2288813.0,598305.0,434806.0,446765.0,1637581.0,2473989.0,787668.0,87883.0,4811400.0,6,8,9,2,4,10,3,4,5,8,5,10,3,8,12,2,3,13,0.09278596021330651,0.15898159639056564,0.15815907836809087,0.018666921262812226,0.078526308143061,0.20994030693228694,0.06289714915689808,0.09246367021795453,0.1275790093150242,0.16870181857581626,0.04409933951048152,0.03204829880277522,0.032929762272420046,0.12070138222965518,0.18235060856285118,0.058056741216506565,0.006477602985433262,0.3546344458440608,0.11764705882352941,0.1568627450980392,0.17647058823529413,0.0392156862745098,0.0784313725490196,0.19607843137254902,0.058823529411764705,0.0784313725490196,0.09803921568627451,0.125,0.078125,0.15625,0.046875,0.125,0.1875,0.03125,0.046875,0.203125,12,4,0.75,406,272,134,0.833,0.75
381,san-francisco-49ers,2014,0.8819104165241641,1.1131988060852118,1.2480259905394375,1.121586533589513,0.9430049257830694,0.5898053424485719,0.6883700261465414,2.061299610944746,1.2103029997797954,2.218208257372495,1.566668536249501,0.9558566810145834,0.1859416837345674,0.514136124929481,0.7148630662598665,0.003942795168983976,0.6075223750045947,0.8103154059387337,9615463.0,18205798.0,18142958.0,6114325.0,8567980.0,11789513.0,5003529.0,7491445.0,13195925.0,10310169.0,5295877.0,5654466.0,235705.0,1955201.0,5135025.0,1666.0,2053634.0,2739144.0,6,9,8,3,5,11,4,2,6,11,8,14,3,9,17,1,8,8,0.09799004628046269,0.18553313434753532,0.18489273933917594,0.06231036297719517,0.08731527090583976,0.12014553272100537,0.05099037230715122,0.0763444300349906,0.13447811108664393,0.3088644408999677,0.15864997835437986,0.16939232321777428,0.007061076597515219,0.058572469928675056,0.15383129273946494,4.9908799607392096e-05,0.06152125316502225,0.08205725629759329,0.1111111111111111,0.16666666666666666,0.14814814814814814,0.05555555555555555,0.09259259259259259,0.2037037037037037,0.07407407407407407,0.037037037037037035,0.1111111111111111,0.13924050632911392,0.10126582278481013,0.17721518987341772,0.0379746835443038,0.11392405063291139,0.21518987341772153,0.012658227848101266,0.10126582278481013,0.10126582278481013,8,8,0.5,306,340,-34,0.333,0.583
382,san-francisco-49ers,2015,0.6824837763002118,1.5682870659016446,1.2399606250413617,0.6732333247277157,0.3718795251470832,0.7543294636867588,1.2627564948543517,0.3868796661281646,1.2778304295915661,1.6194500505011498,0.4924330903437195,0.7593003641231773,3.757750212701135,0.48613803379026205,1.229003795497971,0.30629451879783487,0.9965677806090442,0.16755193106551267,6844683.0,17975398.0,15988708.0,1929117.0,2131205.0,9726723.0,5427550.0,1662877.0,12815461.0,11935957.0,4032686.0,7461773.0,15386686.0,5175474.0,11071159.0,501668.0,5712840.0,960494.0,7,8,9,2,4,9,3,3,7,9,10,12,5,13,11,2,7,7,0.09187281604041313,0.24127493321563762,0.21460856971869724,0.02589358941260445,0.028606117319006398,0.1305570225611698,0.0728513362415972,0.02231998073816334,0.1720156347527108,0.19177697966460983,0.06479382767680521,0.11988953117734379,0.24722040873033782,0.08315518999043955,0.17788212829575895,0.008060382073627232,0.09178913768767512,0.01543241470340248,0.1346153846153846,0.15384615384615385,0.17307692307692307,0.038461538461538464,0.07692307692307693,0.17307692307692307,0.057692307692307696,0.057692307692307696,0.1346153846153846,0.11842105263157894,0.13157894736842105,0.15789473684210525,0.06578947368421052,0.17105263157894737,0.14473684210526316,0.02631578947368421,0.09210526315789473,0.09210526315789473,5,11,0.313,238,387,-149,0.167,0.333
383,san-francisco-49ers,2016,0.7926149745458234,1.269002782615354,1.1270754126046423,4.132780721328827,0.3159290204814858,0.8098472367874836,0.9730961853321973,0.6256778280468603,0.2837013658912413,0.9570778208876815,1.9155594574242771,0.750325300612729,0.23234419344858231,0.33361010621397563,0.8002628001648799,0.8761071243482883,1.5257129596781271,1.134153263653885,12699999.0,12199871.0,14447223.0,19865753.0,2024841.0,14273721.0,4677550.0,2005036.0,2727433.0,3277263.0,13118666.0,7707879.0,397801.0,1713541.0,5937297.0,500000.0,3482937.0,12945372.0,10,6,8,3,4,11,3,2,6,6,12,18,3,9,13,1,4,20,0.14954999519732518,0.14366069237154952,0.17012459058183277,0.23393098422616002,0.02384369965898006,0.16808150197476074,0.055080916150879095,0.02361048407724001,0.03211713576127259,0.06677287122472196,0.2672873661522247,0.15704483036080374,0.008105030004020313,0.03491268553402071,0.12096995816445859,0.010187292143584749,0.07096339347340126,0.26375657294276394,0.18867924528301888,0.11320754716981132,0.1509433962264151,0.05660377358490566,0.07547169811320754,0.20754716981132076,0.05660377358490566,0.03773584905660377,0.11320754716981132,0.06976744186046512,0.13953488372093023,0.20930232558139536,0.03488372093023256,0.10465116279069768,0.1511627906976744,0.011627906976744186,0.046511627906976744,0.23255813953488372,2,14,0.125,309,480,-171,0.333,0.167
384,san-francisco-49ers,2017,1.319907394194045,0.7878055006451088,1.9136890533660542,0.36273293362297326,0.9314854814485469,0.7115149481404367,0.801078923529229,0.7821342966258596,0.7197606063292455,0.7311936254570638,2.737992425783085,0.5328625525754015,3.0162187864971575,0.4615041120275326,0.5692863158225857,0.0,0.48267307732408743,1.3746429745293585,17614579.0,10513512.0,19863497.0,1075730.0,5524874.0,10550434.0,3563550.0,3479276.0,6403621.0,5713681.0,15560127.0,6435096.0,10713312.0,2294904.0,9301425.0,0.0,3085933.0,13671270.0,9,9,7,2,4,10,3,3,6,11,8,17,5,7,23,0,9,14,0.2241352178820076,0.13377829256237697,0.2527513844068373,0.013688035231055594,0.07030079105272052,0.13424810342272392,0.04534409001108844,0.0442717526391996,0.08148233279199005,0.0855652114896564,0.23302063198153916,0.0963687595083173,0.16043716949452966,0.034367327491412004,0.13929346025446243,0.0,0.04621337974379561,0.2047340600362874,0.16981132075471697,0.16981132075471697,0.1320754716981132,0.03773584905660377,0.07547169811320754,0.18867924528301888,0.05660377358490566,0.05660377358490566,0.11320754716981132,0.11702127659574468,0.0851063829787234,0.18085106382978725,0.05319148936170213,0.07446808510638298,0.24468085106382978,0.0,0.09574468085106383,0.14893617021276595,6,10,0.375,331,383,-52,0.167,0.25
385,san-francisco-49ers,2018,1.1586017309996461,0.8211383602615583,2.043255226119755,0.32614719323593777,0.7573864868582927,0.6557165953828811,0.5691855184924935,0.6576981418593997,0.7261766440508823,0.25172658693071254,0.7095732606738625,0.38221300736240227,6.626476228507348,0.9624504930440807,0.6244198333975824,0.7717616181775732,0.557856238752207,0.8566376402308273,21265578.0,10550120.0,33752671.0,1197255.0,5560586.0,12035363.0,3134138.0,3621520.0,7997174.0,1801617.0,13542516.0,4559189.0,39521624.0,8036345.0,14896657.0,920588.0,4658032.0,12261978.0,10,7,9,2,4,10,3,3,6,6,16,10,5,7,20,1,7,12,0.21455587611104562,0.10644386151538719,0.3405425376866259,0.012079525675405104,0.056102702730243904,0.12142899914497797,0.031621417694027425,0.036538785658855544,0.08068629378343138,0.017980470495050898,0.1351568115569262,0.045501548495524076,0.3944331088397231,0.08020420775367339,0.1486713889041863,0.009187638311637776,0.04648801989601725,0.12237680574726105,0.18518518518518517,0.12962962962962962,0.16666666666666666,0.037037037037037035,0.07407407407407407,0.18518518518518517,0.05555555555555555,0.05555555555555555,0.1111111111111111,0.07142857142857142,0.19047619047619047,0.11904761904761904,0.05952380952380952,0.08333333333333333,0.23809523809523808,0.011904761904761904,0.08333333333333333,0.14285714285714285,4,12,0.25,342,435,-93,0.167,0.167
386,san-francisco-49ers,2019,1.4097206847781165,0.8116329315837203,1.216821530862808,2.283993428293417,0.8009679670102011,0.9308996173622698,0.729676353191461,0.16085298848303017,0.5411106488013091,0.5446842733227805,1.6744822084205429,1.3643381922118174,0.02279731931249506,2.0803473781282347,0.26446039433348856,0.13065369947637762,0.9345946812145508,1.4330500268707251,44300493.0,15303346.0,26767044.0,21532358.0,12585215.0,29253534.0,4586018.0,2021923.0,10202646.0,4380111.0,11017185.0,12966208.0,16666.0,6083359.0,2900010.0,382058.0,2732945.0,13619222.0,10,6,7,3,5,10,2,4,6,11,9,13,1,4,15,4,4,13,0.2659850348637956,0.09188297338683628,0.16071227766112559,0.12928264688453303,0.07556301575567936,0.17564143723816414,0.027534956724206073,0.012139848187398505,0.06125780929826141,0.0809665811696025,0.2036532415646606,0.23968103376694092,0.0003080718826012846,0.11245120962855322,0.05360683668922065,0.00706236213385825,0.050518631417002746,0.25175203174755983,0.18867924528301888,0.11320754716981132,0.1320754716981132,0.05660377358490566,0.09433962264150944,0.18867924528301888,0.03773584905660377,0.07547169811320754,0.11320754716981132,0.14864864864864866,0.12162162162162163,0.17567567567567569,0.013513513513513514,0.05405405405405406,0.20270270270270271,0.05405405405405406,0.05405405405405406,0.17567567567567569,13,3,0.813,479,310,169,0.833,0.833
387,san-francisco-49ers,2020,0.808999296542074,0.4967263289015639,0.967889953194048,0.32936684622862183,1.6688105519420775,1.4059707222392988,0.8845203531016651,1.1236712645924727,0.7130034562120942,1.5535968888511273,1.0683301946996697,1.4275599986081768,6.316095971564448,0.4871440051263277,0.40720380189628763,0.42744199669226657,0.08729652604304626,0.2440011898237289,13385058.0,4565799.0,14234610.0,1210987.0,15339339.0,28431421.0,6504253.0,8262831.0,9175279.0,26515459.0,5470003.0,23146151.0,26949427.0,4157078.0,9382237.0,1094282.0,670456.0,4164403.0,9,5,8,2,5,11,4,4,7,20,6,19,5,10,27,3,9,20,0.1323817030705212,0.04515693899105126,0.14078399319186155,0.01197697622649534,0.1517100501765525,0.2811941444478598,0.06432875295284837,0.0817215465158162,0.0907458944269938,0.2611087208153155,0.05386538796805058,0.22792974767693577,0.2653821836791785,0.04093647101901914,0.09239077858151064,0.01077584865610756,0.006602258272163162,0.04100860333171914,0.16363636363636364,0.09090909090909091,0.14545454545454545,0.03636363636363636,0.09090909090909091,0.2,0.07272727272727272,0.07272727272727272,0.12727272727272726,0.16806722689075632,0.05042016806722689,0.15966386554621848,0.04201680672268908,0.08403361344537816,0.226890756302521,0.025210084033613446,0.07563025210084033,0.16806722689075632,6,10,0.375,376,390,-14,0.5,0.333
388,san-francisco-49ers,2021,1.3261480124717246,0.6126193928209231,1.0077505630780526,6.488460773002128,0.5252549844839882,0.5450900369097037,0.6117192614703078,1.0433631595687323,0.5349453814447848,2.4546138498044927,1.2340409748796328,1.4948212587275893,0.1950251022390561,0.9444719912524251,0.7162065365332183,0.17223958149532148,0.4897729641524389,0.49448219170780117,29984251.0,9234230.0,22785274.0,32600959.0,6597796.0,16432672.0,4610331.0,7863492.0,8063422.0,14114919.0,7805801.0,11174493.0,448586.0,7060373.0,9884273.0,198088.0,1408186.0,4833868.0,9,6,9,2,5,12,3,3,6,10,11,13,4,13,24,2,5,17,0.217006038404464,0.06683120648955526,0.16490463759459043,0.23594402810916826,0.04775045313490802,0.11892873532575353,0.03336650517110769,0.05691071779465812,0.05835767797579469,0.24794079290954474,0.13711566387551477,0.19628966023695618,0.007879802110668934,0.12402157460890431,0.17362582703835597,0.00347958750495599,0.024736008290527217,0.08491108342457192,0.16363636363636364,0.10909090909090909,0.16363636363636364,0.03636363636363636,0.09090909090909091,0.21818181818181817,0.05454545454545454,0.05454545454545454,0.10909090909090909,0.10101010101010101,0.1111111111111111,0.13131313131313133,0.04040404040404041,0.13131313131313133,0.24242424242424243,0.020202020202020204,0.050505050505050504,0.1717171717171717,10,7,0.588,427,365,62,0.333,0.583
389,san-francisco-49ers,2022,1.2945587576912232,1.2584132697251202,1.0350761337330103,1.5556800401526334,0.3781866182065235,0.8482736394469896,0.8951829428005502,0.833428351095809,0.8986751882583758,0.7892880402115323,1.5291047493325807,0.9244462461363127,3.9385035773529355,0.5181047702195216,1.0912371985805631,0.022846994465889333,0.2323996277070263,0.36554754072485324,40180151.0,15623311.0,28913762.0,14485428.0,5869025.0,23695631.0,8335331.0,10347086.0,13946414.0,6356591.0,6927053.0,6049142.0,9912199.0,2086298.0,9337634.0,11500.0,350934.0,2759967.0,10,4,9,3,5,9,3,4,5,16,9,13,5,8,17,1,3,15,0.24895360724831217,0.09680102074808618,0.1791477923768672,0.08975077154726731,0.03636409790447342,0.1468165914427482,0.051645169776954825,0.06410987316121608,0.0864110757940746,0.14515642118832778,0.15818324993095664,0.13813564597439154,0.22635078030763997,0.047641817951220376,0.21323025719390315,0.00026260913179183143,0.008013780265759527,0.06302543805600919,0.19230769230769232,0.07692307692307693,0.17307692307692307,0.057692307692307696,0.09615384615384616,0.17307692307692307,0.057692307692307696,0.07692307692307693,0.09615384615384616,0.1839080459770115,0.10344827586206896,0.14942528735632185,0.05747126436781609,0.09195402298850575,0.19540229885057472,0.011494252873563218,0.034482758620689655,0.1724137931034483,13,4,0.765,450,277,173,1.0,0.833
390,san-francisco-49ers,2023,1.6984097924281203,0.9885463144079654,0.9437486273504531,0.8709836783611917,1.0060220491218321,0.5716624899948324,0.4550341066594187,1.2909313772634383,0.9965436200453731,0.7898562392535288,2.6358859260682017,0.42029429612029184,17.061184795772004,0.4128272376319661,0.9197367990006857,0.024485524267923747,0.8497207405776867,0.5156435462103767,40006091.0,20374582.0,25008779.0,7693517.0,11848439.0,15148717.0,4019378.0,11402972.0,17605210.0,5032262.0,9042666.0,3089702.0,8361439.0,2225527.0,11719491.0,12000.0,2082179.0,3032513.0,8,7,9,3,4,9,3,3,6,13,7,15,1,11,26,1,5,12,0.26129381421971076,0.13307354232414917,0.16334110857988612,0.05024905836699183,0.07738631147091016,0.0989415848067979,0.026251967691889536,0.07447681022673683,0.11498580231292767,0.11283660560764697,0.20276045585140012,0.06927927958026789,0.18748554720628577,0.04990219355990799,0.26278194257162446,0.0002690716952519093,0.04668795277899377,0.0679969511486211,0.15384615384615385,0.1346153846153846,0.17307692307692307,0.057692307692307696,0.07692307692307693,0.17307692307692307,0.057692307692307696,0.057692307692307696,0.11538461538461539,0.14285714285714285,0.07692307692307693,0.16483516483516483,0.01098901098901099,0.12087912087912088,0.2857142857142857,0.01098901098901099,0.054945054945054944,0.13186813186813187,12,5,0.706,491,298,193,0.833,0.833
391,san-francisco-49ers,2024,1.0605313278657424,1.120538605759803,0.5273915195807544,0.6128617340496582,0.4913663641744381,1.2394602903716452,0.37624344978182,1.442294084118453,1.540740237771689,1.612493692831775,1.0793886029125612,1.319712972370308,2.1675141338954376,0.9371454371405047,0.4912515548608408,0.5976095108027165,0.22530684397250664,0.600717570934649,30419585.0,14609452.0,9626497.0,4794252.0,5125102.0,35551866.0,2943251.0,15043570.0,20087992.0,23307213.0,14626534.0,33381808.0,5874292.0,10159225.0,8431986.0,2699354.0,1424770.0,7597500.0,11,5,7,3,4,11,3,4,5,16,15,28,3,12,19,5,7,14,0.22011027559477672,0.10571118922262293,0.06965548371821283,0.03469028683299951,0.03708425389995759,0.25724647536015277,0.021296799044253963,0.10885238370705305,0.14535285261997066,0.21680587466645715,0.1360573869217514,0.31052069938124893,0.05464321345954885,0.09450206088811812,0.07843512220467207,0.02510964331103851,0.013253343763088628,0.07067265540407634,0.20754716981132076,0.09433962264150944,0.1320754716981132,0.05660377358490566,0.07547169811320754,0.20754716981132076,0.05660377358490566,0.07547169811320754,0.09433962264150944,0.13445378151260504,0.12605042016806722,0.23529411764705882,0.025210084033613446,0.10084033613445378,0.15966386554621848,0.04201680672268908,0.058823529411764705,0.11764705882352941,6,11,0.353,389,436,-47,0.167,0.333
392,seattle-seahawks,2011,1.2454360649470766,0.37890965688688066,1.1828235985374334,2.6888707431322474,1.200998025372138,0.87720406783849,0.5971147443369542,0.939593243859923,1.0415898996001163,0.5006535672472028,2.480984223835921,1.451354855333201,0.47133770846014855,1.23726148470789,0.5892058025543614,0.0,0.0,1.4140131253804458,13432273.0,5108269.0,20730101.0,7250000.0,6476500.0,15373830.0,1610000.0,5066849.0,11233752.0,2974152.0,6316450.0,4926760.0,400000.0,1050000.0,3500200.0,0.0,0.0,1200000.0,8,10,13,2,4,13,2,4,8,7,3,4,1,1,7,0,0,1,0.15567950811838457,0.059204633888575095,0.24026104345291616,0.08402721072288273,0.07506237658575862,0.17818207627969326,0.01865983576052982,0.05872457774124519,0.13019873745001453,0.14602395711376748,0.31012302797949015,0.2418924758888668,0.019639071185839522,0.05155256186282875,0.17185169241168874,0.0,0.0,0.05891721355751857,0.125,0.15625,0.203125,0.03125,0.0625,0.203125,0.03125,0.0625,0.125,0.2916666666666667,0.125,0.16666666666666666,0.041666666666666664,0.041666666666666664,0.2916666666666667,0.0,0.0,0.041666666666666664,7,9,0.438,321,315,6,0.5,0.5
393,seattle-seahawks,2012,1.512296784218258,0.47765351745904366,1.1599364239461185,1.3707775370583064,1.7914296555317828,0.40851042494569123,0.5662727335154663,1.599781950348355,1.0555708808133415,1.0783351487856132,3.3331393615065967,0.4606778979543956,0.5349034135307087,0.0,1.1530928932583893,0.0,0.22654015408487163,0.37402907229769394,20056323.0,5542878.0,21151987.0,4544868.0,11879114.0,7449380.0,3755000.0,7956212.0,10499363.0,6047831.0,14020407.0,2583707.0,750000.0,0.0,6467109.0,0.0,635274.0,3146607.0,8,7,11,2,4,11,4,3,6,4,3,4,1,0,4,0,2,6,0.2160423977454654,0.05970668968238046,0.22784465470370185,0.04895634060922523,0.12795926110941305,0.08024311918576078,0.040448052393961875,0.08570260448294759,0.11309688008714373,0.1797225247976022,0.41664242018832465,0.07677964965906593,0.022287642230446197,0.0,0.19218214887639823,0.0,0.018878346173739305,0.09350726807442349,0.14285714285714285,0.125,0.19642857142857142,0.03571428571428571,0.07142857142857142,0.19642857142857142,0.07142857142857142,0.05357142857142857,0.10714285714285714,0.16666666666666666,0.125,0.16666666666666666,0.041666666666666664,0.0,0.16666666666666666,0.0,0.08333333333333333,0.25,11,5,0.688,412,245,167,0.5,0.667
394,seattle-seahawks,2013,1.7871086980834467,0.47380829288742304,1.4872242133529552,0.4046097875043949,1.1107252812573962,0.6472352115982958,0.49520477448927264,0.315438968664163,0.6323211688617839,0.25941907946026305,0.06569386157879009,0.10751197726503704,3.5954372790665436,1.043126130028379,0.6768191135678917,0.0,9.793033592576819,1.217598261940745,33592171.0,5343687.0,27955261.0,1521085.0,10439117.0,10949436.0,2792500.0,1778786.0,7131421.0,1319846.0,408504.0,486212.0,4065000.0,1179358.0,2678240.0,0.0,11072000.0,11012929.0,10,6,10,2,5,9,3,3,6,9,11,8,2,2,7,0,2,16,0.3309460552006383,0.052645365876380336,0.27541189136165833,0.01498554768534796,0.10284493344975891,0.10787253526638263,0.027511376360515146,0.01752438714800906,0.07025790765130932,0.04096090728319942,0.012677762760819139,0.015089400317899935,0.12615569400233487,0.03660091684310102,0.08311813675395162,0.0,0.3436152137746252,0.3417819682640688,0.18518518518518517,0.1111111111111111,0.18518518518518517,0.037037037037037035,0.09259259259259259,0.16666666666666666,0.05555555555555555,0.05555555555555555,0.1111111111111111,0.15789473684210525,0.19298245614035087,0.14035087719298245,0.03508771929824561,0.03508771929824561,0.12280701754385964,0.0,0.03508771929824561,0.2807017543859649,13,3,0.813,417,231,186,0.667,0.833
395,seattle-seahawks,2014,1.2351279143283298,0.559836452433242,1.3833719200564316,0.5767693822140858,1.3660350967907533,1.310619509490598,0.7416648725661651,0.7185075377795715,0.4452754087642933,2.2243119811701013,0.9477229789851229,0.30761578052478844,0.005891664790967934,0.2541673787191422,0.20985975780584093,0.0,0.682315643969167,2.016350544772936,19921690.0,6019829.0,22312755.0,2067302.0,9792500.0,21139313.0,3987500.0,5150662.0,6383964.0,12331061.0,5629235.0,1827160.0,2333.0,704522.0,1163413.0,0.0,1621113.0,10379731.0,9,6,9,2,4,9,3,4,8,14,15,15,1,7,14,0,6,13,0.20585465238805498,0.062204050270360224,0.23056198667607194,0.021361828970892068,0.10118778494746321,0.21843658491509965,0.041203604031453615,0.05322278057626456,0.06596672722433976,0.3663572674868402,0.16724523158560994,0.054285137739668546,6.931370342315217e-05,0.02093143118863524,0.03456513657978557,0.0,0.04816345722135297,0.3083830244946844,0.16666666666666666,0.1111111111111111,0.16666666666666666,0.037037037037037035,0.07407407407407407,0.16666666666666666,0.05555555555555555,0.07407407407407407,0.14814814814814814,0.16470588235294117,0.17647058823529413,0.17647058823529413,0.011764705882352941,0.08235294117647059,0.16470588235294117,0.0,0.07058823529411765,0.15294117647058825,12,4,0.75,394,254,140,0.833,0.833
396,seattle-seahawks,2015,1.530741521635329,0.8808982922902356,0.6494670318847113,1.9740687699604804,0.8141538275729696,1.3075010006227306,0.8722495718754066,0.19554127822919665,0.7262266864046838,0.3675943376964838,0.1982323674115675,0.8484761648175775,0.014923556773241744,0.3188601029729018,0.907526509961713,0.002663664622264918,3.7487318291257545,1.6026636892197774,26534621.0,13361181.0,12665451.0,8554868.0,10584705.0,28331076.0,5670000.0,1271103.0,7867980.0,2644004.0,495941.0,2918756.0,4667.0,1096878.0,5959970.0,833.0,9378639.0,10023926.0,8,7,9,2,6,10,3,3,5,23,8,11,1,11,21,1,8,20,0.23105532402042703,0.11634505747229527,0.11028685447098874,0.07449316113058417,0.0921683578384494,0.2466983020042888,0.04937261727596642,0.01106837423938849,0.06851195154761168,0.08129490160595314,0.015248643647043652,0.08974267127878224,0.00014349573820424753,0.03372558781444153,0.18325054528073048,2.5612159829470366e-05,0.28836398685582726,0.30820455561918797,0.1509433962264151,0.1320754716981132,0.16981132075471697,0.03773584905660377,0.11320754716981132,0.18867924528301888,0.05660377358490566,0.05660377358490566,0.09433962264150944,0.22115384615384615,0.07692307692307693,0.10576923076923077,0.009615384615384616,0.10576923076923077,0.20192307692307693,0.009615384615384616,0.07692307692307693,0.19230769230769232,10,6,0.625,423,277,146,0.5,0.583
397,seattle-seahawks,2016,1.224268269263629,0.8496950761742266,0.29529414880671967,4.028773662532822,0.1620575213106299,1.1774974847999349,1.0868802979670849,1.2729598249454686,1.2666261227915299,0.4590033655506364,0.21220088645203528,0.7216850946126389,0.04223494866820359,1.1815326758992404,3.1592549105900636,0.6648097172406336,0.7990974708165187,0.3669773266255523,20204904.0,16026373.0,6265843.0,18997000.0,1910387.0,27761450.0,5125000.0,12004853.0,11945122.0,2849552.0,485347.0,2829672.0,27600.0,7335107.0,13419463.0,651667.0,783300.0,1678705.0,7,8,9,2,5,10,2,4,4,19,7,12,2,19,13,3,3,14,0.1680368212714785,0.13328550214497673,0.0521107321423623,0.157991124020895,0.01588799228535587,0.2308818597646931,0.042622756783022936,0.09983998627023284,0.09934322531698274,0.09479417332024015,0.016145719621350512,0.09413283842773551,0.000918151058004426,0.2440121830661475,0.4464164547572916,0.021678577736107617,0.026057526222277784,0.055844375790844926,0.13725490196078433,0.1568627450980392,0.17647058823529413,0.0392156862745098,0.09803921568627451,0.19607843137254902,0.0392156862745098,0.0784313725490196,0.0784313725490196,0.20652173913043478,0.07608695652173914,0.13043478260869565,0.021739130434782608,0.20652173913043478,0.14130434782608695,0.03260869565217391,0.03260869565217391,0.15217391304347827,10,5,0.656,354,292,62,0.583,0.542
398,seattle-seahawks,2017,1.0809984969856756,1.21069932153497,0.9786513284033633,3.206502401685402,0.5206583353158238,0.825942874392408,0.4428866095610446,1.3135993818894438,0.6375193954216586,1.2792249285129742,0.24333520411361562,0.5272435794380548,0.12507867119522145,0.4255116996419304,3.022616132611386,0.0,0.10838842464640853,0.49909899667564656,23244062.0,17355294.0,18705202.0,15321666.0,4975735.0,23679672.0,3174375.0,12553573.0,7615665.0,9120762.0,1982810.0,4027715.0,127400.0,1733635.0,21550989.0,0.0,165600.0,2033447.0,9,6,8,2,4,12,3,4,5,14,16,15,2,8,14,0,3,8,0.18356578250700153,0.13706030055112864,0.14772095523069634,0.1210000906296378,0.03929496870308104,0.18700593382469613,0.02506905337137988,0.09913957599165614,0.060143339190722504,0.22386436248977049,0.04866704082272312,0.09885817114463527,0.003126966779880536,0.04255116996419304,0.5289578232069926,0.0,0.00406456592424032,0.04990989966756465,0.16981132075471697,0.11320754716981132,0.1509433962264151,0.03773584905660377,0.07547169811320754,0.22641509433962265,0.05660377358490566,0.07547169811320754,0.09433962264150944,0.175,0.2,0.1875,0.025,0.1,0.175,0.0,0.0375,0.1,9,7,0.563,366,332,34,0.667,0.583
399,seattle-seahawks,2018,0.45099079034052814,1.8022970943230112,1.0554613862127555,5.198367307009209,0.3666700228937081,0.5198336318442452,0.4524524601893098,0.5694437802162053,1.5771642087836786,1.7771700556302417,0.15560185995685885,0.21004396186342014,0.4151947047640371,0.3024296197580619,2.456160022277678,1.0122988353799633,0.30596901015831957,0.6206359168655204,10624024.0,25474109.0,22377225.0,24491666.0,5182604.0,12245760.0,3197537.0,2682886.0,18576688.0,11586818.0,1106722.0,1618438.0,1230451.0,1075519.0,27660038.0,600000.0,1088106.0,4414288.0,10,6,9,2,6,10,3,2,5,11,12,13,5,6,19,1,6,12,0.08509260195104304,0.20403363331958618,0.17922929199839244,0.19616480403808337,0.04150981391249525,0.09808181732910289,0.02561051661448923,0.02148844453646058,0.14878907630034702,0.2299867130815607,0.021967321405674194,0.03212437063793485,0.0244232179272963,0.021347973159392606,0.5490240049797163,0.011909398063293686,0.021597812481763734,0.0876191882633676,0.18867924528301888,0.11320754716981132,0.16981132075471697,0.03773584905660377,0.11320754716981132,0.18867924528301888,0.05660377358490566,0.03773584905660377,0.09433962264150944,0.12941176470588237,0.1411764705882353,0.15294117647058825,0.058823529411764705,0.07058823529411765,0.2235294117647059,0.011764705882352941,0.07058823529411765,0.1411764705882353,10,6,0.625,428,347,81,0.5,0.667
400,seattle-seahawks,2019,1.0137180081652508,1.5240048845174612,1.0238269108278433,5.241841719106771,0.08088376443685072,0.5166767762308334,0.5213018630373497,0.15067009732888448,0.7669533231232715,0.8416002141358543,0.47392220953101283,1.288752829941669,0.05138310239898007,1.114266143744085,1.0817824631830004,0.957687047694708,1.1867340661198273,1.1817705204649245,23437378.0,27405249.0,23671098.0,26931668.0,623350.0,11945678.0,4017537.0,1161175.0,11821417.0,6327246.0,2375334.0,10496406.0,128768.0,4886688.0,14232686.0,600000.0,5948001.0,8884685.0,9,7,9,2,3,9,3,3,6,12,8,13,4,7,21,1,8,12,0.1788914132056325,0.20917714101220056,0.1806753372049135,0.20556242035712827,0.004757868496285336,0.0911782546289706,0.030664815472785274,0.008862946901699087,0.09022980272038487,0.11743258801895641,0.044085786933117474,0.19481147429350815,0.002389911739487445,0.09069608146754181,0.26415618287026754,0.011135895903426838,0.11039386661579789,0.16489821215789646,0.17647058823529413,0.13725490196078433,0.17647058823529413,0.0392156862745098,0.058823529411764705,0.17647058823529413,0.058823529411764705,0.058823529411764705,0.11764705882352941,0.13953488372093023,0.09302325581395349,0.1511627906976744,0.046511627906976744,0.08139534883720931,0.2441860465116279,0.011627906976744186,0.09302325581395349,0.13953488372093023,11,5,0.688,405,398,7,0.5,0.667
401,seattle-seahawks,2020,0.8224230310426538,1.5227746702822202,0.8512307639039212,4.98046913601339,0.6009463188717798,0.5209188140575582,0.5682706303337486,0.919089097290352,0.9530720701442286,1.4940572547041076,0.21129561163663077,1.5154148148130935,0.19580049529410187,0.5345845451264881,1.2036265882449715,0.0,1.4482396131027,0.533397594939791,23695070.0,29248737.0,24525058.0,31887500.0,9618911.0,15008344.0,5457537.0,11768953.0,15255132.0,8726132.0,779422.0,7453366.0,180566.0,1807632.0,9249808.0,0.0,3116301.0,3115341.0,9,6,9,2,5,9,3,4,5,19,12,16,3,11,25,0,7,19,0.1423424476804593,0.17570476964794848,0.14732840144490944,0.19155650523128426,0.057783299891517294,0.090159025509962,0.03278484405771626,0.07069916133002709,0.09164154520617583,0.25345614142301826,0.02263881553249615,0.2164878306875848,0.005244656123949158,0.05250383925349437,0.268666649161824,0.0,0.09051497581891875,0.09048709199871456,0.17307692307692307,0.11538461538461539,0.17307692307692307,0.038461538461538464,0.09615384615384616,0.17307692307692307,0.057692307692307696,0.07692307692307693,0.09615384615384616,0.16964285714285715,0.10714285714285714,0.14285714285714285,0.026785714285714284,0.09821428571428571,0.22321428571428573,0.0,0.0625,0.16964285714285715,12,4,0.75,459,371,88,0.667,0.75
402,seattle-seahawks,2021,0.7601957028281194,1.7476085236281942,0.9324944953098596,4.614823318224216,0.5744240572830782,0.40909306195133505,1.0794258058841577,0.6208141742648747,0.7111856025210889,1.2721801627084195,0.6024613291748526,2.005586878525309,0.18185868352699391,1.336006453309771,1.4989079242254562,0.0,0.1962293376106361,0.22970138506246915,20238756.0,21148515.0,20312085.0,33507502.0,6951337.0,9901200.0,7837540.0,6010178.0,12048881.0,6049052.0,2423914.0,9536306.0,266066.0,3909254.0,10416550.0,0.0,717727.0,1428262.0,11,5,9,3,5,10,3,4,7,13,11,13,4,8,19,0,10,17,0.14670443387911075,0.15329899330071878,0.14723597294366203,0.2428854378012745,0.05038807520027002,0.07177071262304123,0.05681188452021882,0.043565906965956115,0.08733858276574775,0.1740878117390469,0.0697586802202461,0.2744487307455686,0.007657207727452376,0.11250580659450704,0.29978158484509126,0.0,0.02065571974848801,0.041104458379599744,0.19298245614035087,0.08771929824561403,0.15789473684210525,0.05263157894736842,0.08771929824561403,0.17543859649122806,0.05263157894736842,0.07017543859649122,0.12280701754385964,0.1368421052631579,0.11578947368421053,0.1368421052631579,0.042105263157894736,0.08421052631578947,0.2,0.0,0.10526315789473684,0.17894736842105263,7,10,0.412,395,366,29,0.5,0.333
403,seattle-seahawks,2022,1.2323252006094632,0.8090732634368039,1.113837159846803,1.0851245485524628,0.592079337323502,0.5693280316296216,1.494508604598157,0.4851530147056746,1.8115228644854104,0.6690074529173676,0.8245776602737314,0.5834934775131372,10.839798724146204,1.0268815741892101,0.955798878477323,0.5067412315153207,1.2307569184812746,0.24438499096782504,28113215.0,11074504.0,22869117.0,4951021.0,5402877.0,14286980.0,10228333.0,3320360.0,20663268.0,10308724.0,9362244.0,5678552.0,26373200.0,10826400.0,20153952.0,1232900.0,6986999.0,3963920.0,10,6,9,2,4,11,3,3,5,19,14,12,3,13,26,3,7,20,0.23251418879423835,0.09159319963435515,0.18914215921926844,0.04094809617179105,0.044685233005547324,0.11816242165897807,0.08459482667536737,0.02746149139843441,0.17089838344201985,0.10864223594384603,0.09866741234044649,0.05984548487314228,0.2779435570293899,0.11409795268769002,0.21239975077273845,0.012993364910649249,0.07363502931084548,0.04177521213125215,0.18867924528301888,0.11320754716981132,0.16981132075471697,0.03773584905660377,0.07547169811320754,0.20754716981132076,0.05660377358490566,0.05660377358490566,0.09433962264150944,0.1623931623931624,0.11965811965811966,0.10256410256410256,0.02564102564102564,0.1111111111111111,0.2222222222222222,0.02564102564102564,0.05982905982905983,0.17094017094017094,9,8,0.529,407,401,6,0.667,0.5
404,seattle-seahawks,2023,0.8227165929165821,1.278604974756815,0.4823670639255205,2.2935010181590214,0.48960898488512344,0.9572638406340305,0.769072810494222,1.4545250889552472,1.8772508832870647,1.625098524496436,0.33153616639791234,1.6577482198443083,0.11992749500761797,0.7904194213313811,1.1320163083624373,0.0,0.124974988368392,0.30817697292901874,20231609.0,27512155.0,16310246.0,14100000.0,7525053.0,26482827.0,7092166.0,17884277.0,28852437.0,18258954.0,1043002.0,10430444.0,377288.0,1776167.0,14245146.0,0.0,224667.0,2631540.0,8,7,11,2,5,9,3,4,5,25,7,14,7,5,28,0,4,19,0.12188393969134549,0.16574508932032786,0.09825995746630972,0.08494448215403784,0.04533416526714106,0.15954397343900506,0.042726267249679005,0.10774259918187017,0.17381952623028377,0.3727290193799165,0.02129131343839804,0.21292178970477355,0.007701765734434181,0.03625777162070555,0.29079318012980043,0.0,0.004586238105262092,0.05371892188670969,0.14814814814814814,0.12962962962962962,0.2037037037037037,0.037037037037037035,0.09259259259259259,0.16666666666666666,0.05555555555555555,0.07407407407407407,0.09259259259259259,0.22935779816513763,0.06422018348623854,0.12844036697247707,0.06422018348623854,0.045871559633027525,0.25688073394495414,0.0,0.03669724770642202,0.1743119266055046,9,8,0.529,364,402,-38,0.333,0.583
405,seattle-seahawks,2024,1.3208872554459774,0.3944557018585917,0.48157707447983483,2.0972361742589722,0.2619528422828075,0.7628513896484661,1.0419309465747366,1.184537530013443,1.7284606124426165,0.2915603794323974,1.54124740726664,1.1953928974722687,0.1537674446829653,0.7961035871684201,1.5228647203417134,0.053030683223217606,0.8799066532151011,0.3109710260358591,34743128.0,9078403.0,12666860.0,27581667.0,2583792.0,22573330.0,10277166.0,11683777.0,39780543.0,3880628.0,18560094.0,11364652.0,389833.0,4036582.0,36677450.0,67222.0,4461499.0,2956415.0,8,7,8,4,3,9,3,3,7,21,19,15,4,8,38,2,8,15,0.20321342391476577,0.05309980601942581,0.07408878068920535,0.16132585955838247,0.015112663977854282,0.13203197128531144,0.06011140076392712,0.06833870365462172,0.23267739013650607,0.04709821513907958,0.22525923644666276,0.13792994970833872,0.004731305990245086,0.048990989979595084,0.44514507209988546,0.0008158566649725785,0.05414810173631392,0.035881272234906815,0.15384615384615385,0.1346153846153846,0.15384615384615385,0.07692307692307693,0.057692307692307696,0.17307692307692307,0.057692307692307696,0.057692307692307696,0.1346153846153846,0.16153846153846155,0.14615384615384616,0.11538461538461539,0.03076923076923077,0.06153846153846154,0.2923076923076923,0.015384615384615385,0.06153846153846154,0.11538461538461539,10,7,0.588,375,368,7,0.667,0.5
406,tampa-bay-buccaneers,2011,0.666966221983693,0.9578185881957249,1.9267727958194798,0.9560834052161377,0.27021270682942844,0.7808300640774584,1.0742602734926057,2.011914183519903,0.43295863471844437,0.836840491392056,0.0551710306275576,0.05389664168360199,0.0,0.8361701155662858,0.16150320963624584,0.2075240601587029,0.025813968458765484,8.098499908632308,10120033.0,8719922.0,26311833.0,2901375.0,1230000.0,13032487.0,6520000.0,9158172.0,3941629.0,743996.0,24525.0,47917.0,0.0,1115100.0,143585.0,92250.0,11475.0,3600000.0,10,6,9,2,3,11,4,3,6,2,1,2,0,3,2,1,1,1,0.12351226333031352,0.10642428757730277,0.32112879930324667,0.03541049648948658,0.015011817046079358,0.15905797601577856,0.07957483507352635,0.11177301019555015,0.04810651496871605,0.12874469098339322,0.004243925432889047,0.00829179102824646,0.0,0.19296233436145058,0.024846647636345514,0.015963389242977147,0.0019856898814434986,0.6229615314332545,0.18518518518518517,0.1111111111111111,0.16666666666666666,0.037037037037037035,0.05555555555555555,0.2037037037037037,0.07407407407407407,0.05555555555555555,0.1111111111111111,0.15384615384615385,0.07692307692307693,0.15384615384615385,0.0,0.23076923076923078,0.15384615384615385,0.07692307692307693,0.07692307692307693,0.07692307692307693,4,12,0.25,287,494,-207,0.333,0.25
407,tampa-bay-buccaneers,2012,1.2642632886855607,0.534164085819805,0.8996752360900188,2.680250334238388,0.4530894625486561,0.8793725163293452,1.3142804389955114,0.7597685200062748,1.2821222998746504,0.5938868704779479,2.114790151291675,3.6787954487740375,0.0,0.14344146160394802,0.21772949194951538,0.047208582300033525,0.07989289954105058,0.5706162350619102,16632000.0,7027189.0,14794583.0,8815000.0,3725383.0,13014646.0,8645000.0,3748172.0,18975312.0,4906224.0,5823575.0,25326084.0,0.0,395000.0,1798709.0,65000.0,440008.0,3928317.0,8,8,10,2,5,9,4,3,9,6,2,5,0,2,6,1,4,5,0.1743811432669739,0.07367780494066276,0.15511642001552048,0.09242242531856511,0.039059436426608286,0.13645435598213979,0.09064003027555251,0.03929837172446249,0.19895001204951474,0.11494584589895765,0.13643807427688226,0.5933541046409738,0.0,0.009254287845416001,0.04214119199022878,0.0015228574935494685,0.010308761231103301,0.09203487662288873,0.13793103448275862,0.13793103448275862,0.1724137931034483,0.034482758620689655,0.08620689655172414,0.15517241379310345,0.06896551724137931,0.05172413793103448,0.15517241379310345,0.1935483870967742,0.06451612903225806,0.16129032258064516,0.0,0.06451612903225806,0.1935483870967742,0.03225806451612903,0.12903225806451613,0.16129032258064516,7,9,0.438,389,394,-5,0.5,0.333
408,tampa-bay-buccaneers,2013,1.2620730538130525,0.5576750960054464,1.4294950248369003,0.31027714371209264,0.2271961299446181,1.7061679346434397,0.8888490221508524,0.1584317020455463,0.5218565659213132,0.6558723425210876,0.6937622786689993,0.10121853302075502,5.201215701791069,0.8851918044527448,0.2755741490945042,2.3298552642508574,0.3923484243954828,1.9047570360653778,18212531.0,7041661.0,25785673.0,1119375.0,2049117.0,27698746.0,4810000.0,571568.0,4706705.0,2466008.0,2173725.0,443999.0,9778000.0,3328224.0,1899569.0,2920000.0,1966916.0,10742516.0,8,7,10,2,5,9,3,2,5,6,5,7,3,6,11,2,8,9,0.19797224373538078,0.07654364062819853,0.28029314212488243,0.012167731125964419,0.022274130386727264,0.30108845905472464,0.052285236597108965,0.006213007923354757,0.051162408423658164,0.06903919394958817,0.06085634023412274,0.0124303461604436,0.27374819483110885,0.0931780846792363,0.05318097614104465,0.08174930751757394,0.055066445529190565,0.3007511109576912,0.1568627450980392,0.13725490196078433,0.19607843137254902,0.0392156862745098,0.09803921568627451,0.17647058823529413,0.058823529411764705,0.0392156862745098,0.09803921568627451,0.10526315789473684,0.08771929824561403,0.12280701754385964,0.05263157894736842,0.10526315789473684,0.19298245614035087,0.03508771929824561,0.14035087719298245,0.15789473684210525,4,12,0.25,288,389,-101,0.167,0.167
409,tampa-bay-buccaneers,2014,1.2177546994943687,0.35772059191585936,1.250136707546187,1.536965772700436,0.3994870441971168,1.3016111026976211,0.7681820463519919,0.5969595271681276,1.5206183328592662,5.8802928915063895,0.6258300700314173,0.871820516401503,0.17920663483961413,0.21521650906548875,0.46834138209464704,0.1442301678084353,0.2552401513905927,0.17916274582332803,15128496.0,5713791.0,19968154.0,5455469.0,3544954.0,20790343.0,4090000.0,3178367.0,16192331.0,24240249.0,4873051.0,7187787.0,246247.0,492880.0,3646759.0,132124.0,1169081.0,1066809.0,7,9,9,2,5,9,3,3,6,9,17,18,3,5,17,2,10,13,0.16083552634831286,0.060745006174391214,0.21228736543237137,0.05799870840379004,0.037687456999727996,0.2210283004580866,0.04348200262369766,0.03379016191517703,0.1721454716444452,0.5630067662080586,0.11318203394185208,0.16694435420454312,0.005719360686370664,0.011447686652419613,0.08470003718732977,0.0030687269746475596,0.027153207594743902,0.024777826550034725,0.1320754716981132,0.16981132075471697,0.16981132075471697,0.03773584905660377,0.09433962264150944,0.16981132075471697,0.05660377358490566,0.05660377358490566,0.11320754716981132,0.09574468085106383,0.18085106382978725,0.19148936170212766,0.031914893617021274,0.05319148936170213,0.18085106382978725,0.02127659574468085,0.10638297872340426,0.13829787234042554,2,14,0.125,277,410,-133,0.0,0.083
410,tampa-bay-buccaneers,2015,2.3871111565852043,0.8734762635789757,1.4796698176073066,1.2165959934158705,0.6217500206561092,0.6507640444092996,0.30888710424620575,0.530600360606377,0.556722109687437,1.7402650866372487,0.40382914709995993,0.8934686361328421,0.0,0.13721869303475095,0.8369514304425675,0.24642472684591804,0.14206643599535998,1.9939295977708382,23411606.0,12849935.0,19349160.0,5965886.0,5081514.0,9573558.0,1514706.0,4336555.0,4550046.0,11565048.0,4193240.0,8535308.0,0.0,227974.0,7995399.0,102352.0,236028.0,14078967.0,6,9,8,3,5,9,3,5,5,16,25,23,0,4,23,1,4,17,0.27023899885870234,0.14832615796624116,0.22334638756336705,0.0688639241556153,0.05865566232604803,0.11050710188082444,0.017484175712049382,0.050056637793054436,0.05252095374409783,0.24640921580704403,0.08934273165928315,0.18185644806243687,0.0,0.004857298868486759,0.17035294601928364,0.0021807497950966197,0.005028900389216283,0.29997170939915263,0.11320754716981132,0.16981132075471697,0.1509433962264151,0.05660377358490566,0.09433962264150944,0.16981132075471697,0.05660377358490566,0.09433962264150944,0.09433962264150944,0.1415929203539823,0.22123893805309736,0.20353982300884957,0.0,0.035398230088495575,0.20353982300884957,0.008849557522123894,0.035398230088495575,0.1504424778761062,6,10,0.375,342,417,-75,0.5,0.417
411,tampa-bay-buccaneers,2016,1.2139371134109076,1.311194665647447,0.9254202180996549,1.2223255559950963,0.8049919938523185,1.325355905646974,0.46058323231184156,0.5839624750300587,0.5013599252084241,0.5484609712015457,0.3237211424235685,2.2814212146957873,0.0,0.2501123963780196,0.41128181001247394,0.0,0.8658890955503727,2.1292462294697123,29831302.0,14646050.0,18606506.0,8192029.0,8991764.0,26647616.0,3086830.0,3913718.0,6720231.0,2875686.0,1697332.0,10121632.0,0.0,1714891.0,1824671.0,0.0,1396930.0,15457910.0,11,5,9,3,5,9,3,3,6,13,13,11,0,17,11,0,4,18,0.24728348606518485,0.12140691348587469,0.15423670301660916,0.06790697533306089,0.07453629572706652,0.2208926509411623,0.025587957350657862,0.032442359723892145,0.05570665835649156,0.08195393822551832,0.048372124729958506,0.2884555558810765,0.0,0.048872537223291185,0.05200114839238176,0.0,0.03981099289886771,0.440533702648906,0.2037037037037037,0.09259259259259259,0.16666666666666666,0.05555555555555555,0.09259259259259259,0.16666666666666666,0.05555555555555555,0.05555555555555555,0.1111111111111111,0.14942528735632185,0.14942528735632185,0.12643678160919541,0.0,0.19540229885057472,0.12643678160919541,0.0,0.04597701149425287,0.20689655172413793,9,7,0.563,354,369,-15,0.667,0.583
412,tampa-bay-buccaneers,2017,1.5927322539779623,0.5658467434119464,0.6484147153658665,1.657696368936993,0.9483924775279818,0.9073262913007132,0.7055246099871625,0.18647039210919675,1.3290620567671096,0.5893762037683505,0.6980639585115865,2.2568074460440903,0.05026258535869737,0.11847444257483915,0.967712938228225,1.7481578500681738,2.2233845631244145,0.20436630127068098,37596471.0,8014093.0,12244672.0,11738985.0,8954728.0,21417452.0,4996176.0,1320491.0,18823519.0,3283264.0,1666601.0,9878076.0,20000.0,235711.0,6161007.0,2086830.0,4423538.0,894514.0,10,6,8,3,4,10,3,3,6,14,6,11,1,5,16,3,5,11,0.3005155196184834,0.06405812189569203,0.09787391930050814,0.09383186993982978,0.07157679075682881,0.17119363986805908,0.03993535528229221,0.01055492785523755,0.150459855483069,0.11460092851051261,0.05817199654263222,0.34479002647895823,0.0006980914633152413,0.00822739184547494,0.2150473196062722,0.07283991041950724,0.1544017057725288,0.031222629360798487,0.18867924528301888,0.11320754716981132,0.1509433962264151,0.05660377358490566,0.07547169811320754,0.18867924528301888,0.05660377358490566,0.05660377358490566,0.11320754716981132,0.19444444444444445,0.08333333333333333,0.1527777777777778,0.013888888888888888,0.06944444444444445,0.2222222222222222,0.041666666666666664,0.06944444444444445,0.1527777777777778,5,11,0.313,335,382,-47,0.167,0.25
413,tampa-bay-buccaneers,2018,1.644743476187966,0.7511902662461833,0.961538478481483,1.4149194258704954,0.3936935536608131,0.4066564511344817,0.4355298925994419,0.6469135013417023,1.885167082466534,0.6793092153102004,0.7762010114966614,1.260432845556925,0.0,0.2849540393604848,1.292738690939405,4.776816812577584,1.7968731565459866,0.4332754347198702,48960168.0,11180589.0,22898202.0,12635653.0,3515801.0,13315733.0,3889412.0,7702841.0,33670210.0,4918930.0,3864115.0,3422584.0,0.0,1031687.0,9945871.0,4323662.0,3252824.0,1372604.0,10,5,8,3,3,11,3,4,6,16,11,6,0,8,17,2,4,7,0.3103289577713143,0.07086700624963994,0.1451378835443748,0.08008977882285823,0.02228454077325357,0.08440039551847732,0.024652635430157086,0.04882366047861904,0.21341514141130571,0.1530837668304677,0.12025649473891938,0.10651545173720493,0.0,0.03210749739273068,0.309528982337604,0.13455822007260798,0.10123229050963303,0.04271729638083227,0.18867924528301888,0.09433962264150944,0.1509433962264151,0.05660377358490566,0.05660377358490566,0.20754716981132076,0.05660377358490566,0.07547169811320754,0.11320754716981132,0.22535211267605634,0.15492957746478872,0.08450704225352113,0.0,0.11267605633802817,0.23943661971830985,0.028169014084507043,0.056338028169014086,0.09859154929577464,5,11,0.313,396,464,-68,0.333,0.333
414,tampa-bay-buccaneers,2019,1.3040601498982394,1.0669257712869407,1.6304476122101343,3.9138801647087558,0.49736074431904687,0.2978760886400233,0.43196669022136475,0.9401324757634864,0.33384178302240425,0.39819616973336996,1.0193494485419259,0.4152095586392013,0.7075946137560687,0.29312841876292534,1.2583810288900992,0.3643863107810741,0.4048227268503868,1.9611891403708641,29556492.0,24181847.0,41573313.0,22177000.0,4227251.0,8439193.0,3671443.0,10654040.0,5674887.0,1917839.0,4364009.0,1777583.0,1136000.0,784333.0,6734180.0,195000.0,1083197.0,16792371.0,8,8,9,2,3,10,3,4,6,9,8,8,3,5,10,1,5,16,0.19683926790916823,0.16104539943953822,0.2768684624507775,0.14769359112108513,0.02815249496145548,0.05620303559245722,0.02445094472951121,0.07095339439724425,0.037793409398762745,0.0551348542707743,0.12545839366669856,0.051102714909440156,0.032658212942587785,0.022548339904840408,0.19359708136770756,0.0056059432427857546,0.031140209757722057,0.4827542499374434,0.1509433962264151,0.1509433962264151,0.16981132075471697,0.03773584905660377,0.05660377358490566,0.18867924528301888,0.05660377358490566,0.07547169811320754,0.11320754716981132,0.13846153846153847,0.12307692307692308,0.12307692307692308,0.046153846153846156,0.07692307692307693,0.15384615384615385,0.015384615384615385,0.07692307692307693,0.24615384615384617,7,9,0.438,458,449,9,0.333,0.417
415,tampa-bay-buccaneers,2020,0.7598373729209075,1.585630347995987,1.589227660939014,2.674380801530681,0.44027323598512025,0.3243206436796967,0.4006835850835943,1.1179500391010515,0.592723172112996,0.4206375549776515,0.7329521176458931,0.9276895479385304,0.5501563030247484,1.0480898085969141,1.2433265064292314,0.29386795490744433,4.137944974399497,0.5247341486191581,20859879.0,48971748.0,38175550.0,27532500.0,6043429.0,10016552.0,4125000.0,15345588.0,14238069.0,528306.0,1052071.0,2330291.0,296133.0,1316364.0,3569313.0,316361.0,3712224.0,1412245.0,8,9,7,3,4,9,3,4,7,7,8,14,3,7,16,6,5,15,0.1125684996919863,0.26427172466599785,0.206010993084687,0.14857671119614896,0.03261283229519409,0.05405344061328279,0.022260199171310797,0.08281111400748531,0.07683448527390689,0.03635139364004396,0.0723903326070018,0.16034140334740032,0.020376159371286978,0.09057566247133825,0.245595359294663,0.02176799665981069,0.2554287021234257,0.09717299048502928,0.14814814814814814,0.16666666666666666,0.12962962962962962,0.05555555555555555,0.07407407407407407,0.16666666666666666,0.05555555555555555,0.07407407407407407,0.12962962962962962,0.08641975308641975,0.09876543209876543,0.1728395061728395,0.037037037037037035,0.08641975308641975,0.19753086419753085,0.07407407407407407,0.06172839506172839,0.18518518518518517,11,5,0.688,492,355,137,0.667,0.667
416,tampa-bay-buccaneers,2021,1.211590242775374,1.4221824439731796,1.338758775767293,1.7270157697419506,0.5829103110787123,0.5459600591231096,0.911168160306144,0.832111030813695,0.6332469249780125,0.3787194991793255,0.8113500267729374,0.5158083023671013,0.2917318399609104,0.3473088857549363,0.43940129541797446,0.36910719029794214,0.25943444714664937,4.081607127966589,19014866.0,33479894.0,31516000.0,13552013.0,7623563.0,14280622.0,7150000.0,10882722.0,11594643.0,1732635.0,1546630.0,2556465.0,333667.0,529644.0,3517943.0,985051.0,593454.0,20229387.0,6,9,9,3,5,10,3,5,7,12,5,13,3,4,21,7,6,13,0.12753581502898673,0.22455512273260733,0.21138296459483571,0.09089556682852372,0.05113248342795721,0.09578246651282625,0.04795621896348126,0.07299219568541185,0.07776716622536996,0.054102785597046496,0.048294644450770086,0.0798274753663371,0.010418994284318228,0.01653851836928268,0.10985032385449361,0.03075893252482851,0.018531031939046382,0.6316772936138769,0.10526315789473684,0.15789473684210525,0.15789473684210525,0.05263157894736842,0.08771929824561403,0.17543859649122806,0.05263157894736842,0.08771929824561403,0.12280701754385964,0.14285714285714285,0.05952380952380952,0.15476190476190477,0.03571428571428571,0.047619047619047616,0.25,0.08333333333333333,0.07142857142857142,0.15476190476190477,13,4,0.765,511,353,158,0.667,0.667
417,tampa-bay-buccaneers,2022,0.6938567183254766,1.5993385381510996,1.2532093620188711,1.713574454542884,0.5997957116089542,0.7692543737716566,0.6663481830611895,0.5536920692299293,1.1973110506363287,0.9548268669108687,1.5327440460302282,2.2899356868494936,0.8650468163928681,0.5094522977642547,0.1703250582713946,0.0033605990280282244,1.1987471544312267,0.31914820110005626,16632975.0,28754234.0,30041649.0,15404031.0,7189083.0,23050488.0,5990080.0,6636490.0,25113959.0,8525425.0,10644287.0,14766771.0,858200.0,505420.0,1436304.0,1667.0,5351666.0,2058044.0,8,6,8,3,4,10,3,4,7,18,14,13,2,2,17,1,9,13,0.10473308955856249,0.1810571929982377,0.18916367728586733,0.0969947804458236,0.04526760087614748,0.14514233467389748,0.03771782168270884,0.04178808069659844,0.15813542178215662,0.19311105173478244,0.24110580499351905,0.33448498796677995,0.019439254300963327,0.011448366241893364,0.03253399989453604,3.775953964076657e-05,0.12122162235821395,0.04661715296967114,0.1509433962264151,0.11320754716981132,0.1509433962264151,0.05660377358490566,0.07547169811320754,0.18867924528301888,0.05660377358490566,0.07547169811320754,0.1320754716981132,0.20224719101123595,0.15730337078651685,0.14606741573033707,0.02247191011235955,0.02247191011235955,0.19101123595505617,0.011235955056179775,0.10112359550561797,0.14606741573033707,8,9,0.471,313,358,-45,0.667,0.667
418,tampa-bay-buccaneers,2023,0.9133055589833697,1.370968703823398,0.6147290228901489,0.5186711309588113,0.41403971269375645,0.860713607551182,0.4484282240670619,0.38827071563695187,2.3849935041401187,0.6272462194854054,0.5086719923623153,1.362488602047148,16.29320553110089,1.5170562240340117,0.08755525257644702,0.23498986488964715,0.5544625129709198,0.6177794673294812,15492739.0,33223211.0,13407268.0,3770747.0,3010075.0,18772203.0,3260080.0,2822734.0,34677878.0,10183181.0,7707615.0,19170365.0,35268800.0,6567738.0,1421437.0,763000.0,4800830.0,9360858.0,7,10,9,3,3,9,3,3,6,15,14,13,2,4,15,3,8,14,0.1206252625072375,0.25867334034403733,0.10438794728323282,0.029358743261819507,0.023436210152476777,0.14615891448982335,0.025382729664173317,0.02197758767756331,0.2699992646196361,0.10691696923046685,0.08092508969400472,0.2012767253024196,0.37030012570683846,0.06895710109245509,0.014924190780076197,0.008011018121237971,0.050405682997356344,0.09828309707514474,0.1320754716981132,0.18867924528301888,0.16981132075471697,0.05660377358490566,0.05660377358490566,0.16981132075471697,0.05660377358490566,0.05660377358490566,0.11320754716981132,0.17045454545454544,0.1590909090909091,0.14772727272727273,0.022727272727272728,0.045454545454545456,0.17045454545454544,0.03409090909090909,0.09090909090909091,0.1590909090909091,9,8,0.529,348,325,23,0.667,0.583
419,tampa-bay-buccaneers,2024,2.070134324530577,0.9705657267353541,0.9797686361431955,1.6482728557794466,0.41786342701454093,1.0931610443672881,0.7120557625313407,0.38101605444555786,0.5548866921797057,0.23496112529663302,0.6915226257320951,0.6489226059986238,0.6336190235736119,0.36740983191040344,1.0530554567079804,0.23100455542082762,0.11739453674885172,2.9109449771232816,32634048.0,22950314.0,23167929.0,8661244.0,3293645.0,28721381.0,5612501.0,4004280.0,10205247.0,2268331.0,15354817.0,8144167.0,3058501.0,1773500.0,24399049.0,2230134.0,226667.0,47774190.0,6,9,9,2,3,10,3,4,7,10,23,13,5,5,24,10,2,17,0.2343548291921408,0.16481304793619223,0.16637580613752376,0.06219897568979044,0.023652646812143824,0.20625680082401662,0.04030504316215137,0.028755928637400594,0.07328692160864038,0.021556066540975506,0.14591761827374483,0.07739443924754229,0.029065092824477612,0.01685366201423869,0.23186542166047278,0.021193078478975013,0.002154028197226637,0.45400059276234667,0.11320754716981132,0.16981132075471697,0.16981132075471697,0.03773584905660377,0.05660377358490566,0.18867924528301888,0.05660377358490566,0.07547169811320754,0.1320754716981132,0.09174311926605505,0.21100917431192662,0.11926605504587157,0.045871559633027525,0.045871559633027525,0.22018348623853212,0.09174311926605505,0.01834862385321101,0.1559633027522936,10,7,0.588,502,385,117,0.667,0.667
420,tennessee-titans,2011,0.6471015237117242,0.9976201799485525,1.3690314475699894,1.3834203854444345,0.930495463613942,1.10270812145714,1.1640501688893192,0.6930384110911793,0.709003660008219,0.0859186168488595,0.32846393960199183,0.0,6.278697604140878,0.0,0.4941890143210456,0.0,0.0,0.0016998425220966767,12110047.0,16802780.0,28182500.0,7766920.0,8706782.0,20636402.0,4356875.0,3890917.0,7961101.0,33663.0,257385.0,0.0,2460000.0,0.0,774495.0,0.0,0.0,666.0,10,9,11,3,5,10,2,3,6,1,2,0,1,0,4,0,0,1,0.10967822435791935,0.1521793494836775,0.2552431512418624,0.07034340942937801,0.07885554776389339,0.18689968160290507,0.03945932775895997,0.035239241241924374,0.07210206711947989,0.009546512983206612,0.07299198657822041,0.0,0.6976330671267642,0.0,0.21963956192046472,0.0,0.0,0.0001888713913440752,0.1694915254237288,0.15254237288135594,0.1864406779661017,0.05084745762711865,0.0847457627118644,0.1694915254237288,0.03389830508474576,0.05084745762711865,0.1016949152542373,0.1111111111111111,0.2222222222222222,0.0,0.1111111111111111,0.0,0.4444444444444444,0.0,0.0,0.1111111111111111,9,7,0.563,325,317,8,0.5,0.583
421,tennessee-titans,2012,0.6188503619530062,0.9375238521080104,0.7932870978474832,2.1902531767539,1.6269238332012248,0.9869185657878305,1.064070577141434,0.5670523493502899,1.0067131167704761,0.5403230458213862,0.43444406854068046,3.4592112761650458,0.0,0.5108752110675391,0.24117920780047275,0.0,0.6664438694872611,0.17025101835098203,8234570.0,15593644.0,11875125.0,10929011.0,13530147.0,13132173.0,5309541.0,2829500.0,10046673.0,2952500.0,2373943.0,18902250.0,0.0,1116635.0,1054305.0,0.0,1456666.0,558184.0,8,10,9,3,5,8,3,3,6,5,5,5,0,2,4,0,2,3,0.09001459810225546,0.17045888220145644,0.12981061601140634,0.11946835509566729,0.1479021666546568,0.1435517913873208,0.05804021329862367,0.030930128146379448,0.10982324910223376,0.10390827804257427,0.08354693625782317,0.6652329377240472,0.0,0.03929809315904147,0.037104493507765034,0.0,0.051264913037481624,0.019644348271267157,0.14545454545454545,0.18181818181818182,0.16363636363636364,0.05454545454545454,0.09090909090909091,0.14545454545454545,0.05454545454545454,0.05454545454545454,0.10909090909090909,0.19230769230769232,0.19230769230769232,0.19230769230769232,0.0,0.07692307692307693,0.15384615384615385,0.0,0.07692307692307693,0.11538461538461539,6,10,0.375,330,471,-141,0.167,0.417
422,tennessee-titans,2013,0.4869437729325545,0.8619709901700401,1.3742215196150696,0.7768564529308853,1.5253927715059512,1.0474779434000756,0.7584388516894104,1.14083560153159,0.9113529120098658,0.31324197903413803,0.2347220418882323,2.4121435713510633,1.7454856786420037,0.8128353087771163,0.5832963548513009,0.001056431922667453,0.626642581480088,1.147759748576701,6951153.0,14062503.0,25221984.0,6336957.0,15553627.0,19225046.0,4640041.0,6979500.0,11151103.0,789901.0,369936.0,6843029.0,2200792.0,1793508.0,1654758.0,333.0,790101.0,2894301.0,7,8,9,4,5,9,3,3,6,8,5,9,4,7,9,1,4,8,0.0631223409357015,0.12769940595111706,0.22903691993584493,0.05754492243932484,0.14124007143573622,0.17457965723334595,0.042135491760522795,0.06337975564064388,0.10126143466776286,0.0455624696776928,0.02133836744438476,0.39471440258471946,0.1269444129921457,0.10345176657163298,0.09544849443021287,1.9207853139408234e-05,0.04557400592582458,0.16694687252024742,0.12962962962962962,0.14814814814814814,0.16666666666666666,0.07407407407407407,0.09259259259259259,0.16666666666666666,0.05555555555555555,0.05555555555555555,0.1111111111111111,0.14545454545454545,0.09090909090909091,0.16363636363636364,0.07272727272727272,0.12727272727272726,0.16363636363636364,0.01818181818181818,0.07272727272727272,0.14545454545454545,7,9,0.438,362,381,-19,0.333,0.5
423,tennessee-titans,2014,1.0568087510700044,0.9530934639414799,1.0283654561489144,0.895360871944888,0.6403228790260113,1.4090291456112443,0.521499192756186,0.8992633322083806,0.9877770812526774,0.34338692848448577,0.8286781441697071,2.44108974031743,0.6236520254685222,1.8831652959519949,0.6940656112414677,0.5248842144275754,1.1567106033629004,0.35076207082158994,14218025.0,12822667.0,15564776.0,6022974.0,5384209.0,21326293.0,2631042.0,4536919.0,8305807.0,1968749.0,4355158.0,12829265.0,893900.0,6298133.0,3979304.0,752333.0,3868549.0,1843447.0,8,8,9,4,5,9,3,3,5,12,11,11,3,7,12,3,7,11,0.15656425941777843,0.14119903169503406,0.17139424269148576,0.0663230275514732,0.05928915546537141,0.23483819093520739,0.028972177375343664,0.049959074011576704,0.0914608408567294,0.0535148459975822,0.11838259202424388,0.34872710575963284,0.02429813086240995,0.171196845086545,0.10816606928438458,0.02045003432834709,0.10515550939662731,0.05010886726022714,0.14814814814814814,0.14814814814814814,0.16666666666666666,0.07407407407407407,0.09259259259259259,0.16666666666666666,0.05555555555555555,0.05555555555555555,0.09259259259259259,0.15584415584415584,0.14285714285714285,0.14285714285714285,0.03896103896103896,0.09090909090909091,0.15584415584415584,0.03896103896103896,0.09090909090909091,0.14285714285714285,2,14,0.125,254,438,-184,0.167,0.167
424,tennessee-titans,2015,1.3919090381899688,1.0743586517227104,0.7541693476807775,0.9937806809720945,0.3654859682056688,1.080262983391097,0.9439762130870862,1.505034297342999,0.6358445671389193,0.2783781783893986,1.9377539158417247,1.2762739471640072,1.0471783171879911,1.5453728258034298,2.126930155496957,0.0036487500086737215,0.4626562606444023,0.22974324374060912,20988273.0,10800003.0,10108395.0,4994996.0,2449368.0,19908820.0,4744666.0,10086250.0,6391835.0,1538738.0,9737230.0,7695945.0,1578624.0,4659307.0,9619058.0,3667.0,1394911.0,1962585.0,9,6,8,3,4,11,3,4,6,11,10,12,3,6,9,2,6,17,0.23198483969832814,0.1193731835247456,0.11172879224900407,0.05521003783178303,0.027073034681901392,0.22005357069077905,0.05244312294928257,0.11148402202540733,0.07064939634876882,0.04029157845109716,0.2549676205054901,0.20151693902589587,0.04133598620478913,0.12200311782658657,0.2518733078877975,9.60197370703611e-05,0.036525494261400185,0.05138993609987309,0.16666666666666666,0.1111111111111111,0.14814814814814814,0.05555555555555555,0.07407407407407407,0.2037037037037037,0.05555555555555555,0.07407407407407407,0.1111111111111111,0.14473684210526316,0.13157894736842105,0.15789473684210525,0.039473684210526314,0.07894736842105263,0.11842105263157894,0.02631578947368421,0.07894736842105263,0.2236842105263158,3,13,0.188,299,423,-124,0.167,0.083
425,tennessee-titans,2016,0.8933985494136102,1.3246845369754154,0.7961890899800363,0.4634798367171973,0.940556784774005,0.957945062373697,0.9485671675873706,1.2398383796434191,1.1245972697473743,0.6279233949941699,0.5090060389853135,1.8130331207679409,2.9874232912424827,0.6070808751943881,1.1386184094845324,0.0010481973669456842,0.24590710228545754,0.31701820925554197,13701469.0,23218080.0,13955007.0,2030882.0,8242688.0,23086449.0,6234666.0,10865480.0,14783325.0,3294779.0,1456804.0,11242840.0,5700116.0,2027083.0,8690107.0,1000.0,117300.0,1814648.0,7,8,8,2,4,11,3,4,6,11,6,13,4,7,16,2,1,12,0.11799603482821266,0.19995238293968537,0.1201794852800055,0.017489805159139518,0.07098541771879283,0.19881878653038995,0.05369248118419079,0.09357270789761653,0.1273128984619669,0.09593274090188707,0.04241716991544279,0.3273532023608782,0.16596796062458238,0.059021751755009955,0.253026313218785,2.9116593526269006e-05,0.0034153764206313543,0.052836368209256995,0.1320754716981132,0.1509433962264151,0.1509433962264151,0.03773584905660377,0.07547169811320754,0.20754716981132076,0.05660377358490566,0.07547169811320754,0.11320754716981132,0.1527777777777778,0.08333333333333333,0.18055555555555555,0.05555555555555555,0.09722222222222222,0.2222222222222222,0.027777777777777776,0.013888888888888888,0.16666666666666666,9,7,0.563,381,378,3,0.333,0.5
426,tennessee-titans,2017,1.4502838844884476,1.113871258230072,0.7515527498716295,1.1639720290857107,0.777215561807415,1.0056714634686215,0.8630964136861065,0.6579380802345713,1.1198185775190654,2.533556541938816,0.9397441766753739,0.3576385997914628,0.8562441928305156,1.1547367779185522,0.7966521371962156,0.38530239254490584,0.23125048949255586,1.160700807573157,20401036.0,31337489.0,16915259.0,9824105.0,8746427.0,28293412.0,7284668.0,7404133.0,18902886.0,3786358.0,1053324.0,868538.0,479866.0,1510018.0,1785875.0,143957.0,129600.0,2385141.0,5,10,8,3,4,10,3,4,6,8,6,13,3,7,12,2,3,11,0.1368192343857026,0.21016438834529663,0.11344192450892521,0.0658852091935308,0.05865777824961623,0.18974933272992855,0.04885451398223244,0.0496557041686469,0.12677191443612063,0.3118223436232389,0.08674561630849606,0.07152771995829256,0.039518962746023796,0.12435626839122872,0.1470742407131475,0.01185545823215095,0.010673099515041041,0.19642629051238042,0.09433962264150944,0.18867924528301888,0.1509433962264151,0.05660377358490566,0.07547169811320754,0.18867924528301888,0.05660377358490566,0.07547169811320754,0.11320754716981132,0.12307692307692308,0.09230769230769231,0.2,0.046153846153846156,0.1076923076923077,0.18461538461538463,0.03076923076923077,0.046153846153846156,0.16923076923076924,9,7,0.563,334,356,-22,0.833,0.667
427,tennessee-titans,2018,1.0684509362423096,1.146042533155833,1.3374428598511485,1.461686153956294,0.8871192245253479,0.6688728363922454,1.1569470741245926,0.31018728421224784,0.7463403215760432,2.797428213650347,0.3889564850276399,0.6636196641318953,0.05508525270672686,0.12777432579817097,1.7951313785953318,0.5127271299077835,2.4982983027338,0.3608495396519113,11879403.0,30581023.0,26766265.0,9750916.0,5917977.0,14873514.0,7718000.0,2069261.0,8298067.0,17857385.0,2482904.0,7060361.0,156283.0,1268785.0,20371951.0,363666.0,10631926.0,4351024.0,5,12,9,3,3,10,3,3,5,9,9,15,4,14,16,1,6,17,0.10079725813606695,0.25948132826169806,0.22711293846528938,0.08273695211073363,0.050214295727849884,0.12620242196080103,0.06548757023346752,0.01755777080446686,0.07040946429962673,0.2766687244269574,0.03846822379394241,0.1093878567250377,0.0024213297893066754,0.019657588584333998,0.31562749513764077,0.0056343640649206975,0.1647229650154154,0.06741145246244497,0.09433962264150944,0.22641509433962265,0.16981132075471697,0.05660377358490566,0.05660377358490566,0.18867924528301888,0.05660377358490566,0.05660377358490566,0.09433962264150944,0.0989010989010989,0.0989010989010989,0.16483516483516483,0.04395604395604396,0.15384615384615385,0.17582417582417584,0.01098901098901099,0.06593406593406594,0.18681318681318682,9,7,0.563,310,303,7,0.5,0.417
428,tennessee-titans,2019,1.0898984179736544,0.5675433121110455,1.462282517172028,4.483868844227891,0.6260286392982328,0.8359327724828479,0.48616890125148926,0.2664371470829904,0.7456635790783624,0.4011891222989865,0.8832576545764356,0.6165277310817664,0.5005371301331742,0.21514846360914266,2.4073048392666028,1.689898094446168,6.67972271348006,0.2622707123749203,25616765.0,13339430.0,34369210.0,26347000.0,7357029.0,24559506.0,4285058.0,1565572.0,15335193.0,1597956.0,7915632.0,4604363.0,747624.0,1178302.0,15581172.0,4206842.0,6651416.0,1828115.0,8,8,8,2,4,10,3,2,7,8,18,15,3,11,13,5,2,14,0.16767667968825453,0.08731435570939161,0.22496654110338893,0.17245649400876506,0.04815604917678714,0.16075630240054767,0.02804820584143207,0.010247582580115015,0.10037778949131801,0.036061943577436986,0.17863637957725662,0.10390916815984827,0.016872038094376658,0.026591383142703026,0.3516287967468072,0.09493809519360494,0.15010612839281032,0.041256067115155996,0.15384615384615385,0.15384615384615385,0.15384615384615385,0.038461538461538464,0.07692307692307693,0.19230769230769232,0.057692307692307696,0.038461538461538464,0.1346153846153846,0.0898876404494382,0.20224719101123595,0.16853932584269662,0.033707865168539325,0.12359550561797752,0.14606741573033707,0.056179775280898875,0.02247191011235955,0.15730337078651685,9,7,0.563,402,331,71,0.5,0.583
429,tennessee-titans,2020,0.8528751978903066,0.4263133717598415,1.3088077706143866,4.345287780002682,0.5602261140864245,1.1629154836745692,0.768050830749594,0.5931827370975137,0.8432029620911108,2.5516026167413477,0.465292989647559,1.8102625305695996,0.09484830950588419,0.3272345855990891,0.40051444859058777,0.3693839125553124,0.6315269748203962,0.8221648065588248,13607807.0,7935575.0,24362694.0,23110000.0,8938528.0,34016705.0,6127208.0,6309572.0,11211237.0,29245223.0,5332961.0,23514791.0,217421.0,1250201.0,4590501.0,4233698.0,1930201.0,10679685.0,6,7,7,2,6,11,3,4,5,15,15,17,3,5,15,15,4,17,0.10033825857533019,0.05851360004546845,0.1796402822411903,0.17040344235304636,0.06590895459840289,0.25082490824353454,0.045179460632329055,0.04652413624294225,0.08266695706775597,0.3610758419917001,0.06584334759163571,0.29032512282719997,0.0026843861180910616,0.01543559366033439,0.056676572913762414,0.052271308380468735,0.023831206596996085,0.1318566199198115,0.11764705882352941,0.13725490196078433,0.13725490196078433,0.0392156862745098,0.11764705882352941,0.21568627450980393,0.058823529411764705,0.0784313725490196,0.09803921568627451,0.14150943396226415,0.14150943396226415,0.16037735849056603,0.02830188679245283,0.04716981132075472,0.14150943396226415,0.14150943396226415,0.03773584905660377,0.16037735849056603,11,5,0.688,491,439,52,0.833,0.667
430,tennessee-titans,2021,0.4681780731107612,0.7558918968937995,1.7582735207937172,2.3576086987029097,1.0675977198707072,1.1425261934708117,0.6949492202668504,0.7207986400411865,0.5367352867068301,0.3564516067977795,0.6313741416023564,1.3479080207931666,0.19964924330088726,0.5944321586401523,2.1400106863031083,0.3426795515350341,0.8046172336871911,1.4958094910380975,9436605.0,19044712.0,39869764.0,11880000.0,16138888.0,25907374.0,5252778.0,5448161.0,8113834.0,2709321.0,2879373.0,10245193.0,379374.0,2259083.0,13012652.0,1172089.0,2140510.0,8527023.0,8,10,9,2,6,9,3,3,6,20,12,20,5,10,16,9,7,15,0.06688258187296589,0.13498069587389278,0.28257967298470454,0.08420031066796106,0.11438546998614721,0.18362028109352332,0.037229422514295556,0.03861421285934928,0.05750735214716037,0.06253536961364553,0.06646043595814279,0.23647509136722222,0.008756545758810845,0.05214317181053968,0.3003523770249977,0.02705364880539743,0.04940632136675735,0.19681703829448652,0.14285714285714285,0.17857142857142858,0.16071428571428573,0.03571428571428571,0.10714285714285714,0.16071428571428573,0.05357142857142857,0.05357142857142857,0.10714285714285714,0.17543859649122806,0.10526315789473684,0.17543859649122806,0.043859649122807015,0.08771929824561403,0.14035087719298245,0.07894736842105263,0.06140350877192982,0.13157894736842105,12,5,0.706,419,354,65,0.833,0.667
431,tennessee-titans,2022,1.4701406105723092,0.3810174527153342,0.4016180956759746,0.35123755868868123,1.8246205318185167,1.0371319266271597,0.7951161395111622,1.1282578626168982,1.4864074654340917,0.1200695498381559,2.071765954764848,1.2021862026014374,9.66439901228445,0.26726710231622414,0.47648886076929386,0.34645719596138785,0.036887832131764775,0.5218805360441445,18205125.0,3538677.0,4973339.0,1087366.0,11297370.0,17659219.0,3692297.0,6985752.0,11504101.0,2417104.0,33365154.0,29041259.0,38910544.0,2959175.0,12949380.0,2092345.0,185646.0,8930021.0,8,6,8,2,4,11,3,4,5,20,16,24,4,11,27,6,5,17,0.23061029185447987,0.04482558267239226,0.06299891696878034,0.013774021909360048,0.14310749269164838,0.22369512142938738,0.04677153761830366,0.08849081275426653,0.14572622210138153,0.018472238436639372,0.25498657904798133,0.2219420681725731,0.29736612345490615,0.022614908657526658,0.09896307108285335,0.015990332121294824,0.0014187627742986452,0.06824591625192658,0.1568627450980392,0.11764705882352941,0.1568627450980392,0.0392156862745098,0.0784313725490196,0.21568627450980393,0.058823529411764705,0.0784313725490196,0.09803921568627451,0.15384615384615385,0.12307692307692308,0.18461538461538463,0.03076923076923077,0.08461538461538462,0.2076923076923077,0.046153846153846156,0.038461538461538464,0.13076923076923078,7,10,0.412,298,359,-61,0.5,0.417
432,tennessee-titans,2023,0.5820693699523372,0.9941035490094693,0.6842671844971036,5.411315238434618,1.924991384735868,0.39873884968824297,0.47950468028502646,0.3660430607605047,0.7736158137771613,0.681417458641586,1.3227994322039571,0.7807097567954009,0.0,0.23452322808796602,1.3250342223786842,0.41261354906929076,0.8882245485594593,1.526734140727025,12748961.0,16935078.0,16652646.0,39507689.0,18738996.0,9703895.0,3500835.0,1781639.0,9413538.0,13193562.0,20869004.0,9517515.0,0.0,1513608.0,26605423.0,1479444.0,5095629.0,14232848.0,9,7,10,3,4,10,3,2,5,27,22,17,0,9,28,5,8,13,0.09884196848247234,0.13129669515219403,0.1291070159428497,0.3063008625529029,0.14528236865931077,0.07523374522419678,0.027141774355756213,0.013812945689075647,0.07298262394124162,0.14262225878544824,0.22559370161617873,0.10288423151567297,0.0,0.01636208568055577,0.287604327338009,0.015992773219739954,0.05508369293391995,0.1538569289104754,0.16981132075471697,0.1320754716981132,0.18867924528301888,0.05660377358490566,0.07547169811320754,0.18867924528301888,0.05660377358490566,0.03773584905660377,0.09433962264150944,0.20930232558139536,0.17054263565891473,0.13178294573643412,0.0,0.06976744186046512,0.21705426356589147,0.03875968992248062,0.06201550387596899,0.10077519379844961,6,11,0.353,305,367,-62,0.167,0.333
433,tennessee-titans,2024,1.8700670212671016,1.5210594521370409,0.7718690385423473,0.9157836745150965,0.6324613313485512,0.8950721936176018,0.7333017056270918,0.36286098419238677,0.814402463452671,0.18313091352517993,0.8048989032785986,0.8784835780169127,2.8892476773560185,0.7630701311020331,1.4555694300383644,0.03543246086901039,0.236777860666775,1.661695096401147,30071128.0,32612003.0,18617760.0,4908674.0,6780087.0,23988294.0,5895834.0,3889928.0,15278419.0,2080745.0,14069711.0,17659375.0,10100866.0,5335416.0,35620893.0,216777.0,620835.0,17427955.0,6,8,9,2,4,10,3,4,7,13,20,23,4,8,28,7,3,12,0.21170570052080395,0.22959387956785524,0.13107210088454954,0.03455787451000364,0.04773293066781519,0.16888154596558527,0.04150764371474105,0.027385734656029195,0.10756258951261692,0.020175439625655416,0.13642354292857603,0.17122984995244908,0.0979405992324074,0.05173356821030733,0.3453893562802898,0.0021019256447718025,0.006019776118646822,0.16898594200689632,0.11320754716981132,0.1509433962264151,0.16981132075471697,0.03773584905660377,0.07547169811320754,0.18867924528301888,0.05660377358490566,0.07547169811320754,0.1320754716981132,0.11016949152542373,0.1694915254237288,0.19491525423728814,0.03389830508474576,0.06779661016949153,0.23728813559322035,0.059322033898305086,0.025423728813559324,0.1016949152542373,3,14,0.176,311,460,-149,0.167,0.25
434,washington-commanders,2011,0.9111823347189191,1.2607228234139403,1.139725844517426,0.5542114119674864,0.4925142185333998,1.9704831573308625,0.5028454762241583,0.3872553809135586,0.7384626455609853,1.313634500823967,0.025786850719353712,1.1772455790170833,0.07648494036784972,0.7031183085928832,0.7102809206559771,0.0,3.4633585813666445,0.318679643971063,16852087.0,15544500.0,19322363.0,2562500.0,4554463.0,27332691.0,2325000.0,2984246.0,10243260.0,4719779.0,46325.0,8459490.0,137402.0,1894684.0,1913985.0,0.0,6221779.0,858742.0,12,8,11,3,6,9,3,5,9,4,2,8,2,3,3,0,2,3,0.16566951540343985,0.15281488768653823,0.18995430741957103,0.025191427816703926,0.04477401986667271,0.2687022487269358,0.022856612555643564,0.029337528857087777,0.10069945166740708,0.1946125186405877,0.0019101370903224972,0.3488135048939506,0.0056655511383592394,0.07812425651032034,0.07892010229510857,0.0,0.25654508010123295,0.03540884933011812,0.18181818181818182,0.12121212121212122,0.16666666666666666,0.045454545454545456,0.09090909090909091,0.13636363636363635,0.045454545454545456,0.07575757575757576,0.13636363636363635,0.14814814814814814,0.07407407407407407,0.2962962962962963,0.07407407407407407,0.1111111111111111,0.1111111111111111,0.0,0.07407407407407407,0.1111111111111111,5,11,0.313,288,367,-79,0.333,0.417
435,washington-commanders,2012,1.1051512031122093,0.5836289643123338,1.4925560368483515,1.2645232177708963,0.33996663033630337,1.116614836410814,0.6224096257305393,0.33902965757238884,1.2553953175407413,0.8661410413640751,1.4188849604566676,1.250041659418198,0.0,0.3408900099597896,1.1706178753713723,0.0898419783265058,4.109233870226181,0.05527631380359415,14808513.0,6082500.0,22221731.0,5648008.0,2530775.0,18287036.0,2780000.0,2019040.0,14952635.0,4386526.0,3079658.0,4521979.0,0.0,1973051.0,5928533.0,130000.0,5946000.0,79984.0,9,7,10,3,5,11,3,4,8,7,3,5,0,8,7,2,2,2,0.1657726804668314,0.06809004583643895,0.24875933947472523,0.06322616088854481,0.02833055252802528,0.20471272000864926,0.031120481286526964,0.02260197717149259,0.1673860423387655,0.16841631359857015,0.11824041337138896,0.17361689714141637,0.0,0.07575333554661991,0.22762014243332238,0.00499122101813921,0.22829077056812114,0.003070906322421897,0.15,0.11666666666666667,0.16666666666666666,0.05,0.08333333333333333,0.18333333333333332,0.05,0.06666666666666667,0.13333333333333333,0.19444444444444445,0.08333333333333333,0.1388888888888889,0.0,0.2222222222222222,0.19444444444444445,0.05555555555555555,0.05555555555555555,0.05555555555555555,10,6,0.625,436,388,48,0.833,0.667
436,washington-commanders,2013,0.8056430295312633,1.267377898385168,1.2672703069349263,1.189654779380463,0.3343332305674929,0.692126391792057,0.36598070223920554,0.8160282174419058,1.8173649625440196,5.130203667204205,0.8196436128980881,1.0776134551067937,0.13600050478485953,0.6640774767692998,0.4519693954912308,1.0803804864045252,0.8393902699828334,0.43400098516536195,10786500.0,14847457.0,19087967.0,5972967.0,2238141.0,11583327.0,1837500.0,4097079.0,18249094.0,6390588.0,2042026.0,4027082.0,56471.0,1102970.0,1501357.0,897205.0,1045611.0,1621878.0,8,7,9,3,4,10,3,3,6,3,6,9,1,4,8,2,3,9,0.12160649502358692,0.16738953374898444,0.2151968445738554,0.06733894977625261,0.02523269664660324,0.13058988524378434,0.020715888805992764,0.0461902764589758,0.20573942972196446,0.34201357781361363,0.10928581505307841,0.21552269102135874,0.003022233439663545,0.05902910904615998,0.08035011475399659,0.048016910506867794,0.0559593513321889,0.0868001970330724,0.1509433962264151,0.1320754716981132,0.16981132075471697,0.05660377358490566,0.07547169811320754,0.18867924528301888,0.05660377358490566,0.05660377358490566,0.11320754716981132,0.06666666666666667,0.13333333333333333,0.2,0.022222222222222223,0.08888888888888889,0.17777777777777778,0.044444444444444446,0.06666666666666667,0.2,3,13,0.188,334,478,-144,0.0,0.083
437,washington-commanders,2014,1.3544914341070091,0.595890533961622,1.7168889696316068,1.907117441698355,0.476437595614651,0.25888364754457294,0.3751377763776156,0.5424728864203057,1.7865255830904865,1.5778404278930966,2.285921620714763,0.39818430329163285,0.6779983090798312,0.09314931627599297,1.004835106887687,0.1886939431925282,0.08832681419667594,0.6498994843975724,18318034.0,7051429.0,26121453.0,6447926.0,4027065.0,3938762.0,1902500.0,3668180.0,18120622.0,7423781.0,18284047.0,2435508.0,638000.0,219135.0,8982774.0,177562.0,374022.0,4280912.0,8,7,9,2,5,9,3,4,6,10,17,13,2,5,19,2,9,14,0.2044515372236995,0.07870252335342177,0.2915471835223483,0.07196669591314547,0.04494694298251425,0.04396137411134257,0.021234213757223525,0.040941349918513635,0.20224817921779095,0.17338905801023038,0.4270403027708898,0.056883471898804695,0.014901061738018268,0.005118094300878735,0.20980073660292367,0.004147119630605015,0.008735618986484433,0.09998453606116497,0.1509433962264151,0.1320754716981132,0.16981132075471697,0.03773584905660377,0.09433962264150944,0.16981132075471697,0.05660377358490566,0.07547169811320754,0.11320754716981132,0.10989010989010989,0.18681318681318682,0.14285714285714285,0.02197802197802198,0.054945054945054944,0.2087912087912088,0.02197802197802198,0.0989010989010989,0.15384615384615385,4,12,0.25,301,438,-137,0.333,0.167
438,washington-commanders,2015,1.4080055156459577,0.8584918438559568,1.2270226872886967,1.5727210695263623,0.4733917387899631,0.6417992203675097,0.3726686470836911,0.15893834791192762,2.182284744384042,1.8061823216206065,0.36122370411273996,2.0069471999281445,0.016964546645169828,0.16246782959778117,0.9883033425810417,0.15368861387725155,1.325473707153792,0.7407481424961551,15887205.0,14530166.0,18460118.0,8872885.0,4451256.0,12069550.0,2102500.0,896689.0,20519809.0,11179146.0,2874536.0,9759951.0,7500.0,646441.0,7864693.0,135891.0,5273909.0,4257287.0,6,9,8,3,5,10,3,3,5,14,18,11,1,9,18,2,9,13,0.1624621748822259,0.1485851268212233,0.18877272112133797,0.09073390785729013,0.04551843642211184,0.12342292699375186,0.021500114254828333,0.00916952007184198,0.2098350715753887,0.2661742368704052,0.06844238604241389,0.23238335999167986,0.00017857417521231398,0.015391689119789794,0.18725747543640792,0.0032355497658368747,0.1255711933093066,0.10136553528894754,0.11538461538461539,0.17307692307692307,0.15384615384615385,0.057692307692307696,0.09615384615384616,0.19230769230769232,0.057692307692307696,0.057692307692307696,0.09615384615384616,0.14736842105263157,0.18947368421052632,0.11578947368421053,0.010526315789473684,0.09473684210526316,0.18947368421052632,0.021052631578947368,0.09473684210526316,0.1368421052631579,9,7,0.563,388,379,9,0.667,0.667
439,washington-commanders,2016,0.8357185442446827,0.7075261990113011,1.1505918879855972,3.357664560743809,0.2366298179808861,0.5616171883806106,0.3944672081379184,1.0097270364410038,1.907573569548089,1.4330641021009685,0.6249689283621831,0.18218600959765652,0.0,0.3007655866598036,1.3695758912303868,0.156388799722729,1.0267187614588533,1.2199899424006644,9224741.0,14057535.0,25400686.0,22237333.0,2089554.0,13638205.0,2612500.0,6687278.0,21055979.0,8732054.0,2750300.0,740073.0,0.0,407255.0,9736070.0,52940.0,1737800.0,4955823.0,5,9,10,3,4,11,3,3,5,18,13,12,0,4,21,1,5,12,0.07884137209855498,0.12014595832267377,0.21709280905388628,0.1900564845704043,0.01785885418723669,0.11656205796578711,0.022328332536108587,0.05715436055326437,0.1799597707120839,0.2999436492769469,0.09447204731056255,0.025421303664789282,0.0,0.013989097053944353,0.3344313222771875,0.00181847441538057,0.059692951247607755,0.17023115475358108,0.09433962264150944,0.16981132075471697,0.18867924528301888,0.05660377358490566,0.07547169811320754,0.20754716981132076,0.05660377358490566,0.05660377358490566,0.09433962264150944,0.20930232558139536,0.1511627906976744,0.13953488372093023,0.0,0.046511627906976744,0.2441860465116279,0.011627906976744186,0.05813953488372093,0.13953488372093023,8,7,0.531,396,383,13,0.5,0.5
440,washington-commanders,2017,0.7495871052276606,0.9053024141050594,0.6261747609816841,6.502968713281957,0.096862681788994,1.3396615302887207,0.5103635945147994,0.9563185951100269,0.38069480382966564,0.6145818765794069,0.8893874193912951,1.9227139667847433,0.03505908065650698,0.45135988067580346,0.6994494880077613,0.2597362666332982,2.6061213321095003,1.0345747319644463,9524724.0,19172234.0,11934854.0,27543600.0,820532.0,31208063.0,3242500.0,6075792.0,4837347.0,6795813.0,5900705.0,24095393.0,77534.0,4325504.0,5671781.0,191471.0,5763500.0,7626623.0,6,10,9,2,4,11,3,3,6,15,9,17,3,13,11,1,3,10,0.08328745613640672,0.16764859520464062,0.104362460163614,0.2408506930845169,0.007175013465851407,0.27289401542918384,0.028353533028599966,0.053128810839445935,0.04229942264774062,0.1124235140084281,0.09761569237221532,0.39861143213830047,0.001282649292311231,0.07155705425348104,0.09382858985469969,0.0031675154467475392,0.09534590239425,0.1261676502395666,0.1111111111111111,0.18518518518518517,0.16666666666666666,0.037037037037037035,0.07407407407407407,0.2037037037037037,0.05555555555555555,0.05555555555555555,0.1111111111111111,0.18292682926829268,0.10975609756097561,0.2073170731707317,0.036585365853658534,0.15853658536585366,0.13414634146341464,0.012195121951219513,0.036585365853658534,0.12195121951219512,7,9,0.438,342,388,-46,0.167,0.417
441,washington-commanders,2018,0.8609312122971661,1.2231736906715598,1.363221577073695,0.09543358846988019,0.6428675616046379,1.3185553633764402,0.5895443712031098,0.7775966973395055,0.592878963365471,0.8868743432630222,0.13460890026635788,0.7640724903138919,8.403862032420827,0.32555126065862294,0.6395542446608163,1.2219170482009647,3.999083628985273,0.42687711636760783,11701129.0,23749223.0,23821562.0,370589.0,4992784.0,23041044.0,3433990.0,6039148.0,5755689.0,5423583.0,587990.0,11347747.0,22025528.0,2559694.0,10057176.0,1067500.0,10481125.0,6339835.0,7,10,9,2,4,9,3,4,5,7,5,17,3,9,18,1,3,17,0.11370789596377666,0.2307874888059547,0.23149045648421238,0.0036012674894294414,0.04851830653619909,0.2239056277431691,0.033370436105836405,0.058686543195434385,0.05593197767598783,0.07760150503551443,0.008413056266647368,0.162365404191702,0.315144826215781,0.03662451682409508,0.14389970504868366,0.015273963102512058,0.1499656360869477,0.09071138722811666,0.1320754716981132,0.18867924528301888,0.16981132075471697,0.03773584905660377,0.07547169811320754,0.16981132075471697,0.05660377358490566,0.07547169811320754,0.09433962264150944,0.0875,0.0625,0.2125,0.0375,0.1125,0.225,0.0125,0.0375,0.2125,7,9,0.438,281,359,-78,0.333,0.5
442,washington-commanders,2019,1.026145035893273,0.6892188075393978,1.1842317417910841,2.0715215220010794,0.937827660311489,1.2434674294879093,1.418006467446077,0.258720785417047,0.23525997947898042,0.23981699407208054,1.256593957871608,1.7051959752716745,8.654141599147852,0.20891078013214623,0.5470844066681674,0.0,1.6925856606058454,0.6991221541636746,10650970.0,6131839.0,15803802.0,9214952.0,6953051.0,20281939.0,6307857.0,1150893.0,2093060.0,4030489.0,19610473.0,16376234.0,20778000.0,2257112.0,11821609.0,0.0,16255128.0,10910538.0,7,6,9,3,5,11,3,3,6,14,13,8,2,9,18,0,8,13,0.13552858964628134,0.07802477066483748,0.201095956153203,0.11725593520760828,0.08847430757655558,0.25807814574277366,0.08026451702524966,0.014644572759455493,0.026633205224035523,0.03949926961187209,0.19218495826271653,0.16048903296674585,0.20362686115642006,0.022119964955168426,0.11585316847090604,0.0,0.15930217982172665,0.10692456475444437,0.1320754716981132,0.11320754716981132,0.16981132075471697,0.05660377358490566,0.09433962264150944,0.20754716981132076,0.05660377358490566,0.05660377358490566,0.11320754716981132,0.16470588235294117,0.15294117647058825,0.09411764705882353,0.023529411764705882,0.10588235294117647,0.21176470588235294,0.0,0.09411764705882353,0.15294117647058825,3,13,0.188,266,435,-169,0.0,0.167
443,washington-commanders,2020,1.512966368584252,0.5929138115695495,1.5886864598366337,2.888915229336475,0.40174847116901713,0.5790311003824584,0.9513784366980415,0.6537299317177558,0.259072639810813,1.1911168122668496,0.33601586011265083,0.5710321225178704,3.248212502552926,0.28104424877865736,2.4735924752234086,0.10959763269374655,0.6708521970835256,0.7063856649819501,30121586.0,11804297.0,35582731.0,21568236.0,3999197.0,12968895.0,7102858.0,4880656.0,3868400.0,8535797.0,3064678.0,4836163.0,8464503.0,1830930.0,22560734.0,142800.0,3059299.0,8743645.0,8,8,9,3,4,9,3,3,6,11,14,13,4,10,14,2,7,19,0.22837228205045312,0.08949642438785653,0.26977694600999436,0.16352350354734763,0.030320639333510726,0.09832603591400238,0.05385160962441743,0.03700358104062768,0.029328978091790147,0.13938600994612071,0.05004491533592672,0.07897252758225869,0.13822180861927347,0.02989832433815504,0.36840738992689065,0.0023318645253988628,0.04995707850622,0.14278008121975588,0.1509433962264151,0.1509433962264151,0.16981132075471697,0.05660377358490566,0.07547169811320754,0.16981132075471697,0.05660377358490566,0.05660377358490566,0.11320754716981132,0.11702127659574468,0.14893617021276595,0.13829787234042554,0.0425531914893617,0.10638297872340426,0.14893617021276595,0.02127659574468085,0.07446808510638298,0.20212765957446807,7,9,0.438,335,329,6,0.667,0.417
444,washington-commanders,2021,1.2073660211766848,0.4690118732661637,1.8612776217251867,0.45763144074898826,0.27461460996634485,1.2748361003429578,0.505812155142135,0.2693020761567502,0.795935312945465,0.8727073264813334,0.5973192134089407,0.8017971473137439,3.7547258021562153,0.373135151763151,2.1148106729567493,0.3237050241211972,0.8637404105450787,0.14869681933017437,25617947.0,4523416.0,32312187.0,2648194.0,2118831.0,24590482.0,3902671.0,1558381.0,10747031.0,9236041.0,6848348.0,14142640.0,23179937.0,3290805.0,20516353.0,1427432.0,5332333.0,1573689.0,11,5,9,3,4,10,4,3,7,12,13,20,7,10,11,5,7,12,0.2371611827311345,0.04187606011305033,0.2991339034915479,0.02451597004012437,0.019615329283310348,0.22764930363267102,0.036129439653009646,0.014426896936968763,0.09949191411818313,0.1079637929667629,0.08005309045686834,0.16531899944613276,0.27095959397003616,0.03846754141888155,0.2398238907476726,0.016685825985628722,0.06233178220428403,0.01839548280373291,0.19642857142857142,0.08928571428571429,0.16071428571428573,0.05357142857142857,0.07142857142857142,0.17857142857142858,0.07142857142857142,0.05357142857142857,0.125,0.12371134020618557,0.13402061855670103,0.20618556701030927,0.07216494845360824,0.10309278350515463,0.1134020618556701,0.05154639175257732,0.07216494845360824,0.12371134020618557,7,10,0.412,335,434,-99,0.333,0.5
445,washington-commanders,2022,1.0718302503722132,0.17267726401524264,0.8828680353908646,3.5825148568575638,0.20050650056045755,0.7245974377623423,0.6548107652822093,0.7108759395624811,1.5020167949540573,0.7021454056485661,0.9440973438953487,1.3820251225873277,0.12518513393834513,0.8966582632348474,1.4456478148989336,0.0,0.5228515029232504,0.2582114559296974,35613808.0,2086387.0,26668311.0,32464519.0,1816977.0,19698766.0,5933853.0,8589216.0,27222359.0,4700199.0,8426451.0,10793242.0,139666.0,4001519.0,17741614.0,0.0,874999.0,1296361.0,11,4,10,3,3,9,3,4,6,12,16,14,2,8,22,0,3,9,0.22245533498291217,0.013032246340773029,0.1665788746020499,0.2027838598221262,0.0113494245600259,0.12304484792190717,0.03706476029899298,0.053651014306602345,0.17003963716461026,0.09797377753235807,0.1756460174689021,0.224980833909565,0.0029112821846126774,0.08341007099859046,0.3698168828811225,0.0,0.01823900591592734,0.027022129108921822,0.20754716981132076,0.07547169811320754,0.18867924528301888,0.05660377358490566,0.05660377358490566,0.16981132075471697,0.05660377358490566,0.07547169811320754,0.11320754716981132,0.13953488372093023,0.18604651162790697,0.16279069767441862,0.023255813953488372,0.09302325581395349,0.2558139534883721,0.0,0.03488372093023256,0.10465116279069768,8,8,0.5,321,343,-22,0.417,0.458
446,washington-commanders,2023,1.2996812444808943,0.5249308900519253,0.7769918488527413,1.2636781584869377,0.4851189290120217,0.5401296728722165,0.7838940794860779,1.4203001779702764,1.7765705223914936,1.658499546721654,0.5428886723559069,1.2775496281405052,0.07882954724890133,0.41299384154504837,1.544269572818057,0.34947778002488195,0.44102979180650675,0.16194880353689026,36070295.0,7946457.0,17643272.0,9564844.0,4895853.0,9539294.0,5933334.0,10750324.0,31376222.0,19260123.0,4503254.0,14836159.0,196167.0,3768356.0,38429084.0,869674.0,1829168.0,1746372.0,11,6,9,3,4,7,3,3,7,14,10,14,3,11,30,3,5,13,0.2697451639488649,0.059426138496444375,0.13194201206933343,0.07152895236718515,0.036612749359397866,0.07133788132274559,0.044371362989778,0.08039434969643074,0.23464138974981996,0.22542712285537045,0.05270763809280649,0.17364752227152497,0.002296006230550524,0.04410613841743235,0.44978725421885163,0.010178964466744135,0.02140921319449062,0.02044014025222887,0.20754716981132076,0.11320754716981132,0.16981132075471697,0.05660377358490566,0.07547169811320754,0.1320754716981132,0.05660377358490566,0.05660377358490566,0.1320754716981132,0.13592233009708737,0.0970873786407767,0.13592233009708737,0.02912621359223301,0.10679611650485436,0.2912621359223301,0.02912621359223301,0.04854368932038835,0.1262135922330097,4,13,0.235,329,518,-189,0.0,0.167
447,washington-commanders,2024,1.8431829931629597,0.86171934908501,0.9534144943571845,1.31370401030715,0.38512620805877185,0.5961421215890703,0.5162543123772746,0.666198894199613,1.4020131979254857,0.5731236071107491,1.7405910850933868,2.2072063858647644,0.2668953501616991,0.23277978211745948,0.6625855899760461,0.7536216423594775,0.7793257892499589,1.0698298196226628,58288125.0,12111417.0,30150421.0,13848027.0,6766159.0,23041546.0,5441944.0,7022541.0,29557825.0,4585364.0,4641956.0,21190915.0,854135.0,993275.0,6714750.0,2813751.0,2909721.0,9700584.0,9,4,9,3,5,11,3,3,6,15,5,18,6,8,19,7,7,17,0.3129933384616347,0.0650354225724536,0.16190057451348416,0.0743606043570085,0.03633266113761999,0.1237276101411278,0.029221942210034414,0.03770937136978941,0.15871847523684743,0.08428288339863957,0.08532309240653857,0.38950700927025256,0.015699726480099947,0.018257237813134077,0.12342280597593017,0.051719132318787664,0.05348314239950698,0.17830496993711048,0.16981132075471697,0.07547169811320754,0.16981132075471697,0.05660377358490566,0.09433962264150944,0.20754716981132076,0.05660377358490566,0.05660377358490566,0.11320754716981132,0.14705882352941177,0.049019607843137254,0.17647058823529413,0.058823529411764705,0.0784313725490196,0.18627450980392157,0.06862745098039216,0.06862745098039216,0.16666666666666666,12,5,0.706,485,391,94,0.667,0.75
