,position_level_one_count_prop,position_level_one_cap_hit_prop,pct
count,365.0,365.0,365.0
mean,0.03907674073145213,0.024563138263026113,0.4954630136986301
std,0.02556025691000068,0.0372025641070714,0.18539050521792796
min,0.0060975609756097,4.80760393669065e-06,0.063
25%,0.0208333333333333,0.0025838670518209,0.375
median,0.0327868852459016,0.0113650405720325,0.5
75%,0.053763440860215,0.0308101847551074,0.625
max,0.1666666666666666,0.4107991578825869,0.938
variance,0.0006533267333052375,0.0013840307761407574,0.034369639424958576
