,player_count,cap_hit_prop,pct
count,896.0,896.0,896.0
mean,66.24665178571429,0.5,0.5002366071428571
std,23.236228935557747,0.2627843477290121,0.1912217053646212
min,7.0,0.01337921413523,0.0
25%,53.0,0.2584042890396526,0.375
median,55.0,0.5,0.5
75%,84.0,0.7415957109603473,0.647
max,164.0,0.98662078586477,0.938
variance,539.9223351456511,0.06905561341136235,0.03656574060255399
