,position_level_one_count_prop,position_level_one_cap_hit_prop,pct
count,448.0,448.0,448.0
mean,0.05636136849008374,0.03602067883698745,0.5002366071428571
std,0.006557562928844106,0.017238287349303678,0.19132862273689122
min,0.0298507462686567,0.0076890382502759,0.0
25%,0.0555555555555555,0.022957207987564177,0.375
median,0.0566037735849056,0.0339423864150562,0.5
75%,0.0566037735849056,0.04536801151062265,0.647
max,0.1071428571428571,0.1320877789217967,0.938
variance,4.300163156575049e-05,0.0002971585507371632,0.03660664187839564
