,position_level_one_count_prop,position_level_one_cap_hit_prop,pct
count,448.0,448.0,448.0
mean,0.47558051624066344,0.4652441516225908,0.5002366071428571
std,0.024820199517938995,0.0836276950553045,0.19132862273689122
min,0.3818181818181818,0.1559844626885902,0.0
25%,0.4615384615384615,0.40528978613299205,0.375
median,0.4716981132075472,0.464984704407607,0.5
75%,0.490566037735849,0.5245042867794896,0.647
max,0.5660377358490566,0.7181524637317588,0.938
variance,0.0006160423041102991,0.006993591380263,0.03660664187839564
